20879 18122
7635 87614
7427 28403
32658 76488
59377 89988
81124 46676
90964 26079
94505 14423
9944 32401
89498 20600
81375 1661
65825 57810
97083 84088
26332 88182
46200 81132
10174 67111
16336 17749
35919 2876
93045 62887
12679 36481
65802 56998
78007 35638
92778 63340
43872 43502
7680 17382
49337 18962
68365 20792
89133 68764
35270 72565
95195 29564
12947 78471
38837 97398
76210 36109
50337 8130
33265 65240
55611 32427
29687 96781
78865 51153
95036 89030
30373 76295
21324 71281
11631 21845
29736 96495
51033 375
17380 76022
73793 47100
60810 88496
39642 29416
28022 65050
37099 45138
86681 81926
60238 72711
56695 56729
50578 85829
60072 32333
23034 3329
15610 29488
98044 25921
62093 38500
48355 80323
86070 20509
66382 71157
95133 33798
51534 2714
20415 15676
46828 12843
12748 90641
76288 34067
97002 11274
4155 48562
47984 2082
89726 56284
22924 36197
96769 55383
94110 85718
3949 15040
6266 40617
40610 39591
29866 59849
54098 54702
39370 45235
77540 51566
9002 43833
21266 51985
89424 79137
15787 53177
40307 1764
5042 89656
87745 36687
50045 63990
9050 59973
62039 85423
56466 61946
98494 23218
62899 96314
98309 93283
76345 24864
72755 4825
6900 99231
24387 92577
89769 88253
2594 76953
18225 40371
59732 66294
28921 39982
78768 73054
37025 84273
56703 9839
52317 48497
1537 61526
84887 90071
37384 75417
98698 17026
13050 33486
47337 43970
45779 47777
27574 92158
42817 74866
88075 98159
4038 51668
2005 18083
62362 94128
18803 65371
23399 14240
70139 68973
15147 55924
51126 47138
52729 54704
71008 63033
78552 3180
20617 29379
64546 3763
93878 92133
98919 50885
15968 74841
45864 59765
3763 69101
74428 56907
5009 21570
35598 86178
93133 36142
48572 99147
23153 64283
85402 7849
36376 13125
14893 10675
61908 13152
24913 46230
7881 17168
2708 55664
64720 68272
49976 97558
9461 11436
96181 84399
50426 51974
98420 57686
22674 44692
91669 43995
22182 49504
72394 20547
23092 2727
93882 12196
64106 21083
33279 70890
36399 31457
44328 75733
37467 32020
37592 77176
76731 736
23653 82684
5550 70439
85594 59771
16490 23904
55317 28485
62519 34259
16393 9694
59506 28382
64253 83358
97004 79315
24300 54640
43977 26583
60131 3443
65730 89125
90791 13564
12803 21321
92556 88978
47853 91526
77758 87793
83253 79217
24732 91400
3171 61331
55000 72315
76437 62858
22264 65537
65785 97896
73144 45318
16598 75571
2438 88491
38372 27172
44997 88737
3599 71464
17163 77394
44888 42466
67202 9944
47860 15111
78602 76164
43915 43456
63510 39608
30234 34955
2795 97741
91186 50395
1380 74958
918 39188
61776 76187
20001 83600
40914 83016
66142 84988
5792 60187
36302 63931
87973 11345
41766 82818
23968 83897
87630 32602
38787 30519
44835 11426
62708 25251
6837 27659
52655 67048
89130 88314
70914 47717
99321 13673
51375 23279
59600 62181
558 54669
61871 68017
80968 73531
91435 14083
61213 7080
24140 15714
16863 80183
74222 56846
72821 39362
33444 62360
71641 95794
48656 98821
45146 69672
51661 92495
24827 44536
358 73348
19410 36553
64795 47845
93162 37142
9155 4488
10913 12399
22501 95799
779 72217
55902 81807
28365 8394
18590 30658
994 30894
33578 52661
93658 83557
43740 85347
12822 91618
55550 99096
50413 8269
89395 35222
93835 47682
53583 73619
5932 55184
32569 71929
44613 56284
42480 72614
72796 53467
49379 63977
25771 10907
32376 4299
2753 90010
77606 5955
86240 77037
17242 95201
84256 25371
6774 9220
74827 75584
43725 65092
6847 13227
94153 56489
35311 75583
44262 56017
66818 99830
37716 92366
99795 7961
32376 87398
83631 59177
12107 65170
72858 56122
74298 57951
38474 6930
30020 35408
89546 72431
97663 2457
10585 3198
27156 56038
84745 95845
74142 62482
54016 62170
20719 9296
6458 34857
49068 72422
27557 61745
36620 68077
13923 31848
56604 63794
86092 6067
83294 12312
13257 85679
6341 41332
90522 50091
70906 35536
86481 38955
81627 57352
61173 36135
70519 3760
14240 5353
5203 82156
12897 755
83528 75446
73115 26103
42018 9627
28708 17981
55234 15870
80839 62400
3965 45620
70051 33809
92508 83047
91689 41747
27098 1204
76673 7517
4201 99852
35942 80283
14637 67894
97413 47278
69727 82795
85635 50407
45259 38329
89524 40560
52690 5537
17124 48387
70249 90394
63698 40720
52568 55915
71664 63228
85117 82036
81157 93821
39622 86502
52523 40607
63802 29222
61137 2177
2961 69070
38329 31705
54103 13964
23931 844
98253 20034
89313 81815
5064 90372
64809 12617
37264 10013
11622 56518
60770 85546
18271 17029
17583 43901
13071 86003
27227 95803
83075 5231
92031 97151
42335 96395
41991 54965
89370 95697
55540 92447
29437 69180
70075 81748
88071 7643
14692 10844
53836 55761
51276 20629
5553 87416
53923 31377
45330 20857
17871 67638
21597 47477
92935 46204
436 56735
15641 79539
42447 24032
17189 40218
71800 52018
22112 70217
52557 48390
53074 49480
2465 19614
85112 73654
43483 97043
76354 19587
34389 9264
25270 38550
6174 45429
25228 47431
73177 64917
74639 49574
77276 11864
31330 39507
6482 97882
17849 51651
28505 16938
77180 30338
84965 14284
5448 67531
70875 70935
82317 21970
61655 3096
27025 47706
16518 50510
35243 6879
18157 52267
1513 62222
88864 97977
38122 63080
34283 90387
98309 31683
69997 93031
75105 81672
19576 90363
15419 85654
86867 33637
73283 45918
29016 17906
12830 26981
21526 60224
98757 68133
32975 2723
15333 3180
74331 53380
50750 94491
24324 20669
25380 91848
44808 39582
95041 10972
18971 20236
80945 95894
77314 93404
68644 47015
14360 81852
18591 16308
23501 84011
71291 86039
65538 60572
645 83742
64782 5815
81245 62091
47868 7608
55447 81266
54315 31310
44412 49022
76172 36061
27146 14892
65608 63837
8336 22286
10552 87896
59027 58953
22155 99888
25036 67415
61795 54839
6376 50118
95640 89012
37478 90328
12595 19781
62045 289
54196 13848
90899 6476
6509 99024
26663 44822
21189 38150
62312 17073
17751 65510
91195 91811
38352 72942
45977 95908
40596 41554
142 2820
22745 36059
68380 35970
26762 99939
16182 19126
10917 42298
50309 18632
27934 85060
32871 66518
76250 89369
14730 47282
17621 89668
61750 58562
91580 57445
9664 39295
88628 11023
52344 18358
36433 57898
83292 1098
87072 18642
82434 16176
93981 1910
76562 71825
93597 82170
74346 71595
30374 9141
10936 66865
35698 49812
89443 38982
61040 71765
27747 68038
84675 1261
39716 21278
30273 65699
16584 95887
21941 85970
78946 83183
4509 38027
15995 85159
75724 9712
66416 39414
86633 81371
40626 49708
72015 45525
58821 73360
63051 2847
417 39259
14497 59244
80180 95355
93704 26021
35583 14097
24841 95620
48852 86899
7683 66041
54719 25867
1642 20520
89466 6165
97124 8265
54486 15045
60171 64871
50617 26879
86125 50786
79099 24989
98799 61037
21736 66125
12070 26928
46465 54160
98588 90759
16027 20253
77489 18305
53374 41947
39640 20674
52967 35690
46421 41185
33254 85627
710 56107
1729 47763
86423 19038
83823 237
9516 49327
74942 9173
43643 20772
40110 10829
92943 42235
94804 45803
18278 481
95512 71225
44756 79644
93335 34580
23518 63266
59681 33454
9472 33375
26236 63885
51272 88947
44095 48073
62328 97522
93624 75825
92712 642
52519 2407
6113 71648
40128 9727
51587 27195
36621 63108
2560 12568
44650 6292
51455 50060
19815 55999
49402 23749
31242 73931
53728 5698
98218 97107
45715 84406
86229 62595
18283 34313
57067 68542
98386 70455
54912 22073
31719 1551
14046 69213
63131 56821
26433 89576
26870 39232
36281 46605
71795 89629
85259 41807
30911 70730
61265 99306
23390 85180
22933 59115
8038 86553
16346 78483
14371 44319
90387 55127
43825 24219
22570 16259
93253 52467
42811 63730
38757 11837
51350 21848
19275 22597
80064 40441
86470 30603
22994 30671
60056 32802
11929 79655
41721 77203
65044 91492
45874 41592
52986 60251
4676 71553
47505 82038
62655 77394
33880 11697
45131 59907
78270 77280
57506 5215
56456 84871
67347 71781
4783 70080
44161 15338
38367 87897
48386 96533
47514 54643
13953 39106
67731 82244
60029 32160
8596 54998
12744 1363
47384 53766
37096 50226
42257 66886
34585 50346
70755 59515
52136 12409
89927 98783
80090 45172
80841 97568
82563 72705
92619 96799
42672 4638
33984 43539
53566 18200
68049 80419
7232 99861
60124 93007
63420 98219
72016 12392
89039 73830
93618 55668
28325 54310
11706 75147
68289 17118
3511 45116
91579 1239
41767 9065
75261 10187
67392 48102
97157 52714
80426 55454
36487 91448
87139 70030
8872 20141
10937 27816
31044 5908
61875 46514
7592 67276
67689 54084
69400 42570
8999 67182
5835 50133
35182 80303
17002 30057
70451 27327
1493 35829
23999 11878
27421 12765
58605 19682
45355 11384
17998 27206
78872 31666
47400 35509
96915 16396
70835 55499
78238 5239
92059 70357
3761 33309
33793 23603
57686 7576
28442 60477
76139 47705
27470 86459
40195 91490
88666 44236
10149 16716
8911 96288
71788 85762
14704 80254
23397 98436
600 48255
69492 14693
79858 23313
18255 27950
87455 76340
45217 56633
6932 36576
7689 26166
82745 47678
91416 77225
25771 41258
26327 2666
11546 90136
7518 41316
39052 40396
44222 78710
96440 20032
73113 90549
46252 96770
1156 4520
83400 65331
80588 1291
71041 27657
31758 65933
40351 98094
80253 10193
27263 57406
26463 42193
69969 65421
61297 80534
51291 47519
37759 11297
30580 94478
55084 57286
59946 11112
33936 40235
72221 47791
46005 1998
47329 25431
28634 3196
74464 22187
35184 63547
98838 13384
17567 86593
12787 52223
34210 73914
42653 73784
4135 33830
17675 96810
48688 28376
67243 39780
68468 59416
19228 1159
18302 55394
56373 41482
20493 76549
60284 10549
51699 8613
52432 32518
86359 68058
34016 79983
85555 95535
3986 46485
55318 22627
349 96019
24386 88331
96079 83445
80335 85966
3495 4638
25127 38024
33916 81058
7784 38120
90196 8748
91525 21329
81294 60282
3045 44637
75929 68700
88674 99509
13850 89592
11436 10810
8650 23113
16452 2432
22070 16987
31041 76621
64797 69521
4206 27967
89846 85344
6634 61859
92839 7793
43110 21887
9839 46690
98155 424
64061 16582
19346 19917
89174 97568
72969 84170
11475 79756
64789 7766
66944 18743
56778 69974
6911 94018
34485 44295
77411 50723
86259 66104
54069 22947
20375 74861
9459 68737
37864 46942
70668 30093
43840 76789
3301 23470
98862 62324
40407 20893
28245 51405
23854 31592
34891 98440
33835 29200
82619 84864
4675 81131
98883 15558
55423 738
25943 38941
97626 63540
79548 92444
5606 13970
23310 28143
92903 78625
39482 36278
70134 52347
41252 61509
18847 67150
21507 23171
12195 35803
76192 3115
43543 82104
3675 37869
75684 57423
3654 57134
52293 42589
64615 20131
71756 14035
25178 20891
69884 94329
64525 94098
48432 67750
86787 35295
27987 76777
71026 1351
44422 49923
4357 56743
18590 14955
78778 35534
19812 2152
53316 30048
7283 42138
40874 72660
70940 27154
33670 76183
41221 93078
17256 47207
69894 67806
12273 6841
90667 7865
3704 41044
64885 24937
85288 32020
15449 1442
18688 92392
10591 39983
2610 34163
32964 27374
42596 53518
73784 45455
34642 99045
94145 13304
79370 28950
86519 63492
25710 51605
88678 34655
91414 97483
53807 80492
64459 67794
64454 69759
5549 76155
63573 75492
45166 51528
56312 3958
87285 8242
12704 38792
36988 41892
28912 77696
93555 28926
66787 40951
67995 51859
36356 96474
24747 42027
58451 32044
37581 52706
31687 26978
24962 77127
67687 20037
94426 66590
66640 916
43358 80702
16690 29311
34310 39764
50131 31245
13539 59870
37930 65559
95894 19249
35525 63626
45751 52308
3748 20073
55023 91427
36027 26857
94654 78508
52308 8308
3670 89365
64651 7239
89565 60756
92496 49235
23951 17430
15528 25727
91194 33689
32237 80548
39553 16113
84489 66096
41978 74087
20159 11972
52784 58293
54466 29526
67521 13547
83868 71856
62112 48013
32169 69039
7732 89395
54201 12676
93176 34152
94257 67127
56921 79468
81962 22335
12411 63378
49681 95051
84981 13378
84646 10524
44144 34552
66813 90568
2379 41603
51360 11513
95002 68807
51242 82572
86307 28060
52717 60499
8575 90316
4238 75603
83967 41337
12996 24903
86917 59508
53212 6875
17254 78759
83064 34513
47343 87213
84971 49152
64797 95764
32766 51536
90051 49730
52591 24959
1672 49133
39469 70591
82150 19010
65661 22837
80653 78047
920 89660
11933 82264
78250 60704
49839 15733
87125 64964
97549 64595
48940 63132
17622 23839
99000 19667
32603 31070
67895 88903
1765 4392
83128 19816
54572 74760
75840 79228
39073 94398
44744 47582
13509 63517
79356 51834
97744 27213
88509 48115
94475 63210
64128 70078
37430 60643
87278 22564
48611 78940
34658 8356
4089 7852
97294 30702
40146 448
62230 19561
78077 60758
75602 22926
70204 66339
37489 75818
22599 55790
74257 54432
6312 32850
73640 12997
10397 60000
85822 85506
63130 30650
10992 7350
38980 71993
10255 69010
1718 87049
83295 43643
1344 49288
21496 58411
23235 79370
24489 13967
37590 99416
65680 71658
42404 13676
41603 12625
70028 19126
35690 59662
46048 42778
4194 15582
90662 31344
14491 63858
1946 83331
4859 42577
19082 89331
43898 91701
5945 27475
48548 7370
67772 63883
6522 39698
64832 25143
63761 75267
81058 63270
84977 40519
93365 80667
6967 443
2752 33232
73011 496
96797 19982
61003 79054
59708 24663
18646 16204
29278 57117
47138 55321
63034 23975
97615 74806
52091 94515
5874 60282
72127 23118
17747 55053
39738 32766
38607 79149
62897 99833
59158 45228
12672 16395
22542 91279
20916 9076
73966 11537
3602 54120
804 43710
73070 74925
20656 14008
43701 10720
21415 6358
22052 66416
208 48096
61038 76802
56714 25556
20889 62891
83589 21636
91201 4473
54468 4406
85076 87755
25889 46946
37909 28564
4105 55832
30554 31228
86972 57880
56686 99423
46222 98135
9839 17612
41321 69024
91313 52199
66153 32241
9081 75015
34398 77594
72514 12088
7182 28706
12540 95355
62704 69154
11976 42081
66801 60967
5629 43668
5427 77460
81318 40335
1705 81054
44290 75040
50941 81294
515 36973
9323 22915
61359 31788
10243 72909
23490 89257
48490 92979
23850 19748
12985 34222
39562 43344
77149 68780
90103 80790
41109 89102
22110 24624
81304 41290
90300 38382
81836 86089
31012 3988
46832 61866
54845 24602
64883 17885
46082 64651
58394 15081
17728 61254
91358 29512
36155 20576
98284 3237
89449 94784
38723 48389
24053 2722
60377 39995
22974 9141
64119 3409
57269 66333
13496 63622
46915 43377
18318 18347
18336 26686
6301 49189
66045 39554
80638 6030
11163 11986
19294 2868
41906 62068
11612 32857
38667 63014
27758 15057
7110 83029
61117 135
87285 40903
2468 67704
75199 61234
95733 17494
33214 39298
87508 43014
58753 46231
22106 28835
15339 40068
44915 14233
95826 97074
5888 52074
80033 68219
24310 31885
47062 61487
64414 63306
22757 56434
61427 63903
25907 50364
51943 17214
19515 81751
68029 90668
37869 88645
25712 94564
68426 69560
63147 64274
93865 93304
69520 569
90518 80097
20274 95661
28717 86530
31674 32602
64771 13374
9893 42523
95358 24079
16900 66915
57528 38942
89946 26040
74080 95660
9602 54098
26520 61677
8551 71137
91864 35304
36010 78629
54026 15768
95904 72723
99692 78830
53233 84503
49841 77100
99002 42828
65952 27627
63308 95142
74899 89910
92523 27752
89306 42925
16463 16238
29654 77539
23558 12805
58238 23969
60144 30734
18141 10721
75074 82879
12337 49011
30820 17793
62158 4219
77523 26451
71961 92049
25567 85253
11534 84447
44494 96382
34331 19751
408 25271
74754 33275
58728 92062
71579 19395
35393 86676
1231 88443
47767 53967
59806 25233
1362 27801
84826 55179
87247 30095
14346 85600
38014 5634
9320 62874
97029 92602
10883 72986
49083 72302
97502 47572
11054 93549
1071 15438
76638 93304
98049 98374
58207 68709
25202 44009
72123 56830
25430 85501
98670 90240
48370 63512
40136 19869
65602 7046
69999 96890
34067 60423
71962 40593
9129 63214
35319 33264
87931 6691
25189 85977
70674 27618
75099 49600
11502 8282
71072 36720
8961 28591
77936 91046
42001 80793
66909 27444
39994 29795
84044 23968
3690 972
90228 39266
60772 69417
71139 72457
91294 92577
75096 45527
49858 60720
59434 39329
8752 22213
17087 20688
55867 52707
4470 22626
19400 868
47870 31689
61458 89521
81532 99051
73000 80715
99849 48416
67501 19110
5074 45688
952 53160
96215 35986
4146 74831
44268 31302
61338 49736
54714 32028
41956 344
45567 54707
96693 79127
36842 54459
94761 28336
35840 78587
56814 36643
45466 56268
2086 45124
97188 86683
93961 64665
84224 50123
80064 44959
91489 38641
40939 78341
17681 88470
68413 74991
38955 48345
98362 1204
66337 81866
93568 94305
45207 76560
82363 66965
1510 83972
30831 23491
85242 13236
35314 43218
22005 55361
29166 5952
43306 48257
47524 4027
59394 53246
91204 59079
31770 56532
62679 70395
28579 92119
32789 77219
89537 85291
75599 65599
52077 68618
87398 14691
28915 11362
34865 73365
70548 55316
32060 98099
65701 64950
65987 9898
10863 19090
52795 72448
39949 90597
2218 80586
3345 81313
68202 33590
39455 9003
6282 40515
24303 34045
7789 9860
44719 89861
82120 82306
91328 98757
29160 503
21589 5681
69674 62003
1111 85876
25826 11578
39843 76683
70837 17411
97705 71496
86462 86587
52751 54512
81933 48704
50733 79070
60035 35623
78671 11838
39735 23895
69046 23250
30068 46508
48151 54929
79385 99732
28410 38467
73655 54069
78204 57062
26167 10277
34061 1388
38162 41873
37971 27995
86774 2295
51398 94699
18024 52939
3858 71084
53084 630
7448 12829
49663 70386
32204 60150
38830 6063
22936 80767
51420 58866
80504 92790
96112 22097
83741 26254
73572 33560
26346 43178
26823 77766
78298 73798
78428 29553
50712 27471
75193 14078
72005 60069
39561 49162
28277 77440
15883 42084
16978 67560
88400 14480
32472 17500
61120 60197
98775 42348
39702 96880
56661 52223
10528 74703
49961 51470
30272 5271
64545 98375
42989 65039
82813 71275
51315 18963
5681 53840
23118 16753
75911 44703
1843 16431
20091 49591
88616 62723
93085 89704
13671 79609
80755 35865
16223 78194
3572 8420
99763 41791
79789 86036
36345 93097
96128 47949
53755 35437
23809 24133
53562 57848
74007 63075
37094 28239
18785 46503
85319 30826
74894 68386
88887 32788
29955 72761
54182 95757
65146 81702
7637 41800
30973 71895
3739 6573
51951 67309
73667 57880
27107 5919
65228 86520
88995 86388
63528 75025
10634 14924
3229 91355
73930 1080
10791 98272
30504 70366
81044 35746
97243 84086
78374 26866
37584 87535
56373 6074
52489 49099
44171 29429
90041 85694
34918 56561
73066 30355
60153 39956
74039 17319
46091 67892
40114 84428
84310 85341
45471 76360
36233 69487
71671 2035
6535 25246
12134 44476
19270 75440
79950 43589
18289 77891
88898 60579
13351 34020
30891 2719
96729 29560
10471 55031
86639 27447
5829 45853
22916 71180
67274 53815
73510 24887
36975 97021
9143 69707
88064 8031
9806 77008
27262 98077
16311 91138
80318 41100
42959 26128
85417 96408
19049 82782
93786 29884
34219 35331
8323 67947
76017 52108
4648 79147
88393 2007
97282 88309
99126 27033
31645 39479
33486 39641
4826 32914
18236 57330
63182 20027
49982 22069
62977 90718
42823 92868
49072 53687
58175 14072
19756 51447
90238 93469
31193 97893
69493 90385
63408 30298
74661 55496
56733 35236
97925 72427
93057 23204
40768 68212
8817 54672
17173 98195
47669 16017
68214 52844
81226 15590
56489 7831
73857 30080
394 95679
11997 70180
12775 47812
80793 5484
63202 69977
65920 67622
19507 60358
61523 18963
82948 89670
88775 26729
2067 36010
95460 40818
7027 14741
48999 85995
12363 61791
9280 37958
53813 73746
77941 68040
80928 26480
542 30795
21327 44906
46279 85181
7032 80394
91537 71744
52006 2539
47120 94248
93528 77595
46318 67616
52735 38144
71751 18821
45188 45680
95243 95817
75711 81783
37504 34738
63105 27093
71901 63480
38411 88926
87504 96074
24789 81528
87801 52970
16488 31872
22605 45324
13860 69349
62996 39899
95707 6092
70314 39413
36404 49322
15234 20650
87753 72045
5598 80672
69897 79700
79577 46130
51127 57202
34333 45228
75337 17807
11885 77649
88522 64967
94013 54326
63544 62729
38900 36164
74758 75576
38289 82265
6075 3790
41891 71751
52146 6676
3568 62484
43672 22316
68431 44409
53425 35623
87726 96323
45876 9551
20812 44149
49994 47070
27232 26596
40435 63749
63824 2938
93825 73127
66747 68627
77594 55675
47280 97155
69882 61421
9844 4173
76879 29117
51968 23757
85819 18046
91809 70480
12854 47385
71703 19447
96362 55272
11382 55160
84981 83515
75560 2780
2506 95894
96936 11426
24880 83441
11880 33819
75969 21463
16204 70060
95821 81575
31277 66383
90837 34070
94872 25874
39088 61099
80684 8694
87497 96578
61599 43601
60414 15626
88506 52653
48195 8807
30488 88615
18077 86352
33451 17104
69896 50770
24055 18128
94962 907
99253 4798
48317 1232
63250 6921
23841 9959
92077 57170
59271 36334
71868 79855
1039 6642
6984 20618
93035 33689
29868 36288
61378 2393
90554 87491
36878 74622
70358 74808
77278 76968
60025 69530
35125 40394
85903 2997
70537 22028
86009 13708
46884 38922
54764 36723
96519 31124
38641 71317
48706 53100
74051 90191
9725 71435
97268 48531
13939 84411
57480 7303
52945 18750
70679 95715
45788 23142
22032 60663
97064 37275
9297 17826
55329 92889
69072 81820
90918 55951
12021 86925
873 99936
88925 26899
23184 86886
41273 90112
59063 45386
82029 45338
2860 54829
11281 75066
8082 1987
96115 47597
40991 36403
6227 50390
80189 99544
55430 30186
11116 38531
32756 92146
67135 98230
43706 43469
98459 87850
69289 2667
96795 20298
8293 42067
73070 3798
79238 65374
34007 84321
84922 49209
62604 20372
2081 35559
85752 72873
4528 63613
58202 67952
81039 389
37636 97261
75579 15323
27516 28120
68741 25267
66110 51675
37808 66033
94328 80312
53335 68879
53420 39681
48421 9243
82929 46878
56699 26358
78451 59978
84877 58742
99887 32854
42757 65700
15512 67845
98495 50847
67797 11118
85035 22872
2976 13374
43951 30228
70760 68979
20002 99693
12368 74338
82418 50673
51694 57777
8031 56033
19085 26718
49693 1588
23979 32630
45430 86321
25275 99487
49638 42968
67429 76943
99357 14330
85857 86706
75233 76028
72320 75335
67465 64537
4355 56612
65859 92189
15681 71438
43919 42058
37958 25122
19201 85687
1966 92815
70339 86956
76430 71993
55984 66535
48044 20600
13723 66330
84706 93943
80198 20298
70975 5877
61259 91698
36453 25415
15447 57502
1356 4020
49354 72016
2974 87064
79640 69023
60377 42177
38666 36979
21104 34197
52318 49290
98314 25066
1827 10134
58402 28973
34206 38845
20389 56540
32073 76312
47799 50252
35854 8148
77070 66083
88176 31476
20661 42270
40738 74381
779 77741
95181 9544
11682 84946
62607 13219
33600 6086
73207 23953
72609 8852
51402 19125
54995 94556
28257 73707
92248 48337
56137 96768
39944 91900
11489 46133
13644 94263
9119 11199
14884 99250
28652 55658
62530 37713
52931 41425
83181 65163
93206 2856
27167 51277
60201 84595
56519 31478
68437 71788
40328 96696
50310 30240
73816 39933
74430 90706
60130 23392
49232 66551
77828 90896
29765 57145
88242 62192
62266 77237
11217 11034
81408 90012
7357 7287
75227 54901
91907 72488
25316 61050
85064 15553
78823 77110
80256 52872
73574 41166
44823 34491
62356 42997
5516 89351
50394 65653
71121 27633
47765 90061
58349 58289
86934 45582
58810 56242
94465 9085
49895 78324
66062 21237
53462 45514
40012 30082
28319 6973
64025 69350
58060 81190
44619 93687
48923 52184
76874 56639
50015 12596
19795 30523
47999 3218
26263 58013
24118 96287
18009 27883
88625 74233
45492 4669
71988 98581
60819 76098
11317 58778
44343 40124
25056 39172
24469 23263
28113 22177
41205 82486
22077 38903
49876 64478
56425 73180
76579 33418
93073 56029
58693 50621
51587 88568
34645 9971
77185 88513
34558 8088
93123 84129
93953 18927
66035 53266
10611 10188
75407 82436
60764 67226
28138 43900
29272 49975
45579 43344
46618 50451
99884 9516
11429 38965
35708 64271
51473 84950
26622 42447
49516 71875
2440 37105
22070 72223
52581 1170
34275 37439
25811 38753
97405 26092
6150 96354
98368 97444
73891 96780
97660 79482
76326 16908
57687 26546
75228 1568
88776 65254
18889 9981
78813 57987
90532 60586
2742 82540
37430 78050
871 17206
5663 10166
9402 71659
32593 70281
78699 47911
41907 87218
95402 38878
46591 72637
17341 97140
79684 52106
72955 67715
63012 91341
77330 23353
77431 96492
73025 26711
66695 74373
69759 30163
78930 36549
13458 42775
18956 35089
16985 75423
79898 1505
45987 25215
94551 40320
63478 93403
58131 99406
39465 14350
34863 31262
94729 43076
21794 54104
48248 64895
62295 1400
39625 16053
37421 14637
68870 4016
23733 20027
48458 36429
77336 54201
45672 56638
1391 41268
8514 61864
26953 51178
77138 20901
54056 29808
836 34724
74052 46317
12378 78468
14790 37181
83975 84508
27950 63374
21109 59158
34254 71142
59871 85904
56813 29147
53271 29626
91046 43929
52577 71194
26822 32544
61014 29419
86929 52100
53187 70329
36733 13035
13127 41958
93717 30226
20120 87593
78711 89897
65887 68522
5239 35122
48023 37063
84506 84390
75282 65267
9916 68400
83732 76593
59914 11536
42294 94045
96489 84761
7204 45891
21069 23699
81152 44934
55074 1530
90525 41499
23527 99389
14724 36843
34478 98208
73394 77173
36062 20858
36120 63113
78609 95800
33210 56654
30582 52504
37969 87837
5840 31535
11241 57603
83605 75075
69123 28707
18639 95986
8628 54162
23967 58154
44356 80409
61045 76334
84945 36631
68217 93431
86409 10492
17510 55441
6771 76559
88713 83322
70983 10921
51590 13158
98321 87128
72724 71165
52658 17373
25500 3964
34047 64462
46237 90320
76800 17301
60907 51134
12594 72559
18252 73470
51398 99405
21306 2619
22432 73974
41571 75892
53720 42787
85740 7103
83004 26114
66826 49281
32268 88629
84231 56694
77501 62192
90787 80143
26007 70141
54128 40527
43319 92955
78133 15758
78094 34971
20173 50998
99199 23650
93285 99881
84581 11595
86689 32792
24267 10338
19831 91789
7730 24041
72018 19395
32590 2199
10096 84872
46249 46259
48389 59554
53279 38718
43606 91239
83201 80615
24351 59395
71474 28916
89870 2902
11533 97215
26213 47763
88252 17111
48604 8067
8642 29435
83036 6752
46995 56579
13061 60378
76407 60375
85033 8853
26699 12213
60847 75241
12639 74159
25137 4353
58552 38923
45950 73789
89840 46401
3256 69296
12977 2337
79095 57666
55326 4938
60613 99055
23915 15508
37312 9317
76767 21447
67388 9482
96025 58658
39134 84469
64808 10517
48034 77008
96370 54791
18613 88509
44750 64560
67163 81997
31818 42048
5162 73002
51077 19351
49326 32622
21718 83563
86787 40106
46531 31653
44318 88097
11019 64515
75685 42058
47741 99864
35314 28561
87615 45992
17204 64438
28584 45581
85197 72748
51941 14772
15317 56923
83416 95392
73013 60064
2740 43590
87886 4744
80931 65200
39408 90328
54240 94747
1891 5032
19869 66488
8545 99363
20318 97230
26425 5416
28508 45558
70030 5900
75428 33854
67702 11542
48021 6855
75612 31170
80838 69031
54143 26751
27037 82344
74865 74161
54265 48967
90264 42671
70889 90422
46896 11366
34898 37594
61990 62164
35597 52973
30719 78317
11814 97821
36783 44378
85982 9867
68835 21493
77290 63278
35704 60431
55699 78030
20641 77291
15444 34313
71684 71072
47871 40785
24605 5242
70264 8715
84347 27545
46296 46257
16734 71248
90635 44145
6207 43623
23347 42253
7112 94650
14371 84761
95799 26041
11588 92992
46624 55974
40883 30592
61320 39545
65921 84809
45707 6271
59858 31425
78998 15959
71295 33635
59405 82196
29044 45627
92327 83806
71570 40684
70349 33808
39406 73002
64095 32347
69936 6912
33070 86498
61493 7660
64067 73213
22062 50974
14519 27350
70495 81565
95289 67598
70304 54817
71979 56313
37663 14746
38085 31390
57917 73224
27441 23928
63820 32000
12141 42679
15576 75694
1356 63296
507 82541
25525 22057
57446 83088
2755 99806
17023 74525
50435 90335
96797 85229
81529 1311
22318 37166
44027 14823
2195 52225
30452 66544
83102 50140
65571 63917
62170 70472
18265 6175
64611 94180
98591 61278
49002 58912
55085 63639
75538 30179
94324 73097
76918 71430
59350 67175
83745 14775
90632 67257
80884 85303
63479 35610
33731 49468
8416 48955
75384 45232
50070 51167
15727 89936
73151 22301
20504 58349
53720 45698
7033 14798
56333 94604
54281 96877
79425 51536
78582 57110
74124 59476
77312 5739
96472 80853
40092 60514
37924 71971
81233 86853
14017 77312
81918 4049
24631 78469
68755 71736
87169 17694
59187 51999
67884 34216
28952 9312
30781 56762
21839 3113
32520 4313
82744 92316
34585 84482
65415 82605
84079 48388
89574 38983
61020 25955
52881 82599
18087 50999
76600 13503
75434 28907
53600 63637
56083 37630
18946 19713
87367 4165
41899 26674
41243 53575
69723 22346
48826 98271
40102 5885
78690 17790
87958 28374
40294 38791
41062 35955
73837 88913
17288 87844
2193 49929
34561 67983
45538 32941
71144 40143
46433 64690
64778 35217
57061 72510
26889 89141
86937 18318
14072 53747
90908 42994
88673 2227
10111 60620
30335 65940
44459 2901
35268 20806
92793 13976
89684 98800
93687 48981
85448 49931
65770 61695
25165 59076
71622 37759
642 99166
94136 90286
1245 22894
59901 17087
61063 63741
77768 47603
92987 8906
86336 29250
49515 81829
72287 50137
93243 90741
98772 51702
99140 31155
73090 68462
29395 38829
85727 16072
37287 91876
26902 69504
68854 69742
65445 55557
43496 27124
69440 5082
16571 86229
34508 18233
9821 11746
88100 61643
80789 66752
75896 6097
8123 89897
74441 1055
18428 93227
20079 75035
68983 75719
83091 9666
38338 25427
40661 57156
79941 29017
95527 24131
20413 68502
41999 22552
97755 53692
82729 45966
67267 65008
89667 68613
95406 82604
27552 65072
59976 5118
4918 98743
34066 97223
74992 23798
12961 72670
40236 97052
84029 4779
86621 27565
50243 32716
17482 40257
34884 78195
49581 10435
78052 15973
27894 60338
67003 64828
69094 52771
39767 11751
23796 19005
344 53829
7339 53563
62707 10190
53642 43726
35824 82826
40963 82777
52620 35607
53948 83411
1944 39847
18993 97928
40120 42399
46992 36249
81444 25786
77307 58135
76458 47908
81930 88236
65642 83872
24774 87602
24793 95843
21263 97433
32735 64214
88855 55782
67033 88727
16581 6190
46583 43928
9651 67583
34911 59007
10609 62648
57224 57829
10527 23244
71200 759
69911 37220
95207 98232
32480 19417
77682 18525
13884 45150
98888 99087
13019 76692
89064 19405
48422 3891
15138 2215
39445 81640
14009 44580
40793 7697
59528 99037
11507 13955
94105 62912
61851 66597
6639 2158
87770 56722
34110 13021
1072 53979
20045 2678
50511 33955
34043 71992
33405 83265
37367 30483
28022 22945
65319 96174
584 72035
28162 84802
11414 34587
34294 13821
90518 96431
97379 6592
59027 38588
30557 10625
86923 37906
3726 48298
96529 66931
66481 23352
9676 74296
20728 13149
84311 65804
65864 20606
29183 83023
61528 56693
70568 29204
59798 68592
26089 43587
54305 97744
44395 97432
2927 77003
72301 66
56201 37867
17603 38309
73259 88749
50675 65464
63941 82883
47542 12872
36380 62098
38653 22995
48649 59509
16170 48398
87545 97688
98098 42304
56939 32413
8898 52836
71605 84251
12567 29835
72960 12954
14660 44728
28679 68632
37552 50594
60796 71943
55381 58517
21219 60204
29699 45329
62677 92386
46458 4554
56031 39317
47251 84614
60096 36808
16280 56994
16270 49775
9448 73934
97810 67541
77108 18028
59463 536
40485 11477
48799 34952
25139 80084
50590 52236
69935 33992
38941 93468
46234 91815
65512 21512
61068 16406
76769 68847
63534 48337
18331 78409
26688 55913
37855 28574
39604 95137
19338 91213
15057 67633
89805 83142
38609 52003
48748 8016
12419 98713
12032 51780
55945 40325
90869 16751
31451 19374
50284 11220
70339 1074
35098 91368
12255 62303
18344 73525
5795 43992
74513 64119
25812 73590
60742 19906
98061 87812
9165 2522
1022 24610
27422 33977
63880 36676
11877 43948
1218 4720
13475 83895
9335 50531
12589 3821
92166 56493
66507 99672
9889 83216
36826 97847
9998 10341
66475 90235
4937 94999
31554 61353
97408 14725
78231 19931
48854 41732
55448 31263
93600 73980
37669 41974
24171 98566
99347 75830
6004 16980
33482 41993
99662 46345
57415 93004
68352 84029
8859 59857
37668 21274
70089 77117
45258 46338
39468 52266
40178 8166
27887 91142
35222 44240
58131 7603
63870 10458
7148 81733
6345 57397
67428 6023
70923 5764
90199 18678
71081 94238
60598 21092
8543 92879
24420 49686
83930 4919
87292 49159
40255 36585
94473 78723
55650 23246
72459 43149
10416 26464
34361 63449
88677 29295
76186 18
36406 95391
12107 80341
55177 48296
80316 37876
44440 87797
16723 97781
83698 38086
45639 85713
43002 53422
41510 80181
87206 96853
8111 41028
33057 35542
97657 37362
75625 98434
38699 65291
93810 63868
14849 35818
1569 75964
2574 35458
26993 84940
19828 17273
76658 96238
13357 50184
46533 34835
26278 92028
23233 54181
12767 67896
39057 63198
10444 66065
5172 53871
80983 25072
70972 69178
21051 8820
19663 18681
8810 15629
65833 37045
88265 21218
7960 38063
53775 6124
42975 40314
18985 473
87155 58526
71641 53994
89153 17143
22066 49653
27654 13493
3710 35747
21013 33018
7704 75123
8341 44735
32562 82838
41121 11662
23729 44017
22598 48553
64716 99198
28936 37762
94416 13739
49469 53665
25759 71065
83920 58754
70636 28190
18656 69268
85120 68324
90686 59931
64921 25191
80307 65454
84390 89755
29271 16697
46476 66948
66043 4157
29764 25469
28896 89579
51802 44754
44158 72525
21104 61893
29822 11613
36089 29036
10112 45260
76382 35953
87062 32413
49340 9233
40167 78823
14468 95774
26253 14838
96410 44957
37303 73706
15383 2761
75336 8086
73543 16910
95766 29378
5996 12078
67820 45738
53625 35584
62472 98366
97015 41836
55422 63776
1987 65296
97363 52104
38926 54494
49442 6467
61692 2779
81531 45264
84518 1986
91391 6146
39480 36415
48037 43169
57875 10453
9625 31752
59116 34105
41271 71272
98411 23284
79508 33444
29325 23428
94998 23219
70755 27867
51543 4290
50033 24383
1382 95215
94896 29769
43077 70479
428 89478
83884 99368
45766 22681
81765 53944
40051 99607
31918 89580
13243 105
53274 48010
29563 74125
18512 87624
66883 40502
76970 80242
32505 52808
51992 98568
89301 17149
31323 39389
87491 15522
78698 25945
8196 73498
20848 58296
91436 60154
70411 36746
33797 11563
30543 59825
95915 94316
52961 26245
6991 17358
90269 99763
38421 90070
6321 59194
30837 94718
53183 30061
36893 35251
55391 52308
38285 85240
93754 21418
24889 34979
29520 80192
77931 41051
57747 83929
15967 14784
61738 55404
50118 60451
73007 82022
63267 99369
30737 77893
56241 85964
26259 3517
4090 34362
90731 50743
57569 3668
67300 95821
85690 50736
90396 2928
42189 77720
93255 30114
65558 38665
47722 95484
12456 7413
99553 15209
62565 18721
75033 66633
91207 72488
10902 56848
66235 11382
36815 45572
35201 56429
71757 99170
80077 84963
29232 93241
6761 54850
8970 70445
38321 5960
19233 49302
57685 20421
24817 3038
63514 61727
9544 25447
85818 5392
11465 24579
99327 35367
36394 15738
5196 60835
51765 78951
49908 3228
20938 44635
52993 39546
85404 80697
26254 97371
47312 47064
54829 17809
22689 77285
51907 93858
55518 21758
6535 97447
45866 98007
6278 40717
16284 24281
12354 89975
66973 51134
76782 98169
66316 64919
50292 99391
28317 67302
11119 49956
44053 1572
36753 40763
79536 28924
37214 80042
24604 51118
58319 19818
32187 48397
13073 35464
31301 38593
72131 98919
87075 31110
55836 28220
60501 77004
66146 93169
56462 27221
9235 35906
1842 49305
55264 81475
68479 51557
66989 95064
36833 52951
52115 79579
10876 50020
13919 23193
90694 91955
32560 1717
79529 9312
74652 11972
55206 20506
17419 79760
49357 65348
37819 21782
55527 70168
3195 30055
69612 85471
95824 96362
13709 87994
69042 17304
16523 70173
92304 7071
82685 94414
54216 11872
39663 81674
24560 67922
93597 63425
10704 59996
24540 30677
28101 43422
82962 99583
52256 28297
74073 95978
48997 21122
97600 48278
54445 66148
71786 58646
23300 34939
44 53586
2315 28297
60499 20614
83255 22148
30844 3265
7888 32374
37595 43783
27123 48796
67509 39248
76145 4616
15525 94311
32174 90751
87067 78155
60802 48956
78936 89841
44251 71115
49811 20992
92570 25615
5495 64595
27665 96764
36226 13787
31819 99997
68392 88315
49316 14831
51599 78762
43469 54916
39312 82772
98762 19938
61852 66394
63059 98497
38997 70669
92534 87505
36784 55095
46867 89361
40314 99570
92703 18617
1296 62670
68450 40945
28197 47056
89561 29272
65824 68877
94292 42462
36315 65715
23353 55658
2053 93601
9567 17620
17697 42474
71764 43436
4933 39191
51896 43634
41724 50529
17856 74011
11813 31322
19860 98515
22193 93893
75792 82453
10248 61722
54887 10037
45125 66244
62235 87639
48886 82626
77767 53460
5725 33865
24853 20348
32305 83296
82600 52879
926 35842
83316 75331
85696 95584
88897 40865
94508 73469
91595 89736
22888 39760
79205 19049
75566 7237
33521 53801
94701 53244
86281 86050
52616 83113
7866 74690
85205 27378
55044 11882
11966 26164
75259 21904
46372 39775
68617 61981
63767 75637
27785 77296
34079 74223
77902 10554
32310 95992
42202 97536
12076 47728
15367 60828
88002 89962
17602 63452
19247 86830
90218 72770
19742 11000
4630 29122
71598 70583
3756 88839
21713 14095
3979 20558
70413 92919
43650 76745
76542 64892
69110 62269
62418 88444
35328 41252
82603 71212
99181 94860
48353 34803
4412 12215
5502 24044
51139 2617
52160 6056
36587 32157
3674 13770
9455 20992
76883 99657
62113 25524
95749 98129
64838 89631
33887 3522
29717 71641
61444 53808
30843 53842
97738 61953
19833 30953
37212 72786
7909 82038
34553 92787
87781 17537
40370 46662
97623 9096
4815 26052
8428 46397
47339 76792
58632 67846
42516 46369
20836 50108
93132 91028
91724 99116
43658 28441
63010 96473
46074 23497
47449 19096
41209 88214
25978 6578
81018 27811
1666 61381
10691 86024
35394 59044
24016 61455
67774 20530
22767 37498
42351 46891
35459 53211
23105 3484
73506 90489
66037 77830
3447 84978
17440 52063
88128 44243
6027 30768
33712 2
97873 37464
98063 73077
29220 63847
68725 31512
92359 75012
38034 29675
70933 14248
11370 77666
6905 7585
2225 30563
18964 95600
32435 35627
79611 24171
52079 51082
4822 83612
64822 71810
52578 90527
81457 40396
62096 29480
98169 73523
58948 15515
13437 12630
45686 46066
46911 8106
14708 70811
75191 88182
39743 24055
44463 25622
66825 89789
80965 92025
85149 12980
92940 58339
39863 52156
56587 65900
78824 51462
63228 7774
77140 23575
6126 30842
54867 11882
48228 8148
531 54859
38612 82611
30484 72252
76073 15026
9035 9651
92866 91938
19872 18842
83088 44326
91407 17742
70012 29429
89195 38721
93918 34395
46423 83321
423 32376
64299 36814
15800 66623
81909 40911
57065 8057
33941 61150
57187 80224
31103 87375
678 55492
77277 75406
74788 98313
10891 38966
13060 20583
24665 43322
97152 76073
21325 17631
8615 75247
86046 50400
65948 65452
12890 69225
53557 81416
81473 71517
41756 39102
80743 68945
66066 28575
94678 94318
64839 93678
39433 84370
57763 47587
26643 74512
33537 44488
20086 66859
20622 15102
9740 87263
86766 94649
98306 29753
19576 52288
63640 71802
54741 6894
17346 9015
41605 63316
7498 52572
58713 43540
82379 97892
97754 70183
96856 58243
71009 24729
45683 77629
96605 36808
7670 92908
2416 26184
73294 49085
90610 73889
81882 89203
97549 75343
77264 82371
36159 66338
73849 38999
75003 36988
35888 95435
75208 95349
72872 65491
17504 65050
25379 6227
627 88938
74683 92165
22754 45144
47516 78167
42884 68940
5544 39914
34020 83202
31922 95156
46144 30601
94243 22911
9196 78788
85657 68328
60589 59437
39619 54273
86559 48909
11430 68943
57648 16774
18075 12876
75394 41641
99342 13510
38701 60384
30497 29182
32666 12101
455 85451
48809 32521
20969 13524
78060 25550
45892 39705
90474 31917
90249 81259
40317 36818
52700 98096
20916 46203
63926 77664
84338 21084
84996 69706
64301 6941
61381 78640
77871 7642
69359 78630
46809 19682
29482 64055
50491 92250
40531 27616
86141 65303
41915 34419
11546 70215
82214 32182
5631 83945
25549 16737
97777 16976
55516 3396
82308 27524
21364 25342
38692 93312
74954 17735
33040 26389
50566 49191
39418 65222
15110 33244
59720 29226
7896 7673
33878 85262
77891 25473
90066 21776
60575 74320
5023 17733
94744 95315
56819 27955
24463 22698
50104 46104
99705 99437
2990 93217
7998 90468
23656 78356
39419 2990
86763 43815
60896 71835
5522 98278
94067 95538
53484 5073
90700 99084
44380 97531
66231 37303
38072 51404
19413 66067
17035 57792
70843 56504
11924 50343
31313 55567
26501 51139
22676 62165
39332 38828
72948 14747
57389 96367
26103 91944
59213 84011
43412 10933
21641 26963
473 47536
99925 84207
3686 34266
4830 85498
75120 7081
43809 17541
28543 14023
83601 58707
78127 19856
30293 51963
17939 36344
70407 36010
84525 46851
89814 24574
55736 49195
39237 80715
44575 158
74154 80698
64994 71198
49744 41253
70200 191
61653 50717
34056 2412
2956 86596
22223 55106
86589 24563
98365 71282
94784 70261
86199 1316
68838 62282
11703 77711
63440 15461
37831 36258
85173 45871
19018 48798
31201 5762
48436 68730
70832 88718
61900 27966
6391 11511
2801 36040
40892 87541
89938 36650
38873 36466
95285 28937
19869 432
26161 32160
98186 22593
19539 52763
95224 42701
23421 1533
8849 43023
20034 45178
18835 99384
99500 92861
49201 89803
13719 12196
56178 95391
33267 51135
9873 94721
71237 4948
42267 66031
12582 7646
43700 70653
8835 71177
97394 88916
92795 24024
7744 59566
30980 52096
36061 15100
87175 55754
5211 69120
98527 14260
59456 99507
79102 60657
83144 4320
56329 59493
65409 16231
20855 33929
6317 26651
9749 17101
63172 80484
13701 54001
49487 54142
68026 90187
68494 69144
85277 58980
95955 52631
94892 43483
32229 15760
89781 88672
57182 23377
19232 40730
5037 25944
54498 77666
56245 71514
48811 98342
91340 3582
14937 19975
60893 75136
71810 92379
84774 34318
78767 78123
80379 85998
18875 87574
75105 89622
632 49037
41364 65171
75338 4117
84321 43139
50538 38120
70413 11483
50308 63156
46156 40033
59961 18202
15850 41266
68958 19536
32998 21790
85243 74816
38162 16007
29294 23431
19541 80998
4869 26646
27081 35430
85799 13269
35293 62727
45964 92443
48691 73244
41504 11543
52099 19085
16132 79178
98519 46358
29165 78923
90957 96390
78755 64353
13400 29633
86243 85517
13727 44959
6014 13085
701 85771
81560 63514
5087 23012
62026 4699
13961 66847
21920 39215
60113 11971
6395 35640
13507 26219
37647 43626
90715 18248
10759 93168
7854 3133
77309 45032
37249 53921
67170 4354
80816 15360
26940 94180
77865 68698
45474 84457
39758 50115
45762 13437
62679 66177
22652 15203
99662 1554
15269 73391
38513 37603
64805 75149
85779 83897
4377 84824
1627 65612
3793 87107
25219 77543
79123 45172
24634 41738
48598 20324
20547 58376
15720 38272
62420 36425
25193 81259
44664 54921
22670 22618
28461 82455
15647 70934
72935 96759
15993 13630
83019 59521
51404 83362
83349 30208
78845 65001
99954 84531
17830 86060
71718 14351
78322 74936
77256 88603
58049 50288
8193 25746
93706 86409
7921 78597
24436 18637
50378 2679
43035 86617
68243 37087
48434 41534
37638 8841
18875 23939
72530 48821
74800 6337
27513 65527
49950 3750
55411 42709
44165 40787
25642 76396
93721 73502
57468 23788
75044 96977
68285 94167
83714 15209
14418 14022
13859 38903
98902 31428
13260 75875
99929 13553
52310 95876
13916 576
26862 77257
77814 21721
12563 17139
14194 39832
8700 9528
54063 91788
71471 11490
61022 40665
57675 92430
56296 50838
6879 18126
29478 85616
4816 7079
92903 72485
33143 28276
95437 11018
61409 8193
87216 85542
16301 86448
52409 1684
13618 78264
48104 72965
23190 76097
10223 71196
93368 22121
2709 69840
95975 45730
13557 33677
64168 28017
59772 52531
31668 44657
35630 22678
21847 47662
83489 16828
41587 51403
69760 64610
79099 7004
84361 56344
66104 19244
40080 56704
82631 69497
88026 98963
4857 80691
63779 72188
74450 86880
64984 95610
85131 3099
42462 98242
79985 34801
6889 88123
88771 99458
31269 86241
53079 24198
25041 71779
90133 22853
53695 49125
60955 63262
78134 22335
73495 35457
13232 22331
82608 50133
43324 84635
46686 3443
64989 79056
14029 6248
92457 42468
75327 41047
80778 98066
75495 36405
41889 73832
55918 14187
72126 26220
2417 45688
96681 90004
92097 34989
9437 11788
55490 30703
74471 64212
48236 59352
16203 72064
2925 725
14976 50614
21094 25321
33071 64659
27177 30441
36727 40359
90178 15679
64972 14100
24459 44936
64788 18291
41941 70133
39369 80655
98118 68046
55513 95079
44214 2922
22505 10992
92241 1688
78446 57521
40376 9241
33298 87910
38943 74051
17557 43614
60177 53504
31657 6045
89511 31693
43829 82970
50101 52027
69460 47330
23902 18450
27603 54867
89082 25321
17142 77026
75191 78863
63795 74070
53749 31877
49973 55370
41897 69762
95386 70127
27387 8270
4918 90631
48232 98727
99822 68332
84256 28895
82046 17191
15145 95291
65172 96793
52666 96598
69202 35317
35361 51388
63984 72420
39262 58991
33527 84672
18213 84390
61191 52953
25824 1225
52562 62515
98891 59062
88831 30566
65878 59999
58952 30045
75751 49802
1564 31031
69205 52336
31197 26665
95886 3582
39203 14299
68114 80663
20728 35078
62325 58767
28922 56476
28481 5841
82781 89952
39986 68315
2918 82441
69144 36541
18800 91972
96792 11806
22507 8079
51820 91095
88376 99935
18206 23573
8398 30587
26865 11579
33817 88702
408 93822
42101 16313
32189 14887
28407 22670
65404 40373
72101 65526
43653 43384
38105 13789
17949 50711
5058 64512
92701 36555
17186 22006
498 54146
49937 36452
21819 81181
59480 47399
35023 74418
60951 41999
67796 45866
89185 55134
84649 86276
24955 51564
27613 98960
76768 15942
9077 74389
57887 16267
15882 80813
70203 53934
49320 46403
77130 58295
72401 17404
64535 6498
31032 32107
40705 51294
40903 99642
2713 60974
53465 36584
63624 77740
30208 21638
9095 57441
7936 84025
16804 6927
16434 47003
90468 37735
43138 5978
85723 17043
74642 57144
7126 17965
40149 70153
67826 90374
34388 82840
19106 19296
86733 610
48140 85012
70383 48345
7052 94733
99935 33762
92529 86187
83285 82008
39995 4610
13344 47175
11363 11128
67198 33329
85587 42314
55173 32269
90569 17927
96669 97347
38041 5524
56708 3025
68520 35334
21320 11817
33938 39627
51056 92080
75588 64290
11476 47361
38370 10590
18656 37736
4739 79847
84373 61256
40656 16568
90568 12981
56617 3522
96706 99675
20543 97224
96382 99925
635 47073
24557 20374
95798 13914
72949 95300
6079 56913
42862 35287
58488 74715
68932 7935
68025 18558
42072 24636
99532 41240
46079 42531
30319 89878
59777 18368
87189 47070
73211 33486
1637 23814
19806 24289
5306 64506
72397 14716
25377 93594
86563 84667
47102 64313
42987 84459
32935 79007
73158 8909
87623 45384
93449 89591
15677 47651
74972 61810
65338 98581
54972 10109
1287 35635
87513 41032
88668 75979
27833 61242
23114 51740
50131 64844
82259 39480
44789 78220
86828 43241
17823 62619
80642 37162
25382 71375
14322 10762
79826 30290
29583 21581
30848 96769
67039 13642
2240 18733
67775 12813
61592 87998
48315 5783
12095 89771
47830 89913
61475 41411
86632 31165
58884 93767
58587 65981
60310 84653
31950 1226
65987 61311
44722 68294
63175 75450
63695 17290
70194 13264
59776 11841
81193 69510
12082 1003
84006 22550
78186 58491
99603 33486
8668 45466
50035 40720
32628 56514
71418 59600
6353 77251
86479 20377
77221 61825
50609 39560
39767 94643
94415 32559
71456 97542
49391 5716
87857 69497
86696 14799
2380 74015
56647 53168
81159 8960
84878 74166
17133 1175
42544 52345
40028 26005
50103 32993
8935 49501
52383 27884
12181 81926
80472 73516
45216 1596
3623 3367
71640 31104
29029 36789
55102 99299
97279 7718
8457 94063
35508 6873
26756 83262
56475 76998
50414 29985
83610 501
47000 73306
6544 71749
91659 68578
91724 33126
33119 97956
33555 80671
57413 62816
47038 35657
70271 26953
58585 84753
42242 65191
45798 38426
81499 73142
84568 97881
27175 14469
59288 65815
73177 73816
81156 84051
52600 62151
42251 40573
74558 93565
94930 95100
72314 47609
71410 37641
25551 63088
6583 38066
64211 64649
30594 80984
86449 64704
74024 56593
45479 84899
18290 71495
95977 32344
27067 4854
54204 3157
82453 76018
73755 21735
50148 51743
71990 76076
13985 90295
78190 46264
47416 84648
31675 92532
94058 95987
95942 73914
78252 44462
22255 56283
82055 89699
69512 98585
28790 58735
29911 82605
96234 71396
10456 21442
1513 63495
15961 97240
57067 90578
43101 9378
90172 46387
38810 42824
33277 45516
24602 27910
163 55217
18206 83083
88566 59693
85174 88091
47732 63421
58154 55822
7883 8883
90484 39694
98082 6228
36580 9149
93905 78363
34459 32333
48004 94452
78960 56742
56124 53665
37646 21859
48942 42233
38580 15029
16386 81636
5940 21343
47861 99904
76468 95064
40951 94975
30416 86700
25486 73223
83894 21115
46450 57040
77896 89657
31822 27946
9598 96332
78022 81076
32929 2706
10443 42758
95793 40472
20584 85768
64736 18851
31449 8312
96373 35723
54927 80937
39274 28315
35949 9214
70095 27763
96846 65043
23652 46758
17309 38773
10915 27612
53274 8132
72947 62193
54716 58872
28246 18324
51978 93722
39100 15177
91297 55110
92270 8840
73777 54383
68292 48699
48832 14875
84047 94436
17573 88963
78160 15189
53262 59413
39359 91254
10683 17138
23845 66082
15776 56112
28418 8650
42311 30584
38120 87600
28428 47561
72349 72654
1887 42068
86845 37165
75205 54846
1462 91054
90008 80545
26731 69221
41922 75146
26418 9592
9382 45021
6806 44260
46487 73421
15125 86713
7487 92516
2146 29401
75866 65313
67012 70333
68056 17781
90934 32784
58590 22981
85861 62705
47877 89739
30069 15382
54810 92309
45629 49668
32925 63300
51718 16248
85730 58575
81551 44961
33075 96317
10220 43459
77483 9934
58883 15509
9756 19635
16621 20228
65802 49746
65979 20878
76047 34339
54991 42600
44885 23413
18846 64761
48831 89098
11605 67996
88064 66870
6897 54594
94241 76676
93509 35470
17920 18993
1720 76951
18700 89807
27236 37417
94666 45796
87864 53444
4019 75112
10743 44379
82323 14666
92631 62231
64204 9484
40963 90162
60401 42563
47994 30044
92011 23128
2381 26938
17592 45385
78341 12961
94055 29320
42810 55743
4509 96443
52093 85555
34258 74555
28975 79024
77941 87509
75016 98078
80644 56076
80401 97689
69205 74772
48042 99120
13776 20889
93829 82503
22259 8534
31337 85046
45933 51902
62352 23751
85571 35735
62953 2396
66829 77786
67030 9158
26618 84181
60591 36367
95880 72169
65150 20018
99789 45899
63841 17693
72081 34215
60652 26806
33649 65913
56068 94515
43006 52082
10532 34976
25116 87737
57628 24733
7939 18663
55533 69598
7554 68362
80590 87753
80343 35491
58570 54939
50584 74056
34720 87204
77901 64738
63394 93478
51123 60144
85526 7194
75098 63299
28920 89674
77160 2144
99894 75800
65173 25729
88915 91254
21389 61908
87236 92620
34289 88922
66966 12790
95510 40361
90246 98339
68932 9771
56615 98583
63448 99517
89856 8457
69122 16081
73963 40838
12584 13772
60056 59212
74881 43144
80647 34896
9051 92307
20370 98073
7158 13999
66785 3490
9383 30352
33011 2524
82966 22049
25244 53449
69568 4991
97633 85698
29845 61468
95454 95315
85947 30654
47104 23482
12233 13309
58028 88491
63277 94344
1334 86926
10407 3713
11787 53216
49260 94844
21671 78766
60963 42436
11711 18717
36267 94583
41561 13317
61971 19429
72815 20433
62433 40884
79504 21888
46092 36639
46239 17127
16162 8306
22226 53837
55075 54064
21556 22734
16419 71566
8675 30361
77388 50677
48051 62642
42266 49763
15209 72144
38013 68394
94592 91136
73786 67152
68104 77472
76971 71854
29026 92421
13178 32786
43237 36662
75882 96668
27516 9422
57486 88100
36998 64510
73072 19379
49301 66440
88364 89509
98223 65157
99890 71054
78576 52480
95847 45137
13478 2713
62916 34986
49460 71044
5142 18246
18863 11015
38460 32390
79332 49439
35949 53728
47696 5563
1711 80926
50022 8992
16865 4316
23149 42659
9298 7086
62720 38322
34439 77016
91756 51596
24985 38516
69589 46916
78485 6896
34897 70498
9466 85229
3691 13602
53214 73249
3042 92690
56586 65846
98567 86456
24249 86281
21923 8075
66813 41419
9518 24437
43642 50756
50937 14231
81961 53035
96261 86373
23511 77551
34858 3206
15907 11441
91473 56917
98851 77671
15898 47107
82367 71547
97847 78130
77685 10474
79919 60059
56660 15430
30236 48073
49185 76917
85293 93596
28885 49135
84901 36008
444 8131
46906 59187
52759 98899
37943 5082
88987 68371
62938 14412
33136 31022
15767 78125
38964 43745
31699 2709
82357 47838
56521 56815
87450 93291
93385 63578
16283 85632
93396 62091
18788 63309
24929 12297
32759 83697
89563 47984
42310 82852
63809 32143
64413 65582
22117 62410
30422 75341
87566 99896
4802 35828
96310 76998
99079 33926
51052 1746
82685 30175
44018 38865
67920 50859
26752 76361
27201 54317
64415 28567
60165 36538
58736 22859
28516 91867
87747 37032
47995 10511
56800 76485
65691 18982
8897 8430
200 10055
46646 51107
86650 77259
79679 19799
78015 97727
150 71826
60247 1414
90819 87632
74487 98069
45061 90688
65575 70710
976 86566
78692 94981
77129 8282
58622 86166
14828 16135
91643 63117
26919 13068
27698 28644
62972 23134
72849 28361
93827 25380
12376 62717
82821 35994
38940 38582
78562 76911
94789 7613
99532 40935
42640 91601
25610 70073
96813 56003
41974 67313
62946 66808
60863 25360
15846 22634
95304 5735
69735 58823
93639 8160
31237 51536
79303 15445
96628 2748
24646 95351
54142 82226
97848 47016
79263 99474
58402 52673
83559 301
40224 63661
72572 88296
12543 96684
6805 39166
8451 25617
38720 36123
89987 51909
56380 27681
63048 29217
15360 60967
67314 77080
99699 58197
7571 84331
46161 59049
72561 23730
19756 6101
28584 25306
45769 30622
86342 31042
48735 11199
70382 37085
50972 29956
69910 15091
41535 61967
65160 24223
71519 68983
548 28594
68642 63396
88189 22383
65095 31604
20056 54157
22429 79162
34384 504
61481 34489
19892 90833
4132 44301
1863 45609
35771 5378
33344 98730
93997 69787
44904 42958
44977 3533
25054 13861
10253 47137
29078 62900
42528 55733
437 25105
10649 45404
20983 87880
63933 50617
94090 23161
29765 18664
23184 91703
25277 64182
36897 2986
80359 52292
15942 29294
41814 47015
53759 68530
38067 20203
61278 56442
4348 35563
8586 87422
31328 8379
75837 64553
16740 51071
66375 96762
29985 1201
67848 94758
81891 76286
53146 52372
11916 93001
964 10335
19183 12263
74984 20824
39029 17666
13942 6178
46747 51223
5399 852
3442 47799
66659 14139
1342 32329
90283 20277
84824 92871
9360 97686
90380 81468
33001 6471
2331 55021
89762 92674
48762 34861
38551 82424
19506 71143
86301 4043
17758 44151
85082 84116
99696 33585
42632 79934
71596 97241
59990 64521
64458 89642
72551 79464
23928 12560
65872 5091
94487 45805
24574 22966
69913 20535
82798 64720
10730 94936
63380 54837
88612 23853
40629 27005
72312 50792
22412 61234
82924 40591
37512 56086
24280 33274
2605 45243
4744 54552
77103 69833
1053 16747
20282 19259
12556 85927
94668 3810
78653 82807
90329 31777
93037 27608
83207 29583
82444 85213
44207 68888
35104 50985
77314 74012
31969 29496
30914 47887
99899 52182
6724 77303
28815 25574
11445 82705
3345 88892
82354 48301
54987 9315
80494 66477
43705 88761
25680 73546
89164 65006
42738 57071
4711 20937
85731 34396
8197 76963
18342 43556
56721 91817
96817 30351
43116 29790
56335 67353
97546 77303
61791 91409
49589 89245
73746 32539
83337 90830
28944 91759
58390 27709
5620 27703
43394 13838
77420 88085
2948 62811
12250 32635
5322 11793
35189 10384
35220 44819
63497 61906
80950 4694
21650 45039
73306 90212
82853 68170
39452 58041
17288 88861
65196 97481
82005 77425
6063 71128
50779 71015
83583 59232
73597 79698
16774 26543
7825 50587
36551 55494
5857 60540
71798 17371
3854 65189
6778 63640
90664 90107
54354 29754
4791 57780
84685 44466
58357 35196
50576 6215
47314 37522
44885 1139
87407 64523
11782 49698
58019 34095
73286 37078
77081 39863
40904 56485
31600 76790
43222 27193
13178 5356
47755 33647
16829 37684
31257 88601
54869 20536
65861 57276
52112 34391
15014 35378
81040 52646
7977 13962
78221 27020
92816 97251
60209 98052
24302 44916
55994 7679
33516 60519
40155 99519
84680 33850
36411 31518
12145 47709
81300 71749
69772 63126
36661 8565
16850 608
49313 65921
32303 64423
53166 14930
86661 83821
67463 98626
92775 54441
36874 72161
4318 46947
48139 60340
31144 59193
39791 63088
59412 49182
80210 41123
15399 25397
25762 35724
13754 95098
23361 73406
38521 59833
10278 12705
77125 27573
22045 66801
69139 98755
98979 54237
71468 44172
4907 20169
19531 58991
44379 13836
86018 34108
41263 39699
93173 16250
11733 87644
87836 2082
94896 34812
23846 85857
93302 12442
69617 77082
95186 35793
10163 8130
94562 2578
1140 3170
37017 5920
49361 54457
89823 98514
90715 64695
50060 15924
70902 17379
13840 76934
22843 8310
96495 97692
18006 57374
48701 61468
48680 74748
5990 79171
678 73734
22217 76800
25208 85862
85559 5240
95291 37113
58809 61760
63360 27376
62088 60070
39850 82098
79731 39049
15604 80536
37116 29468
33609 41104
9627 2215
42282 10044
90553 20998
22956 50192
25111 18728
92471 62583
8613 32785
44840 49613
62955 81528
28815 4774
57859 80138
24434 40775
36284 69541
70569 8744
10457 53470
43615 43256
85232 97596
78455 41016
69740 57466
90949 89023
81740 87785
43121 23604
84513 89931
81336 66648
55572 6553
17034 90618
94493 86335
20813 54880
72045 89371
99608 99172
57413 11297
24377 50197
64573 71897
26256 38162
77950 26687
5234 23155
43976 55427
94247 81024
66797 20327
23051 57719
34100 58916
433 77322
96855 73509
52059 47487
47493 2089
52547 72078
72065 44325
85590 1831
48001 92576
57364 17193
45551 44438
73937 14636
36012 50070
68279 36536
12680 47780
64866 92716
74155 94519
96194 51512
44752 2492
64509 13731
5220 92881
46218 69029
11115 76011
43126 10062
53980 18097
66563 88670
95584 94046
38053 49067
96503 90371
1667 51102
56050 72546
7868 86646
72858 96820
47615 89635
36584 52580
70161 49900
67979 70930
22635 51530
42501 35634
15962 59114
62862 12106
1502 47183
61488 26903
98347 1358
54345 92648
17450 63473
12620 1186
95961 90549
57664 52922
13255 15595
72671 10910
59193 28826
66905 34893
49064 70011
89903 8762
58113 59996
79960 88909
42979 38878
48895 84193
56292 94551
63330 73031
96973 9649
79477 50882
4185 3049
7869 55178
49690 32369
93846 64745
3892 18094
69358 93984
66656 54266
49511 47683
51467 83619
84120 17561
71668 4779
76141 67069
20241 94022
52163 79392
73739 10527
94765 24772
8893 1075
59730 87522
26681 916
34444 72005
26659 65767
42762 66477
596 28070
21935 99246
93432 97215
44401 77422
61168 47828
68122 66410
7505 39897
95275 20049
63044 35481
91764 84583
54788 2546
38845 13220
83363 53908
27713 39699
12517 42853
59117 95187
57058 33728
63878 45081
80392 43857
11264 67852
54264 58171
1223 43880
76933 24946
49530 24700
94520 99937
86475 36844
43150 5286
79936 86639
20792 59825
59285 93970
11642 27625
9592 90099
33260 3910
64172 56006
24348 73688
11430 30196
60618 52703
44531 40407
81739 53168
63888 63040
23879 68759
91505 42865
58523 63823
28891 10819
13464 87435
69673 7938
97890 85041
20458 71755
721 71706
13505 93781
57107 38644
60900 67397
35016 79456
97118 26904
10277 80724
63470 3485
21490 65785
58022 9368
3916 29166
10444 82977
6115 96995
35388 96259
49885 90303
75331 15293
97810 39931
15910 11140
3342 89957
10937 10911
52273 4670
90025 72394
91346 88220
58355 6964
91448 55241
28106 38657
35520 37186
37333 79816
59514 72344
71758 80469
36268 55250
66404 78633
237 69898
35322 17941
96203 47820
83494 9187
20550 46970
5875 57389
64754 32138
52703 25604
9561 32838
67709 14986
47159 875
3573 41080
57980 73803
6015 16729
52654 35915
91788 21997
34340 40805
7549 61639
78284 43015
34121 48559
69574 56787
4188 84641
56998 57309
35506 6445
91830 38064
19488 26293
85233 9609
82188 14129
9322 68858
98704 3790
67875 19913
38427 491
85078 28974
24335 6522
32432 38520
76516 44101
21168 84265
25796 48391
7533 39893
40621 51119
12333 71847
85010 14145
783 81213
65466 47828
79842 19175
34656 21620
43595 67724
20177 10561
88036 63524
99153 19631
66167 36767
38902 54757
30279 19836
62667 43710
52103 50067
87951 51562
68960 17676
81844 36622
89648 51686
35168 14880
15014 58641
97039 99180
68583 88660
51343 22930
58700 98920
5954 18693
58498 58458
32544 81837
37832 69613
42546 84198
86516 83574
10456 671
98927 86910
50980 9276
62964 17732
42589 38901
48085 13560
19485 10805
13942 69377
30067 88315
88720 4760
75298 94780
14543 78283
60768 13151
35893 66171
18008 68543
3957 29214
42312 64589
66328 57405
50724 67532
62267 15223
29521 41971
69999 85501
71563 6479
59736 31796
99263 12990
81327 49206
90322 54324
66880 70161
95512 76282
67085 20774
16189 7210
38825 11819
69472 56948
57181 68074
58131 44221
57894 10976
95933 58235
12789 46271
33528 66138
974 60748
4787 25658
70921 77505
32272 16718
96053 73132
12903 3742
96848 58670
77090 75430
12080 64798
49663 23765
52861 36228
8753 43247
74004 87358
38975 34636
15398 19902
81860 31350
16470 85065
62509 43471
41791 34649
55038 71145
10476 73725
18669 59147
24670 94644
74310 88051
70986 7382
71941 96015
3320 98955
5727 61250
15589 43057
86553 86758
16450 92282
24783 9828
91218 85291
41711 30877
38704 77087
3739 7589
94055 5410
36747 68258
35864 71607
79113 24625
36120 70195
95667 53250
90990 56223
27676 98231
47321 51673
44363 34089
41353 99283
31226 13251
68866 10387
13560 73829
24092 87890
5960 65794
74277 18205
88672 12514
57085 27575
16075 65409
3352 96629
29447 21486
8800 26368
35048 76845
39153 71479
59795 78614
39739 2826
33700 85491
23332 75904
80520 63526
46403 8242
89155 83361
52166 45902
55788 78923
42061 88789
74124 25442
48236 12541
80995 60692
41581 86831
8355 86212
40364 61770
71347 21099
76281 46622
95725 4437
13658 33330
10176 96800
27622 77279
60622 92864
16011 723
85039 65566
39496 48111
96845 99124
14516 75529
65062 23282
90101 23499
6990 76541
36586 28242
35562 83819
86178 97328
66805 25416
99587 85770
87806 8307
92772 92570
62409 36929
13394 48750
34634 93978
22927 46727
14253 98007
31022 43611
31473 77066
73753 42996
44583 45174
95947 93327
72184 83251
51703 86014
19901 23212
68511 33158
78661 74464
53181 69346
56882 80004
19453 39486
78012 79039
45697 12188
89132 15308
75548 16467
98114 96124
11000 57643
9360 50993
12240 22178
12381 42724
41142 66282
69988 22721
89134 7336
45458 89382
88081 41719
36171 77415
14668 80419
30917 12109
68606 34127
97099 66610
60285 99855
97019 97862
12530 32654
46601 92590
26392 26186
12218 51007
91489 80147
11626 74695
32497 86928
55750 60357
3745 28057
11987 14252
31677 79902
26533 22340
80614 94110
60584 54697
95377 53009
59995 53834
3559 77407
9328 18251
20931 93607
15534 25699
28951 31993
69583 48895
30439 61404
97442 45757
65292 98089
77706 40690
44498 60014
21661 10949
31290 83979
14789 6161
5657 40280
89763 48615
90263 88382
71655 69610
53841 21145
49369 63633
37368 93
34036 38664
67792 16974
23109 68943
29266 10374
93936 97561
88394 21267
8811 13551
67673 40118
80898 40875
72756 24005
96337 96221
28643 82505
27629 89674
57507 44097
94492 55559
8517 23870
54936 91202
88204 58405
60879 74362
76467 50960
21606 92578
36165 18509
88274 40034
48675 88189
11165 76374
6370 91094
63911 93389
4682 58146
74946 26283
82264 34206
36693 51207
34396 62236
17947 66126
70172 42977
44481 93950
74320 15783
83403 66636
27556 31388
687 17503
86201 54242
24376 72274
57539 76077
1892 95254
42060 69192
68167 8845
82032 18544
50630 86736
31776 54839
94525 35786
42399 54242
76218 19771
76520 38988
11135 78871
53189 37729
23619 89412
51897 29380
49362 96191
65240 42377
29833 21112
9802 98971
80603 1841
43595 10935
51598 78243
53070 78992
127 18776
1525 92009
49914 63890
48059 31198
2370 96835
54026 98811
29199 54259
22693 79843
18219 47838
72416 78250
45012 88019
84930 79644
37758 22614
2186 2388
49422 15646
51623 17061
46495 89784
68607 37109
28161 1602
86537 44413
95285 83921
21459 63082
85650 46667
15452 55807
75460 19182
31451 92721
42439 17575
3286 27817
52496 66268
42156 60838
84229 10563
44140 71704
66688 19240
23163 59270
91823 48811
48211 73705
25783 50528
37502 6767
76877 45741
8223 95321
82907 71727
54313 77949
26561 1045
55366 36996
37362 60419
50225 44749
94067 87441
55772 98601
43807 92010
10251 66845
56517 95726
35191 67587
3368 47792
58349 37257
70814 10680
49452 15056
19858 35937
68619 40622
96195 2044
24368 41485
48578 44620
90393 34697
38296 39464
13687 76758
83230 53885
32271 24600
60578 61609
5336 58314
29257 14497
53535 36472
50439 69196
18085 94308
23593 67621
96383 3332
49547 74301
43030 49730
51011 47894
70501 51067
28244 20169
84126 23201
25339 91425
95045 61209
11879 13278
29651 86750
60984 31795
42676 30140
81095 93481
78633 45973
48638 90138
55943 1696
56763 23446
92983 37
48050 62945
44244 45442
68648 98867
29552 91177
54713 73495
86703 49696
50578 44908
66569 18015
56119 26151
88077 44469
71455 48271
71225 1796
25491 42208
41187 7553
79379 36745
12723 2101
10960 94702
93190 57310
28659 75430
11981 3438
34677 6589
96812 66059
2245 81876
44027 32782
57605 32092
96936 50212
14285 31743
21204 97232
33031 74487
14097 98183
42225 89813
54186 12114
31934 88667
70236 54000
65077 1762
59125 99153
61425 32405
98172 58300
31071 58196
14344 62858
21475 915
97415 89160
84755 11768
55577 52825
21626 21248
7539 62418
31063 20474
12701 78940
12699 18698
49236 59094
6831 59848
72521 30769
36075 71583
26399 30258
40352 28014
28657 10771
60495 50506
71978 74465
90352 25114
45003 32512
20781 47162
97480 81283
8227 7577
82539 90932
60360 31514
95024 29874
90431 94807
63335 83438
1285 22841
39638 99213
28073 4033
88500 94889
30059 28579
36911 84912
43972 34982
88007 17123
1470 1317
53681 55768
6776 75984
60308 99737
47395 19820
14607 12131
62887 44495
83665 24904
11359 67333
13760 61677
66104 63406
28819 43949
30679 30429
88440 30324
91056 67162
67471 23524
51567 75041
81580 33107
60019 59393
985 61899
44078 17951
91026 99178
39142 48
65255 20672
85943 80546
42269 3635
61935 24627
50957 58717
70705 99352
57028 99661
85203 13592
89538 81186
63391 3279
61563 16500
60598 70252
53529 70315
71368 97779
30679 69157
22333 12315
70183 46548
17103 15920
31566 24254
5646 90226
51299 19292
87675 1941
1011 32731
493 38176
87456 20990
35535 38958
55773 79961
46272 42095
99028 49816
13393 58600
72288 70614
88331 45711
23827 84262
33894 49776
66737 50222
31155 37515
659 45895
85012 58835
75558 93343
28382 60400
14473 55894
4542 70526
79218 46372
4081 74956
46762 29362
36234 65278
7116 32700
79440 82828
35370 67190
5725 37984
83112 32516
23808 99196
48671 84736
64252 70994
25275 67575
6727 24202
93694 91724
6540 45567
50555 49684
42025 62882
1339 53785
24114 99286
68380 9048
30636 25106
29740 20642
62258 50562
37234 19038
77908 11879
80550 78341
85459 37458
26772 10373
40391 49901
42654 37631
85049 99762
12055 76010
69897 95377
56552 64013
37033 29071
2382 21320
35359 50082
67642 32108
3463 35286
11600 41470
63567 26058
28969 67577
74394 92340
50769 68489
16414 27577
82985 85040
74597 8406
26406 4004
62928 1466
86480 52943
23247 87113
37828 79598
27626 47674
27699 16211
37179 94522
67201 28643
74706 77032
7654 11225
70960 58582
45552 28481
58732 47726
84383 15902
19793 11659
64840 50212
26462 56732
75347 82078
24804 90084
61373 4809
86668 35197
17495 15831
59055 90128
86148 45870
64060 80062
70623 45766
67253 27355
28883 271
82354 76749
39201 63048
52252 75441
52798 73033
58739 75447
77106 23130
11305 77057
79290 4986
11013 46280
80934 59417
36289 46295
48348 26526
85197 6478
98419 88417
19049 65088
75705 64818
75982 65621
47150 90001
92326 2985
40006 78675
71440 52523
60747 51652
86461 64191
7673 48287
67254 84189
88801 17048
20211 81551
22022 1843
91909 37719
87682 50089
65261 29030
73634 84074
95427 42086
19302 80310
64720 78770
38659 48291
80916 33817
57504 58138
53537 38558
98652 85434
18493 11770
62662 23220
35204 3417
36132 64173
57444 69881
97997 61055
35328 61518
31407 51032
366 99393
79881 12569
4089 56204
80178 54008
85151 16543
13969 54430
26163 95583
72674 14538
20636 87265
51319 30541
50549 88307
71381 87788
65867 41588
25843 98561
85218 85047
61470 97850
78096 1252
36536 35097
87201 66103
42356 24370
41681 35583
95004 49904
63989 5920
78988 68464
63602 76882
44788 27716
30500 81951
20249 63313
59193 52265
6932 98385
41620 97570
72273 83826
63594 32273
70866 26678
60360 77812
75946 90705
71115 62873
12355 29262
44646 46339
21080 78794
97408 86507
46331 59671
84307 37053
66192 65883
25582 56983
20496 70638
64660 1677
8232 82624
43483 1352
14295 28624
55022 62210
2003 37910
41740 11
77765 56794
23910 67879
23464 11898
97637 95950
30574 98024
81217 27019
79291 51114
82891 54782
47880 79865
15812 51994
53441 91522
20612 67591
74600 82344
14196 77505
55824 41280
52564 73399
38114 31379
58966 29645
72315 53375
48353 25722
6156 71287
94895 85451
32793 20510
93263 16702
80859 41072
86339 28488
75742 81306
28355 6736
90115 64157
72985 52017
63007 37231
65827 39452
46746 10681
79989 32436
35698 98106
31284 53392
83221 75138
18203 74940
18154 76696
94746 56056
86217 82741
92306 39735
69438 17319
96762 18498
99690 4431
14941 26547
26178 86691
50810 89434
97038 75149
28867 85179
76299 82057
75006 32846
14250 28075
54343 7966
9103 95351
35276 22891
97906 46151
92144 74952
19297 75241
22728 39005
6972 54622
53473 59782
32184 349
24216 65938
88509 9965
82624 75909
58888 62958
46656 22070
30410 84209
56146 49426
69030 79035
90022 66615
46327 47527
38492 46106
12776 28961
76334 43873
87322 86475
77316 45994
45505 2907
26365 23587
96967 98043
99629 92879
32168 13096
83449 59783
78933 23988
61181 61238
36881 61509
4358 57020
73495 1875
57849 92045
84242 94253
87722 1007
33506 9813
67014 33375
36350 31
32585 82637
41485 54071
76200 28571
16844 25208
30825 68546
26283 80149
8038 92908
50159 6867
48718 34139
1170 22637
85860 11617
66047 76463
35390 41830
48502 77884
75463 32198
61678 44169
33661 92432
7726 30815
32211 53992
33490 83996
46609 54565
43052 70675
77039 23924
99521 66503
41630 19731
9224 61684
7583 6263
75375 11815
52457 26854
56117 9409
69991 1310
54449 84791
96632 63180
14858 82965
7886 42070
85820 88022
53263 42642
47321 93070
69943 50444
12934 86433
39636 64388
87066 42537
18377 72781
31202 94611
33547 52528
34944 5346
13383 67335
79047 50763
11898 68258
69601 77688
5431 42821
60105 21701
35909 40904
87185 14534
11423 21014
69534 64575
57970 72174
52743 68682
97890 29766
35001 82133
69349 21059
20534 19649
55206 13921
80721 78916
31812 73777
46067 30568
10896 96022
87162 66858
94098 55271
2165 69148
90309 72113
62505 45315
23511 6994
1615 14553
98858 71135
8019 48396
74934 99903
15638 66653
41284 96685
81358 34723
34484 84313
33665 30437
71256 96296
59821 59524
45591 66160
96195 11086
58315 81501
47847 51724
77411 90831
64306 58517
39522 52217
45040 94648
38974 7588
91363 8919
2274 38218
36414 4838
78764 35515
30090 86576
30703 46523
23204 9522
70483 58946
32765 46878
77424 67611
74233 22746
92055 12325
1233 6079
1961 54709
90513 15098
82397 41522
26394 4269
10878 25368
19809 47183
15563 48022
44718 44008
72502 1648
37822 11255
70854 79005
22562 20844
31221 25801
9950 45901
11729 62517
38890 85909
59583 35250
78997 95441
98068 11722
6749 20353
53882 30423
53912 62205
93586 36074
20590 14317
85612 50149
45180 86608
74704 66817
9074 96054
44152 9449
21462 66022
83540 35389
52960 37049
56068 46801
35004 91901
41282 68555
2347 90099
8758 92232
14209 31536
9343 38263
98792 60992
1905 41532
2428 72959
20273 82671
5102 42846
61403 78427
34625 10308
48989 20831
29648 46058
55481 64048
49062 73886
63303 53557
64004 97441
10640 4202
57086 48905
84596 80126
12158 13536
32837 6804
24256 2498
22858 59814
74645 46179
83229 59709
63840 36071
17517 39994
74556 28232
98589 41201
53299 57012
15011 7241
91016 66349
11690 99293
47119 32391
99824 30493
79440 24525
16201 98734
25575 31132
26106 90310
93927 79333
36543 4593
5106 2608
22469 3983
4610 29140
65744 76787
92292 19200
57271 91077
91992 66486
16387 12801
79634 57162
55348 12950
91356 48647
60284 28872
52146 4874
43233 72431
87812 54213
46047 29206
62807 96157
69572 60092
51876 66829
71507 8406
73592 27553
85473 91435
52115 1372
31899 83895
1481 44946
26782 73065
40932 62254
86526 22084
79519 37614
14304 59170
14156 79682
30495 42892
58768 21872
938 70979
2850 36435
30980 90299
25263 7095
1988 92314
19033 23423
27507 44158
73779 21984
93392 53268
83399 32867
38447 20386
30512 80422
62805 22174
92032 50716
4158 98804
53435 20041
57816 99203
88410 27174
16389 42625
938 73795
44413 92051
89514 19744
15849 84470
33968 81395
88329 38425
69285 71109
38575 74432
86916 60309
23554 76931
82367 58035
1532 38124
60698 77030
59629 39037
92526 1735
69973 50312
95112 61060
59053 80309
38119 77918
9439 32511
55649 52011
92874 62391
86974 7700
287 85664
89308 19352
69702 76817
37450 424
92122 39958
42349 61065
77769 73103
24957 85525
66165 78768
14633 99738
94101 73376
87151 15385
46037 43514
97477 98792
6609 45934
85715 33969
47614 25441
28598 23505
88162 16681
78815 37945
93175 56402
70418 90929
89420 51003
8680 96112
51044 91162
30957 51301
99124 15668
82690 62321
37513 48774
84668 3883
35904 30015
83107 35418
60429 89411
24404 4095
60213 59273
84096 12296
86035 17918
17387 84510
88854 74401
17133 28216
42017 23396
38708 46949
69931 91857
55168 26087
2333 35523
93510 71282
5782 13065
16174 84177
16458 46982
27861 19266
71423 44051
77676 64565
86094 68092
1815 40816
52136 70047
42094 52014
50575 33072
58847 90619
81240 10328
66954 55514
91792 28625
71332 88511
29172 90028
15509 68854
3703 91435
71322 58522
71936 6343
65059 55102
62057 62539
43638 7912
8065 94263
55594 20753
88267 66974
41197 52454
49597 14440
54879 31114
49442 23473
53077 50674
69208 88616
60759 9767
34547 59057
79041 63432
18072 52739
81286 21477
25827 13355
19176 29861
3522 57096
33826 70081
64247 46988
44286 15942
84473 41313
83967 78071
23476 1410
37305 16521
47492 75325
32948 83046
2302 40952
30188 64235
51208 90985
3476 74633
91964 92285
92718 48391
51465 89842
11796 45438
79826 73052
28659 87548
46381 62340
45451 65986
93124 78244
13648 15814
81336 81612
55692 28370
23225 88705
4218 41059
19439 18680
41869 98282
34004 76031
19431 20847
26232 38485
60834 38505
92988 30509
31755 44711
64951 74895
27585 69226
64884 9175
31707 28712
73810 31732
99615 64491
13379 11690
43244 45712
50157 75953
41105 41993
70860 50451
38099 6235
10670 35858
53323 6945
20437 52704
11014 22311
37241 91556
65763 69423
64804 27932
72088 4400
60692 13046
14190 5394
56828 64693
86688 52019
97091 13266
57952 26341
44579 2681
24787 66093
88907 89480
44304 64838
12990 4627
64388 54524
80882 54435
81488 80530
27058 43122
7273 82716
9884 17968
47352 69829
59716 64993
42488 69579
68591 23773
77627 99582
441 97967
70757 31140
3024 90135
15887 21016
19318 52200
41061 47015
90690 87178
64873 39729
89152 89177
92974 44622
91533 48548
20765 73766
67708 79
71155 38072
84211 89681
69857 32724
28302 4439
40939 97889
96571 30047
69322 85496
25725 79102
56362 25894
26890 81275
72332 56206
89485 39409
15845 90085
78468 17521
89790 15093
56642 45053
50834 10842
85102 96719
6226 73992
72099 84592
72740 95779
1582 12481
40416 65733
15635 6645
72146 12827
32873 26613
96699 30120
29369 96603
13136 80513
75587 84727
42617 99952
20024 32045
595 43442
48193 34485
15055 68792
7191 85530
63345 19242
44585 93084
9265 15135
11737 70958
14461 33638
5375 18264
29461 16416
81476 24662
47502 56995
97513 791
74736 64249
29342 21599
90584 88095
52619 43141
68567 47526
12362 49846
50640 65046
67722 19824
41662 38854
33646 36168
89164 51333
21772 2660
57275 79028
6383 83330
77408 42922
93174 85231
48675 66415
27858 18097
47264 4065
82636 38430
39178 28050
54812 6338
92323 62951
73779 4125
76454 72635
83090 58659
17470 55578
35313 68762
58476 89606
80953 29343
13348 26070
79498 36961
40720 35474
30166 10821
27148 19896
91524 14624
83368 45018
44654 23520
68650 4062
47075 58596
21641 51645
42310 61567
81907 92548
85869 92825
41287 21110
10082 7182
5340 9287
36038 30445
10041 54658
31049 53754
91162 58437
26323 18572
94098 43520
46303 92848
24195 78970
33306 86052
66791 41420
77832 98557
32075 15555
90912 49345
68623 43778
20011 6638
80711 18974
5097 76945
88989 10112
32683 95760
76012 29959
52506 44993
56230 93603
23215 18640
73360 36059
15769 14877
27841 45544
41242 94043
58502 18072
89834 22803
48129 31340
24595 67679
47749 70042
1011 67887
29436 80651
75325 42503
4161 72798
33080 89087
32294 89123
74718 87042
96656 2145
35935 12719
91894 48562
75163 32187
42533 15777
92844 60301
6655 56659
85050 94593
69335 19451
27780 30662
40054 95843
6046 736
41882 12746
99277 24902
74162 93697
21101 36165
5475 60013
8684 2459
60998 54792
39244 77725
79431 7488
96836 27281
7784 29239
7360 81973
8444 82721
88413 37718
33676 78409
51662 75674
10101 44972
92314 12855
90760 48380
32411 82809
61545 29022
39808 14208
20113 35501
13932 37855
16844 63349
84885 38879
28668 67928
86405 9082
94132 55789
21949 18784
48253 60220
75245 18357
16052 29987
4125 71953
12010 97844
95880 13887
18531 93236
52827 55806
28408 83070
18107 30051
61909 1918
96796 82069
42107 6903
24810 81040
68063 55229
32196 22595
71209 40700
87356 66449
87286 52239
57432 63604
74967 42025
55764 3765
14928 89520
84670 57334
12282 56605
77945 30216
78977 2077
98106 71541
6534 89107
49966 5943
33790 32083
57522 39999
58833 81545
61817 37615
48796 56816
18730 3232
2415 4540
19616 43037
16144 83728
22248 57606
43351 40744
28006 70286
62832 4625
17072 57726
21148 82156
77393 59920
61199 21455
87784 22100
32724 36675
34567 70798
63172 51783
78676 60086
60179 47371
95211 80535
50020 9398
40537 54832
13967 99073
54883 9174
61794 89274
57789 95440
58525 29698
86644 84186
17749 41679
88485 65858
49937 51211
47491 67502
43344 16819
38517 49077
33730 84761
20533 85825
34250 44418
32466 14547
20963 16232
70383 57855
82615 49145
10466 49003
2665 40214
37686 34741
54861 88053
44809 48938
19211 85280
12206 88944
69023 57652
81101 16317
75580 11203
92670 54109
86308 8018
35954 30192
48658 61243
74570 16201
9712 87693
80861 36368
93569 98183
47671 56801
71000 46656
35988 50763
42815 34818
21513 16722
15986 15722
94268 98190
54945 29450
50439 75018
88753 29416
46457 88261
95228 68092
500 85300
3532 32598
68176 84830
91684 39957
62967 52543
14071 92337
37639 87846
38383 35442
4339 8438
61639 13622
10018 86153
37746 78191
64815 1896
37618 90275
80423 18164
66753 82890
35182 56769
59980 97876
51450 27797
19730 15297
47574 69646
35657 87878
3777 82201
87450 61422
13485 44892
45600 50903
6080 60588
14445 10641
99350 47160
82502 39747
9117 17980
63234 69126
8279 55567
67630 90983
47132 62870
48811 50857
17813 24110
30223 60161
56226 55142
36800 51384
67637 2402
95580 51085
1653 77050
95828 5680
39836 96088
86381 44200
20249 67742
88637 40558
41519 12606
1684 41040
53076 12192
6832 67599
66355 27103
57127 35329
96586 39116
98306 25328
66221 61162
26428 58328
74977 54480
97639 78669
45346 14570
54279 45683
12413 88920
67413 22500
15735 91022
47613 75598
2020 92755
13696 46802
26544 82722
88019 22054
20698 65355
97630 18356
35284 45171
44734 3833
51429 1807
69924 64135
81767 60525
1268 5091
11241 56300
27975 52327
55565 41280
91241 15457
13227 5199
79803 58739
9901 97334
38226 90833
33521 9444
84950 1414
15626 96221
64260 19215
24959 86776
24877 8158
37995 28994
99029 81528
59579 51705
74548 16248
83891 33042
8281 29834
90313 23092
70242 70768
98888 92795
99492 39745
98671 5909
7369 64421
16880 86184
41997 43098
30577 35434
49217 29618
58222 81224
32425 81075
70613 20000
6813 43669
41608 42118
88139 28424
99071 74659
78067 79083
43523 12241
16842 87318
56052 25633
89304 55441
51109 4309
3514 25498
70042 102
47488 20772
88465 87231
64272 38098
5270 94368
31937 99680
51437 66172
52289 17595
42124 76571
42640 23747
41374 40793
18947 98640
73377 22117
31458 23083
16681 32547
50570 52464
94683 59722
12363 69107
66611 7687
58570 77751
126 7800
8897 79256
40608 40114
87067 12227
8688 95740
99960 61721
57495 63826
39119 72080
22485 49634
93959 9649
76540 35218
31932 24859
27379 6424
69345 93375
71316 13152
80344 27618
11246 32075
84219 80990
60547 88778
40759 72128
17003 90759
15436 73868
88272 56156
85870 31125
48528 6745
97863 25765
64703 56162
14035 20347
34498 27279
64578 87432
75636 80619
40313 28113
62020 75926
40561 57328
75990 27651
82967 82035
6334 35226
16170 91963
71272 51031
36961 66175
88371 14089
21442 77255
67440 14004
35244 52945
10376 31216
2062 25774
6260 96199
49645 58246
12066 8987
4002 76080
19735 75197
28634 36891
52840 44151
21204 55497
38367 30340
53127 68622
89020 70674
59065 4149
79025 16007
29545 54235
73925 81913
51238 23538
45043 90516
21461 95424
91752 47961
49999 5021
7208 59353
72352 72984
55433 53533
27946 14963
16054 42850
68672 12291
30445 44597
63499 37905
88674 78395
27784 40571
80602 62220
81448 93331
65073 14995
99567 7487
22388 4848
30998 66456
10760 20310
88682 65995
66305 54413
86538 92923
77547 40433
71628 15164
65669 20177
65784 65082
28641 42577
87500 78288
35174 31176
36342 68114
91310 3491
55709 32451
96232 23872
22745 55007
7959 85716
82038 82227
15633 68198
61078 96832
59808 23825
49420 28315
33669 11462
7777 77456
73936 99719
95026 24187
50505 89837
41232 32429
77547 72068
25407 78189
66723 2026
54263 41428
94581 49907
79942 73584
34071 5768
8780 33122
62453 32259
92990 32704
45483 58772
55300 46579
24686 44479
10140 27322
34308 4732
14612 72934
96838 7574
60115 51260
21957 74477
93393 25846
21635 99156
20410 66306
59958 53843
84783 4833
26472 91750
11332 22505
92857 65756
30627 82884
78203 72472
82824 95087
12469 51700
72996 56444
24610 83417
77339 25072
52143 30857
29029 24645
59488 8534
89712 87786
13899 14535
94204 73214
1307 49658
5278 16024
67918 1148
90174 37730
78168 7059
68921 11161
7614 99317
31167 53903
47676 90542
7190 82826
37728 94910
36725 79170
96044 55353
11594 52390
58615 45701
16085 68504
25549 81823
20330 11116
48107 15094
17171 33677
51780 48495
91564 9081
18846 98047
71941 77696
80374 47284
30916 36808
29240 5325
19232 21580
39335 18237
27271 22392
76283 63692
98489 67695
31902 30838
27146 8870
25934 64074
61860 10502
12383 64556
80003 65517
34038 52787
53911 84334
81230 74091
64581 53452
90327 45973
70534 53923
71954 75106
94567 75360
47926 53212
93704 2947
81871 46366
16605 7492
56953 17142
97200 32300
54921 13290
15836 43671
61669 53872
86964 38713
91463 68308
52122 19445
50653 79926
95272 70247
89260 28265
15435 77852
40681 21366
46402 93333
69310 14967
25219 86024
48075 83932
90903 3167
19715 5193
28250 52822
8043 78294
32924 4993
68990 53678
16642 51172
63595 29904
13509 61689
17813 62033
76625 48942
46290 68664
60136 21572
37613 98849
76605 5489
41701 75259
3226 49631
94059 24938
10458 16779
10536 85797
7631 75782
20949 95481
70717 24824
73792 22212
32093 21240
37966 61691
16603 93333
371 60420
30809 96112
37788 18493
23210 41855
18853 35379
50007 83308
33379 24428
92574 14996
69756 90718
45421 44969
11530 13621
64235 16177
23709 17937
4112 7940
16405 32805
6569 99793
61483 54874
949 54266
73545 62794
65802 40211
45101 59973
63120 15559
60459 18383
54340 9331
70568 78400
89527 48329
41471 4706
81933 89007
98400 59255
97887 81981
95180 15377
94041 11779
48443 23288
80028 61408
65526 48520
67293 86188
24189 29808
45316 64111
35841 63283
64271 92807
39307 52363
47980 69543
92852 18721
89410 50482
55403 67446
5129 15876
13362 79838
98701 85129
15137 24896
89039 46340
38626 66071
96900 89930
99283 99892
85748 19972
26727 59481
84348 35601
25413 63103
67853 40449
70119 19569
13034 90715
33341 51695
29870 92984
68968 1164
82372 37253
73183 94513
45901 83781
26957 96152
63742 79341
76273 87505
91103 37895
45692 16448
60461 83759
3319 66685
45688 1593
49306 38418
77510 96073
9302 32321
66830 17817
428 75996
45886 23031
44916 81323
60246 45892
10423 4938
79211 82230
43605 88455
58885 78614
73568 83880
72416 38371
85759 92227
74255 47566
8972 66469
7060 63516
53079 64236
64746 49639
80192 59789
88188 5117
59872 25070
49546 56863
2753 77293
52107 81508
32386 63703
76870 90899
71604 44690
90808 89580
17631 65588
41137 54752
58142 77577
49686 96020
12446 66321
66273 80931
3844 98751
38268 13849
44516 34779
22634 40184
97834 69697
97823 96471
35349 34176
93474 73950
51703 34044
86834 24523
38550 51245
66910 30544
11758 91614
62348 26290
56909 24558
25843 13228
2134 22866
44064 80586
65919 45969
18997 28559
96754 45447
15589 63599
688 99778
44314 93333
19081 79560
15568 72062
41637 56432
44631 62365
39518 74724
68788 90357
11844 62533
96544 24706
58552 76807
38504 27408
72625 29168
43051 46786
8122 63582
26495 71821
94994 72510
68045 24794
12010 39349
78417 98343
45227 74043
59803 8167
2477 88571
40464 85565
43937 84917
40329 30821
92521 85052
8626 1484
89242 33401
38893 9459
93537 28742
4333 87439
7963 85939
61211 7532
98459 82148
31605 76357
88840 92528
92522 64302
70588 64036
56735 9899
17702 86431
36717 94518
84841 95188
36416 220
84251 12746
8025 19297
95975 70175
35981 62295
58123 12321
97157 4331
69179 1492
14364 14521
90396 58575
92516 2578
44105 98782
28033 7197
9202 86177
9164 27220
25976 97388
37585 68290
85331 78277
2705 65868
79500 21930
12705 68773
46243 69160
60393 9208
76266 48484
38567 93601
20359 81398
55529 47124
11862 75465
93398 11285
18053 92637
65446 48287
31575 75909
50309 18910
57250 12938
56276 52916
42992 63397
17640 78967
82882 82345
63529 68689
56200 19031
25909 69695
18602 1031
40602 19475
52898 8710
28991 30995
91232 69682
49628 62839
72549 1472
1917 64046
1032 97719
37283 2682
24244 92979
23395 47055
44168 3586
25381 91832
7253 69098
68550 50002
86596 85121
87734 60912
47214 55124
92603 31637
82274 56097
37932 26813
60962 78492
14327 85108
16646 13774
79868 46269
21879 85169
64176 10828
43477 31317
76475 43596
15442 62943
47450 17627
86229 32293
85373 14505
62744 59411
69514 12541
18827 11816
10649 57008
4622 79706
6197 58735
60090 26510
3617 64925
42873 74145
96977 84399
75786 89826
47085 17358
98206 57653
45106 38649
63838 82097
92336 43744
32546 5123
33709 9802
71771 44777
52640 43664
87210 26968
52343 97151
67623 15991
43090 89946
48347 21345
6885 41846
88870 65767
79834 8349
58266 85484
62861 11019
17181 90087
96302 83700
23563 8132
42434 380
76754 87651
48035 35293
2709 96088
699 39045
46026 46537
8397 69013
65468 95188
492 14563
62729 47494
7394 61657
15236 39428
28043 35636
18612 93094
22423 95269
58100 73143
46283 85459
66353 36119
16352 96728
7471 65401
49635 40512
80676 94053
58868 35757
40732 22103
54791 71989
88435 13662
77318 77346
37342 47358
35948 80049
89538 60174
20267 77876
22779 83291
61511 45136
25335 60516
66841 57535
90105 12411
50798 89104
38742 53674
84902 96578
49659 10380
25781 37164
9093 16687
51556 41752
48135 25913
25137 31876
47304 85952
54539 55008
76706 10800
55863 89714
19908 45129
26574 46357
75249 71103
5820 31893
29727 35832
68323 53652
24857 88273
59862 30345
33758 38170
97726 54588
23135 76469
58265 21227
54597 45659
56789 10633
34952 43383
65018 39833
69529 92361
93757 3703
17721 34180
94222 49167
52800 61520
21195 87492
77143 31721
10090 61387
89822 48094
25427 48813
72679 83955
75716 41097
42617 93279
88651 44399
12590 21999
60911 37030
75829 62337
32808 14471
29456 65706
26146 50655
75383 26673
98271 35025
81364 57521
73170 67218
32133 4923
75300 53195
69598 24785
67282 47963
68516 18572
45389 15698
22994 64504
70009 15991
32184 31603
76366 52035
40887 38161
22746 36068
8774 38971
22494 51675
28816 20011
52524 72382
9236 31345
52432 25111
63204 86961
96964 79651
62278 84451
55929 83091
70166 57778
79125 9198
67842 40926
65840 11630
60652 12698
35894 69502
80748 37454
85224 2755
21644 17717
68891 82544
27818 90656
56151 74096
80409 33874
61881 84544
75584 22851
58929 46577
77785 51037
92549 94123
62292 56194
30796 22757
73937 40195
6196 20974
86506 57066
1533 34535
60327 67250
84380 11303
54023 51081
12569 35542
34110 35829
90353 60722
9297 32876
35572 23021
58908 57498
76168 7404
13516 87391
10916 99113
26854 79566
1142 85907
20382 93904
52510 89353
59361 57727
60592 9315
91755 22507
54966 65257
74513 27704
79308 53337
84153 21182
14082 42405
80477 7496
83454 55091
17292 9686
88023 75675
75913 64923
46715 58349
17418 479
76330 29320
83994 24734
82200 12388
96215 70855
91951 38761
66228 13917
34283 32758
16569 29914
52732 24283
17822 81671
11815 58495
33076 60582
64454 54362
93692 69128
81539 50524
27309 34423
97633 65541
6802 35085
3091 87147
72138 90427
57507 53495
60871 80068
25421 34024
42895 95135
97377 35566
75742 47704
15812 75856
83234 63375
45295 66183
81502 34391
15055 12480
1831 86937
72035 2302
17322 61263
64354 74486
67940 8905
14770 74930
93704 811
54034 28847
7453 53485
89681 20574
5342 20442
13300 91782
38328 4913
16276 40224
86319 86407
67550 26970
36569 29507
5329 28789
77601 3137
79267 47047
12261 32976
10173 78170
66169 47252
72986 76491
60386 58372
68236 99564
12892 32205
26007 38434
57077 30061
61620 28679
60271 96953
40944 61321
50850 98007
60874 64298
45303 52869
2040 63550
26158 40176
31362 79408
21081 50142
88870 72445
60351 11301
29267 38167
25530 64241
84014 61795
3481 24258
88752 2555
94815 71307
37157 76590
52642 31604
59822 83515
88365 6297
86240 12953
14174 30666
58979 9202
11464 34921
72853 96548
86483 69071
58244 66655
71127 9606
26775 56969
22245 37936
16358 96477
23806 6591
52605 77063
22745 32347
19390 47082
22753 17376
43451 78874
43349 25212
73824 94690
11911 35509
5095 26592
94814 46114
70657 676
948 88237
81588 61557
17047 93975
60248 13931
82188 95348
62297 28790
3400 7787
78136 15990
28149 43127
43146 82720
6804 21225
35191 54688
48405 41731
19164 50833
31520 95294
46378 42470
73231 84229
99844 10885
95793 77208
89573 88615
83049 95306
70904 39034
6606 14564
22430 94367
27945 84512
93964 95468
19289 49998
83786 39658
70290 81810
37077 63704
32505 56100
33085 36678
66314 17710
82152 25083
27283 59378
23725 71248
6262 20034
6234 8915
90507 65414
51119 453
41723 15641
15137 40060
37190 89164
65528 61890
56126 65538
98897 49716
9706 99442
95292 26083
73796 30985
74943 61558
90875 29381
8337 64359
74514 81755
64160 44546
77087 60369
89068 96457
57773 29285
60553 62994
75514 18916
47777 60679
73690 43060
69488 83589
9778 74026
85926 92606
80541 57493
20265 247
65003 23025
87504 68746
49981 50325
73641 27333
12011 36966
40019 80810
62398 86177
17925 32301
50902 29813
99013 33369
36965 5798
96402 37323
10481 25932
50043 41653
87638 93842
29062 51421
91330 87
26922 41211
76248 48528
35509 64894
36845 14756
86022 81224
52622 92207
35924 51373
42360 44319
14053 56409
47711 43034
66040 39975
48488 67766
45116 7498
65390 79648
31990 43304
36864 47126
26687 12793
5857 55181
92292 76813
68296 20843
90884 6051
50846 46701
43126 4467
93122 45507
92448 36485
83336 19503
58625 35640
15829 27242
66024 14844
77637 23935
32762 21432
95078 99598
38672 38629
94330 92394
81110 44848
28729 13916
97230 17948
25580 44830
18731 43262
71155 70688
57814 97695
61088 55142
20909 38270
87642 36103
46495 31179
76443 20208
73617 51885
53619 61632
88092 75837
12898 36713
66540 67401
12097 12693
10178 17074
15642 75135
71316 6510
77324 56118
31176 69798
94248 16957
80572 32825
28534 94862
76865 44888
36497 89394
53211 90312
36711 74154
1187 59939
49370 51850
10213 47863
37793 77880
29314 25477
78792 13906
86767 53411
38123 72869
59669 73019
53951 51958
28687 39242
5834 14365
463 44162
77702 97669
94840 21160
62946 5422
99685 45782
82817 17867
19681 72570
59192 84581
67982 13078
74228 28853
72382 35902
57426 79566
12669 13789
3014 50417
5285 39984
37877 19382
73447 27337
36922 55050
98057 4877
24644 42571
96419 31319
18550 20334
5249 1907
7431 40666
48292 34691
53472 22731
7713 78046
6848 81583
67456 60172
72155 236
86078 7051
78967 20504
71531 49581
48493 84192
93581 5336
94894 88994
4828 49284
29244 68082
33092 21152
16652 17657
24678 11342
55083 18577
57366 29731
92150 85994
17022 62664
12128 97577
91738 89339
61520 82116
48155 30863
21728 95815
96324 14791
80351 31217
29936 26431
14960 33111
58922 53571
87721 83745
38163 17078
97493 27049
82463 24781
92466 46111
62968 90769
35412 50471
52794 92129
51072 17624
5973 41485
37810 23935
39983 76508
18903 9178
72095 79623
91252 26110
19955 39548
2045 24594
66859 50908
35839 87537
51227 4861
83126 14220
16621 33864
79767 98982
81949 16700
59592 72086
3355 89737
55907 38248
82540 86006
1591 31964
85738 10524
78023 71974
41471 50153
10345 64140
46670 25438
38631 41260
36970 44817
32641 24819
42685 7980
92970 88486
55139 25548
53511 33981
20268 24355
57427 88739
25405 3350
51262 6392
20624 36223
81481 4719
23183 21356
21419 21968
69149 26430
7631 87415
98893 45292
8436 60115
37577 31069
80748 20168
78092 70577
64285 35885
5512 67801
37315 70703
54786 33915
53644 58508
86193 13455
57946 85625
80866 85092
48837 74685
11191 26651
48374 67316
96771 26379
89582 1196
16655 25916
64573 47467
93945 83532
14315 92807
10384 21101
2994 29164
8729 27908
86593 33562
83437 16044
60731 80261
36984 95825
48790 40403
51868 13206
4701 45601
2892 6383
65838 5343
78449 29128
65053 55023
86761 52892
63119 27914
95555 92702
5856 20987
49380 51764
42174 92993
51589 97974
85355 64658
17234 59252
31326 4115
19628 19278
81923 24160
7752 25017
42359 73195
53839 59937
77773 47636
48956 89793
61707 46486
86177 68396
44461 75163
48866 9320
87745 83522
24279 96046
35018 34560
84367 30028
23422 29659
53256 55874
25480 7889
36408 68968
36742 50736
11559 76935
81355 219
37298 48891
87326 70635
88138 26872
12570 25132
14195 63426
29580 99612
96550 20851
11288 81807
80751 88377
6613 26797
55215 74293
9836 20274
83803 50973
82877 22222
35835 73594
76729 97891
32300 47883
41961 93706
66878 84961
74054 76718
21047 65857
15391 59662
42159 97317
68150 71360
92370 83131
32707 7145
6593 74148
30991 38981
65393 10870
93883 96805
21962 89371
90551 13036
43625 2064
87947 78194
17790 46375
85713 79137
1711 55045
57048 71227
72563 76580
91811 83953
12824 55858
33512 97421
82142 95793
75058 97705
18362 15957
51680 14774
63860 7593
93027 54391
10057 8394
24804 19139
91849 46474
71163 83558
70298 77966
45881 25792
26163 17265
12671 52932
53346 28031
88645 42203
22439 76091
90676 52895
22295 19801
61900 57504
22553 69092
31839 81058
24460 25529
70708 98301
22816 51755
6853 35548
57080 87933
38593 31231
44942 60395
31947 28185
33199 67233
54649 21810
81307 72674
373 98533
18438 63618
84192 88611
1114 81741
48394 53007
64083 34558
8987 95073
63905 69000
98702 27715
12042 7633
66256 32183
84037 80338
19365 94926
80319 17912
75972 57586
3578 91270
54550 51293
48425 13265
12347 55072
65622 72546
11268 90558
16381 42360
60218 53422
27758 8355
61430 13596
5486 16586
839 52040
47638 45062
95823 12581
10291 79557
19846 11739
82437 5704
31798 57286
38464 11749
65053 61398
98285 29029
47278 1165
51562 31463
96880 83268
3174 85788
7165 94022
54758 54377
92101 43122
52547 59432
26824 22685
29898 12231
79072 83086
18746 41095
33237 61057
78249 46174
29766 82181
71584 83382
8487 21566
76858 60491
5533 61155
60009 7985
11460 85377
48177 56972
7722 214
22379 43511
95601 19446
84260 56446
30608 33450
6843 39331
2771 30380
4294 76924
50551 71885
6990 23667
62543 48112
80622 83685
39362 48172
78680 79076
98986 68621
14384 50965
46870 7027
89583 93907
62441 58129
74657 72970
90617 20911
93383 86940
27568 36137
43766 68192
22543 67311
6487 76958
84742 94115
1253 80340
78941 98269
56082 24372
50831 94890
6882 772
43369 10345
909 85628
86095 56493
13697 28811
77688 64510
15231 15635
74317 26903
34778 79273
98382 7465
32155 47478
38989 79607
40959 90328
7568 24889
82455 30817
2579 88665
19398 503
71236 5336
96263 30291
76582 74186
95781 37666
63630 64726
12833 92519
33993 93623
34608 84055
74644 413
1690 91867
77346 33997
70300 32274
5178 91773
66695 88620
21655 13017
33471 75152
45478 79905
54524 46679
77739 84392
4364 61102
67996 55414
31151 73976
38564 7239
58586 11722
23330 33611
89269 77102
51880 33732
46205 7232
66716 68330
45986 82452
21562 52842
55082 32270
31887 3715
95949 15880
71008 98696
51126 40815
53377 4353
47688 77287
59199 60201
99191 18883
82551 34769
24363 29197
88604 50044
15489 62884
98581 79553
45641 68697
12668 10061
28681 20913
27904 38014
16184 1414
46884 70409
82372 52454
75966 60916
4717 28754
9017 15356
41607 67072
64851 46961
61884 5402
4927 81397
94024 64989
36901 29697
26235 74683
79485 58784
23067 73401
18424 7570
90239 22258
23191 62219
30421 30386
98737 83185
61564 39739
81874 68897
8043 5924
46870 74826
64841 77012
99346 58448
73170 33132
7980 9963
47705 88155
80318 31141
96544 19175
57143 78656
2081 26955
26073 36206
66569 92531
70460 59063
94455 38081
96810 53238
42946 460
68289 92860
47920 28124
53684 85644
35904 16431
99210 64413
56673 83607
37694 67644
36408 8122
4317 61479
31518 45905
98891 50
52800 1129
29502 89254
66462 51781
31233 24061
44556 4185
5331 22504
91443 10001
25158 84073
86417 53000
99968 76377
27925 64401
92157 77795
70116 42482
64522 13223
87255 27428
95820 89176
61178 34549
26808 90495
51439 84933
21240 87477
69897 65100
30316 13325
93522 93811
67046 5960
13605 65046
67885 94
45044 41577
57627 49468
44003 35632
23007 37568
42475 69317
55836 50303
50776 45685
56264 29120
45676 27971
90542 17407
85882 82244
83340 17195
11915 3714
18006 72871
892 67194
31441 50029
22494 66589
1593 31590
27925 62034
91483 16179
20538 17394
12315 53384
58457 11947
4784 61803
55028 18398
27619 4409
41117 42050
16628 41730
30848 34526
63477 2024
25175 20434
80749 51108
4148 45199
80694 30753
3355 5146
9407 33439
31588 84302
51018 57265
42237 68983
7183 59199
31463 33527
87544 29093
67605 18852
60067 26674
52272 19880
8291 93354
38197 50624
95199 78085
39508 55934
91122 62766
29715 81767
45257 55300
60458 86902
2984 81276
98629 63031
23365 90653
19461 69261
99467 98178
60351 89580
1561 91196
61659 19551
99393 58030
40438 1731
56233 13967
32033 80138
23437 35243
67551 41082
73147 99875
87275 84460
1653 60968
83216 83789
38675 9540
71439 97215
64734 5937
5852 59321
16566 49119
90817 79971
27278 45075
51066 60860
68298 54306
46488 10900
64264 54394
52350 16114
21460 30170
12327 31246
7986 45301
7678 16280
98840 88180
74052 30736
55793 61808
58957 83499
29051 24540
36323 12181
74730 16697
46754 11977
80035 29471
73978 3035
12258 37403
62385 50671
7380 42155
48222 11966
59389 23396
64463 82552
97716 85677
92068 27485
10050 83137
74257 31107
60807 71313
93888 34292
81845 15648
18861 9804
595 41317
88552 39935
90683 45612
80567 15729
53148 99189
81713 89948
20216 29364
54852 7022
52263 45327
9487 51752
16403 27043
66249 43680
94394 28864
3352 20991
29839 60488
69627 92228
10906 29972
62977 37376
88979 20783
15472 57656
51082 44761
4703 93318
22882 34533
46651 63768
39698 63483
67110 56560
54723 46583
7155 83330
12117 92968
1484 11897
5049 99634
70220 95506
71384 58828
7301 51263
92843 98339
58396 22789
32864 54005
13032 71390
41148 93815
18422 67480
85396 44720
73864 90101
46226 67707
70929 67753
4278 13641
83131 40159
47666 57917
54561 12532
2861 28686
92117 9882
90721 14632
69307 2743
12190 82859
99180 12355
24293 85451
10069 95150
26829 56046
10261 15351
93025 48337
90338 54518
5407 4388
23685 3475
7867 24201
24889 56108
27098 91737
12496 22515
46136 69983
10734 4846
46562 43290
23948 12598
8541 79200
5366 13976
7229 98614
98029 66551
53166 44280
37926 32104
13935 89879
24074 58964
64434 51926
53076 58745
14910 42381
11958 8938
10317 86694
44596 46475
50158 18883
76935 30005
79844 2486
43867 53400
21637 41606
9169 73780
44571 13393
41406 91967
13607 91332
58442 59106
14233 88965
95570 7484
72153 26570
88647 74301
26210 11903
27629 36748
82017 11076
44509 14274
60634 80301
11299 51309
58307 62656
2016 82318
26760 79674
73609 30299
34053 59691
48934 12510
11151 60661
97780 51891
98892 30257
16548 5454
48757 23882
89785 95923
6267 37247
86286 50844
19424 69509
21294 94935
25786 20036
78202 17573
34195 44917
70247 50045
67403 62410
38429 61126
1044 51782
68121 96640
88533 49729
32107 75772
31401 87525
48249 32447
79613 77428
62907 36676
62517 35711
34077 26711
14791 23568
49856 74106
86846 25313
78168 27587
53912 32099
64463 82716
56041 61113
21249 96194
37750 67450
27166 78439
15483 45074
70476 63761
3750 43937
66498 61528
665 86682
26926 30251
7243 61190
39344 14668
12648 10047
70749 88208
3373 42581
69469 18656
333 99948
94348 10426
8654 64476
96029 69968
48973 98928
98290 69640
20502 15720
59878 29370
80332 82807
79683 25718
76455 59941
67756 9435
58161 86093
75285 75137
60424 32864
75013 88368
24704 42049
31099 8838
59998 98664
54150 73846
42301 32863
99500 69411
18765 56455
16388 52425
18127 83828
9596 28309
63130 53261
76467 7144
95258 18093
15872 36439
94123 60837
48073 98702
51170 99351
41549 56520
69157 99580
77179 13977
53358 1952
96248 13605
61323 84353
56350 4806
61697 35571
95287 17609
24261 25982
36902 21681
6721 5374
38430 30483
71285 90819
28297 52057
61620 76175
83714 36256
72707 96923
47931 83257
9757 20433
66040 86379
98097 6803
53714 54863
44802 20947
83542 50067
13382 71545
67843 71000
67336 81761
48400 78292
10599 24090
62051 42993
1844 53928
34874 33612
37272 35362
81318 2231
86187 47540
5004 94807
52062 87967
61090 21734
45299 80788
9176 58290
13471 58813
72300 94044
31439 52660
73652 699
75359 82986
42617 26166
47300 44833
82166 8462
23812 55986
28157 77585
46073 18953
74930 70280
87026 74692
22158 8714
61874 36023
26333 88966
26575 57610
29056 63102
57044 38457
31980 93478
63583 31092
16010 10025
53796 60093
98517 76996
38536 97996
19071 22505
37510 11182
74188 43134
53358 43362
25524 51612
39969 17883
58694 40624
65975 78433
86112 8380
99545 32079
29240 17687
41094 45910
70198 70217
33330 82041
65079 44945
30371 30735
94860 97119
33907 41349
51033 8601
21489 43865
67894 39354
12895 62176
50705 71759
74261 83328
20394 91352
92413 91095
76470 56589
4533 87922
75997 4982
5808 81175
80892 92114
58965 77212
35204 18929
47966 37325
44729 74714
33947 60554
12179 89446
55245 38086
68544 52707
88939 73513
30176 8210
27424 39407
53928 66760
81259 43464
82816 39025
25469 33782
22117 67945
87359 96881
42056 13185
45769 99046
85548 20768
8908 61012
3308 53375
22601 58990
10995 28300
39224 62748
38530 30824
5570 98201
5037 96713
1511 66518
94622 12089
24569 29974
61233 27732
24927 25712
74646 32302
93939 17361
48659 42475
27301 93975
82207 56837
43797 17398
45480 7242
87932 23
4174 33916
31556 29332
27365 19791
46060 99134
62935 66670
85829 55703
75680 6134
21463 1208
69296 59416
24861 12332
76493 73308
94276 1139
80334 73625
89073 84513
19969 9566
44280 48284
39590 98669
8677 76737
29233 86138
31127 87455
3532 39504
2656 98042
16146 90572
36134 64970
35958 12992
12837 77145
91354 61489
29067 75689
99928 28346
58075 32236
10269 24167
50987 39594
46537 94267
91781 68542
37232 22410
70314 46265
7868 30847
41674 31998
22472 28472
17453 11428
6 33285
3309 53208
67035 40588
98970 46744
73086 35080
4437 73080
53372 48773
72821 10433
90583 96326
90981 92205
77890 77440
49187 90221
4870 48444
45571 5699
36449 97913
65931 86152
90050 87175
99732 85639
80270 4141
95471 41056
13566 23587
20318 36710
6015 87833
84566 8001
16688 75919
97668 78957
44455 283
96037 77914
59437 52134
46380 65674
75485 34639
37376 91957
32905 1286
81115 71272
12853 38898
34124 49953
51194 44076
22838 31509
99460 31170
52079 27339
50293 19029
81122 27423
1888 93915
53709 76832
90798 44957
65412 3729
25084 54010
94668 29835
44315 42307
77088 35962
39887 1661
50608 54236
1169 84034
22301 23270
59597 78976
7487 84606
3365 21720
59999 70401
90988 24960
26237 6943
68107 92930
31339 13914
38111 26715
97199 69451
70745 48700
98053 86845
77373 16109
1467 27376
80963 74021
31412 92727
72602 75955
96518 8570
69888 25592
94299 64917
44267 11115
23028 6135
86563 87699
58305 78244
44773 32561
87306 94484
53538 96755
59657 64434
49341 9442
35118 80893
11473 92917
17498 74058
67689 56635
54180 53696
75494 10742
92695 97466
47997 9594
6674 90345
46454 15346
94342 46992
42894 20028
71676 8582
69846 52232
60845 39159
23857 86300
47112 51011
75450 31795
7311 50334
84572 81881
22298 81295
79096 56273
89458 18417
75971 37584
90007 38932
11781 16351
15643 52700
14043 12700
82181 34689
13333 90393
61775 32974
64153 56956
75657 93283
22110 5150
563 43699
1298 24556
91462 7686
71765 42249
71724 16536
45947 20490
79268 20696
63694 28152
39743 43114
84426 74962
43558 48102
30848 48680
13169 5015
61715 98465
80753 540
22653 60246
65031 13194
8811 77973
62698 7976
11549 42430
78086 37393
88487 42729
99608 66870
33907 80031
60307 10010
32573 51613
63485 64372
93205 21524
36978 72336
64257 74283
23008 64718
66840 43035
87210 4034
82344 80018
15974 78066
99728 80753
47295 7515
24679 82670
48179 61677
39284 39923
25077 72714
30131 39709
82924 73387
12310 88509
94195 28603
39138 48443
93527 52346
85326 61326
89244 9179
2951 51941
46648 73510
85135 76161
90295 64631
84761 920
40533 19581
11951 93300
64519 4572
48301 68914
97874 20971
32035 92484
40850 23287
63830 1071
57653 32094
48607 60782
90302 82453
25610 4429
61090 1315
78873 45102
84398 35011
22271 18856
19967 2246
43270 49091
80808 82895
41257 74365
23824 9397
86874 70088
66833 13924
37245 79369
42618 46940
17803 29787
59278 977
43761 78762
8867 23721
16942 52505
14980 23361
52760 18172
74288 76553
4952 19582
39736 47107
16969 72221
93541 16488
25597 5353
10351 87011
72568 10376
76647 48979
47859 10901
6350 93645
11546 59037
27068 51033
81103 90560
95258 76848
44997 49910
60616 47556
21093 37767
93048 94168
7852 87058
91985 86052
25387 29735
21261 85586
40422 94573
50043 82308
60150 15805
60349 67947
86535 28132
20011 47761
75226 60037
13743 58993
72068 22581
11815 53465
83533 53246
16359 14095
54899 85180
14292 98281
47172 59171
86953 6963
36871 7223
15830 66285
42772 79794
86876 44043
94583 6337
80786 77939
39057 38183
43939 76194
89815 61785
27182 11912
45169 45313
99109 27463
83548 73724
56718 48760
15241 30267
8453 98630
37628 39494
65112 63216
22285 53940
76137 60299
31818 29140
752 19454
53555 15911
16055 13157
85565 96131
39868 41487
36336 83954
1074 14240
92457 48465
56032 26352
7097 87410
22048 73321
61795 52282
56161 72492
41218 37923
93702 58669
78753 95387
38053 69971
25121 59172
54601 29241
34742 74610
47121 96592
86570 94864
39407 99355
39449 3963
17961 57841
22196 16197
52219 13118
13150 14579
37138 77538
55826 1024
9075 19472
32218 7576
87314 19569
9529 37533
49243 66783
739 22182
34925 7402
31456 39035
21978 11702
40621 89402
58953 75195
40122 76949
9940 84036
72492 36402
33482 22704
66781 18666
40846 41557
54935 55626
66198 60920
26493 30485
33133 2357
59459 47615
77905 60349
40528 33651
21653 99507
45411 33391
45889 99599
27627 71875
68941 9243
63438 55478
3818 78808
38211 67009
43993 50138
63864 34385
2993 69032
23788 76105
88669 27773
32598 22398
77276 586
10972 49721
15232 66321
12541 50553
90639 16363
87816 76622
69605 2244
94563 78207
84720 39962
84261 51845
74003 93121
17691 60046
72035 20001
51623 95803
3373 32054
15260 15522
34190 72656
75972 52908
83321 71569
30938 41112
48885 78737
59152 38710
58813 82173
55146 622
19102 94708
91042 12183
34780 48297
58754 8127
54893 43652
61836 81290
10012 69121
33750 97067
43175 18159
24966 77836
8162 7281
27131 21356
77714 8033
10116 66460
49715 49224
81830 897
78611 41448
59066 64341
52308 30706
90604 87654
7854 65616
9213 82358
4170 25116
64194 62105
25128 39751
28164 24954
55834 25203
50942 21654
94247 97913
14082 60607
5161 23109
17940 47930
13999 27188
26221 37218
97884 40573
15129 28003
70470 93541
1434 51775
8088 85609
28803 74477
34064 3448
77117 20021
33345 98871
13221 32117
57747 24443
9324 32607
79582 43698
25622 92984
86899 36571
39996 96603
8755 78153
72202 2324
29909 36004
11265 15014
31268 72199
89270 48613
55999 28803
87569 34845
85656 98075
27567 51369
55350 78278
95713 94972
93266 20753
45643 72124
26333 2170
47269 12130
7481 30678
1470 13371
87644 25675
500 88042
35888 92055
39324 56356
66838 52743
18049 43314
43070 40065
11101 84306
45328 60603
99521 80599
62438 16129
12819 30085
50575 54515
37707 51637
57646 88068
15189 32279
28602 39100
41138 89835
46108 82167
38326 92071
89171 12100
77515 41652
1875 90568
35021 85649
48417 19576
34509 51535
62649 3042
62798 78034
14665 9381
13995 99031
56275 42644
28719 22152
60367 45079
7483 88073
26790 85449
16739 63471
5496 66875
47825 38724
24759 70320
37345 64805
11562 8767
31108 32580
78795 82229
70653 8614
28009 68400
17350 20037
8519 38564
41004 93935
9275 49114
96463 62789
81392 49356
93028 36797
1284 76459
65202 98369
54475 9817
38008 56526
37546 9327
58822 96726
96956 31448
38271 69694
91825 66004
56477 55008
57834 18902
24173 61835
55519 81031
98447 61598
5625 46273
96215 81616
2488 99732
46575 98571
25837 96036
95027 86764
37857 54473
32627 84645
48109 89805
66132 25436
30208 72562
69071 20297
85885 67434
63825 66812
17657 87741
43962 57204
69185 88134
21246 18921
31762 65526
9895 98851
28640 3472
15888 26784
37264 15083
44203 42226
86813 46100
38173 67007
78166 76777
44637 86239
78878 68638
33976 31682
65099 3516
30544 32968
75177 4573
10648 58278
18068 59570
51610 75719
74977 93501
14193 27881
64981 21271
90319 44316
2284 73899
8536 49927
46804 68889
7269 94691
49935 65492
81315 35197
77013 68196
18705 56408
44591 39653
21861 86281
94045 76902
57064 92985
17233 69131
75573 66759
24722 26316
33854 80164
12538 10356
52551 78772
6169 22210
30985 52211
56335 91563
4017 92366
43381 32950
97630 57286
62965 4799
14118 49169
41774 24820
1681 77401
43857 95643
30877 66138
79174 10570
29816 93160
71368 80398
45993 60519
8741 82469
71752 97809
48831 33059
98082 82516
72365 75313
73654 93617
92923 11145
32698 33630
97637 33756
98326 64453
33760 51084
29191 3171
52274 9394
99678 49898
89429 64281
6143 91775
94104 32641
26403 6044
51933 54237
62166 37647
74108 88789
41017 24794
90719 26725
8737 78417
14628 35004
9366 67711
46495 13342
69333 68353
54037 61731
88527 30889
64385 54806
47720 23388
57362 98998
3512 4181
43179 14520
51565 36928
37923 46211
24071 96191
59843 38610
19771 94953
80138 21814
34769 40774
82796 37042
84294 49428
33967 40253
61387 31461
47628 93571
3204 12607
89972 16964
62921 37242
82505 17076
77832 71174
82912 31961
91457 2914
48966 47601
87561 5894
35480 97865
59784 41018
84137 26502
17659 54685
16768 95296
18130 10399
94199 46402
68691 10470
15773 49772
14517 4141
6325 43441
26598 76897
58325 57977
74758 83234
42344 75840
54410 21768
364 95573
78105 50652
59317 21628
37042 65018
6504 95469
71749 13846
54721 58835
57557 68499
29069 92781
9053 63085
47537 22576
3367 34353
96545 24419
29078 11328
95433 89953
96030 33904
56968 11803
14342 17290
9456 22004
38957 75437
91016 87043
74146 19850
106 12148
87435 3302
11269 76519
58207 37371
85308 91888
81132 60310
76484 29525
55410 86459
15754 21971
50501 42365
45803 54618
17391 79814
96827 58124
45547 51221
87775 95874
40427 99227
90322 72871
74068 18877
12932 6075
96797 11253
31510 82993
2420 33585
86111 12241
59000 36594
7498 6583
12704 93423
81622 36370
78642 57264
6421 17862
3853 67059
37421 22794
16928 4073
22426 1131
1904 58458
65770 88807
13078 84989
31807 91731
3903 3969
45489 66326
73930 44552
48521 68491
47117 35366
58823 58339
67057 55142
26430 91137
15729 6949
50099 71548
12991 81269
33 4576
69087 40124
41367 69869
7498 64722
43896 1271
41069 33926
602 80612
96967 27482
42600 36881
98414 35651
94304 55917
40267 86698
19510 16317
58937 97581
33103 19511
99338 17022
75367 68166
60258 83427
73260 3500
27642 82293
99744 32347
5726 44865
96186 10491
93552 4170
28262 31368
26467 28676
78337 30225
42144 91451
12094 84154
28324 74506
56611 20571
92480 8133
38668 71358
95960 18063
86663 27557
55589 33988
62551 41153
64947 78769
49618 96892
18883 10135
83523 79377
22154 27724
78568 22670
69937 71673
39252 62745
95379 53981
35854 80104
81537 57128
31633 51239
84161 25697
2506 70262
88331 26913
60541 8969
69035 20758
73953 16326
59522 25121
15327 80650
293 83064
54103 64069
24860 83972
12570 57497
38532 67844
40977 45087
58126 45097
67317 93153
82270 14360
92373 21825
81388 7243
78995 86481
79590 13360
263 65753
51564 90024
32058 50645
99667 45193
20332 77652
39843 79869
5360 40346
15481 15041
96715 64254
89190 33927
71480 56333
4685 47668
52198 25189
24585 30883
93560 95227
28229 28864
56004 81494
85282 59597
33461 48785
244 29088
64202 50013
40197 72867
9652 67484
16657 33843
73244 99656
64777 46626
55514 47018
94896 23862
1183 93123
55873 53255
38572 97126
17543 75012
21081 63740
27555 11727
26319 82847
52041 34652
66798 93375
76963 36406
30248 85408
47629 47227
82564 24314
59607 28411
89628 3352
75911 63740
47999 63353
99604 14617
38000 68818
51916 85790
22757 10666
46446 23310
45512 87805
86193 60926
24218 95098
24540 33815
58571 28709
92907 56535
96451 89493
51057 9937
53949 27767
93104 77480
7206 36137
19586 53176
71394 83968
87348 19630
42472 76675
18982 82058
87905 48429
86060 62948
50925 46383
96528 261
50397 2955
84077 20809
29914 98810
24149 11972
21629 19623
34317 6553
34165 81490
33804 97892
67492 87279
73535 36882
58114 25892
75496 32420
93433 37774
85370 66832
66727 75228
52351 75072
38175 48755
95986 70000
99496 25288
68261 10580
18940 59849
22909 27504
30186 77621
44305 42750
51957 79007
94318 93772
84 98447
18454 86363
56784 59713
67932 60897
43880 74116
43433 55240
84080 28891
44123 64365
59373 91072
40033 84833
26971 91484
29408 37996
86280 59056
56401 3141
28374 39728
48064 58715
54876 97539
61039 28719
52614 10052
76497 22967
83185 82756
27471 40509
27408 39909
68582 17598
36330 28608
72839 81132
57721 54368
28406 22125
79852 19461
84620 4249
24966 24931
72501 36607
52668 96224
82931 60033
13883 74137
3641 17651
37761 76381
79376 3424
14463 91600
95829 37797
39453 7722
38681 31508
43030 77654
13120 33171
2871 81044
44387 36570
41860 98615
35598 20217
11796 63175
54242 85359
80016 69535
27028 59252
5304 77104
42668 64912
89918 71069
26919 54849
19624 7677
55286 45850
96018 5117
42909 15326
6314 24475
64917 50441
28307 25516
66922 44807
63298 44790
5949 25435
55684 61527
38755 15194
87478 3580
63588 21549
20715 20971
12573 12531
92522 47706
14430 86236
33582 11637
3149 75567
3812 90524
83970 12421
87152 66018
21577 81771
75464 32815
11747 85540
28631 81279
99588 45221
91548 89633
22550 3096
38408 98362
53781 98265
69284 9119
15602 94620
42249 52766
45265 31397
26437 44502
82410 14638
48349 12345
40011 7749
63717 14609
43124 17259
39498 33145
97561 69750
18217 61408
46980 7951
66933 61770
22737 6933
10229 21870
89905 26425
28963 78456
9639 30624
93166 67017
10254 62852
37817 58258
6192 23635
28314 59197
13456 4046
2780 91556
70690 11436
84701 54424
31342 33588
14352 15547
49168 48646
99101 79558
85019 12339
49980 17540
24913 36065
82366 99029
69132 88168
1700 6956
95609 13623
21765 97490
47352 24015
45933 5569
94237 4263
91128 50697
32082 31943
24187 34286
67603 21133
2556 7399
89584 87275
83093 18561
88654 94566
92181 93211
13127 74489
21246 71112
48645 13840
54696 78000
54379 56622
50269 17422
14476 68839
68667 72307
2162 89094
76149 90082
6296 62600
49586 95442
17137 37344
85357 19599
81311 84369
9651 84218
59836 67319
2792 72580
41748 74078
66018 60215
56873 58377
60108 33517
22638 85869
29541 19159
19341 62227
86878 85527
78625 36889
22304 27526
32060 79954
39716 17391
1571 62689
29016 20498
35181 58594
42593 17922
95879 7682
81043 81351
96850 86626
53627 19261
14276 18807
67638 98547
42915 26125
78839 64429
12365 63551
30565 26307
66547 16705
1850 37792
66841 24503
59685 90051
48856 62843
57001 95201
98973 35771
98204 68161
92647 18296
84233 47263
46668 93640
64398 7849
28693 96820
40319 13925
68029 96859
80513 41097
18102 23245
92816 42786
1252 23186
36345 79342
23135 53569
77088 64161
94294 13577
55196 90372
79015 86987
13910 17393
81480 41309
64910 4985
72577 99913
5750 37278
75791 98124
30773 7545
7395 759
90821 88981
78913 57585
9045 29234
68802 82036
45799 92035
13938 29036
52275 97712
18290 9755
58851 49909
77783 79863
91285 80065
40585 69162
85212 94456
66597 13137
31999 17970
97052 17118
39065 99161
82930 87063
99319 29135
97791 59828
90589 70118
77105 21636
31553 41510
8809 95369
20974 89354
76953 73591
67619 78115
63180 79193
89042 73908
8606 22413
22465 70964
72672 52067
53676 29359
84118 24321
33697 60005
82968 41474
42562 30186
67188 70930
16999 44900
89770 41140
81881 97361
96559 89948
10584 87262
64427 72918
51575 3344
76603 51645
4570 48031
18031 98180
31071 95734
6317 23729
75314 6549
86540 94621
61207 39247
41466 42485
30148 25836
76215 59228
66596 77832
52216 90375
89461 43410
67589 159
17707 14830
18938 48515
18603 2036
72394 75715
18384 1454
34903 35462
61290 92734
47164 88421
47610 37398
27971 87821
15832 21438
80591 65441
95277 26961
9396 92182
10585 62016
14362 26870
83886 83053
10781 51069
92691 49842
24304 79039
71586 31352
53653 35904
30314 28896
48710 23514
13645 13021
27312 30555
43395 44568
5491 1668
59894 25387
98979 83883
14884 77031
96074 45306
99328 58190
74499 84302
27986 87865
17601 56408
51506 74931
84134 87935
45520 31259
90444 44925
98735 10311
79584 1406
36518 24188
86497 70308
40702 94359
96166 86053
29943 40295
18389 9963
48546 75344
72845 79827
75176 45865
84061 84847
23650 61375
8714 51556
34302 16400
81613 63053
16257 17393
87475 15350
25184 44585
65531 81217
33285 77811
69212 42148
6544 87040
40156 79817
33331 44210
88057 74286
33781 6755
66116 76483
43344 41820
12866 17454
35444 40158
98474 80842
4194 81724
72297 57923
38545 74303
30400 51611
68332 89697
965 9161
78769 81842
68446 31093
59540 43319
97001 30429
34010 93957
87 54292
52639 61706
64588 59485
32240 36773
91265 22804
83601 52361
51235 17157
95737 83006
77649 11731
30481 75584
9153 61747
7481 21886
82587 63502
47363 53820
25756 43171
65846 24946
22357 50946
35660 83402
84618 47346
74420 51494
65332 90636
76241 30967
52479 4157
8281 20743
40845 38472
94422 69904
82192 93762
62953 17187
6036 57524
6850 14883
7507 66813
28137 92455
9023 28141
74777 94171
80379 28843
1087 78303
38306 54736
12287 24807
33759 3466
94063 28121
74163 5562
24187 72370
59123 37046
6655 22145
51847 92072
88912 80651
33964 5901
99508 51589
45107 1046
6820 80733
94912 82922
86609 69906
22251 78691
10461 26743
87555 47628
40893 9428
82630 57386
46206 76229
63049 41680
59069 35321
7702 96969
80781 13140
13193 754
80757 60845
79827 11068
64592 54481
87640 25647
4299 10910
88880 58946
50826 8585
67113 7908
2435 76921
61187 40886
23553 71625
21427 3759
84386 51306
40641 64471
41818 82782
84073 81356
73422 31710
66398 48096
99514 64342
12291 17208
45900 34916
97168 21935
38214 41276
36339 25265
71295 14022
67020 47392
19459 4350
27951 57459
3951 4084
12422 92754
93206 51786
91213 65275
56126 69209
9268 45472
96420 67468
81121 6759
99924 97218
87019 79368
65489 53168
23712 98163
38003 49949
75328 78791
34596 76293
51807 81148
11138 44119
97031 72378
70465 53399
83668 42272
74182 37660
20086 2174
98732 19475
79634 73147
11331 54938
78433 7311
28268 75430
9136 36714
50782 89182
87103 3628
80133 89373
93026 49899
36893 91092
84771 2672
72411 44933
33181 32826
66693 48585
28355 68409
96692 10859
6295 96148
15897 36971
50515 25188
23254 7805
81156 90039
6753 47783
24713 1294
86564 16358
31128 69246
92255 72137
6298 29331
31557 96565
76331 62025
79707 72479
51675 48785
16924 60149
28943 47154
85623 52406
17472 21829
41135 23285
77402 7352
55834 27802
29343 38604
70467 79712
68898 88856
51401 86008
30028 96035
15709 55621
22843 63949
6248 80703
79838 74215
20194 80656
58618 81142
8572 96089
89416 71828
28343 81774
47956 24975
2283 18678
10560 62857
54913 2476
69919 34710
55161 29889
40858 84801
92773 51543
39023 28071
80876 21639
71628 66074
85224 6812
53336 83231
98824 35766
93995 77744
68687 64553
97202 39004
58931 50203
49356 94946
52223 76393
44815 74073
81841 38498
14243 14955
20381 80106
51813 53430
33032 47129
77766 14954
60589 79354
57802 98701
44476 27980
95114 97882
97206 33956
24978 92637
55826 47913
59683 19513
59708 30679
46162 55714
87312 48253
4295 23843
24547 49119
32160 16314
6811 26932
21547 3927
61298 87817
87791 48673
37527 68796
63652 39088
57132 33729
95382 72564
12361 87073
84806 3277
29272 64534
12649 21840
4119 35505
94855 88969
60313 8116
18045 82355
18405 40888
19036 66
42357 69033
94919 47353
15737 2053
52217 25428
51250 8896
37565 86912
64503 90306
39444 50110
499 22215
28755 16484
86372 56990
89794 72283
56286 25899
62398 50882
12455 34822
72471 57929
77464 74138
22195 25207
33250 1382
9449 12261
24870 75231
6663 27361
96188 62028
61997 72812
48429 66281
88464 70876
83801 41093
75512 4827
20338 41892
80641 67494
19551 49661
76190 72622
38330 796
89105 37370
85907 74754
97941 40100
74954 9344
69781 89880
34712 68992
79857 86232
32807 90972
78656 35162
43862 41221
6985 91624
25846 1597
22313 71871
2511 43069
112 45777
95036 89200
47651 76739
97866 72886
51580 72559
91549 81186
7653 70403
65580 55485
47137 33025
90528 91200
91524 86941
63161 48190
7221 60450
52457 6552
13971 27693
54230 68358
41677 29232
65020 26645
9673 88529
65513 49828
13406 8936
5216 42726
48153 20644
92823 97154
48668 6567
16408 86006
60602 82373
29764 8688
55677 35850
14955 90900
23713 34993
28341 31353
18710 80141
30140 43595
93729 67364
33200 1707
74107 54766
24050 36170
59761 79387
32025 40882
81858 95306
9776 16797
48676 21683
23477 79899
91008 54174
89372 15089
45617 35946
71595 38805
99689 46727
60443 1331
37389 51356
90589 3979
30068 74370
88915 57200
98379 4966
6258 35434
87252 13163
81799 48565
16834 95462
34031 46784
77278 13088
30429 19119
20294 20536
40408 25466
11657 13470
57786 88716
36620 41561
77394 95812
23432 36578
30787 64055
51561 19495
70787 10188
31248 69097
13885 2814
53106 59166
33711 5310
5688 38703
69356 93071
98589 10523
92348 21896
82867 64083
84407 52630
60670 59900
60782 69815
16695 89264
88482 12319
89578 16125
23659 32727
75672 94596
29554 88409
44054 87995
82935 1558
69356 72428
90828 51632
53400 73684
5591 20928
48328 29221
12148 59281
43715 44100
23569 92035
95265 6891
25265 77321
65518 68200
77930 48331
90283 97085
70726 677
49261 62270
64422 4870
17148 9814
76410 83346
13589 54754
34954 21761
91977 1940
3664 92253
69948 96081
18844 50952
91463 6164
70287 46292
73046 64969
21504 11017
51178 45330
13178 84738
35960 26566
83964 67440
53128 34221
30359 20886
37495 38757
59636 19595
4309 96672
59276 70235
64200 70756
18765 85510
86055 68137
13372 15552
7104 93790
39950 3471
34867 1029
9805 87248
90101 60435
64409 49555
57198 81265
7300 46170
14075 72189
26485 21822
42604 70602
30022 70282
13991 28667
18598 53502
38404 10284
49368 48141
60142 44009
23858 66847
19592 75765
6943 60624
7238 28005
48798 9519
54768 4322
672 30304
22147 36811
38094 55163
27951 85392
9824 87242
97658 39448
2055 57231
54427 4188
61508 43516
24480 54090
63214 66552
43784 11843
65809 53473
30698 70525
59114 61125
33933 54977
81292 43495
7021 13710
19773 41665
14301 94836
91321 15164
32415 79130
94030 37113
26125 36345
30143 28747
67668 36927
85090 9275
94612 24589
98754 57059
30657 87801
39933 70675
18053 92653
52614 71280
50076 54886
13252 13712
40182 5718
60402 33439
90104 79874
1437 72124
64091 38628
58889 10876
91276 70410
98604 98855
15691 11637
3474 3382
5740 74172
76823 70875
42744 76486
2064 25305
55309 91987
15202 57960
72538 37012
85609 62995
58180 35471
73587 34553
63972 89820
4643 8143
3879 15786
4334 49436
16524 89082
53793 77915
19466 36099
9497 22781
87559 84333
55433 24644
78722 46998
28856 73930
78378 11088
4800 15480
57828 2208
72656 8495
48521 64129
59595 27170
21541 56927
78119 85082
85402 27709
86511 6801
1371 61327
14914 79895
7505 62017
29073 22577
65081 42926
19077 34868
68132 92969
29430 72782
76342 43224
92533 63038
1832 63059
1187 69527
50727 26346
31064 74593
47698 39901
13469 79128
8127 81793
19794 73835
72374 62818
21257 21470
54517 60123
7561 52648
91434 59711
39020 61110
83036 19444
93665 78406
46851 9395
87434 2605
69003 45866
85855 35378
84374 5945
66154 99856
28919 46392
44873 22552
21431 80016
91472 17773
19763 78109
99460 17766
66364 80563
4832 59119
91958 91702
58868 73128
30905 10752
7361 43173
18675 13247
97918 79308
76165 52340
83254 94746
34177 61365
57768 43902
48755 21451
60774 2621
94581 7765
9462 12524
55672 92324
73844 71129
60546 21757
91374 48611
82731 1626
83814 48029
71487 76585
89492 21231
8767 38859
83170 13877
72543 98678
14862 92702
27594 46868
23147 88238
74042 71618
22944 48124
8416 19858
39399 85685
48802 21225
21071 86135
6199 7265
14907 51543
19885 39368
62753 92604
30180 52864
25004 71649
83025 55005
64763 42231
22108 60522
33248 67808
10722 38244
12513 28757
66515 42077
9978 19138
44885 88058
48728 85125
74143 43478
91648 80178
4223 97533
73286 97905
30997 1170
54518 96318
11349 36233
13519 29321
16681 81549
94051 88436
98829 28315
59513 86168
12529 40742
57611 30080
18939 56657
16616 26955
38786 16280
8499 74670
44372 19687
33122 30096
60849 65505
46688 1677
95725 7066
67467 96852
41778 81246
25046 93929
62364 93928
98473 3011
18459 47051
99420 86095
79572 84941
32800 30891
60641 34311
9846 47340
13324 84806
66325 80217
16728 525
73480 23981
18648 30065
57006 49881
52502 98907
69433 27935
71470 91466
30415 84920
32208 70126
30444 20431
1281 32750
34270 53348
12634 36931
41448 94731
77800 30619
47487 12490
25866 15287
6064 37438
20567 14221
91032 16566
90069 33094
42762 76406
42019 51553
70765 97974
44592 35951
6971 48001
55169 65781
25892 67543
66127 38477
41833 79595
22598 4613
46049 54949
79528 60926
48471 32992
94472 39342
31849 6669
81648 77951
51179 93519
95003 76430
42338 22878
88571 4972
19722 98884
3188 42816
85617 78370
25631 50596
41657 84268
71816 57508
49978 48521
87441 57602
2845 30100
39757 26452
34786 82014
78661 28580
32411 84713
88887 23215
37743 88558
46834 58023
1848 31416
58811 22961
90277 41447
54218 58344
50841 64207
87982 22936
21514 57590
21509 87779
75203 78521
78629 8992
83874 28135
22902 35415
66362 61220
72854 57318
63667 47240
54099 27071
29061 75230
54708 29320
79105 68453
2641 58521
30824 35090
30230 84673
95793 33196
15332 82978
44391 19119
17616 51281
96937 44298
18563 76407
9577 67073
84888 96690
45518 43499
23552 47572
37169 30069
19969 80739
81731 12061
29395 81784
79494 52759
7586 65152
54480 78124
24463 55902
63595 66102
98895 89223
59703 89926
80298 43236
17639 92894
46461 87060
94336 73335
17849 67399
2269 98909
94753 96772
13709 34861
93424 50916
78227 22302
7729 96948
99878 59509
54917 7127
40719 87215
22145 4642
7725 62395
52621 48415
14708 41917
40134 33034
7721 55597
71836 38583
62536 32790
50133 29898
79679 51511
41000 72605
15664 23301
48707 99069
51187 67623
21862 38638
89137 9849
21894 93251
99882 36778
96427 71302
13008 13662
88082 27702
36266 26508
95659 60772
77138 62912
67132 83253
45175 48954
91356 73891
6300 40366
1721 71068
58007 60323
87667 11809
65459 17236
14430 1320
93614 5170
52900 15963
35548 54911
63425 34487
4834 92660
53093 74382
69307 89052
36789 39141
44215 84439
73195 38455
13399 91672
55985 67120
78163 46887
46346 84114
28308 53536
38730 6964
378 86259
10104 51421
39862 27394
79635 71278
58097 50597
56458 78998
89508 82409
90339 99387
97502 92429
10005 73016
84130 68483
16461 42617
48965 19701
33805 38656
14932 95518
18985 54052
31084 94445
46568 28781
3232 42438
1385 22617
24600 39488
95707 4698
18316 39751
77443 31894
83852 61883
21914 63014
16059 45264
45549 47639
81583 80333
98331 2444
22772 1229
25467 77465
84742 47424
75091 65066
88666 97931
63746 51738
64117 17924
25847 64572
4371 35127
59415 81750
52418 77700
65915 52705
14116 11934
64911 66603
53745 21805
94677 11924
78962 74029
52096 70740
55431 28781
16665 93108
12450 7377
56638 48368
56778 55441
98238 43548
95705 23800
98334 48924
71327 75205
28343 34026
71740 83277
20501 50035
37673 64215
94201 85242
43184 96606
55640 1780
11568 84691
92603 98827
59162 51897
20701 8924
34422 69127
69840 93688
30335 79305
13848 55238
85219 66944
96782 13535
70084 93533
26622 46577
14617 15722
35529 26238
10350 14945
92548 98554
39295 14802
98520 57007
48193 69506
82496 18044
54906 43047
63117 57938
80356 11501
43301 54454
18190 19956
17088 44291
33946 207
68298 16325
11776 88230
16644 84318
61898 49013
31427 95140
98966 12683
176 40129
97848 24204
65030 86162
1397 49232
67094 87241
80040 42465
42662 38091
68672 18561
86958 58131
96064 19010
87034 33037
64735 46955
62091 83132
73542 18586
20374 90324
42132 58109
8483 49344
94557 21815
8303 37565
86855 23938
89610 91005
8235 31399
87386 54342
32154 90343
38167 47505
34454 71638
1773 91723
1748 37530
54877 19287
45281 51952
34523 43049
1050 78792
59185 95404
23634 78052
51387 72638
33936 21405
99274 87631
69102 60702
66657 48166
44539 6055
54811 7131
6746 40651
71331 59166
13281 41714
32665 97167
60443 67608
30452 22019
27110 29356
48475 61318
23286 82258
85195 28979
31728 18018
83316 4382
8624 53382
87708 22443
68835 60128
44506 92116
5742 68001
89756 88198
38245 11603
39458 14500
81428 67921
5152 97699
61338 6250
73024 47821
94089 67457
76254 33150
30152 94511
82058 95690
18129 81504
37673 19605
23315 43858
74837 2233
84209 91865
45592 62084
52384 92702
45109 6935
54765 73851
16479 1448
64245 4896
90112 52577
21324 81970
63604 25790
54615 57223
54251 85651
68849 78250
55850 13668
99882 86685
46762 61483
19811 59826
6616 81686
83507 72242
32084 60327
83685 98678
46610 39890
70328 68176
25436 87202
90046 78051
78701 596
9949 73351
62679 59386
16689 59686
64094 9913
38408 94306
4508 3243
80260 68237
54587 28446
85213 49230
41918 12532
45948 76579
80408 865
20673 79194
81138 74512
60447 76982
63210 23678
49435 31984
66223 58013
72016 16884
36326 42515
38797 54880
12040 78264
70741 67592
2209 28220
14622 43509
66227 91294
24179 56289
14513 85846
48754 67132
85860 45612
73167 84490
17898 92094
58959 35395
2546 72926
39502 88978
10497 47826
60378 10327
44208 979
16565 16709
91723 93934
40214 77476
6099 77350
22825 9744
15613 65136
38635 35480
74162 181
96046 8640
27757 40275
88539 20671
22624 32733
2955 36706
99215 92183
69197 62055
36818 30938
8228 64931
29112 94230
30438 82941
39775 61547
37342 97296
14877 13199
59626 13901
71802 1195
77341 58551
72371 99582
87614 22949
53817 25976
50120 11203
97072 9728
50568 53137
47440 28655
48994 56898
96808 58995
45549 87487
50198 70989
54994 85890
26032 40147
58065 68027
38206 35695
84443 96399
34717 98589
18681 9971
50397 4625
51748 65045
31460 36367
72523 80180
4458 92369
39760 87811
88923 91749
29931 66794
83480 27724
39653 5
89046 52125
72574 36515
9885 26047
49065 91784
32810 32018
67371 39179
54093 74951
87423 16249
98892 25763
52884 60848
60926 51937
86829 11493
19537 12525
38048 6111
55813 95625
70648 79641
50703 26923
8756 67940
10295 89853
93573 41730
95098 10428
49940 89740
26888 23962
95641 87757
54663 77693
45893 31077
45294 59581
99545 2760
88427 76010
70893 3004
84574 91715
31274 66878
5532 70112
16144 26174
15084 8969
92337 95262
79021 85020
69364 80951
81071 88843
16179 93267
20181 58140
68541 63732
21561 44391
93429 21900
84552 72188
44977 74851
67746 27834
72699 77013
24667 11929
39572 11921
28765 19745
57324 94843
88804 1585
42219 35946
78304 26009
96748 82859
39062 85183
86716 17916
10208 78942
959 32914
54536 899
44524 97363
91697 59887
5388 71965
12398 72951
46879 82909
45161 39431
53814 41145
19070 21050
19706 33671
34781 49828
42852 20787
25739 62249
43907 93245
32993 91171
18841 48217
35308 78239
51070 58733
93259 92544
94300 34166
44565 27803
76017 66435
33616 64442
40688 58200
47419 93370
44864 37677
35333 97804
2075 86989
28499 28919
91472 18008
94238 24852
55746 58145
49779 94417
77608 47568
52145 7599
94827 13024
73006 74532
91210 43938
70995 78714
28217 14041
56379 78926
65565 88284
85400 75058
29682 19800
98190 41163
73221 50795
51638 73139
90459 40042
32541 61432
47592 85756
76354 9979
33337 63740
12667 25427
12011 69307
17009 92328
44369 93499
54815 59000
30578 59829
2135 42676
89064 91060
48733 16004
44258 69144
88010 27775
70914 7860
86698 28308
67392 35633
51006 45605
62502 77065
50299 64966
61427 39180
62217 43714
42936 19870
42118 84662
91133 24375
79520 96308
98749 74690
33470 77058
41445 69342
95960 34457
26713 32512
60154 70470
49808 63887
50150 49771
25683 89831
29359 74367
18690 5111
64670 77514
42351 99107
67920 75819
69088 89026
64278 15282
56561 66464
8595 97797
80432 46878
68482 71839
18368 61133
76046 61773
24982 15959
71096 91567
42751 74358
2677 24989
40280 29211
90253 42143
1972 18312
90685 99508
5466 69718
76054 78540
2789 13744
7932 60014
92386 81206
43431 94131
51381 88188
92325 87209
68180 53768
66006 92465
98986 51351
94991 56864
18998 62584
99928 90818
31113 56367
38286 67507
9068 64948
60961 67748
98872 73554
52919 98332
22043 21384
51879 48948
38266 1675
511 16762
53321 94658
70079 93359
45557 64649
21244 2601
28155 60239
46654 25138
96622 97079
23970 35527
5493 6235
81976 30745
32650 54276
44902 55919
42620 41843
79139 79171
61326 77564
73853 43712
55158 6502
11860 52427
63902 29580
30908 68663
22727 97566
85247 50095
14241 36897
25529 67088
37045 57611
2810 29163
37403 72168
70856 94888
44868 14872
72538 9502
41361 98894
36286 57628
99097 68850
73107 15876
54791 72256
4080 26506
51866 98823
37628 92985
58724 2860
46579 77390
62348 33316
68775 44923
45004 83677
81405 65701
38675 19413
58156 63943
37027 98113
50786 33261
64244 44328
63646 23834
75600 42854
33303 54210
64469 57866
36787 4048
61334 84983
77841 40226
44986 64103
39520 13736
39868 43363
76229 9544
51657 71308
8409 94589
18181 70038
63273 47667
90054 54600
10068 653
13367 65789
74033 90496
74007 56837
61158 32597
25559 30885
40370 76363
25056 88371
84548 29234
54507 36699
81601 95505
95686 84348
68322 19968
65718 26412
61171 38767
41615 69648
89846 32734
28222 76165
47902 74947
40544 13882
3797 65543
67240 29459
23126 75273
54781 41256
39667 74905
75961 67779
48560 89758
77707 29350
16806 48497
37430 84899
73025 11584
68784 40162
68899 33772
47716 66238
50943 10219
40912 25384
16670 36870
24296 81795
20605 64924
2289 91782
59885 10878
82087 9213
91602 27825
12823 54473
95461 98927
89509 12059
43378 73094
25064 76893
23322 50487
90313 39369
33682 20152
19688 34159
71267 47571
64471 61524
48968 44933
6621 43214
82003 95775
31444 66281
48008 48681
21802 55172
10975 31834
23972 26613
33798 15681
11127 89185
12030 12255
24814 7621
30649 33803
65127 42864
1059 60845
77557 52710
30646 52099
77791 77854
2563 11007
1952 36037
83344 198
13829 54714
29813 5138
26866 61007
28894 23154
33885 3726
47340 21637
22129 91346
13908 89026
41293 17098
83390 49140
35395 81209
8103 77398
16185 70169
70399 17691
89355 58867
2892 91688
14343 55688
43270 79032
61007 74060
48761 44663
31579 23813
79430 77608
58292 95344
39265 48352
45402 93213
75796 8744
86688 61934
51611 28222
56202 32604
15719 90324
64726 24946
33979 5648
19344 52208
37874 75755
55484 23401
80759 77938
31024 81829
32811 37480
50231 53920
130 41410
31919 88105
69446 64201
35212 57476
74035 19356
49235 79848
29881 83787
41247 5858
10846 22653
10464 1361
83225 4459
43863 96711
15928 71267
24796 24110
19227 90886
64920 30369
59062 69769
26315 73710
12691 86200
44167 70683
58542 58383
83603 88766
29015 82623
5705 72484
37044 78159
85560 81419
11932 56056
90658 57063
69884 29896
89471 80929
75542 38400
19545 13171
44414 62294
72334 67949
11867 24436
13201 66324
67084 7671
27177 82749
31968 31472
83697 9910
69436 56679
7894 84574
12090 58419
14876 90696
49732 50243
2362 88860
83741 2328
53689 69462
99768 80456
69080 87397
34911 34493
32171 52397
8461 85140
54968 70214
86964 97279
2969 5146
24569 54179
47612 82635
11091 55067
69510 94763
65263 6355
45900 93793
41039 94061
45656 31851
48358 57536
27658 28695
2781 68468
16084 21576
18898 31847
65181 74423
84084 48427
11807 11664
72200 72325
5866 81617
76135 69360
22463 75534
6909 67576
60373 72976
22124 69376
84183 63153
64327 70748
28195 58721
75031 75447
74861 35428
84090 58607
666 12882
80095 94164
39302 23958
2827 86477
55806 49776
57303 24082
81510 77043
19983 61843
12853 78759
34452 1007
2804 93960
98299 11742
9667 1221
40205 51784
64820 52546
48229 31788
14222 1398
83829 36954
7755 14990
68577 94073
14074 99304
58114 68514
2334 86937
28484 58114
24717 12200
19496 98876
62289 96912
63299 44069
35499 85282
19453 90279
90283 60289
93811 20254
92409 47332
38934 62334
76784 8375
37962 42283
50909 49434
34632 40255
548 17600
81052 99495
76187 4850
82823 82726
22670 51210
80254 26705
56281 12408
18633 81362
80273 67680
36005 79334
52699 46970
72291 56351
44307 61841
35750 77250
21991 91973
68393 51561
17658 56137
4023 96546
29057 80933
25681 44846
48841 15477
90476 39299
39375 53480
44144 65035
66630 44802
19162 74051
22197 41818
77082 77373
7350 15709
67542 6974
10233 34633
35558 67712
14111 49747
23253 34225
37919 60417
41510 83
50212 50577
17709 84410
49260 32368
70226 43313
22027 78724
38930 32757
71206 20771
85085 39416
4569 55065
40089 39679
63218 30790
35869 15173
26643 63358
99287 84214
32147 73831
6631 86068
67070 5246
82978 89046
95985 65523
272 67396
97343 82568
40333 20156
79342 97141
83308 83472
80506 62343
7151 21318
58866 34397
12401 1655
93174 35050
54236 68816
43135 87158
76435 32468
7319 11965
29674 92631
37340 27150
52168 19780
86626 14477
99148 1273
5902 79697
95269 85894
94011 13383
68153 83634
34681 35885
71135 21910
43337 36056
75653 59967
46082 53614
59370 8720
11407 91021
15237 33886
71439 62242
74140 57682
75892 66739
87598 59147
77797 31094
78250 71577
78075 9911
32469 65123
26855 19286
24424 91106
50315 49510
58224 26436
84861 84016
20781 13226
64167 91854
43731 1450
37865 97232
56491 99565
54902 30778
5683 71570
50546 20868
19226 49674
47931 825
6661 77370
36637 69848
81581 78524
89692 33206
32319 75613
14286 61595
64922 23841
20734 15168
86516 52827
87083 24567
34838 76053
17254 31747
38683 68974
58712 14363
29365 20247
62713 60140
37480 61237
89210 28788
89965 71267
62300 66120
11665 99308
1655 91086
86163 58229
84660 57188
97737 17649
18547 42359
54332 88011
43718 59405
28839 89888
52212 65916
4732 90050
85239 79824
75391 2454
93918 84201
19433 29783
25164 48666
81702 99761
20311 62252
91351 32390
53930 44377
29233 3469
97475 75377
47837 87950
80502 42488
65078 53639
51016 32838
48846 99498
85364 87142
37513 40444
23082 49143
2559 19352
49419 46318
6527 28906
18958 7154
263 95797
60607 40895
68013 70957
4378 58820
23321 26526
8308 19397
79752 36931
54515 69625
41963 76911
12529 32140
26054 65320
45661 48287
58321 2567
505 21699
54202 36217
67709 28066
65601 20417
84083 70006
37691 83284
90681 94768
72368 59163
81378 60082
93853 71764
4245 44309
41267 87314
95404 32644
41078 14489
87639 86847
18622 6818
29815 69050
60121 82749
73571 76027
18535 91722
76614 62271
78205 6527
88862 81589
98467 64101
66591 70689
42742 81819
1294 87195
71975 2674
48007 46
52505 35535
44248 58297
6887 70380
10211 67761
16700 90006
37216 56125
31704 72496
55128 7289
20850 49519
74763 75028
78801 8285
42315 19313
98034 56503
91263 47402
75429 74031
47137 55848
70096 50986
8673 24556
87914 2242
67615 76106
63297 35941
21108 22057
85653 86356
65226 63044
84378 28645
19967 92011
4666 78722
73927 95171
80017 60936
21607 46402
143 11657
58811 36180
31770 58698
14224 17945
5193 59078
85642 18340
21930 54569
92160 47837
67453 75413
41307 75424
53910 85056
21723 21148
4255 19764
46770 94005
60307 53966
23686 10851
70373 86976
21843 21105
42135 95216
12135 3102
54851 15414
96453 26335
91446 98242
45187 88635
98671 2227
3979 55726
47237 58465
13246 77511
42334 14836
61228 34633
77817 7690
99357 70254
29637 49845
67755 86495
83591 18107
12870 95325
99417 39732
86799 29052
11685 62480
98205 82818
20302 7407
21371 74317
20679 81030
72359 86346
40665 21889
65045 31583
99874 55419
46891 14849
65329 26055
91970 56671
81963 68843
6699 99317
2761 92128
25831 86138
20152 38707
46766 39507
67127 65287
95114 68733
16412 52177
65369 57639
47344 93818
94030 68053
26766 5281
80047 95647
32296 4823
21081 15919
51170 55616
22360 16263
19349 83704
44208 80153
43661 84556
6071 84429
68812 81725
53336 95646
20005 5921
42385 41373
77153 48610
92949 99693
82653 39100
55020 38725
66026 71363
48046 77137
48940 81147
81356 52081
32892 5694
97351 64985
22406 38298
72951 38096
54060 1328
19141 28241
39585 51574
46289 58124
5966 39542
31565 59942
87088 18349
90527 37237
88728 5261
49251 70341
90186 14235
39111 43093
22814 14289
21390 38139
89219 8541
69390 33372
99607 78433
79889 54997
96400 71953
93240 86389
97942 89720
58707 4544
56646 93907
43850 2669
81777 32020
15447 36361
91290 97472
34474 78931
98268 114
9188 63933
87490 9942
8220 49361
813 78990
63325 31434
50546 7505
28998 10839
75097 4519
16488 12091
93151 97358
89004 18383
90389 26648
15627 2431
3038 68203
97299 2601
48437 84479
3241 7489
11045 71876
44834 19600
12463 4185
6376 78192
81064 150
55067 2546
62712 16035
53101 1976
79163 97151
1605 10427
9764 73242
27645 60838
7926 56698
50436 74681
80809 49850
93533 23815
44427 78023
92126 49784
71996 93730
38770 30248
25360 78816
20472 81350
7601 9261
80993 15158
51387 31204
98581 3823
22942 9305
68367 54430
17472 16655
60093 46273
92760 14434
40769 56717
8372 15231
74034 88617
69300 61863
82172 71953
80748 6992
12828 19411
61414 40515
80837 76085
37054 10815
72605 97645
84580 61781
31776 6024
92862 17226
63836 83972
44099 48376
81332 85653
21921 36812
62846 34500
8247 93002
25925 40395
44188 74565
48711 80794
19414 37063
94775 79605
76036 28751
9276 56532
26581 31950
54897 13282
84335 93289
4803 1503
27081 29914
19222 25118
98256 68783
31712 93223
68454 94282
23660 13462
94590 50015
34937 18330
39618 57241
18809 37847
82445 40789
818 5925
39506 82212
52832 9966
51507 43790
88689 17876
38474 50538
57575 10888
71971 22951
99066 27284
51200 93735
78420 10291
62740 74078
9523 81523
24361 72023
24650 16762
40186 21711
45216 60158
39897 72280
85711 36140
46186 13688
43974 84386
65894 40967
1480 99892
30138 82677
62283 45259
53957 81793
85050 36705
32989 77027
14388 80230
93035 84963
32714 83486
66762 23679
40933 12097
63372 61961
71101 58682
66421 86151
85059 44009
27870 38802
15096 16097
64243 92791
37300 46474
40437 40761
42112 91008
31386 14956
47740 10066
10856 12732
93082 14596
13405 51460
91392 13709
27274 65400
31819 35354
40339 64027
42695 4041
4305 86985
33463 25327
80368 25967
65171 98003
63569 15310
12325 18256
94025 33884
5899 89527
63168 57698
47225 94442
50387 41439
46356 28355
23859 16899
87063 67371
16996 27925
15698 1635
65279 79246
77542 93918
96048 57436
22442 54277
91416 44704
23209 40722
5932 91376
52770 79797
21172 92725
97927 89458
69677 50958
78270 29793
92328 33196
32995 10605
91113 84500
14148 87318
14280 36736
6595 55887
50131 72094
27640 82784
45770 64591
74733 46437
46242 15049
8640 32205
11427 44630
73540 64924
67882 57107
55712 44937
72200 79762
31918 74561
6688 28792
69021 17474
87053 32576
87376 19105
39834 45366
71965 91876
57448 33628
88015 23753
89579 55880
56997 8093
86381 68644
34864 44454
32202 749
68441 72410
80563 85717
47385 32005
78827 82594
2334 93895
88685 29644
84012 40500
19715 30530
76698 48274
19152 51270
2897 76446
14280 83660
40977 88775
89075 28415
40652 58770
69005 47805
60809 83604
61737 64662
67490 87771
26345 58192
14950 74310
5384 15622
46424 18376
46384 39908
14190 14953
10436 23789
51859 73093
31256 84438
48357 33867
95763 73384
29047 38591
20500 67393
70928 8856
11882 25172
85451 8707
37179 83428
48693 95614
11614 7981
42611 89982
55489 38876
93721 88041
34403 58353
10067 49245
90427 30756
44000 13447
84879 71422
21938 93901
97182 71291
54927 29125
27095 11183
47571 84443
82943 87262
78956 11119
54768 43169
5213 660
89076 45096
67995 11379
22734 90195
94515 54054
27857 19992
56834 34173
21351 90465
40507 47036
38475 75530
84197 99131
45263 84583
22938 37413
40759 56668
44970 18041
34012 12739
21174 71884
22795 5450
79989 13093
11395 82834
7922 31008
28763 93297
68555 35980
97497 47697
57908 64589
46204 15183
43890 54234
22610 48892
33345 160
4515 96992
56687 45341
23813 45970
38110 33030
22085 67745
20582 39009
20452 42478
31568 89772
40535 63055
89340 22836
27047 86382
83516 14207
90703 22120
50487 61475
34113 42735
14951 5580
91073 13897
15515 51962
55528 13390
19702 89504
71746 28813
64142 37671
71857 98312
74158 68489
17544 22451
52692 8310
29456 71225
21747 22514
59494 40663
82291 63413
99995 32383
2732 71721
72275 95703
34511 21232
63719 56599
7133 94716
67747 53039
55949 18261
72328 43454
25098 54711
88843 90268
97299 45297
61428 52273
28986 85094
32512 27163
61221 27344
800 86637
44624 13848
25816 52554
11753 86591
72544 69166
42259 64601
23078 22405
50692 2061
651 66386
11558 50774
9121 46218
38169 81669
21171 52086
73648 28508
64510 50613
86224 99476
66384 49431
98900 9304
73392 70307
45739 35528
97941 59634
74520 46839
36781 58897
26834 39630
27512 21859
994 70855
43915 76605
80711 26418
67950 27593
21557 19027
63582 15779
65809 57058
69708 22911
33655 76009
15835 83969
28693 88746
22598 24771
85517 78967
24472 69587
73975 1496
86802 78866
77596 11145
92488 32438
77212 6712
53988 29992
84745 24555
32290 43879
57610 20857
42386 56036
33945 79404
24986 7716
30661 35525
71729 6433
37617 19128
58917 48457
38899 39083
92534 99037
54902 9564
67065 41908
91672 39800
25429 12629
9581 23845
88425 98240
5178 15737
52324 71782
65434 30880
79148 91789
41149 99034
7832 35021
91044 8602
75894 85717
81255 82888
90214 82406
17967 21920
73468 12087
86460 40657
80802 93808
7135 91199
19828 35023
83137 14018
47714 56614
89563 76837
66385 91898
25308 41895
22618 50726
82663 2877
27146 23766
8721 4814
23553 79373
99015 87926
30547 20127
58854 71268
35562 31895
19873 45467
5249 7058
27039 86517
26634 50339
48859 20123
94922 19981
24834 1166
60216 23276
86808 65058
89537 88332
48691 32509
6727 10864
12671 80253
10621 93517
56152 76175
11693 27532
46035 55640
25426 56811
65205 75856
63006 33757
58554 95938
22837 17317
68528 13678
51728 14463
3993 97416
33628 64216
70285 25974
97240 85489
2069 1429
71674 77727
66033 48308
63947 91086
67859 80311
52262 97434
7682 27957
3293 87476
32632 22267
83828 73987
6917 88680
54596 57152
51529 99183
65049 96249
52157 8824
15925 4655
18603 65534
33419 63832
91634 55154
35876 50621
55491 7383
58494 4317
55462 34628
70471 77352
71190 79877
99654 90726
83585 19322
86131 71790
2985 40887
75578 15631
79461 28354
16669 47338
51648 29209
25487 83093
20473 95049
62201 18330
92994 792
67064 406
69122 84027
48125 84858
78291 68512
36780 54254
64420 96422
86206 96553
4407 98816
96351 21498
17796 57975
52816 7970
71189 48837
18022 32215
88104 60314
53833 1411
36624 25786
95862 49155
20501 65212
3806 39881
49007 15885
16069 46491
50638 3563
63939 84081
12373 27947
7238 47610
94971 3668
36814 76568
48009 28898
79408 69919
75102 16707
1268 7354
13902 18973
98903 64519
8862 87462
63978 9014
55050 99595
71633 50221
95424 3754
90340 63303
24867 63223
17009 18704
91496 23931
37112 13419
98844 93968
93550 71020
77244 76646
49531 86495
60603 12738
5628 87359
69952 59610
22881 61759
96581 60922
65328 33253
4025 39169
75328 37034
34527 93509
35359 6299
80813 58059
36781 62939
9326 43216
95 6463
43392 20355
28668 67248
84215 85192
98883 84397
88280 96214
79972 99334
90367 80890
59874 18466
35193 68722
71639 98490
61355 25363
432 44315
42409 83044
10477 10312
54079 97729
15427 95030
5740 21560
65657 79
93282 66703
3470 74031
98152 34236
69105 75402
84632 67339
43272 740
34049 26909
88426 46775
40230 21923
101 23729
16700 4903
29080 55155
63632 10499
17562 18835
12479 25063
77778 5499
16893 63287
56252 25768
67503 69003
27274 49771
32400 75118
88609 25451
83728 38592
86168 64002
33520 69044
43613 76508
82695 90514
30511 46331
27968 97590
12068 14997
19354 74959
32197 37428
67751 12001
57582 62709
86157 29348
93999 94090
58984 29730
53421 82232
4678 43901
51425 41402
3561 37894
43480 3292
90089 21831
63217 55936
2447 76571
6082 71580
84667 58480
96948 27482
70880 72492
71746 69176
10818 91205
72414 43718
95135 45543
90636 26634
57827 8594
35717 82303
68434 39290
18006 26193
24162 40645
74494 31363
5438 26129
94163 84201
79428 71019
990 24622
29768 2328
42938 688
687 43760
53337 511
79061 98302
2463 94625
43975 72674
25637 99953
81386 73903
44727 87483
11730 429
59159 49346
74604 3224
55480 90427
41620 91007
62563 7599
89599 50918
69141 80157
51027 84996
8575 57589
86250 56102
15333 14878
54323 7722
160 94321
36017 21669
40572 8539
67194 4798
57018 99167
74457 6416
73391 41042
19916 1772
24035 24285
73990 89364
35988 27967
63054 2113
41552 41129
30079 59935
84926 63999
19654 73548
44886 93117
51847 27068
78884 20912
66649 53368
60649 29753
70693 59834
72826 52878
11947 98482
35743 92153
860 67428
27765 81719
10529 56200
1901 62073
75091 86505
60235 24294
82145 60871
92263 15832
95661 38325
99919 49242
19951 39867
73059 94033
15920 32533
34264 73552
22128 75090
54806 59426
32898 24789
10522 59492
60395 70136
94389 77863
16710 21124
89066 10547
79618 65851
16820 72895
23330 74254
26462 1178
82492 95079
41641 78789
35803 97249
52393 21911
97566 33642
66888 94680
90102 4584
76642 25062
37547 83473
16296 30835
29048 94929
34749 97988
34059 45704
11964 4820
88006 5546
82352 71183
7169 38141
68313 87063
56101 12798
15022 64995
2578 23708
25750 75899
76538 66876
25198 95837
23108 65011
57350 79611
11594 74863
8580 44283
83067 51535
25951 15733
26074 36262
53957 12409
62301 2396
7061 94566
40334 18445
68838 8436
60206 23400
96831 55563
14317 27408
30236 62058
23987 25439
99600 25281
46395 94750
21597 6615
23058 92783
53341 42053
49020 41699
64349 64216
82736 39716
93469 35795
4215 61229
89329 94699
8688 62092
54179 89897
87279 23719
59438 64236
53114 86324
23492 8516
71307 64671
88746 22936
63345 20968
12663 86497
86926 81026
8216 60461
14330 16022
82607 50109
63647 14590
61743 91910
21691 95850
68546 37524
47489 18110
81251 37731
44088 1746
87972 85156
48602 44657
64330 54110
94934 43770
62124 78570
72687 26146
3095 58582
29980 52720
74701 12771
76102 7520
92161 97448
24044 86017
63036 47180
44802 13335
34844 6575
96717 36825
73904 96770
54217 99700
51933 85098
39971 64262
80988 77441
24352 6180
12633 3221
78196 19700
88085 968
52204 13396
74342 49550
5829 87409
28306 64818
56530 37521
80823 8273
59449 76970
48966 19133
49271 27816
32387 57723
99096 22091
9959 11941
47391 64614
98686 3210
17348 13730
59818 31529
62993 28376
79358 16089
58437 33211
79619 7044
29777 82860
49750 82824
63645 4996
77512 14901
35748 5133
48477 49873
34611 30185
18830 64055
31694 65098
76807 80531
59980 64376
67881 77160
41590 32751
28201 67882
14668 68478
71983 54116
22528 56584
81592 72852
2136 52615
4437 7146
37392 87940
65130 76589
39126 28320
62480 30357
92685 92559
27603 61426
28170 82456
75924 5028
78458 33302
46344 52256
27578 96730
3223 75474
69149 88902
21598 31221
53578 1107
44013 20605
54364 69996
70282 20557
50944 14225
99661 14721
92986 40949
23778 75302
97536 92513
40650 68477
73437 2447
50457 81564
82128 21103
18233 21708
15338 89029
78182 41900
72276 26825
92913 85708
62343 37765
47837 72851
61169 16923
27333 25530
57527 33917
75220 65071
45101 43763
51915 56499
41888 28632
1310 34652
22733 3165
631 64916
60455 50373
79570 6296
25461 42055
57728 16633
69937 5904
76164 85791
99146 45886
78009 22369
23107 63686
13641 87086
44690 47918
38295 79143
4609 6068
37143 89506
2417 741
1681 28009
91986 77159
15521 70265
70348 65584
3066 67972
49466 17964
29502 43471
66122 22299
94823 34900
98974 4080
93858 87905
64749 22771
59119 16664
47586 15616
87874 74509
76252 89382
55653 75819
89837 90089
53620 19983
56188 37153
68351 79211
95395 59097
72203 98085
9809 32304
34258 95061
17800 87867
22398 32522
20160 58849
14450 84998
6147 27294
59617 85341
76111 26208
39093 34491
98839 31693
76361 82395
94786 2139
6223 82000
73163 69143
62508 256
72319 95391
46231 56259
674 15528
95581 97833
84170 45112
55552 93905
42754 23244
89075 75635
18761 94132
98400 63031
35408 18802
57090 98716
29376 56895
70507 13490
11186 13638
14943 8640
67476 94311
15287 70239
39211 45749
8512 46332
62987 22297
28057 24250
26913 3149
98425 93806
75434 65633
94982 39681
96473 26617
49726 14546
7509 85516
67922 1233
8952 61287
53510 12229
305 96105
32659 5255
16963 96325
65094 27077
93988 49346
73438 45408
75999 57950
29073 53774
17810 4903
40487 697
79985 4769
56670 45341
45665 47267
19493 70766
68414 95321
9153 68560
89973 93443
54538 16253
74026 87125
37071 7843
14164 69525
67374 74115
61724 17345
46493 96467
64418 74246
42660 67453
59576 12937
14656 98206
29092 51010
23138 57224
28482 74812
25422 80384
78240 67735
55549 66496
17985 90246
90907 31414
75835 45170
46441 62468
49945 24532
12284 97886
69657 55615
86748 48271
40686 52116
35718 42164
47583 77547
78123 50271
27879 64081
48463 13941
35859 82724
78986 68753
7111 34297
33898 21183
6105 26167
73424 34401
15156 96474
34478 36910
46071 84112
45359 85454
58548 28671
47023 33663
49841 58301
84607 25107
6826 75959
76803 66256
89069 64523
16051 45774
81084 24045
7325 4413
24943 20166
95297 57692
84719 46544
18868 8963
52508 39035
16126 73658
62600 22572
19612 32863
99034 24761
24510 40037
27277 96942
73962 82383
77134 99082
18423 76281
41825 33827
50771 59376
95100 77758
77246 2260
64234 46616
9229 8477
49417 81792
53384 50131
51437 5978
17067 28277
83195 92765
2761 39571
37102 36214
33444 53044
27702 9859
78519 72945
36468 5529
47756 5048
82976 83423
27078 34794
65443 95728
56697 40349
88029 42685
35789 59482
30816 25577
30558 83232
76915 6347
68895 19231
53904 22735
66290 72222
39398 44405
86193 53431
57975 70289
82409 56277
34555 4297
84570 6044
8604 54267
45880 90817
80856 54420
93741 10190
25282 69241
44052 92352
56001 10594
20000 71817
57648 71770
78835 94446
11708 86561
44071 2377
39529 11402
28841 98824
90638 25245
85272 90924
47476 28086
90091 64140
99866 69380
96776 40015
47060 17867
69838 13365
96136 6370
89548 54031
55888 64630
74919 45027
17658 87557
37400 31017
14955 64356
5452 57296
88535 56186
98722 4249
55531 99139
83216 9499
32164 621
21343 18366
48565 92094
89066 24448
91781 16076
22275 9587
91214 84707
53583 98621
35104 39523
19205 62326
97755 66816
13394 24717
25625 22400
10679 69284
29282 75328
56106 70287
86357 91248
29201 79482
19590 13842
42 22464
52474 18047
24870 68596
85037 63106
25929 90492
14604 98395
63436 5456
56347 7517
7195 8640
55281 32848
96408 48140
90871 65648
45782 7305
47373 93452
9598 55683
9477 45224
28589 85
31270 9947
62932 39250
94442 23250
1559 20128
3232 72619
71951 3768
84107 77659
96264 26984
37664 91753
58787 80529
87308 89456
86645 95016
16237 59169
40167 24665
65204 83806
16916 81151
9609 49152
37262 68910
51174 11315
59800 64874
61691 63573
95981 56781
93993 20282
21496 2213
60327 52426
20186 83283
88257 70850
90024 62637
68755 20943
93482 7292
93746 7286
33117 62175
83523 46255
80498 85575
450 16325
28109 77945
93725 10680
83302 46383
86231 23899
67819 599
53925 12534
93757 97138
62484 3012
91246 93846
5921 44662
29257 98733
39007 23119
47274 83700
61429 16711
71170 91613
29053 38728
82293 50765
93735 79348
31547 37342
86516 76508
16130 34046
46395 30570
55754 59855
64391 34553
94664 19429
33174 38487
61636 88075
3996 19498
22362 25406
11870 61416
88637 47856
77208 6397
28623 37542
1240 21929
81227 1307
53088 47423
66716 81851
67399 12136
51907 69001
45369 46622
88500 42585
82515 94705
2937 48726
60776 98277
41646 18206
46110 41842
50467 49441
48625 58403
19262 7269
14768 3320
26966 53733
1627 44580
21529 94349
32843 56207
76039 87296
15818 21205
66164 13682
17366 76677
47658 39439
91235 58178
71140 81970
94870 88358
90549 8878
88650 69850
26335 70121
62479 96992
38428 44700
14694 65641
19033 45556
1254 32031
32310 76564
88186 5468
18311 19409
89217 39025
77750 39380
58189 36865
94494 58524
69093 40835
31921 28985
52226 74659
64852 52626
53557 73473
78238 91584
81824 49552
11676 9713
5017 3961
83888 97318
57034 73910
72205 93525
79987 98967
15741 94631
135 91616
98779 31867
44170 88809
82554 42530
94810 94653
4284 68737
11331 52411
90683 89266
30249 85400
84579 11171
31266 88027
64054 60757
98489 96960
94663 41246
26829 36022
2271 76424
58767 22017
76188 44464
73896 68760
18093 72231
81072 56584
47511 92084
48376 57871
27123 7889
24257 30018
72013 61130
91427 28455
8327 98017
54023 33468
44724 2476
75533 21262
61821 45685
15815 36931
65151 6201
78556 42865
18379 13450
69670 11300
8517 92941
53620 86012
24358 60669
43817 76876
42362 95558
36379 66460
49955 39114
32821 3560
56660 96128
16597 60992
30998 84720
78095 4678
41318 37624
44456 54994
67701 66986
13915 53681
61159 22284
66584 51394
76469 33494
72512 53368
1291 11063
16458 90363
7370 95121
77506 35111
57031 66809
51396 92426
11498 86968
79653 91018
96016 69516
9259 77086
33546 92615
32272 39280
95580 15183
72515 98785
5535 32957
19750 46117
59199 990
76689 96739
46109 3381
57134 22486
38862 40407
34555 71502
45754 97517
87563 77648
25278 76054
60645 32658
51242 46146
13283 54624
10948 26968
41013 15194
47332 23825
89308 84947
81366 39994
65647 70324
31195 57046
52153 13207
18344 95994
61784 79276
19301 45648
74432 39031
80942 13780
24406 20816
49526 5210
90486 40545
56672 55046
79086 53644
23876 84722
35264 3811
90864 94540
28324 13486
84804 8213
16259 84744
39893 80675
91933 91842
55659 41215
38692 73663
8386 48616
24255 40630
85933 14607
7784 49012
81710 8793
34158 83671
50400 13376
86260 36020
88910 42130
95440 78769
25336 63728
65229 11788
35221 99376
22057 58834
96076 68348
98552 59624
72569 83409
87967 1030
85679 39745
10106 64248
7856 93873
53814 36219
35543 99388
52343 3238
38798 47694
23444 42334
90008 51369
49878 41472
90888 91396
14109 37179
60296 60551
22203 29427
41780 99760
32246 43776
58620 38929
86570 48141
51557 50447
23333 15833
71081 88741
82794 65625
91442 60991
20623 1044
99139 59231
39454 84518
78127 29724
32663 19005
85952 43102
47789 42111
14001 67363
3941 71778
6677 39037
72410 32915
79854 23218
4156 77936
48822 53115
82892 99022
93978 37509
86625 65843
18393 87795
86022 97948
25449 4537
57 37337
68051 17699
80590 4108
43442 652
31883 60654
44664 17895
46665 53770
29130 92954
19321 82016
92959 18526
22108 75427
28068 84737
25962 38748
52603 33283
92077 20357
95031 99900
88483 97870
72769 44245
11807 64123
26167 99978
63143 44963
63751 76079
67288 35411
29369 46216
62942 91274
27170 88623
58749 58618
52242 85425
8107 85101
79015 27921
18675 20894
14039 7588
31155 32028
69835 96500
49630 34858
28830 8958
40092 1314
26114 53811
25797 25549
73659 57466
95178 42508
66786 33933
62956 787
91331 88375
55138 99144
45375 98621
83384 26504
93643 7506
5035 62851
67599 84224
99021 46203
91561 30758
24423 90473
45895 27989
18258 32184
64272 95762
957 59336
74844 37528
62635 35244
75895 64883
98930 40653
78114 61765
29404 80996
61362 34692
59721 13540
49295 37658
78124 27726
87830 69284
70218 57018
58808 87380
17022 60021
46553 59504
61784 30653
47730 36368
36665 7335
63503 41763
5752 20986
33457 6571
93344 60689
32172 32636
79056 72861
8011 6497
36889 54209
83368 80375
34404 73972
35860 22960
97738 77539
24661 22514
27225 47180
38050 55542
16694 58947
43081 76233
79477 72753
89066 51406
7907 37904
42266 76153
12381 69968
11009 12149
48438 13334
35804 57280
97173 19128
58011 92234
99668 18338
19172 79130
3266 47539
65326 9800
53250 53280
12071 8324
43402 72977
79951 32910
19461 42079
31035 70875
63090 35165
57875 37175
46114 93612
34068 6909
8861 34340
46606 56929
22750 28274
55878 10215
3475 18004
18550 46953
82622 48479
713 87060
1910 89978
7199 31979
20135 60608
6671 85507
1454 93698
52864 51142
34237 65219
9998 49424
92861 27066
54572 28885
24487 74451
48444 38713
97546 92942
76792 62006
90601 7743
91437 32250
84794 34444
70971 95494
17863 86802
74006 88112
29841 81313
11912 66178
24296 63131
36045 65240
41364 4441
9621 86854
72080 81478
43077 78032
59561 65442
5622 57265
22787 28832
61045 85332
75188 17736
69857 38206
94247 85654
66545 10370
72923 60569
67211 98603
22914 63861
62350 96438
15906 63553
97961 17749
60439 35658
40193 44173
11887 60014
30351 16120
95852 13442
93952 34212
72486 589
38131 58867
61287 66858
25055 41625
15405 56170
60906 93601
25419 83632
88435 39240
83304 28275
13097 2944
94270 65759
81 89679
87132 55284
13860 29037
19269 79206
3630 12010
13583 13915
32177 91205
37125 76592
90592 73590
39974 31893
45412 82981
6019 62220
25498 85360
8708 11086
50963 55818
57380 77158
62195 78422
49681 49203
52211 51344
2157 18987
4576 30884
59504 84339
87289 89877
9091 28999
36276 13944
4038 25593
97593 76278
90795 96745
11526 2509
6200 93650
7977 68816
48586 51997
67145 92611
38413 79916
61470 55999
12132 51889
77716 92052
57383 57907
86605 20290
80992 60848
83100 86911
60973 93750
26026 79668
67106 68136
5972 41632
42724 14079
78539 67379
62990 86630
883 38292
16528 54430
58660 95420
26123 49368
2188 56729
23798 19325
1196 70956
72956 44585
59990 17067
87612 99660
49718 10240
26248 25128
15750 70983
88198 21910
54103 97908
7570 73345
55535 11627
14746 50472
51334 39430
13888 63872
28392 5395
65052 1009
50966 80979
45720 21716
62404 21725
10290 60347
60828 8760
3357 99849
75098 21828
10080 73558
73167 73650
74261 69484
57215 42695
61739 11053
31298 38494
85125 2858
17638 83523
73273 84429
54827 26648
17010 57936
37062 39411
13743 26564
80639 69150
75777 11756
67859 3927
76913 55455
67858 47853
22903 99657
24322 11721
79972 32202
39290 47010
64793 44661
62344 18760
25422 33683
16108 7226
10348 99838
98682 18960
85747 70
70172 28882
37237 95983
69998 94398
30649 47281
28576 29862
11161 26679
29080 65776
80516 97729
26701 276
82461 21506
66253 69570
36602 87842
52792 46361
96646 30908
12930 55857
7423 74625
9717 67314
13720 97748
63693 89243
27160 56525
16858 65916
54842 46134
26849 37212
63147 2033
80059 88115
59056 34895
57141 42193
44573 93658
43279 59286
97534 48172
34013 94807
72818 45622
33737 77504
52299 24026
79374 19692
9999 66898
94559 12463
8410 84967
34750 22221
10842 53562
52037 16480
43569 97886
69409 51797
12695 46619
27089 1583
13654 50029
50124 48995
55084 27524
51672 3387
58828 37474
85300 14612
58525 30816
3535 41215
74553 78408
66734 30947
74512 91100
21770 42393
90275 91214
90351 32751
4521 59270
14207 22278
94797 1312
69901 69300
1805 93835
38179 21667
72125 54923
67356 36784
80514 92759
81514 43757
52632 94171
9297 30431
46221 91864
17994 27904
3075 80351
40545 96862
23698 72474
33144 47674
66787 69187
52258 85547
90294 52683
93320 40953
9149 42325
39112 27266
24831 46520
89136 35575
57622 72416
90664 83840
46833 41773
71173 49812
75763 12146
85847 36706
5106 6487
30364 71244
35737 7608
78986 99846
44742 12965
92073 66139
42092 62496
84662 33640
84498 10817
90914 73984
37267 54197
64145 1062
65117 41339
94940 67094
20210 46918
74191 8380
93769 73790
54347 73243
89869 73662
46277 51943
48893 53783
24581 15595
16619 71084
6985 95109
60925 15380
74079 88709
87727 78812
39822 90705
80847 83426
8046 75556
39808 34619
93611 25291
55768 99822
98598 47398
33569 78070
48756 16429
22843 45507
74109 81288
10745 77082
8286 88790
90688 16913
2984 49063
42827 54868
2014 82626
27625 75683
4219 92192
36381 89713
21418 2223
74653 53702
95244 31952
31829 69694
21590 58552
83073 24969
63440 34547
18166 46281
49239 36637
8889 73750
71675 12583
79622 20669
12674 68280
95659 10269
32035 7241
57066 87273
90092 86472
29339 32169
17149 61014
84647 4472
30283 68937
72046 87911
30462 57739
97218 97401
81971 27865
9514 18245
36474 72260
60832 22392
99704 79507
33427 87312
17415 44672
4934 58594
89266 43606
87983 56564
69850 38234
18841 94467
79603 4191
8546 30783
28167 9840
69246 89546
5426 51242
66706 14877
23076 23230
91161 41827
49634 71508
10115 35772
52870 76323
14865 18172
40986 86234
40026 81833
11009 55931
98058 79168
7631 79930
24926 26480
24331 41410
9256 46077
91828 49584
54225 87007
94585 63030
43026 28000
57088 32537
81818 23586
4000 89652
8300 63575
81766 40371
33661 64679
94996 40313
22074 6221
53949 15098
58336 77946
64171 36993
87074 65393
91290 54412
36935 10217
95194 15659
10506 3631
66544 47876
37816 55361
7733 14482
81333 66803
61174 96993
81687 79246
83346 32308
65257 35500
56448 8992
36522 40894
8326 61934
89676 99878
67651 37693
41013 94941
11110 58397
66913 23854
86516 27573
67262 45561
8998 70013
69390 15057
42312 41285
77321 95999
34428 34989
30392 2748
22037 91723
56987 33275
23004 95624
80388 32413
98991 83843
77114 19034
76733 98892
49079 48415
59595 10602
72266 58282
56754 76374
91350 74992
9406 86302
64433 95192
65040 38147
37894 27902
67421 89819
41908 74705
8046 52719
67084 81876
18110 81822
48086 54145
39839 25305
41325 65
98453 17829
78175 26069
91417 62780
53070 13553
82935 8364
90865 63259
56624 6454
87123 12848
39065 80944
55987 74496
27418 38372
37827 10541
83665 37871
58826 69840
65548 71427
92130 73556
25554 77445
2682 51225
20795 45903
98996 58514
37299 22959
58184 42279
24507 41382
17696 77812
54600 69035
47418 16552
88802 46118
80201 79783
61927 13077
85140 31369
89925 42698
50198 41561
1123 22442
15740 75382
24217 41743
89290 62901
90195 94376
40471 6429
10802 21620
85068 37673
63371 93546
5928 66954
36198 22485
26335 65507
88384 78352
17718 61867
68073 19790
14697 11022
93735 40340
66054 58989
46514 573
69327 7609
30357 51541
51580 40860
60339 98559
33111 44496
80352 98288
30142 1477
55268 90097
81924 78784
99708 3136
12560 87318
15129 69807
93692 17653
27518 27460
14039 29436
88838 28184
75268 87806
2683 30840
6169 63204
70784 93127
63553 93799
81769 12378
16122 50521
62878 73050
7512 2173
17724 19366
99328 16811
35603 69806
69998 16558
22569 99257
30255 85925
41877 45344
94184 74661
30629 85265
74573 54549
45561 19341
35658 40528
53669 36969
39390 28615
58067 45457
77051 20285
73343 58081
22792 71497
79193 17130
91295 23383
52070 76435
60207 91015
79200 21173
22107 32077
60177 82686
9720 81423
65628 32111
24243 87274
40180 97918
21641 93998
88803 45397
26958 51837
60037 48465
1927 16784
76810 38660
1455 54514
69399 41683
61622 92035
94725 13464
73565 42966
34881 18337
95867 95475
80715 87919
16443 78422
89719 26744
14172 36430
79247 43558
28784 17183
76366 26006
49533 34080
49830 73658
15615 87998
12763 57079
66340 96631
57063 13864
29550 97920
10452 85177
20021 46080
39557 21068
22914 80882
22637 60120
78869 7943
73333 95493
86177 58946
69531 96465
72074 5626
16334 70638
38414 35419
53971 21857
85913 27365
55171 3013
26319 33868
40106 6150
48742 62774
7146 15623
37097 53024
31958 29020
60214 66906
28311 61392
47905 7334
72139 79105
66127 48733
89472 2047
57276 11018
67454 37009
22741 6636
13306 2831
39775 30776
84516 43017
62446 26326
29082 52830
47439 4127
67570 38278
76190 88453
30420 2473
69744 91083
22590 50726
63691 11881
25407 96205
23689 57545
28604 95429
16025 74861
77965 31559
94206 51335
56417 24896
24718 52030
58198 147
51028 46768
23810 92693
92814 34154
52429 99728
67695 94898
7444 34912
94910 34334
57128 72313
47350 19642
45133 22815
31460 1414
36539 73548
13484 5270
61281 20941
17093 71664
17661 5477
63064 8753
59109 84618
68868 45897
13281 95939
18717 42330
65806 64112
41577 89437
43420 84770
60898 41245
70609 17054
78359 5721
22309 33598
12714 85318
23492 61776
9779 74699
41295 52629
96923 83300
82555 93123
42402 45344
13008 94500
51067 62211
20267 565
72746 5381
3708 76616
61421 24688
10761 43650
59536 8933
63977 68125
18295 25016
79658 81991
64216 58416
83500 11970
16094 15208
50532 24066
17160 86129
28794 37266
80487 81614
97835 31951
50883 40342
1927 19595
34999 18357
66804 53291
32017 10347
11401 43754
32307 60107
71060 57588
43989 21758
48309 34187
28512 21790
480 77574
87924 10683
63199 57133
15203 44217
61902 95390
56596 88976
41181 66187
74881 22987
10066 64506
24697 37418
59108 50212
36191 9120
89601 63126
43144 2133
19625 97235
67105 98436
32880 11439
83368 43166
9888 63926
49486 66470
26485 90979
91867 31956
49983 43241
96106 94514
3875 11022
95176 63713
20347 1387
42745 37685
81681 22477
68116 39477
14952 27991
50786 38524
2931 69598
62402 40155
33532 97835
33576 98580
60287 95709
20954 43872
34668 83140
96306 76555
23816 69095
65631 99667
57292 64383
58531 74572
77445 8218
8118 36222
19890 34553
18978 53797
79210 27474
84133 30929
80211 74574
27058 84388
46796 51148
99216 5431
16932 96541
74745 724
87104 10470
66172 14941
93945 70113
32156 88388
33660 96092
8239 74001
75592 35928
93248 14048
94611 57579
96174 98496
10758 52126
55307 66485
14524 50256
701 15446
16039 11186
14240 53391
31147 50985
67009 14369
17345 36592
48357 82717
5046 55411
35040 93549
88425 14260
87551 99883
7920 48297
33439 27528
29747 54076
1875 35206
94736 53514
46113 42590
85334 12421
27302 5244
55306 29298
1486 6334
74469 71500
66908 56280
19379 56159
98888 34034
61173 48781
41020 63144
48448 6285
41527 43145
78492 49127
60682 87738
95655 23097
41661 97840
33455 55829
4491 14201
52475 5536
54497 66900
39715 23925
32707 72468
61203 72160
25704 33441
20749 9732
68409 54998
40803 43190
26262 40804
16129 79231
8465 29742
66497 2045
42640 1035
39412 58114
93583 25992
2944 67124
48732 33635
55933 80780
36506 65905
81047 82039
60862 79320
81455 17912
14709 70358
24314 3652
76604 13816
48224 51876
32294 88996
89566 31894
82362 32048
72933 26285
11507 232
81465 30349
96926 31052
36978 71567
95199 88815
2302 47715
61420 88697
40637 27177
46480 46982
49348 78423
23178 84102
12123 20310
95339 20731
25855 50277
98620 44541
30816 65077
74262 41881
60484 46507
98567 16526
95810 22177
73172 84815
65512 5444
93169 64964
13878 26231
27595 55912
21953 84623
52191 73836
35889 32246
29472 48755
79235 81609
77972 92244
65319 5274
38648 72412
45123 69902
11704 27945
17422 3775
17112 47247
19254 9243
27662 46103
77627 32547
83620 80635
2385 80269
74843 9100
71010 47587
38371 66156
27242 25154
51332 3700
69369 66460
54009 98607
95541 91094
23888 85117
52661 71787
90123 62481
71911 46983
10977 16116
62154 68940
87645 11776
47541 19312
80094 42821
36143 15037
31830 21895
91028 36176
92620 30366
43798 92571
77402 80820
23866 50212
84175 95179
81623 88387
6061 39957
7611 39848
50668 58
31685 1074
83766 3093
65356 35993
88073 90103
72182 52325
7576 83043
31074 44500
50122 20496
32351 30264
17305 23755
7570 95415
63349 75986
5812 99786
62783 47833
9714 55518
29038 28649
69323 26006
3245 65148
92694 85062
51003 77731
12569 76538
84553 80640
54099 96653
30336 81356
99251 39250
25625 84914
39038 29935
80578 84530
21709 42557
12896 84735
43020 50249
85447 71617
26685 37974
90372 5300
93491 47961
22356 16999
22999 74268
96170 74847
61415 33691
34925 30865
30642 91146
88599 25035
4829 46668
97207 47979
29633 44797
50032 65190
79626 22410
96408 56835
8505 56916
52346 45886
61700 56497
87732 46918
45873 85931
31226 71806
50078 10719
39121 30431
37756 6366
76885 96757
90159 44079
99027 31102
44816 54539
36175 95087
37547 75840
80512 66702
31809 90383
98447 10232
46375 56783
94460 2397
93990 51399
28025 59007
25241 57463
53580 80727
79634 1680
1233 92144
50132 6263
88118 94090
6586 80838
79198 48280
52047 73451
65919 97634
46773 28328
93476 48484
74174 47729
2955 98733
31798 91409
40359 95585
4215 85573
99487 93752
77170 54207
80078 41277
27149 22564
79777 88047
45472 39695
92572 1155
10007 33228
34517 10816
70035 25117
44983 81377
77193 49081
65729 72695
18657 76904
99557 53285
57656 75752
65353 92482
6046 41323
37993 65530
90137 8919
76851 5325
26497 59524
77161 63215
15106 53378
80835 23526
35357 5040
5578 54512
92294 18630
30686 53690
37287 74828
74705 68073
1820 94049
77706 25557
30710 98133
80772 25417
15160 67822
59980 86277
2973 6343
54214 89020
42128 25421
26408 47126
17394 23041
93565 62191
56727 13720
51971 88854
58313 37022
74894 56271
63460 59982
69731 86322
97624 7004
62205 41642
61611 17163
39308 27350
77844 84439
48337 43851
96385 75501
10916 20464
9458 60846
206 47712
32507 37296
17519 36044
32454 88636
81145 70583
20783 75217
83378 18136
20550 19584
23543 77051
39504 27022
10452 29696
89703 76213
41228 26907
64725 72675
62039 90098
23581 5593
84767 62274
4947 66221
6178 91131
17406 38696
75603 2911
90333 1065
88601 13863
50623 48705
76815 1822
11273 6261
11010 19076
60821 7391
84022 51244
57453 71629
39618 37566
91444 7105
56943 95606
54397 60783
33852 2435
49714 56866
84349 45033
30830 78327
25272 66815
84259 1663
72902 40754
39126 42242
42968 91552
77566 72599
66640 90686
15208 59437
59491 28307
81526 83622
33214 81690
96475 96470
67038 28356
20096 64456
91926 10964
85539 49721
44781 55425
83027 35323
74781 81623
71797 63700
51830 49558
85250 2940
71032 55506
93126 68323
88413 64945
41731 86568
64749 48528
3596 26499
70791 11455
82122 80860
57599 95264
67259 84369
12954 77644
47982 15796
54963 12942
34376 38219
96922 90213
99426 80143
53680 15622
98056 19661
45261 75225
32699 65544
87994 82967
47568 12981
59767 59410
29520 63965
74006 30861
83446 22206
93502 59328
67444 47147
36137 11989
19470 51815
41958 57550
95932 79630
50936 53500
95341 44781
63572 24777
89407 24101
27527 94192
42408 48460
36654 22815
42352 86763
56317 11356
44532 60417
79769 73437
59493 33278
84189 73582
199 105
22425 11439
54035 73243
76334 25812
71797 34562
38227 16643
2638 76703
5907 49849
65651 66984
20045 55238
96396 9063
86227 38508
73430 11704
51627 60388
65922 31855
15825 71001
25619 50000
17715 67850
34084 5333
63284 49900
74176 42348
6569 26662
40552 43350
73471 27412
31505 12617
62931 43269
20355 77967
14424 52029
64059 74021
9205 1075
57609 87741
4356 85780
77843 95260
46005 24190
38160 52605
841 54566
19502 93196
45847 5907
94925 81323
39466 52832
71426 24496
93344 48542
50709 40165
8845 87567
46723 35815
36310 54893
11388 82664
36023 90465
19942 72718
74685 48972
23352 43633
53069 48097
84288 54560
6811 72489
29278 75709
56532 27774
57863 88252
33877 83632
74658 91272
60849 77475
1710 64735
65998 75919
16987 81425
91272 92511
77900 37764
9261 47346
33947 65683
72192 9789
27637 17642
89335 20936
51674 8492
63101 97516
79230 17198
58864 95931
7755 71577
98948 65784
26493 25099
10270 65051
65156 30807
67353 1038
70854 94688
87461 18
62074 37794
50595 7227
19853 37194
42986 49776
39681 33880
93893 20428
5898 19908
33299 53472
14063 42327
41958 72014
57359 76301
65988 54511
35641 32506
6569 61199
47026 63330
32675 72524
53331 7134
45781 2074
97225 12382
72437 2977
76596 39906
51309 11741
91560 77312
99005 70878
64014 60194
84119 19302
44804 25572
31810 15853
25241 42746
41081 85312
81906 89320
42473 88094
30088 61480
19606 92410
51400 25736
38902 7068
57425 81513
34356 30528
35129 31777
67535 38933
63401 21338
13336 36670
30492 75793
39544 12245
15300 67192
13127 92195
96517 73396
7766 39466
89464 91839
8326 56027
7722 49063
47663 33472
52218 3309
72154 44755
55390 97544
86407 63685
50623 5535
50280 88568
20280 61714
60772 71941
10651 72786
84373 41848
63244 21029
61130 93422
75876 26371
63238 69054
74415 84763
36191 44045
78862 13391
768 30232
69046 85427
8839 5550
12528 95570
31560 22228
55575 48361
43016 35775
17565 99754
29410 34589
55782 42747
36710 13869
52074 6164
57525 41602
10999 40069
38886 29860
94318 70093
97573 66798
21954 38148
68014 84849
63452 49810
45910 99952
65881 981
13827 32994
25898 55008
18703 57172
88690 66806
94825 67556
14316 31539
34707 75399
97251 31235
18789 86915
38968 9385
10729 40182
70720 99322
73373 9325
69251 39647
52980 13294
86174 76343
20821 59631
89794 81906
10682 68604
47411 49431
60595 82069
63881 8415
59457 60429
51570 58423
79835 12844
63470 87106
32012 60014
99826 43989
69682 18690
92230 19162
59873 98413
20871 41005
37182 18180
17861 1026
17029 31989
87462 79069
82116 49183
74882 17400
94493 341
54724 79937
25512 33374
98159 6681
72142 96760
55863 58870
11087 32081
17924 41282
56317 58125
1395 34169
74751 90371
88564 5135
85391 12736
76045 48168
54428 68194
1237 97118
66057 34845
64506 25951
36844 61914
51068 90893
53552 5331
87279 36092
44307 60761
85373 73462
35497 48974
59682 3034
15927 86379
88686 53945
39065 58299
46407 57
76828 56926
21316 914
50340 53543
70355 9875
18984 37055
36980 85885
71057 18976
52763 7815
71807 47546
92626 24569
76036 85233
3796 50449
79942 59677
8404 11713
4225 56040
94132 76622
20803 18612
42158 84051
32815 13683
49167 14812
62491 7757
7670 38540
45777 62973
56026 11127
37905 32148
65313 68360
96942 9269
14986 47101
44845 41591
30340 92742
8873 7783
74132 50921
15794 32579
24019 75073
73224 26079
22670 28794
93637 46980
71045 51767
82897 48844
70892 77197
88491 82952
20076 64613
81831 96730
42851 4221
11242 10683
96736 37288
24720 79062
40520 17481
24775 31211
29268 3740
34737 47661
52785 92398
92646 67364
84414 75040
21872 32716
2641 42024
3693 39188
77651 43599
37584 65600
79231 36532
95999 24392
44135 31207
8375 93239
13263 75279
98180 52972
21328 47333
42634 59356
54326 41463
1375 16430
57475 45990
68974 62174
91658 29064
3061 12378
86356 2310
84039 37256
35166 90815
67532 97950
45177 76900
65052 50409
71081 96602
95496 75943
30119 71355
75153 11660
15423 50453
36750 55521
11475 60201
51371 17920
54998 49485
40741 84378
94193 49931
4622 8721
77985 20832
36591 16638
28791 89789
22785 43180
18743 16170
53459 11035
74329 11294
98472 86142
16524 76200
60534 62813
37262 25417
42567 52596
95637 5687
48155 58226
89673 48188
25957 36891
10631 71221
15274 37319
86912 32308
87301 21216
1623 31839
17030 39784
89735 60846
65582 70641
3291 32944
7028 50563
20180 35207
99779 75225
18023 54599
47226 86372
83452 89051
25450 58151
28528 54785
99772 19289
58900 35593
21833 82342
16587 49593
34687 72654
9392 64556
10531 49765
53134 57902
49929 36817
64550 99042
46910 85616
80908 23004
26623 86063
62474 19880
90591 61171
70620 31329
25125 30068
91219 37178
40843 32285
53650 49177
21088 33486
45940 59063
12231 30842
64100 28545
53750 33833
66467 52378
6552 85367
91077 48631
59244 61427
42612 41057
20227 18497
4524 52023
54117 57657
20669 713
27341 54501
14893 79838
6889 24647
85107 73391
47963 66097
45117 50793
27514 31051
95499 63567
36562 54512
55697 17142
20704 26897
43289 61480
63126 74960
16575 48322
67101 7495
33587 97397
61134 98367
29979 97512
91480 8569
1198 10388
31966 46921
19162 9063
99734 27637
30686 33058
66858 34074
90865 40347
94043 33544
62745 83420
53785 33633
52853 85858
28108 75710
1332 46974
58511 75562
32572 37239
43951 61476
14020 89255
80912 16514
80313 68730
50280 98921
37821 38610
41602 19254
84675 9733
28413 22296
36661 55101
88491 66227
10094 34775
52466 19134
5760 65989
6094 96006
74288 52876
10349 12841
51349 967
25009 71804
33884 51234
53298 27910
97959 56319
26202 75714
96393 99733
10599 25761
62668 92523
18892 49638
13835 4226
74320 36584
67608 86953
15181 49203
34295 18342
63506 67271
17281 54516
5538 65047
57187 6207
34515 716
34908 82666
33328 89984
62146 25129
91640 34211
33374 50631
4348 4794
6795 33986
78628 6651
1371 28426
94603 27409
86450 84837
43871 12286
48937 48494
32130 75572
84332 82321
2892 2459
30012 16689
24742 35151
61870 79779
95152 53279
55659 18032
25980 80719
48462 45655
93904 39191
32809 4264
83240 95937
58144 24874
91283 97423
43532 15350
92529 89554
57465 88537
70427 64788
75656 54934
30203 12272
48334 90306
39695 96884
68499 37414
27595 99366
64628 17569
64404 75996
10082 25924
51557 97890
59937 34803
55630 81016
16650 45227
62896 76402
46633 92854
79938 96054
16607 73144
7055 81793
14785 43014
32982 37059
64791 4682
68041 88542
79038 45537
33486 75627
66503 98780
45313 3188
5557 69474
76368 34907
28291 14061
87389 43474
37980 59049
87680 48609
10753 60216
23683 7492
35559 67760
22148 65034
63926 96859
23830 7351
56939 15382
36128 92642
79414 16562
27292 64056
72413 14967
7449 13303
46744 51004
57978 52820
53139 73712
10741 52854
11439 76020
42261 68888
46496 65887
69913 50443
28976 73977
85618 64465
4507 19552
16809 15075
75025 91238
86326 94221
37208 13168
44202 25005
392 7257
53830 95671
45068 18061
42050 80659
89511 48558
30663 15518
17229 93235
42357 31013
62598 94372
42238 62957
41070 59615
64809 32782
29688 39798
79120 13139
28806 30255
70082 7867
36787 41538
49570 65595
49129 49663
96358 47194
75851 98437
10137 9844
77613 82316
85017 81144
7894 96092
64409 88618
35813 12500
10272 14721
68425 18564
809 55530
70536 56755
53217 47843
35449 69530
2029 57825
41962 80230
81505 39435
90906 31386
10793 27388
68192 85931
78020 86949
60642 96034
43300 4200
90719 33630
31439 52638
55334 17455
45377 62962
46780 28508
66600 96772
37307 85758
2086 49736
90189 59715
54099 63300
66901 13484
56793 58901
86566 26447
71446 20970
91818 3733
797 70920
76796 84157
46069 24068
59886 53943
10744 71564
51972 14922
17814 97023
99575 57168
62832 86064
49652 29044
79197 50343
94458 21818
37832 95840
44000 86776
21871 28105
5292 82837
51238 47336
38460 80113
72658 32884
77665 47549
96527 84215
99264 32830
10507 39474
81071 25454
3240 1625
11198 507
11198 35923
74603 44551
26166 9211
29836 39718
65232 80930
88970 74595
98910 65002
14944 77019
42727 54636
42688 91968
61925 7123
42574 90615
91623 19999
45955 39258
31536 79428
58219 95128
81974 26344
10855 13360
35876 48520
42892 24825
55736 2579
69955 94781
38629 79821
14887 61658
81042 23918
93066 66912
72730 41793
8976 88917
54955 30214
57617 97076
87175 50224
16700 5161
68997 92231
60911 30231
60464 15654
82976 15506
93255 65662
24951 42373
36700 74802
46737 22030
1205 25881
3807 81949
35342 48704
34853 43321
3733 10501
1819 90330
26573 60541
35535 68976
6092 51438
68930 37243
78300 95670
82758 75152
99197 21826
86726 69691
95874 92984
17054 93111
34320 24334
59967 55960
76162 72464
63373 82689
45991 65982
29280 45966
36642 68939
11910 85484
58249 6783
71583 78428
38120 42646
12448 4308
34363 71679
87537 38813
55287 89278
6383 81334
19777 62091
55883 43087
17845 54737
33128 67215
2625 29455
40673 30511
90183 23962
93441 95325
4095 43769
3561 70586
34930 12136
72973 74972
94752 55510
44311 92205
38491 74983
11683 98922
15498 5778
7169 28740
55623 32835
26359 72483
35137 11899
35196 12222
5435 47627
96862 94436
45067 85821
71773 34646
34908 29675
25166 23786
29900 54086
51480 47978
48431 42512
38202 41555
74442 66114
73123 33719
5816 84487
86041 94203
92393 23871
13075 45593
48830 27645
14975 2687
60526 586
53213 45359
56101 53024
33 24637
47263 72687
66485 39220
98513 50651
10228 67633
83297 79675
64465 56230
36137 25404
46062 83033
99128 19709
75429 75746
86512 12177
55267 53360
34441 81184
18024 90949
58669 31141
85320 35030
80762 56561
9293 72876
37539 65447
16146 46149
79343 62750
32169 73107
7897 41282
8119 19900
93710 81972
93587 8280
36338 21989
14474 37271
85435 79455
90398 65048
75380 58940
68962 14163
80348 77869
13792 25872
87717 77684
17075 52494
405 13034
46765 72445
36808 91514
29106 12932
34540 28292
91867 79932
92835 22043
14997 74578
75813 26215
52255 28713
51099 66052
30831 50710
85509 88097
64270 27170
57365 13442
19575 11532
54354 79647
65180 5956
92950 63971
72961 18801
44112 41677
50463 27564
26723 79122
2626 27651
69669 77273
83660 29303
87553 52189
81392 98142
41238 86959
22135 59650
93589 40146
57727 17279
92390 81373
49590 25321
65828 57821
87715 85508
3452 4464
31006 83882
42899 17258
93843 72937
29149 75764
228 60290
64774 69768
55972 25131
25517 77175
20316 98574
35332 55843
51977 22792
53330 36485
34748 77323
58193 4200
14009 44892
36112 63148
94105 52565
65841 46532
66440 66308
11244 66488
94951 52491
33227 89060
25355 32830
70252 4919
99356 93000
51234 13301
49687 31782
5044 57110
28621 73770
14141 68964
96418 20345
56042 50113
35246 44334
29279 28415
79871 82325
49555 7494
68917 7856
53839 45745
50661 49942
97970 98609
17431 16207
7504 12041
46856 39417
76142 93872
92649 95622
68808 40178
22301 68572
93836 9455
33759 23635
7612 3547
23098 45051
74256 20988
98351 27667
19922 98575
21043 46163
34336 84132
43406 37571
43117 45213
13629 64129
35712 29779
45296 62592
29651 87697
26445 1571
39381 83255
33643 76934
62953 92312
31224 28310
75813 40924
83764 5587
66868 58335
95795 48117
14100 86128
71103 64420
50073 86035
46740 82655
328 33856
87619 55542
22685 95713
94831 53456
24933 12344
3410 4326
59845 87383
84089 78470
48113 96933
55300 91473
86421 55584
84136 37981
23408 55190
88652 34387
96500 64842
95503 34898
1032 87254
78528 61994
42086 60259
77317 31426
37981 37618
89557 34388
93455 88022
66878 48427
75508 82008
9279 80011
34166 74674
25775 57770
10963 61109
85109 18799
17631 99267
21901 80794
38655 27349
57993 11836
53390 97078
21358 77786
5180 6565
46867 30062
70186 74200
20965 28422
28591 56756
76422 14883
94390 88853
99529 88412
83902 79181
53528 52952
74680 80669
65807 55927
35181 1917
46814 79242
44374 50554
26762 983
30434 4370
46956 36918
39571 29850
11056 58198
5601 72025
34680 83545
53461 56938
70327 90995
78223 64062
26039 78895
43298 28023
16115 56682
45490 59631
67613 82774
78045 41775
73817 73241
8623 65784
52160 49003
81964 11389
76511 96667
25450 19559
27413 55115
50964 9008
57080 47535
94856 66024
12369 64275
98618 61204
78171 48498
94479 37417
72904 5343
53059 2677
5948 57344
26723 78583
55760 36621
2708 33090
80592 48726
59594 59038
86942 32923
75858 87207
99469 49041
86792 64460
49190 92484
77537 50449
87686 46927
95875 80750
23998 82885
45288 397
91954 60140
16383 84175
539 1693
41483 37000
73061 27046
95266 74335
98193 72456
97679 78799
51028 51096
51024 55689
65750 86306
29656 76880
56341 73089
70926 79451
43743 61833
98573 60918
83611 41278
29986 51649
95297 71578
60721 68784
34621 82027
97137 96681
3024 8850
30859 89193
82895 66021
13310 43839
82306 18957
3422 63536
29670 35753
12689 87921
46956 62730
39345 21488
5816 31253
77068 23852
94402 50020
51815 41496
97976 79205
80087 92380
64186 10297
86022 20084
15741 20022
61812 83567
84905 73190
63188 61489
4379 4838
64906 34385
7044 77736
96212 18652
94791 35889
26942 45040
87903 98203
80332 72578
54775 14708
1204 95737
18896 61566
81505 78480
70878 73261
90161 55896
71723 53740
68824 32979
72915 18008
29499 37402
64999 42595
58166 4089
82474 91731
9495 39566
42231 12256
67968 67565
3608 38905
85033 75102
7888 54368
40283 50045
75251 38153
75222 20314
97353 26111
77164 9079
80015 40608
68996 41133
16501 86620
79512 14375
76576 52089
69111 19748
11978 72626
86212 78905
12445 43027
66484 87629
1884 59839
66420 95356
91643 21259
84002 90133
83682 22880
32495 20732
21421 91100
13155 48392
81518 20657
73689 51206
49066 19269
80126 19892
98264 49873
14582 88103
75206 61154
11672 28614
33011 12923
95821 75884
63478 689
18388 14538
44790 57805
96449 6626
28879 57422
48634 48429
75251 53668
5273 95510
96839 81206
14861 16125
37730 36157
70712 64214
28177 2535
48050 31719
63894 92341
46436 87213
58340 31741
57519 97911
24389 81384
80579 19562
78228 2485
5672 81659
97283 55861
81048 83192
13815 83085
7138 608
8263 80823
60137 62534
15584 97857
77219 92466
52804 85036
75003 60351
54854 80974
49488 99934
55631 95441
30932 83730
8125 38450
15533 78867
15679 93314
44375 11595
90138 16233
98335 64411
81991 19518
31050 95319
36882 63248
9868 16614
26460 86624
70834 45155
74939 5828
96345 31743
41333 64710
40532 47900
10088 76195
17513 88435
17829 64173
14005 8943
78288 69641
26116 86000
59042 10802
85081 62858
52519 50804
78892 69251
43361 4145
44935 49144
15203 53248
32489 72568
40342 60265
36483 18023
22167 91562
13629 26973
40983 25621
63954 12517
26010 42576
25007 67134
54521 7347
69176 85725
18464 70510
91044 79209
99760 64160
88028 66942
3326 5569
43392 52587
48626 13177
97089 68340
2281 91526
22984 11344
88404 12026
54126 20044
64087 5243
87490 96294
2474 91682
85350 73778
95836 6876
9714 34969
27915 77036
77872 84821
84524 69607
31614 22199
12202 15478
91055 3777
66559 1560
83818 26636
79452 85245
32010 87812
10439 74828
56284 75046
32536 97982
61668 37513
2363 12736
83256 49266
69585 28501
66115 78462
59342 15058
37508 80892
11132 86977
64972 18960
73559 43774
388 10994
33904 57021
5540 22253
5642 15970
45885 51136
44352 82087
36561 97408
19261 16186
21 76436
3522 96572
53398 10008
69251 90147
817 26587
45354 70072
86457 21217
87123 186
45332 42017
42511 24474
17695 3271
43745 35229
60070 87092
52547 47005
97421 23737
51682 77416
68074 15328
23230 57759
45863 19523
99756 32921
79173 97267
38612 49213
4852 59794
94866 14411
82044 53273
42201 7316
99960 66291
15275 20957
9174 80928
67842 86369
97688 89875
85771 38060
69909 98580
69798 94464
12216 7391
90279 11156
88256 98500
29080 45232
95775 22309
81909 78642
48988 2266
5614 42988
77265 72944
78792 20291
50765 45254
21532 12850
11602 50575
47319 2373
7640 62130
55929 65726
65993 76525
5430 93716
43075 91630
94040 69327
34041 67673
33210 16525
1458 38629
89902 13952
52744 32126
80729 20142
30251 54916
97362 48432
75804 28043
35494 72467
88306 43322
65207 14138
98200 91980
99416 537
44141 81905
59091 20316
34498 65326
25347 54366
98816 20409
80090 64659
34496 21278
48220 35614
3344 34141
7682 54395
69301 27977
62649 94583
44547 60330
26464 99090
24679 28924
98733 97700
30014 65774
6665 96918
63259 8228
7023 12996
60901 95574
31345 45378
68086 48175
53075 73908
2045 15214
82158 87316
37565 46120
32975 52879
90124 8068
24725 73896
52853 72445
92982 59092
29526 50052
11258 55613
1859 94172
93599 28384
33441 62268
55508 7342
22188 29585
79390 88206
9041 19321
16021 19674
65812 456
33064 70237
54700 64967
88885 73020
48482 21936
4402 73994
74358 72116
25319 99761
30970 48309
24593 70448
74804 99180
13953 45720
77504 65028
18011 36782
73484 33821
51128 99149
58971 35242
85892 86049
83875 58131
93280 60748
70191 93268
4289 22852
49853 36956
21967 52115
7744 95087
8807 56982
24319 11685
56378 87103
80565 32776
80012 92756
94543 76378
62133 12269
70033 66125
28611 88697
32849 87625
32438 4314
70330 36489
58819 59268
39435 9086
2162 63874
59606 43658
91200 27537
92737 62535
75198 4035
59208 30046
23792 70174
94777 79888
44782 50011
6038 21137
72294 66791
74487 50887
54488 62213
78917 5775
46329 79209
44128 98841
87377 46846
18394 75975
59325 66338
33466 10514
46701 91237
27131 32581
16999 39374
13770 94112
12802 43381
78251 14646
92332 80106
19924 75599
64357 60781
71568 295
62946 72116
58653 25837
76810 19080
95182 18085
28636 42439
68491 88487
53768 22596
29708 81661
3985 53923
67810 45385
72498 34782
40366 41949
46645 70466
75496 59552
33853 43122
5273 23280
28446 20067
27521 40347
84191 63967
78962 4356
19935 4738
8466 97924
93293 50336
83997 39431
68047 27293
17346 49131
26876 22963
40513 92612
6274 6128
31667 79163
47105 46549
80194 49450
32237 90008
24428 10465
8304 35683
85284 27493
14885 70994
31281 52044
35871 5977
2894 97730
74208 71068
87816 45062
50562 98934
52515 97549
22450 88018
28790 38559
3151 13365
82378 21045
23056 67986
32862 60993
4859 15380
86790 88262
30703 38840
68968 96732
1531 97136
77213 16878
8452 86273
6390 19067
49955 75301
62805 63800
72389 7275
8271 27500
72105 23474
59409 31794
6085 14033
98712 8507
6274 31282
58935 4457
35163 12306
79573 99157
42594 26531
30188 90379
79612 88427
396 25097
85503 10211
93653 93155
28571 9400
49345 58658
7822 91052
87799 65184
86254 87414
33081 40973
78340 55230
11543 43278
82603 34658
72922 30392
78677 5333
27994 60921
2566 58522
19016 49840
41239 85549
43269 4016
5172 95386
44905 83681
54271 10084
71805 31071
78667 62496
25345 33849
53857 65399
92295 96179
22782 97832
70262 94372
13651 43331
680 40569
58212 98415
92332 81968
38218 70820
94213 35518
13617 88626
77672 9354
33530 63641
60066 97647
8314 8143
28240 25982
27610 11165
15910 1562
91253 60994
23337 47322
5724 73550
70580 50090
56565 59976
44407 54442
14392 8297
91955 44173
273 83551
74047 6812
55073 15435
65862 10161
5149 20131
63271 5756
38861 63857
23124 46882
6958 48722
47475 62328
43665 26423
95072 66476
19898 83943
20265 81117
55137 81147
28625 57246
77108 95841
83341 44407
93683 24859
77994 70244
49971 89661
73413 33972
64348 68849
62897 62891
54955 42998
93301 60192
68017 29181
35339 93568
85009 8171
47683 27497
35622 87867
15422 77040
16187 88441
37235 77532
72337 46567
24621 69288
65245 73692
71306 77349
96134 35711
42014 20789
26251 61297
92590 45009
67260 39297
79190 74117
67996 34549
29091 93775
34790 2215
70618 42307
35653 1286
46895 50601
65178 1393
11247 39485
21433 77152
42711 55119
69676 58075
55994 83041
11407 94368
84510 11852
66802 44897
831 31003
27835 96356
9515 52941
67393 53793
75813 57207
20946 38472
45091 86400
91277 93976
78256 18724
1961 32809
33002 3826
15501 57763
60517 96270
60693 59493
57222 16463
79668 92447
14824 94914
73388 83480
46811 34149
72215 42504
59296 36557
22594 30751
56206 59616
6733 24413
84528 42524
81100 80184
19333 94510
84521 79993
11871 58076
59263 52542
81604 26524
53248 54938
73520 62106
20689 55409
64785 10230
49865 83677
22346 95940
48437 8843
11249 29930
83767 46238
83408 57797
71682 53835
70183 4612
91680 12444
51144 26635
5356 35342
65786 50610
46552 31122
44184 49188
27049 98127
33359 9505
85654 62718
89027 80412
87980 72237
20938 59901
67213 28669
175 95231
9836 76548
99473 81171
78610 79980
9057 60412
97277 17522
31496 39249
88380 55944
77822 80671
38804 5267
45972 2276
47998 57453
48491 73045
68198 99844
74395 313
75438 59257
5101 99211
93161 88515
18081 27388
97632 20554
28201 75662
11536 51692
58508 17594
62058 31995
71812 30987
74290 60220
32352 89473
6497 65833
39043 91408
40387 48592
35011 14206
29882 35923
93835 59464
63897 15142
30585 85213
47849 62420
9025 17985
25991 28283
76360 58028
56132 23243
60009 5897
17604 31562
8980 48407
92576 54835
69962 42123
66308 61874
81922 76876
50225 37386
4584 49558
88540 4047
89144 85496
44493 91052
52391 6358
87905 87423
81691 90215
63753 64824
90414 57943
86761 54526
71919 60647
15994 63497
56704 47144
12680 97929
64985 932
51700 47421
85028 46581
70803 40605
32479 8748
53997 58994
85789 12875
34719 15768
13253 15403
30457 25474
29713 35639
19425 17046
61937 63535
69615 7693
54310 20135
89807 56725
15911 69317
89506 88335
10687 6598
79932 52721
42508 29145
89895 55684
51362 49026
84095 14631
17318 39481
51349 13866
71124 38153
85741 35092
40794 18417
22751 77022
37370 16070
48985 81398
3308 3151
86619 44349
97689 91176
30650 72009
32193 51968
82173 92644
36758 56698
49731 75531
52479 73328
12572 8015
24278 13515
53579 51479
57770 18412
68011 64797
28382 96039
18374 84108
17832 99555
56223 73097
99315 3291
77738 82919
91293 15519
44015 42961
18650 38036
40938 21380
12815 59568
51534 16146
53400 62015
74813 19232
59138 92257
37970 20808
84817 41929
80311 92152
26588 30079
71759 61394
19788 27167
41453 3466
85089 48505
59739 54923
3661 6255
83253 58706
11414 75289
64811 23441
26456 89316
61986 51150
74625 43375
16788 11489
40628 15084
98347 48057
31719 6181
40650 33816
42500 39125
84228 90226
82091 72811
24611 2386
51791 21643
96194 85270
88341 16716
15732 33678
24888 29402
1147 40128
68967 2965
16305 96167
13413 73201
65570 94704
44905 81909
30064 97595
72252 35996
88558 15360
81757 59478
12838 71847
28384 99592
16243 67343
14634 45896
81127 66568
11191 62082
94791 25273
63989 99958
91914 13626
30566 28663
52925 18043
41154 47277
86273 75868
59763 59284
25676 95731
68214 70875
30532 585
44097 43046
84519 8477
61271 95309
28582 95135
40630 71930
1797 30262
75498 83215
67741 87195
39895 12798
52475 77148
20371 72239
37246 63834
80328 44861
7420 94027
71543 15641
48254 15288
76912 28550
59839 84704
62044 16923
45137 35572
42515 2372
51384 82105
99750 47362
13836 32361
72182 60230
34556 83090
31354 71066
31782 94389
27998 73688
15520 53640
61055 8912
44594 42293
26543 49575
14425 91321
30807 30931
63942 74534
71728 37792
94461 79297
27177 21966
32503 30404
71749 83600
12480 20797
63322 18030
65817 61517
70098 66020
62999 31083
17293 12609
53218 15871
49054 26441
8119 53575
2538 96084
22759 44885
56812 34828
32790 3470
79988 79315
5532 95276
82723 8123
93927 16670
62256 31563
11256 2851
32838 41281
41889 53619
86468 86123
5581 89334
17947 64140
26328 27434
4724 35646
48371 43457
79944 25930
64994 93312
77989 22033
48317 51650
50608 81927
87890 11571
9117 34066
59201 89654
36441 92175
66207 60128
37793 7214
80884 41114
7656 73297
30909 88994
59413 3089
19882 26186
4706 81785
19169 13432
84382 80137
21625 31973
39052 25268
84512 20414
59906 57346
58326 75110
17707 25167
55120 28946
39750 24522
88982 60107
68740 42647
59268 66928
99277 84718
34701 11761
29884 63321
68563 88629
27455 8026
40625 32693
2808 56866
21138 99391
24894 86427
1686 9908
91709 45632
66548 16362
66289 62464
3795 86026
27119 86942
26543 17235
92285 76787
46619 98037
35285 21099
7609 69847
64262 34180
64835 86802
22547 66994
61830 19828
77810 48286
86914 39390
35885 54594
3499 26150
5157 78382
23435 38710
88682 40871
38813 1707
39876 80098
29428 7767
78 64269
3378 27551
26197 12679
76433 4861
70333 97795
33086 83327
10396 58025
98776 99206
74525 80853
84630 6376
39039 5910
60990 32879
34100 75120
42639 61112
95874 28251
86712 40789
31909 60577
8958 20747
84491 9316
27002 78261
34902 51830
21241 39199
92894 54174
68346 53195
59149 49274
70516 5616
8033 9208
36877 50230
42029 47675
81059 67803
47576 284
71175 51281
43548 98631
10110 18653
35016 14810
20095 58714
84223 67753
66103 10868
68791 32893
11591 82894
13979 16208
99141 67388
5834 8818
94295 82473
77781 21287
50619 90707
19204 37511
19650 9482
10066 83101
39664 36149
25101 23273
75102 31180
83287 79998
88697 76511
5384 82404
80896 26445
58185 69079
64265 77006
56474 86662
40828 2570
48205 96341
8119 32736
66952 15963
28456 9440
93223 86661
6134 76721
59609 85777
20665 46380
28222 78292
9405 33758
65743 61717
51012 51402
12886 77967
81248 80517
42737 27891
21661 57017
75699 44868
57973 78818
88740 22329
28986 53748
14812 90654
81167 37971
6316 61715
3631 64889
21845 29995
21893 59443
27598 87151
35122 39653
17634 82809
92523 1762
79984 56377
32888 61748
74922 25363
1047 9594
4598 77695
58422 91237
43696 64936
56988 12634
14918 92846
77665 99571
48122 90372
6833 76286
96996 96402
54637 43676
20494 54516
90633 38147
76406 4857
69519 16253
96463 53381
69531 32359
73920 48559
41470 9747
49987 29028
70812 89126
61255 27554
15501 44474
55759 10494
78879 18781
26545 24190
59506 72337
28632 96288
35131 49098
99747 61842
34530 83315
28611 17751
6116 16969
30913 69544
38289 76734
71925 80656
90351 93303
25424 12943
51701 46255
86643 72345
75729 18322
95670 86260
24579 80867
21026 5757
17855 19766
22359 25220
30991 31030
22599 70955
88783 43488
53401 93803
4015 59942
37671 40910
29077 24782
51360 65110
38872 55697
68967 80565
67590 6044
69042 91443
51871 77938
28044 37996
30967 64135
86899 5039
87128 43047
85370 51264
48030 53709
53352 64054
1625 58476
58328 47166
81134 62922
73655 36022
99414 76512
12489 77619
2814 74395
62021 50715
35238 58270
81652 85004
46338 33246
83766 9331
75548 69956
17597 61526
1999 27631
8175 47371
64206 23151
26984 52222
84923 67691
14102 50223
2224 96924
26331 43185
3898 74064
5935 67181
94328 88040
77372 38397
25984 16890
43200 40753
56347 56079
302 79085
69445 1414
83469 25609
89390 38160
90839 12176
16699 17874
9532 48002
94501 50694
21725 55186
29816 76730
11953 92904
22710 37807
19267 93951
42578 56091
94833 81544
5718 22696
39023 57350
94525 73650
11842 15536
13049 95405
94374 59795
28718 73085
85033 3085
10133 88637
91501 8723
26554 82713
21706 88940
47423 35283
91433 66387
93591 16897
24170 96152
99403 97197
85503 2368
921 69876
74223 58785
77167 40
99796 91527
31252 40430
41597 95762
52256 29185
99533 38645
77472 62445
36090 71833
80819 64148
5359 34808
25679 71981
26378 3042
83932 14752
29758 56123
76823 43499
42802 24891
83057 84992
2689 47021
46094 44004
14136 51312
56167 31314
38940 39513
76200 35830
8129 88879
46546 91219
86067 53070
7674 67326
54897 35621
5544 1440
84269 89112
15738 29431
71341 9822
12414 77493
18349 28355
77147 65152
25947 80488
61001 23281
3482 67678
10196 12533
48448 42223
81181 39631
23735 47861
89881 42292
44735 86945
21776 14925
97867 39093
48991 87800
35200 66922
76279 40872
96569 28427
12635 97153
90309 39384
74470 21565
30567 64165
77603 1289
53205 97304
35955 17992
14362 69422
13643 86767
42229 16278
99091 87239
71768 63892
48072 9519
57257 14976
22778 55192
8836 90373
29967 3527
67863 25090
2846 27382
60420 64780
20213 98642
31555 62986
12500 16734
84445 97656
96240 69264
45298 98437
48593 93359
91348 36020
33427 90491
9482 46367
92233 79365
97230 1423
46645 99826
25967 82277
82130 20412
84688 47669
8107 1425
91175 20326
93568 41906
39519 48723
42824 6453
27606 27436
64938 83108
82912 4054
89571 60348
56514 5767
77539 27151
58327 67947
32783 69154
39663 30530
89441 15664
73931 1183
85763 88005
95682 45738
66424 52035
15552 73119
78676 61856
19553 51341
16030 35622
72186 39353
85845 66035
1201 8760
52712 38646
87840 39640
54909 57272
12726 45175
20203 77936
44117 7050
64351 96078
47797 51736
48347 59537
17952 12061
91474 2065
96820 95688
17006 27126
28164 74268
62539 94558
46615 51
76857 93787
73096 40982
5981 38867
43012 39846
24752 52127
40143 215
87775 71308
77087 95439
14281 46685
22207 4556
81604 85510
59150 69883
75001 83571
10174 11906
64419 95807
91957 97303
20500 73917
4911 57926
55345 92723
37370 73710
87729 99674
82936 68389
27329 99647
75233 97328
41731 51973
39454 4940
58410 73761
38127 91656
70079 94429
61126 75048
9344 60789
20170 46980
72156 85213
43509 94566
31384 65625
33398 79504
50029 55107
77488 788
23079 82760
23161 40378
74023 24939
2460 18781
62594 8705
16856 49326
23873 1748
60734 67376
42687 59105
28758 4602
40558 50041
67899 71096
34514 1507
59834 97867
80708 25304
10712 33540
91280 3846
80297 5517
78519 6766
54905 1984
94158 85159
52391 20109
37725 85496
22469 9465
74658 51297
40730 99162
14955 29523
28480 34620
8415 23955
93382 69758
32502 59739
49134 81718
57724 55929
96496 50665
8306 719
35798 89204
94061 73521
99678 47046
19637 45130
70491 12227
16135 61015
27924 46562
24948 71306
95556 4464
88640 5544
75512 21548
86788 80876
45204 2952
13068 40866
51631 21134
4537 32012
23442 52057
75072 46753
62428 72504
76553 44585
10209 69486
87697 28482
10374 73301
21288 82718
33607 82358
86612 93923
73554 24242
98060 50313
63817 23708
67454 22848
50436 29693
87114 65607
81389 27055
33221 14614
29826 3299
55415 82421
46742 3355
49693 98819
85936 36432
66983 41200
83530 84749
26811 8803
17427 97970
17233 50324
24398 17010
99700 13139
93777 76341
19527 37088
61127 60663
88574 33936
40718 34663
64833 80559
79194 9
92845 46680
42416 44500
85714 25759
61580 48565
27062 21863
45531 89803
57936 31404
46658 2312
57934 96091
21397 39798
69199 47285
77024 94992
45546 66032
31202 16772
71622 15957
30157 33624
44992 74883
93352 40162
76424 9355
44365 55887
4835 66130
70315 78557
75530 84978
38692 88160
42346 91097
23536 89249
94147 91336
34073 12378
45097 77589
94557 3387
7814 75625
59760 82761
54198 1155
42775 94777
76233 38676
43277 83449
38148 45409
13442 86344
32704 92772
57015 6969
6314 77739
25763 76692
17986 49848
94801 14389
6460 81919
53888 44939
90369 78923
72385 65338
99759 2777
95773 96954
39573 65915
84141 4533
15992 14518
81696 77773
65553 73348
33880 49812
15981 56723
20525 41201
69227 17093
66280 26210
75618 33710
45385 79797
70808 26425
27586 45325
6988 19875
60378 11523
2509 79678
98732 19875
54560 23952
48005 71819
65342 15089
65929 47599
42387 51857
4622 79448
34465 76559
13439 16384
36699 38051
5626 52023
12842 38229
99283 72129
83436 21507
54255 51926
25711 98879
31530 5185
2747 25711
32305 78530
45989 98860
50345 61196
85437 77123
65286 61223
50305 94871
53173 36271
74567 72125
95026 76083
7351 66398
65778 3831
5231 82232
99899 16018
77533 22622
61991 88465
69256 85587
72485 78674
43336 34451
74520 99722
56105 9675
55958 95872
90669 31228
86250 73359
94951 93916
19410 36552
22496 10100
38241 69741
71189 62467
21950 54200
72567 86585
35396 97458
40874 98685
38816 71868
85542 64648
94838 75977
58713 23880
78109 79490
8932 2718
17822 50529
12889 27744
31096 58582
95524 14200
46463 4677
85055 19330
7705 48806
60315 92594
16960 24740
98686 14316
18370 22495
67136 71338
60068 12938
77389 56666
80731 8717
55558 65309
38193 36740
99968 87626
43366 82942
65795 42696
96173 86687
86284 32311
49514 7294
89515 96264
14651 53352
87110 4704
10860 44795
25716 28986
24673 66956
35 86498
29008 90977
90451 28570
43396 664
6489 78168
49595 30334
12605 28614
12169 75737
71132 47841
73075 68735
7142 43675
3349 34652
13409 35354
81213 82512
3076 13494
49421 65519
15261 32990
75197 26591
64972 35636
93590 15773
36997 44332
8728 10008
58258 26961
86261 96917
77583 31521
71220 77065
48332 63276
57199 65090
69903 30456
16725 3903
53199 21568
33288 70259
53850 76080
24928 14214
55568 88811
18983 28244
45509 40102
90172 59020
1251 3466
91792 38770
93510 63829
5259 31165
88030 41402
63848 95898
80464 83036
8468 64295
25750 13687
91699 92889
3194 77464
89819 18678
52095 93120
3832 4124
89752 68
9318 17272
54799 80048
25978 9552
44512 27423
35482 71418
15707 96293
87520 71010
6405 17446
75675 64136
5751 25436
53357 89087
7614 74708
56366 89360
68665 11697
49735 64053
63743 5736
70617 31550
5238 81315
57620 5615
59453 22782
13888 68640
53827 2701
40631 92636
99277 3540
51944 69858
49172 61229
29110 88551
47172 18694
79447 90514
69727 94144
93206 60383
64408 38673
50066 62397
47641 92803
34365 47888
61053 75443
13277 5839
42102 28563
80590 3687
21032 35944
90237 79030
73900 77580
66543 5585
17678 24141
58328 7262
4784 87532
69989 65883
87205 75104
96051 14709
83062 98096
1973 95730
92577 42108
64113 47752
18453 501
96452 96547
85783 71169
64698 21827
87679 77304
40502 827
62524 54569
12496 16276
33996 4406
43506 88744
2661 97523
11354 38855
79375 73867
29084 3189
23240 79035
15837 7946
59678 58229
40409 38129
98008 90719
26781 8137
76174 47473
66733 97991
22348 88827
89664 34002
45651 25756
22207 16774
83288 15308
17994 67026
53700 57491
61138 49562
16978 95503
75552 77621
71955 21235
30989 93839
78317 14882
94312 13833
11128 74744
69459 46612
33312 63810
38534 46458
76326 53408
87147 86389
46943 73802
89024 79286
66963 82824
19544 98015
85215 64441
34810 30057
12916 44045
30561 50687
69269 25259
11866 65377
22269 15532
49545 33986
34519 89054
21604 29547
65156 27265
94134 57686
86105 28269
75870 38899
49918 54763
63085 73510
42864 6231
82700 74087
13023 19333
21971 58337
70673 24409
88691 8051
95933 22381
40270 71634
35953 77487
50585 3525
20013 68160
94209 21736
63878 14934
94659 50346
31812 89979
29874 43246
68740 203
61460 43886
94358 11098
37606 56467
13728 50348
69012 25630
50841 11771
85409 54595
41103 71285
45061 50952
53346 77052
3562 15051
27110 88356
52687 49721
19045 78552
35717 13976
86619 31093
25204 43454
63928 47148
79351 7799
48802 9637
99740 1123
91632 1207
85637 93525
16720 77585
75561 18517
47329 3092
29619 6015
44090 38103
6146 66466
92961 83970
52872 51842
69781 8563
1132 31607
47269 188
65544 14572
42903 44514
29387 81760
59586 87104
28535 69576
18356 32642
62404 54379
63692 91531
80892 81829
79361 64975
44509 45445
473 55513
45530 5710
46579 79943
84250 29498
76958 21193
1143 26354
14815 80645
75137 82519
27855 98038
3865 46557
59643 3816
54934 70346
12578 44286
87875 7996
89179 65837
35103 86048
10956 3582
77563 61116
37364 97263
4352 87717
3426 63539
55559 57546
81819 1901
4670 98087
43032 23225
92842 41171
1829 65156
15167 55347
32196 41295
61994 20868
9096 46416
72648 32053
73306 9168
61964 78410
40120 4782
93629 63323
73553 59386
78293 54450
5706 97083
93059 31281
45756 92874
99402 64426
51891 41621
25312 5381
83120 56957
79696 85309
96392 42136
29208 21987
82372 74671
95308 53658
50687 12161
96433 6873
54795 87551
27523 37836
26892 25710
27055 66867
79899 60648
33881 93282
96196 75131
12312 73152
16136 30344
82133 54472
57436 60709
3248 78122
33481 61276
72667 89547
48074 10602
58556 13056
85329 49024
31599 24536
26817 25510
85314 65711
36341 7731
32856 11196
40312 99126
38823 95108
62827 3472
28922 6724
86819 60888
37743 67723
51529 81845
74009 27453
63384 34439
64511 37361
53505 25151
8251 72372
97130 29187
11549 74212
86027 42795
28166 74966
66384 39686
6317 27761
45498 28854
27613 5745
90462 66607
37173 93445
24228 83516
50279 48528
31561 38971
23641 47883
42941 37148
43591 6018
89478 59301
4927 8915
65276 35057
31683 50066
90987 13260
38027 34920
74868 52857
9280 46991
62091 18636
2018 62232
75162 15793
66755 42885
46045 76323
21354 39471
31365 96245
69617 23617
90677 19437
68712 61691
53512 32132
99536 6896
16201 62055
3872 25992
65336 36569
7394 25983
82796 95407
44887 228
94284 35506
12303 95867
95317 84545
13043 20603
87 41772
82075 96881
29880 79930
55192 7675
29583 47236
43979 12526
95658 65879
99148 44081
14089 53814
51300 90208
24448 11638
7123 48777
79129 8481
26987 27442
23856 45588
12658 44241
61845 28416
85732 61715
23949 51148
13295 6038
34834 43857
71062 27822
72302 57597
2639 48804
78852 78289
33669 62098
77703 83139
44438 82248
66337 85661
51253 92746
35342 38780
99401 2192
5342 52881
23661 98917
33878 12804
28878 56777
46511 90572
28912 10223
57750 39768
86026 80831
6955 21929
67173 5589
9410 61045
22240 61248
18341 70086
80111 10436
21007 17241
78008 27513
49490 52416
85396 43657
94963 36480
11572 40886
6185 22708
60602 13617
49569 24776
43163 50308
6781 97534
95908 3082
12432 95213
79442 35793
2243 51901
26424 53855
98836 30636
23581 91786
44530 58572
2267 57727
26402 59074
2850 22620
99837 92745
73874 90101
60431 52333
19428 47794
42714 7569
64834 69904
64081 6345
40491 20348
36317 57280
79888 98779
35772 27188
66298 85701
30525 32309
58849 51237
55173 42281
79574 10939
45933 24491
46490 85754
72513 16839
11045 12362
63010 68096
87232 91879
41669 44587
97067 84224
5683 57265
15800 40185
87399 54609
89678 96393
59603 17115
69703 35101
55579 77718
4146 38611
53303 58683
53713 74080
83990 92535
31004 62475
46038 74413
42973 3375
77 67410
81266 46013
27011 48143
41263 13047
597 76771
48857 52950
55636 64735
63883 21830
21028 73512
16629 16005
32925 73976
34968 19943
89038 46044
28715 25621
12789 53271
87673 92649
85736 3006
56833 30259
40879 43579
95925 9431
81831 21995
41115 78701
85728 40383
2959 86464
43776 96382
39583 2704
89375 64386
62062 74320
37257 28503
90993 48872
49951 5343
95093 44276
71574 89168
10775 79139
34230 4788
11338 56248
64188 12648
19189 57997
13592 84477
96658 89739
82448 98427
98481 87316
17947 41689
4275 1114
47239 98438
71247 53572
54804 99683
76208 54416
27959 91207
26164 38379
56056 35034
91919 25819
6004 88762
78502 41526
35579 94297
16789 29480
25235 1980
98089 62385
5651 64542
25575 57253
23369 77323
39715 83402
10229 41253
52906 56861
25260 6883
79353 1165
25205 38253
45859 12447
13775 29441
74734 5224
38858 43313
33206 24534
38025 99299
48649 26984
11622 65167
36938 82161
81198 42821
82319 94137
67105 43557
9283 37116
98803 708
38916 29673
19342 81325
38982 82532
50318 68990
58414 19812
60611 44967
26167 63637
86707 41679
10961 78168
62517 93519
59453 29374
66614 47636
95026 43793
22232 31777
53915 59468
62702 13675
33495 59581
74882 60731
12888 32554
79504 10288
84452 83305
39528 74362
21591 40646
75919 55840
47231 24993
24894 48219
46687 66509
12514 63097
81676 29907
98778 97371
79347 61293
68669 20343
51601 61003
44113 23126
35097 19249
21237 5847
63826 63991
54264 7370
87639 57384
34399 4438
25269 56259
60259 16085
5712 54781
16817 65778
63006 44605
48296 25874
78186 53407
58686 68904
38451 74674
54780 68030
106 17274
38973 20435
2904 88814
25523 15384
52885 78811
99202 89298
51986 80127
77507 25275
21840 4847
97571 27905
92679 81393
45985 78438
53504 3107
43763 83742
8539 78642
98658 11028
99306 42532
43945 83141
53716 66575
68794 46499
26227 5535
65977 49427
48598 15988
9407 83408
49152 29217
70104 80006
6887 60047
56709 87959
74166 9304
7355 67034
94571 20588
68739 99767
15098 92495
5304 87660
29160 13113
3116 43979
21584 80116
59874 54553
95394 9954
2389 45361
68159 4949
72336 20543
1534 81301
31509 15014
80427 71454
34711 78298
4706 49055
16543 55335
80344 70395
9034 13864
88339 42828
61033 9008
26669 30747
56031 79589
61621 94505
9191 54303
53965 14090
38860 84334
35981 75717
78031 31602
7743 84085
12581 80768
49505 75563
56118 18596
11718 49673
3551 99641
97237 96776
14065 90707
76552 6387
30544 37557
62479 92554
468 70651
31019 85472
51627 34674
74995 20606
43733 84731
44690 79166
7431 46700
87910 38064
3849 41774
34243 30936
95576 96192
47630 65326
19620 20434
2883 62684
31699 33579
99472 80004
54525 98276
98231 45656
47597 11819
88400 72352
75430 15233
67812 23000
50332 25020
15891 14350
1463 262
11183 74184
32692 19932
72447 85117
80035 35919
56861 57719
45610 7719
27736 76503
86976 10715
51507 46449
87315 91002
41732 5963
92963 39781
61238 13123
81604 61298
24487 57862
46688 48587
64875 96506
10643 96909
84455 10421
90509 44970
53655 94883
37492 44999
85128 9412
83103 1086
5950 99851
68860 97725
14320 31776
8010 20454
92103 21215
22944 14797
2467 70903
3109 34589
35062 32204
90965 20307
614 50454
29826 40609
82607 96256
74833 96429
15007 94633
16249 29583
40217 36710
57576 15030
16659 55902
57565 24932
28375 95053
83055 32270
16997 41858
51140 15197
58832 83680
29947 88879
85565 25121
50531 82678
76711 27982
79937 40152
41597 87816
92782 44941
59074 87683
10743 26853
59085 6853
59548 21663
67847 29068
49873 17811
94479 60101
69055 19305
47161 2837
64740 84608
95914 57652
72559 31176
89246 72237
46949 4840
35171 15776
66399 249
42395 10209
26441 19528
87582 64310
4197 4056
68725 80956
48678 25086
99392 31938
41718 25251
95570 37708
94256 87590
13647 10577
44806 82231
8725 52126
2428 26589
83536 5074
97739 52593
13476 68448
81951 89537
54983 65263
60442 43950
87619 42173
48591 8590
18841 66520
66663 38347
5593 63108
43999 73633
26028 56920
9928 71108
86666 23584
7718 62936
80388 98236
10770 90135
68091 86816
69688 70383
64262 95826
26937 23297
50865 30416
91274 11779
77016 82791
91444 37471
93232 6941
87858 19442
55295 24359
27606 31502
17087 5875
95812 28312
56063 27808
55316 3466
9634 27553
63252 3058
18301 31647
37413 15698
52317 52084
14938 31486
58591 22512
66908 11073
78583 68471
59592 15192
57418 28928
26414 44405
6355 76408
81748 70557
83938 8445
71090 92747
952 15812
63700 6667
40172 2452
60731 38943
47849 35497
82172 70046
77166 57137
97471 47728
39756 19570
36481 56787
51308 10978
30962 80857
20999 36302
81592 12680
19211 64404
55819 56952
17917 9192
45655 45177
54577 24595
86685 22698
15636 4239
48465 40995
11971 78060
26621 43148
38129 58063
92893 41731
46565 65326
80578 18587
84121 47829
37327 49303
88764 54019
63391 57587
19313 46542
74333 63772
74414 37691
47722 18962
77758 35047
48762 75181
76800 58017
25495 4213
91653 70509
5213 88105
21013 88482
12316 86713
62443 48845
20794 51308
24181 42668
29902 13531
59669 24980
25894 31092
98914 94220
63778 45080
21640 38224
15766 26941
77027 77902
48588 58188
44616 32524
89408 56036
77277 2112
78786 7861
40508 72182
84184 40454
50196 24719
59833 89809
77576 87164
84690 10497
67822 69926
28773 6970
98320 1834
96454 31890
30799 94709
19420 92368
93211 71084
97766 42804
19452 52903
73235 45775
84556 85137
19848 27910
98331 68202
74463 48467
45482 53381
30434 32804
59216 99274
79156 58298
3704 35157
7176 39116
38657 75445
61736 77953
40477 1806
33839 34265
13938 11896
96783 64517
76764 38813
92365 29451
34185 44415
93248 96995
6875 7631
76981 27196
32266 37943
52910 23224
16640 5234
53086 39179
97787 9742
99279 67072
71662 60913
90876 15700
48064 77681
51671 77913
53675 77818
68388 84053
28446 38700
2172 27936
34108 85371
47435 95785
68635 50925
94099 78738
86694 63776
96167 90160
80636 96257
95024 64556
73166 47317
51948 93700
19364 71860
52074 33962
79289 34921
6639 54052
97339 24340
6676 90314
85516 12616
21765 63660
56515 41837
83587 202
54348 72831
64963 6649
42852 19277
65774 85957
1758 34107
90079 63433
69152 11904
51080 67032
18950 553
525 67832
62366 89876
63047 8130
86411 68470
64546 79300
97763 36374
2143 52255
78577 94191
32147 26696
10099 7218
13190 73067
98300 65153
12501 55748
48468 47509
28721 82756
95891 68218
48190 18578
71370 76846
92501 40359
97082 1221
20482 81329
10138 26120
57446 96849
89653 71473
37718 78973
73226 82672
8602 86046
52171 4105
73007 8147
69694 82164
69158 96109
85055 9596
63458 42033
79004 74625
33854 27737
67383 70774
78565 44947
22056 92899
67128 19232
65593 16771
17964 16534
9992 55975
59113 72927
72360 26194
204 98168
34208 99964
27429 51219
49706 9615
65658 25717
15701 15373
64291 19352
52484 74279
51596 86986
30157 81031
79638 51181
1115 36712
52917 32309
60461 98424
29907 50317
34388 52573
17740 43762
8505 69837
4272 48182
19092 276
36197 5535
88086 19090
34946 51493
24288 86203
56885 83895
57258 59989
80446 32055
35229 80253
55122 71961
87577 53890
53785 93384
69456 41641
88879 42818
16393 85927
16583 12663
60286 19434
31555 205
58814 71601
67006 5535
47532 47951
77186 55513
78078 77260
92978 36286
255 84676
73378 19203
69101 25350
57881 49745
37755 61685
52726 486
59632 21611
68520 45332
37639 76305
97621 23073
44621 81833
19124 60774
9094 61508
47699 4880
40233 39052
10033 18274
17727 93051
52645 33169
10824 70338
96917 36935
73654 14596
46016 55552
76015 95096
93525 73040
94159 83306
92761 49562
420 36634
77765 71706
94576 82779
80038 93437
81931 10518
11260 39012
44511 56645
40155 45541
99114 80408
25229 57705
17311 48691
98765 9167
47237 16750
34413 58984
63766 43924
47089 90297
83778 62852
76722 63100
6730 79763
96445 14943
78021 62728
62353 80099
10942 1087
17828 20862
93395 93511
13631 34618
41272 97092
80957 85748
59730 67853
56944 96925
22013 58799
81276 6301
43111 35592
2266 87723
53458 44333
63447 82102
7094 68804
33394 80831
23356 14283
96545 11260
27396 64623
27597 80663
1632 83062
60849 28525
42487 26806
40383 72112
11811 52443
24123 25701
45363 52101
76094 99751
26858 61287
47348 62978
37726 11881
54078 21881
71737 58439
50385 43872
26300 85233
6998 92162
94007 63977
38888 69980
90930 20776
2905 37984
20712 56312
61325 44436
6278 75259
84604 44176
68433 54403
59157 79044
44829 49560
61046 91791
7350 47894
58421 10793
16571 80364
59098 85818
92734 84573
74722 78144
3717 93987
3422 36205
31148 17319
63762 93927
46529 1322
98006 12167
66183 91744
95960 83834
62324 58832
8280 49763
21778 7861
91979 95031
38305 98272
16473 63007
21652 28563
36735 38298
61136 65671
16942 1976
35760 81927
99850 42272
71395 23571
8427 5963
99500 72606
99583 99686
41729 32209
41702 24372
41261 67718
3253 18538
79727 79565
36148 47474
28761 94506
50880 31112
47249 82197
15914 32768
96083 74328
50677 53086
13421 34741
14108 92668
84545 42366
9770 43912
24614 73947
93408 36579
51208 359
20754 91331
49732 24531
77450 90353
13037 23298
28388 4812
6474 14827
62128 69509
74965 77627
34964 17825
20285 16432
58375 30842
45157 23391
10071 59390
5443 50158
28612 75662
67202 85147
97186 44705
37056 85587
24315 60894
89552 62780
48715 67973
65242 23660
87202 51623
59638 11695
60358 14153
12117 76452
76334 12870
48856 56449
29352 43498
18838 25771
88500 8119
7035 18815
83462 29924
90307 24108
96872 32505
58371 86486
29493 81780
7969 75317
54144 95687
51671 92916
89547 65367
20116 13010
81904 47583
34010 60068
11932 77835
60193 17009
28431 67165
67859 38229
37725 31180
21806 28894
5423 37056
24357 68882
26979 43127
6911 8871
33960 7043
19255 27658
27555 33290
42842 38105
9550 50373
31340 93769
9011 43841
26915 24096
17205 18593
76394 88507
74311 96282
87552 63626
49266 59925
83959 11599
72820 6832
83317 87491
91900 96766
11286 18033
94159 75874
37480 17849
99110 32920
89517 95598
17134 62445
17757 3673
486 54146
10049 40180
13508 7372
2873 84847
99121 57719
71575 42798
21864 83934
58562 87688
42395 32117
53940 29354
85422 19616
46332 20915
71098 70681
20381 65301
80491 89901
95885 21434
86755 20255
50199 54397
65589 79780
71801 53805
43306 76646
43975 95629
89951 55714
37286 14007
53573 30345
5330 6228
42400 16674
71384 84229
93481 51719
96637 68126
53100 92355
48821 59461
10251 62715
29708 29080
21305 87426
75073 98020
14303 4770
3494 23214
79898 96826
41826 99150
92827 58395
79183 23471
15046 2794
86140 60241
68019 67522
72811 64007
21041 94319
24948 18266
53342 97107
89921 76355
27888 52932
2960 85365
2703 64364
71028 12177
7864 65032
54996 623
40860 4874
75243 38748
574 8248
42022 86870
63321 12970
34249 15250
50776 20207
1642 83927
12924 90825
38805 26625
6490 85004
95366 23390
7322 48003
8210 4148
81017 81707
72734 89977
85960 48087
76934 5434
6890 82570
72568 30677
23386 86144
10422 85758
94435 96645
72376 73566
26502 46428
73672 33487
91384 66169
6884 3617
8577 74919
98591 36025
86013 92580
94080 77517
16767 73472
33057 63721
69130 63042
67985 28364
17782 60387
95475 39180
14417 80848
27613 30926
18651 8716
12378 74351
21640 33196
19784 10782
55554 98649
49883 62335
79973 75889
48760 25097
69185 3175
42939 12329
3708 62303
7953 11741
72557 22419
74302 99450
63074 5552
14969 23143
6363 28153
10827 9503
54316 54499
49972 60051
23071 54392
94534 57990
22928 51828
45096 54287
25295 331
48596 48314
15170 34465
58809 68775
89920 57712
40345 27498
45207 54758
28684 21673
98950 42884
21532 62370
48100 19552
24359 94434
73847 43492
52161 43566
60766 15372
38159 53022
57352 54508
8620 39261
75611 68488
23432 80523
67886 13275
88484 9691
83086 49553
66871 59509
6301 1804
17964 43925
80750 65538
4866 93002
89003 51805
37226 25560
95183 73210
88717 40182
12045 14827
77028 9105
39015 96917
11486 91015
71095 72146
99101 44621
4969 56337
22809 7050
39647 11121
55867 64634
95788 88585
12195 65547
47578 14243
43299 92131
77508 61373
47938 9208
31868 19143
38683 47286
18150 94855
46523 81149
81755 77176
31462 66625
39112 91782
47538 95208
62060 58291
49162 4079
8509 36310
13292 5318
39684 86327
62156 77615
93308 96980
34383 63683
44439 84928
4305 59501
15225 43390
33055 48653
22139 75338
93662 50454
27337 21520
50146 79856
47141 43923
24311 36471
38562 39368
21148 49562
17577 45688
51331 96733
2231 92802
69299 97111
44061 39318
90022 30837
61823 11867
36011 27445
43830 47658
60517 268
28046 48016
37034 66336
74824 36048
23172 92783
57497 99359
11892 40295
96841 38406
97354 13195
52406 64228
4910 42612
10990 14409
87163 61870
81624 48252
69246 9687
69772 6006
92923 14531
58774 85125
54985 39802
36087 30474
65809 82009
10628 8955
6706 11405
64421 20866
21760 51291
97111 80636
18977 72635
81579 10874
67023 77816
42725 82851
93976 62385
74909 86224
58497 45052
98177 80495
73471 18718
50193 89858
5180 42259
73954 44989
1688 36652
12988 69130
87333 95244
29116 34472
62858 46283
50035 24936
75714 85907
25156 47119
29914 26662
16426 34840
59926 41141
47984 24399
63724 59434
11479 57078
75143 54144
35283 52580
14693 39941
94446 22208
23130 45855
47940 97963
79403 85316
74982 18292
49812 90688
44759 20001
44323 88339
33778 76172
86106 30896
26145 43524
71665 11264
89095 73192
73041 66653
64472 95600
41754 82167
40028 420
9438 13714
71568 40738
24452 60870
51428 94332
81414 70782
72797 67480
17683 47034
18709 13326
15661 80397
75990 56782
57580 66527
96035 83959
19290 49388
75952 59777
76821 77250
11044 16436
88529 10375
62430 20431
43987 97362
11181 22050
10071 40749
52727 90484
89962 77594
41459 28861
16944 27786
54735 89581
13567 35015
64746 71108
49731 21355
10939 48472
28536 13095
92424 43442
53331 77566
45264 37264
6906 81031
69602 16517
30471 61038
30692 47893
22569 18579
94221 83418
33122 3465
90538 40353
19370 97336
36093 73677
22186 60957
86105 5491
28003 47685
88936 95837
37061 72373
7077 63336
95096 21605
1506 2181
45526 91648
29667 43131
43758 93125
67937 51459
87363 30601
40521 58027
55563 76627
29626 19604
78481 31487
51275 32532
62100 14844
12578 70293
28294 41774
59934 62292
18157 80396
47022 43555
2501 60387
45431 79015
21307 21521
96786 22810
64628 39178
21035 74826
91076 95607
27491 10648
59576 85906
99631 21371
60141 83916
42232 77755
79030 31528
66137 63542
80153 93501
26500 28446
67378 51767
45213 96984
55440 14422
27485 42654
11091 96685
77328 82718
13076 15108
52184 45946
40093 8503
92648 80998
32620 19510
52905 78349
63509 67971
24184 71597
69437 62934
62374 60182
18912 84636
30103 58894
51019 60532
22884 18672
90882 33745
39993 3880
72252 75131
28631 30105
54722 1069
41043 10391
64180 71512
7061 96685
21731 92351
98746 35481
81112 75034
85075 72683
77356 28019
98084 42282
68238 25003
70117 76238
46656 77014
61444 60295
51002 90587
94338 42229
10118 63957
66129 38029
82690 52884
40669 30747
12129 67293
71008 68954
44362 97894
95243 861
64952 98299
59620 10186
72600 2300
99010 81722
40174 85852
4051 57531
8400 53508
49880 23278
35433 5581
12995 99465
25112 61354
1119 39701
40430 76060
51560 9585
948 92123
9839 94669
2978 46612
78871 16880
49033 67942
61787 69235
51339 2148
8454 91844
71549 47382
55897 10820
38732 65015
57320 88105
66389 20248
96701 78013
39275 93564
27572 4701
17172 17658
34429 36058
11885 46879
96766 85339
63298 97641
20974 87098
75030 44365
46619 73763
31137 65361
35269 45944
91245 85074
90273 28143
32665 75680
24982 43282
89046 17309
91683 31774
22732 90146
66520 9861
8406 97627
7832 40332
69569 50725
18397 25613
19282 70295
4276 27542
61405 66838
49629 37385
52910 28767
24684 41882
42948 70401
93451 31252
41617 34528
32758 89012
28284 2420
79261 82284
87263 19400
11717 53794
520 35291
60167 80078
90844 23970
80528 95359
58320 3684
14464 47959
42895 82172
95563 47722
83479 2139
13371 98467
64347 36196
86603 22848
6530 52430
63629 21201
29158 9062
44550 26236
44727 24810
24525 96060
42454 74863
85903 77118
80282 30811
47566 33634
61838 80971
64605 3936
88785 16047
49670 14752
18356 68553
10180 44129
26336 7346
30185 45651
4686 82037
85785 15421
70476 88210
56365 47608
14431 7036
58514 90353
82587 40604
51911 8683
16909 94731
84930 56283
26386 89436
55532 87018
21917 45552
64544 16759
46581 52383
60784 28626
62004 83286
42752 72834
93481 93715
27561 7744
79575 76619
6232 35418
43476 52997
8236 52913
84779 78493
76763 20251
6842 82146
48045 28449
33525 28823
5600 88162
56577 918
24834 36655
17977 4872
85946 97037
46317 60206
94688 7542
13214 70780
91009 14488
76772 4824
68796 84468
28488 60127
43847 84544
28106 23649
77322 44806
62652 22784
91170 49859
23748 23765
2720 52361
93214 15531
65256 26013
61336 84226
40755 47897
41813 67565
82093 6667
84875 7828
61751 2132
79173 19667
66630 82443
6465 23065
21922 61368
3026 37354
71432 84089
93855 37086
6313 13728
60962 99136
44393 90034
95435 21839
34336 58281
4027 64928
58236 24116
77161 45498
12989 86962
70272 46872
71320 59835
30815 76203
24949 84727
86552 63670
54129 11620
88081 46864
41245 56052
50470 85509
71485 26796
38181 2710
82345 30599
21296 12276
10703 78417
98303 73705
42863 95341
59995 30095
286 62960
35844 57142
83332 40451
96268 80931
48606 21668
87898 29163
72892 39781
61768 29244
52516 42316
70694 69333
89485 15442
27860 24137
90565 51108
97420 47489
38604 59749
99797 12822
69303 57354
14065 43707
41133 63484
24368 77041
92717 98586
19931 4016
18983 85364
89354 3717
39422 77201
25870 80238
7693 17642
54664 37472
38654 11597
27952 32962
93460 91195
93263 50863
95715 90378
93253 38840
81746 77891
27940 9184
74880 90469
51698 22366
18492 68864
36107 64926
36140 40219
41117 29280
967 82447
82699 79320
54139 48842
43211 65932
99432 29229
10056 31385
36290 92110
47616 95759
61939 67863
78950 26128
39862 60517
58049 42709
79581 84874
2700 94537
30445 67307
16212 60268
45405 59394
84669 785
50235 13533
42430 83744
69158 19485
46208 96917
68020 27160
82722 12223
1294 40920
63960 90114
51408 72346
30600 71637
34378 91760
29163 8229
24513 90207
87858 48752
47598 29218
98271 88971
78110 87525
70567 38269
14704 46826
47607 15137
21178 66408
51468 46152
49829 75047
7161 67861
3404 98949
90981 72703
23873 80724
34506 80146
83848 77593
68952 3886
17178 9423
95759 46279
73060 66914
9672 9315
69765 24853
36173 45119
55859 22812
19069 62699
66007 88738
69609 66569
21740 7301
8090 96082
51684 85205
45352 57553
52803 2681
41348 55013
46370 85993
50127 30788
61069 15317
38497 84051
2566 87932
51779 76622
27264 3382
46805 93670
89156 62923
86921 99870
61199 97498
36774 98318
21586 75379
2534 84256
47473 64413
96376 74262
16645 9425
53534 84962
61658 76732
79888 16811
92209 88577
15384 82223
61375 19605
44244 28892
57837 21890
93176 4437
17974 38116
57865 50163
2699 86959
50338 43713
39378 11495
50387 11039
80643 61510
30845 20001
84106 43641
45591 67245
92168 26980
2796 86560
60434 20186
4123 93130
22448 1221
78550 41005
3071 38532
47203 89090
22896 46184
30334 23188
9671 26230
1973 39842
52284 92104
76107 91521
94845 88300
53301 43577
28458 48483
47040 49987
19352 48291
93033 54385
28527 98390
62467 79142
90988 5145
30325 70170
69056 92862
14585 86807
55982 52650
51615 74271
37937 9239
41415 76803
58996 34547
57355 941
29560 41664
8819 4791
19921 18418
97566 36050
49289 98452
22784 81729
65628 72419
52510 21499
52571 67313
79700 37196
12905 23139
92623 69364
18881 33780
37780 88774
65678 5808
50967 73227
66672 42106
81797 22301
91198 99238
5626 41196
38591 92959
21579 9660
72272 20258
16766 78917
8577 42145
46189 66866
75544 21634
85319 14723
19596 31774
93807 779
37867 95874
98907 51090
58580 39473
59190 32403
70142 90399
73854 17919
24624 8024
36711 48953
54918 58231
84374 38681
60051 89263
94598 84777
60185 28134
41287 36939
30418 9845
10938 37232
68427 73321
43030 55074
11428 77413
82246 53691
52465 51390
67241 56524
3612 13693
43473 46743
31968 51777
65348 11958
15215 77370
59006 30610
64814 33199
19917 58988
11284 57081
31668 44407
40046 25350
75144 46651
16894 14231
92566 66164
73207 69346
2843 72914
77091 65328
44330 3319
33245 76640
97162 30140
90743 76483
71990 67371
74454 91454
37179 45830
56785 29003
66333 81567
77429 2392
19538 69662
90148 91494
21317 56991
1169 86507
50549 22321
50405 20081
33491 65880
6270 90708
10696 79563
20203 61736
41580 65718
90801 70193
69808 42938
64681 29642
55189 41000
69439 28767
37363 27786
80245 54514
35027 12986
53598 11993
65909 40617
23971 14270
13867 60922
41441 29022
57660 62532
13257 85515
90082 30291
24639 81066
1580 82087
60220 69654
42557 72883
82988 11835
65195 78463
97361 26011
29441 88743
79358 41773
55293 20539
71836 39129
74803 25501
84232 84605
98376 47397
33235 87403
7703 52192
87329 41448
55792 67245
8235 71023
60724 38879
47837 51628
17594 68286
4984 95458
71054 70277
62033 21190
32044 71429
61936 27169
85481 9121
31218 1809
38731 98704
86664 81128
56460 92703
71254 57420
93787 18284
25237 15638
22138 79244
37137 61427
37345 24005
20203 32934
48346 76181
64408 33092
60195 94601
86752 5686
30415 10759
31936 60698
99365 48933
79560 32675
17503 22991
39326 84117
71149 98693
6170 70474
3632 79194
33800 2447
11871 22038
89897 50023
95813 65941
8785 38535
25440 98951
41322 50360
45476 42446
83504 69529
5814 12802
55828 96091
74706 93552
45402 62691
21414 90423
41562 89771
93844 21738
36258 8288
67604 83345
20658 30373
14319 23047
25182 14320
11877 18557
20336 48296
67656 61878
22948 64333
92767 10953
44395 8144
62052 94819
63016 21558
9510 67074
77206 58489
48296 56026
91103 51847
67264 692
21958 96193
27353 61738
3359 39549
81169 12141
19858 98021
42652 73119
99195 22678
89791 26873
72173 61090
23350 41798
63722 43534
39182 61798
64876 38773
86219 10381
56608 1827
48900 46849
41830 71034
2946 53055
99154 69744
24613 17622
15822 32751
74143 64810
48150 44821
69878 93395
48538 8754
58918 66363
50879 14060
30941 44196
23839 10493
49886 31648
93284 60980
60671 823
16017 81360
71338 78788
15929 41833
85343 95160
54502 61671
93873 80918
64371 6696
94277 12341
49842 43550
44790 38850
67528 33007
71891 21787
87852 68852
81503 25332
62475 7802
4945 29110
19815 6564
5746 78811
90163 54406
56961 79892
61721 29996
8178 96611
49588 62513
82858 83809
90742 89256
85157 28665
75651 6327
36145 9419
14036 70679
52752 83530
97366 94421
186 52670
37704 8980
89432 18499
21601 41993
54442 33961
85031 95486
21635 85554
72408 69295
28615 95094
72133 60528
8948 47170
70994 8613
26614 59188
99544 65608
31601 56737
93700 73798
57275 73648
88085 41666
10046 79485
95809 29137
68795 98231
30416 86141
61218 28001
52992 31555
79452 20021
54304 62772
41505 31996
52149 81431
32546 63415
99959 93669
11520 38362
9077 79404
84978 50539
36493 87949
90276 71207
98325 27999
4786 83710
58997 51497
57329 32626
7562 97547
20455 38204
6437 79158
70990 68103
2986 59887
37973 9235
5618 22065
77279 28339
8201 58184
12289 91023
51216 47382
55624 76195
61724 36017
58225 19966
51093 9443
13008 3876
94616 1417
79242 88365
46038 60565
7674 77860
38579 32492
2032 34760
60487 59305
98541 80686
47520 44632
99496 34397
60095 40220
3532 74384
86454 63689
80791 99576
71792 87594
83549 86968
58569 87516
26436 35111
5938 52785
69733 24433
69583 98063
56529 53175
2072 87886
36554 73418
14331 3134
37349 56756
20792 64926
23631 6447
43396 74630
21861 13771
6567 33150
68890 48557
93470 26533
84725 57706
26905 58571
26000 18032
98366 3383
6202 40734
2916 70241
28214 63431
34585 45625
32122 61876
83741 96511
37073 47358
68133 40296
59994 52375
87833 21088
21670 54914
31701 83234
70461 36791
17004 62082
96954 84385
4416 3396
35275 46207
75052 13633
22546 50438
3002 87241
40646 84029
35469 51676
72819 41279
98969 30640
15925 35581
34982 99086
51041 36442
74928 533
3357 97133
72106 22998
84163 64130
33622 44342
54114 24729
16686 71471
5661 71238
68671 6223
48426 18255
36873 53815
53619 91281
64672 45277
47097 86940
76686 47818
64300 34162
19758 96061
13012 71180
3571 80647
51339 61909
5119 86445
26689 92877
72140 66345
83095 27495
56007 425
53924 40683
38095 43791
88211 59157
65659 98927
23683 81684
50033 18772
43750 86860
24848 43867
546 15252
59783 51030
39667 38265
79675 21322
92551 20281
42917 28465
11872 88041
56658 37305
43222 10352
99713 23108
84659 80201
35976 49126
27381 80869
89808 67594
55151 79143
52564 7565
58600 42758
59814 9505
59578 88526
37707 85132
98548 92191
85146 81190
68729 14445
672 98047
60735 25150
99166 62326
60977 9999
6602 20675
85198 28560
21322 32654
54375 60259
41692 92085
71812 46529
3697 98858
55104 56533
20557 55507
28457 23070
24905 85609
67361 19185
92913 83577
85695 95030
98759 26182
47759 71430
97758 57445
41294 16691
1951 32767
3503 89248
54055 87698
69848 99813
43047 42161
28261 89804
1411 14111
42724 52727
63156 91000
39576 24248
88486 19305
84823 73046
27034 81139
31820 90575
77413 89484
97461 82736
58480 68541
58085 43039
14838 7653
39844 66386
5993 41460
24138 95893
91116 5649
72487 65512
4538 5973
89887 43167
10718 62542
31590 15648
51577 48797
89160 21352
44608 83000
40292 47623
11931 65161
84107 29215
56839 41580
45318 10377
5301 68821
23758 29392
25097 88072
51826 72339
46939 18591
24980 4551
34617 84072
69612 26483
45028 34884
12068 77715
88974 1706
20506 73590
71106 6913
62753 17824
67100 64297
20576 27817
36205 7635
71633 81851
53177 59748
72387 71575
64824 58519
97977 87569
60728 56984
31049 40016
4057 54761
81470 76335
20880 29312
93591 73119
9733 50983
34469 75587
69300 19547
30353 34226
33392 49422
96691 31832
87484 80422
12316 8277
57264 83035
61069 38364
91098 61564
6302 57686
83546 38539
73560 3709
48996 38908
30651 3745
66306 1371
17049 80998
8048 41955
88889 97444
16734 3303
89077 7878
70610 96972
75292 77324
46723 83149
82289 40777
40095 99734
47434 59973
61030 28298
53969 8795
79692 56350
37383 87068
73883 89115
82716 92651
85262 20991
32888 80288
71448 4221
92630 30917
41947 33880
18979 29467
81617 41324
75907 85238
48679 22566
59853 3709
54333 5415
4330 49643
42375 23332
81466 7281
77807 56937
34126 68209
17744 73137
48079 81028
56861 31408
50006 14198
68888 59882
64114 46565
39899 80217
28197 38469
46899 57642
54599 16094
28639 30432
51522 90284
93685 76944
52276 48607
54238 23460
53008 70233
55829 38456
41309 4338
68141 99104
54261 43191
54856 17280
51016 263
38720 1810
66135 34357
72033 15684
9529 57897
13261 23959
33081 60671
52759 1857
83637 92966
22120 61708
18785 14785
51678 96501
40546 71978
54440 46030
76084 46538
62859 20284
11717 13923
89152 7321
21207 18438
38579 70003
52482 17533
67814 93771
79471 9442
93612 74264
17630 35590
45166 77985
36897 59915
59881 42950
41759 23146
20014 20504
45714 87375
80097 50749
61929 41240
76059 57197
60615 18841
63081 46583
12546 45274
10 58749
62564 30295
31540 87667
20398 23423
20655 96516
15184 86903
19224 2989
53202 44148
61920 23904
42671 56100
9131 7651
72308 3494
73426 68814
92774 46797
91489 37649
98969 6593
19065 63755
97689 96701
847 83892
37381 9586
4427 90420
81327 35139
13739 91561
54909 98535
37245 58822
20299 44619
47144 51694
93991 97965
73476 58269
50196 21954
66077 90336
84104 96976
11252 81751
64205 66453
43614 44762
48355 47806
25059 26705
28893 65489
29952 19099
30208 78052
7109 28936
75719 76995
19512 17279
70209 61902
23985 56665
48977 43096
57596 64772
54413 51145
85274 38592
56416 41437
30048 99941
44105 40580
24854 19868
87418 81312
99897 7650
57049 11657
13433 59688
64290 35788
25724 2165
49058 39080
88921 93762
62302 34352
63486 33629
25098 86316
78155 98055
23923 94167
98005 78806
40726 45026
964 67348
24326 98512
77748 25053
40394 41368
8120 61573
95164 43623
17874 8848
32459 87355
72605 8344
65114 93128
15364 96235
60383 19063
53255 54955
30181 17474
1245 59980
64714 87482
44173 32121
12641 15809
77236 12495
78482 20016
47874 63743
72469 59410
96156 46993
77115 6535
68124 25724
89189 33410
57836 70479
29418 97548
82831 80363
93878 52447
40505 63399
75877 78731
93585 80139
19756 83380
21174 36725
80945 87570
96823 78167
89678 66223
66298 97014
67186 95021
43830 88205
81663 57022
23224 64680
41069 74410
34786 31690
7142 85100
9799 1415
67624 46645
29137 55658
50310 53736
700 61041
9479 84476
53176 59788
13030 85022
64458 87073
9104 61676
39275 50475
30953 96442
90984 82422
41671 46641
61376 68645
6709 45867
63497 7277
76946 665
83500 86455
68688 21917
17316 90561
88469 81584
68387 56030
92605 94749
58798 49010
77686 56868
54620 2422
52002 2072
1274 88122
80153 93249
43722 87838
51940 9563
47967 79128
14659 30869
95746 53169
69960 87252
62865 21384
74490 71661
46714 23213
20531 83566
58213 47815
71554 70069
3783 20559
34026 59991
10128 32339
32737 41691
39774 62068
98354 98205
3719 17480
76411 42123
50356 12792
25936 11979
6080 82947
66870 52883
70685 80090
84297 65488
80335 79970
90134 70432
86351 20629
31746 37144
76073 87969
43009 20350
26462 84839
92191 4687
75779 64957
68507 40219
12288 89453
87943 37156
92659 55508
61738 79075
36106 34019
55134 60611
19372 386
58738 80676
61617 70728
64040 69145
45477 85860
54104 37738
70985 11479
94700 12147
97234 89784
47362 15427
34312 93646
92525 99038
97544 23770
66676 58012
76131 28362
16434 55880
73917 78119
92244 37985
13391 70856
88478 86876
88581 51644
63590 25824
87456 54949
10264 92584
68308 20727
92848 10213
75916 63613
88899 94234
59106 90261
1750 90622
37543 7119
39205 45917
34721 95409
24990 22039
64231 81654
21795 95072
52615 33162
74092 95678
45313 2288
84291 4399
30154 11196
5510 91744
42474 39258
2568 69142
35294 43077
49776 50857
62038 46704
64472 71012
16216 41697
71535 73671
18587 49969
94488 92997
43693 19789
98377 91686
81838 29816
88557 5670
6803 11143
21986 13460
37188 31811
5244 93140
71934 85803
22112 72798
99633 41327
90314 17213
59490 80982
69319 52688
22891 11033
50011 50284
35959 89413
44093 76568
28998 38973
75510 68783
85103 36758
35558 2402
63833 7290
61535 28084
57856 58438
2952 75996
56759 25771
56859 63846
69952 43472
32487 11602
94037 2766
39726 37140
40707 33747
26504 20114
47402 35648
78431 53929
45406 2731
47185 56233
93513 15422
57170 43732
40167 77654
89895 37379
32296 63300
61387 34753
98097 15568
34190 62446
42523 84337
8625 38877
78035 14838
55595 85238
52120 27968
43751 87157
52769 59173
64068 13481
25972 47
11955 91510
1744 41723
18301 44083
70468 13755
5019 63309
42485 40244
37244 6370
23708 15009
33602 71623
50598 56814
44933 52323
76978 49757
2926 34897
3799 6213
84413 34946
47899 23790
84292 70521
80061 34198
61674 21389
13036 19631
48010 94954
87885 87902
17713 82960
96953 94142
86819 20019
33468 35963
80342 49081
16536 952
40213 23711
6976 7913
33502 99157
37437 84217
37317 61661
13164 37286
3375 8176
9950 34400
36504 23609
41975 4653
31437 5047
3280 87784
29843 39999
43094 35518
14110 43000
62312 52623
58394 4318
57948 93011
10950 54240
27130 53714
78484 60866
69760 50891
66795 22364
15676 13774
86821 14296
72853 58658
48241 51192
11523 81440
20338 68205
44082 19189
48318 8001
31620 36644
88799 30223
47756 19010
53334 28581
73363 21496
12787 76265
14582 8741
40254 28721
79910 89498
97010 33257
11783 36572
75676 69617
14257 29989
81792 59837
94610 19522
88693 4499
92363 11862
8164 15984
41422 31798
50156 27364
487 57356
20801 64721
21136 66549
4265 8176
23962 48802
61470 88620
56971 43067
61006 44132
9019 33623
61502 35405
57462 47045
8163 95086
86109 14918
9255 21987
95332 35888
15466 37883
7990 51309
4798 10010
75212 60922
34602 75415
41018 21896
97161 4639
37859 53151
61512 71664
43647 76342
1323 26239
53468 80988
40904 62739
5690 61874
69034 83879
7214 80975
64975 82508
77280 3355
7147 19172
9069 41492
63843 81225
72037 18796
93843 37156
73582 36904
70441 28502
32959 62243
56647 42514
80038 43369
57317 9153
4803 62236
5004 10493
69130 46451
18556 68118
48517 42230
37831 38032
78928 44099
1780 61923
58107 74732
26973 82106
88812 38199
71857 35604
66746 10685
90482 80454
99827 9099
40024 39224
68119 19012
6829 3907
92410 92892
98095 82649
61510 19038
26962 4925
61655 36232
95131 5286
61821 22282
14085 22113
80637 459
79360 48972
65137 11172
63981 54748
65795 29314
83523 63096
70134 82120
32622 99611
45821 99211
84522 90934
33026 66740
92652 10347
79617 32290
43322 48691
66186 8101
56142 6554
76802 22212
52887 93661
92898 74936
98679 68787
15639 65359
28486 77089
85632 50826
82637 19972
62612 97439
75468 91468
34649 99927
33878 51547
87982 89777
25808 6185
42818 93885
22357 32419
49402 66146
1556 87880
10543 26234
74672 39051
61229 94864
99711 16180
73590 47081
45772 22207
22653 88600
84374 86235
91916 29799
32302 10219
65854 79093
61021 76169
25797 80595
37564 62686
36549 76358
54457 23820
6519 89544
35097 81892
25671 72839
12144 6640
7575 68549
16043 2986
30650 73398
98631 29827
87225 72357
87383 59741
11602 65071
14881 95409
89780 93030
5345 58314
6980 48015
24646 79528
37050 54309
87056 32319
49061 26868
54680 1973
3235 94334
38056 52007
66986 30426
35102 66500
32034 64016
1262 59409
77737 27358
34909 93699
60269 13814
91143 57384
44053 57917
26745 79263
33657 5710
10359 18811
52325 75413
50168 67620
82810 9013
15845 24917
61133 9890
33886 98431
3335 25672
18900 54981
61827 31074
72048 30366
50194 84131
99915 37815
11930 99089
11700 30574
21171 73252
79885 33400
98473 43116
7694 54011
67165 38697
47073 18709
98532 2992
50244 67699
79046 99981
41034 571
73600 96219
89338 51139
43075 93742
25679 14007
7346 35465
29846 80791
21000 2440
28691 31542
1104 47256
67612 11068
42507 33370
36124 96741
83502 8548
25586 10272
13185 99039
68559 7890
35009 61866
41340 82192
93982 75413
48945 66536
9086 71143
12479 42297
56376 82873
86536 45781
93146 63641
47841 60774
34532 25192
61879 68775
92555 6076
17863 82119
34295 28735
88932 6442
60485 59022
3284 83143
91973 68922
38356 15466
50237 96491
36496 62324
52708 77688
63467 4214
72328 33168
40029 21210
31561 35092
10736 78810
61019 68986
80579 9895
12200 66764
33319 42723
63148 59783
54372 48583
25047 76253
11861 22558
21646 89619
32359 98824
59531 99715
64479 80952
95128 28571
77137 43511
98872 12477
80009 20415
90879 26237
19750 44544
47828 4646
48890 61694
42326 62261
26700 53744
24372 64284
26773 85443
19124 6625
51270 94678
20365 1916
27233 84412
59052 92669
75228 31645
48819 71779
80066 66804
88149 27622
30673 33266
66524 26990
66300 58458
9924 78329
10378 47683
75421 21017
49941 45049
80460 4340
48301 75229
94346 65762
55699 17152
92484 90611
414 40524
49945 70054
4537 35579
95232 84691
99011 32382
30655 87234
57709 87
18837 28882
84032 70655
18065 65907
75444 70785
89048 17804
19386 64733
52099 3798
2804 1670
46334 21406
23575 7204
25003 67655
45776 12499
67677 46374
15740 92610
4861 42404
74638 43733
94537 58144
43629 15620
80880 86538
84691 58426
57879 12809
7631 75862
17687 60630
56708 40717
90044 39839
29384 55142
93799 48453
2982 23869
54061 51710
48444 53344
52119 57684
93854 39445
8000 11427
95473 75794
90778 9727
40944 91748
84297 53036
41163 75401
29030 26372
69475 79893
28061 6997
47856 82609
51823 76416
92443 84023
88209 4603
96452 70712
37996 42192
56797 22134
78843 53148
1580 70698
87375 58513
88269 7071
12174 31732
38734 45845
54640 30143
88818 23199
2209 45760
79535 32037
46114 5753
85455 30211
46824 16638
42195 67720
27419 31738
62443 17304
91833 40874
77087 6475
87152 82528
84905 38347
32679 69569
86105 61434
55606 23560
41296 73258
1641 5985
17893 34307
35457 92398
67427 36512
40467 39974
47241 92114
67271 58161
62985 5116
67002 36653
12297 8085
20988 50060
4581 80841
83411 14644
65131 71576
5495 76765
63037 1238
80019 79255
11635 84233
40779 70209
80598 36335
35408 40115
18310 28213
29165 79605
88533 46848
95390 1541
7050 4840
73268 64150
89823 87352
8434 40811
32900 40464
28211 70752
73017 43651
66722 18594
28792 94393
17567 51409
16712 17358
99681 97125
34987 14033
85743 50727
22865 14438
44774 52243
91907 82373
58262 19196
75097 96280
75845 51944
28452 21921
49738 1968
69253 53682
46675 73154
54868 97011
25664 86239
48314 29919
39205 55069
92023 86695
33676 5605
221 25933
39537 66678
75666 47851
65380 54017
13010 59690
98954 24235
86731 56779
69021 2702
92544 83330
41223 39607
71367 52469
59979 5642
82731 27809
84028 58298
84010 81494
27716 23697
15575 53206
85791 12718
63801 7546
62109 54306
17387 91309
62851 67026
29946 78606
45866 60184
12202 4947
75039 92578
15474 43009
92002 52849
62875 45941
77639 41628
39652 40510
66744 1322
53665 22880
9552 93787
44824 93202
29729 70240
23202 50849
84975 17215
97680 3051
75540 76528
89860 19781
11674 38402
64179 96438
25028 28055
27914 69977
15685 5635
53254 49983
30182 68369
86490 19243
85573 1086
95405 212
24177 52668
52825 85478
39311 30257
86157 88897
7000 96277
2156 70136
90136 66039
96492 9780
3825 24633
11320 30159
49558 22832
77295 18969
96272 28485
3362 6455
7901 84246
99514 89854
2220 31701
9519 51644
9730 54792
72210 73968
83927 40168
58532 84877
48858 49538
85981 94107
66313 23225
94694 18838
91546 70721
77247 55725
27349 46950
32922 91268
86872 62659
6974 12275
74674 15947
15397 29828
45608 43588
10302 64633
50034 80199
68043 8131
86143 99426
18468 5036
40717 31670
30227 86127
16434 59960
17846 86554
45878 1588
44737 34355
88790 38918
26201 90288
9027 96319
48889 96733
93345 85926
26161 54458
56520 99956
6402 30139
8807 80375
80323 32486
83516 54416
46463 65464
84157 45429
39349 52129
84658 32879
95191 18627
20696 3997
25387 30519
11487 71824
90349 76039
26221 64013
45643 34357
19482 3246
17864 37235
77810 9953
33913 92713
48310 36871
50987 70835
7835 79606
79803 3168
85641 58872
75900 62932
62013 99402
23669 77670
67911 55582
39584 38499
29261 88281
60301 31017
51622 54485
52476 12909
94400 80704
6919 29654
54907 38908
87318 49695
84460 27901
85832 857
84251 18990
31537 62470
43557 9580
12406 28735
80538 86505
45299 21008
73056 42379
62005 65751
21486 54314
75457 55560
89330 74741
6635 32811
9324 99150
75904 16189
6513 86409
7004 5195
20968 87121
84692 80666
20880 89156
50990 76226
71800 79442
78660 142
43942 88129
12773 59517
8337 9228
68980 84196
96231 75103
87463 45290
94856 97213
169 39307
99336 78011
472 46262
24785 29698
82152 44111
4575 69840
14686 7181
37218 24887
96309 15485
98207 6813
8221 75453
14576 56987
70391 43042
3871 29215
69466 94611
89167 86153
28753 47499
88083 44753
63643 22651
56469 66144
45194 19237
80817 60178
47812 99586
45495 17851
64677 72957
12044 670
23291 62902
7305 80375
7177 25121
26619 92307
53764 46052
90273 77875
59481 62844
6802 98093
44165 9688
62068 60523
31643 84477
27174 63081
16226 63072
72279 96955
37653 50255
40012 3045
53473 38249
2302 34433
86474 19649
18394 7581
51974 8959
88863 49178
87616 18047
37315 48782
58743 79151
6959 53699
20284 32149
6590 37910
75320 22952
17506 90808
88931 20498
38431 70353
88430 64404
8494 23800
92922 89602
95228 6460
88287 93795
70408 32766
83014 37010
75688 38516
9263 44992
24388 17864
2700 7855
35130 29047
43780 94104
58937 80275
9233 97478
66086 69858
9090 72697
93338 61628
88666 61189
74273 83536
83983 48784
3644 96736
54508 2039
39424 40032
60079 54057
73237 79323
73836 82954
24025 37902
3272 52242
47290 44363
25726 56940
27007 33880
10686 7927
6016 73485
30185 9608
82249 14874
4982 96230
16668 88222
1456 85709
79243 62193
95670 83116
15170 32283
30138 82695
27483 48570
49571 95029
78759 68129
77963 22563
88268 10067
74625 3439
54242 69580
5255 45614
10069 69368
46677 74214
9926 55130
31316 46356
1642 14087
26373 92456
67433 50600
312 91717
79936 81948
37717 51650
67776 32531
67254 3403
31757 50676
87819 47616
39679 45752
10388 76212
33092 25228
235 23663
252 25235
68952 76109
65468 52738
48954 56253
91980 47203
22021 85635
50537 30770
88478 48727
81219 57411
79809 51428
52032 89786
40572 36969
22519 13617
75569 87355
87030 73302
25848 13089
23357 81898
87930 30647
6689 77539
37687 20812
22666 65898
71937 5668
34389 55966
80063 5238
95026 78576
3083 39694
95879 18469
19348 97709
19947 10935
97021 56740
31948 75636
30460 96125
62666 39069
15164 15378
31801 39113
24699 71892
86595 10847
44653 39461
68196 79455
39927 90238
71596 40026
11413 89546
65217 8437
16084 27017
86170 92907
49720 54702
50373 64552
5560 42562
97281 71374
24157 93534
85797 51252
5319 84917
61656 97794
75080 62696
24406 38422
98438 39759
66033 94370
50141 46039
1326 93739
90619 74271
74628 4236
46723 25562
97985 59121
67787 67824
8196 64060
21757 15516
60068 8356
14713 74799
23879 11825
22322 35372
73676 35329
6829 51338
61474 80231
69701 13013
67822 92198
53449 5486
68617 82650
93212 6022
320 70383
78837 97191
88754 7464
56605 28811
89366 80826
73427 53250
78962 13134
29835 79569
45829 71458
5130 67342
91486 47337
83980 60901
18338 64742
6335 41110
15050 66581
54565 48916
30946 83555
72758 53191
43212 75953
27963 52811
73979 41332
9492 83247
55096 43640
10707 3639
57409 92120
54239 25915
46789 56296
4882 58502
25353 67564
69180 94711
23398 51710
38301 4867
81768 64811
91055 82705
87825 76374
39385 64604
12148 53268
5533 94261
9434 70095
43435 29215
86208 89860
12428 37617
183 83204
44024 88664
51747 95062
28672 70578
48157 14260
49221 98291
58001 85737
82878 85252
37984 96666
61527 51583
69759 51002
76204 13013
89079 17428
31602 23592
86595 54468
67887 73873
59669 23678
90717 93531
5233 84486
15371 45030
95983 89527
69148 94405
317 33661
45893 52320
65180 24506
79123 86195
32542 92708
74947 93901
72623 57157
83497 2866
45993 698
50314 26906
86685 62933
89953 12847
14161 4348
89853 41651
13757 48039
96866 31480
99757 94565
67748 65862
39202 55032
53327 99992
86641 40308
91521 72383
8514 71620
17806 48318
86898 16069
56348 97868
81073 83146
85476 75221
32165 61974
27831 65945
81446 94981
80887 33484
35328 62563
91449 78356
83700 15795
99562 28430
70486 38697
25031 13994
13808 88816
29923 20426
