56403 25180
17223 31047
66432 98811
92 6563
79319 55907
54120 64791
24041 60533
28502 75507
56756 56645
80116 16363
70296 20713
13110 32439
57276 11323
67923 67507
69351 14744
96582 81920
25671 37731
80654 98433
47726 66306
27278 72319
6159 26784
31022 38150
11654 1770
43032 46789
16333 15698
20380 74418
49992 65615
98668 63140
97242 5211
2944 43383
99885 52884
67636 65163
55119 4603
65253 1574
49103 20664
93880 78701
93188 9972
84275 41519
65126 68285
81890 10970
58899 50342
38195 23908
38572 12260
75482 79235
13749 64978
39598 87285
40504 26126
60522 53914
81187 39161
47693 47860
933 1531
62138 40750
54741 77630
59769 99346
19531 85102
38100 19377
54117 29791
3995 32192
89572 9191
68033 45045
79084 78527
2908 52654
4807 25222
68137 60426
60803 58942
33925 85357
83503 17837
41493 83713
58050 76638
33599 12720
58836 87421
48367 33643
19747 98015
17715 78022
37968 4791
97471 51321
64223 85506
3818 35168
11163 12732
31631 12060
16815 18537
85869 82705
55406 28781
66664 55110
70956 71156
4357 96648
63138 98347
28626 2470
76142 14661
84764 20438
62096 92311
60374 17967
83663 48348
23225 461
10770 83985
72446 57105
53448 46682
48358 96958
12352 62204
71091 90365
38769 89441
41740 78586
756 54423
66493 87428
20069 52401
83508 48369
31077 67428
60133 1176
16059 33803
65287 46101
69454 14500
14581 23368
98317 58865
70607 99734
57799 11736
37110 89415
22291 82787
70003 99846
17866 53569
94704 59109
6312 69923
2397 93110
95022 18592
62381 17810
80899 60657
27766 88950
67278 85333
17109 19201
46334 28303
77288 59320
29922 98339
34322 83363
10289 11357
58106 97421
37124 57449
18636 5415
29527 28828
58582 20005
74700 68586
92813 17471
85927 31213
81478 46706
36211 33253
19613 61757
75323 78995
48721 74468
33394 24284
28485 34097
61932 38188
64865 26286
71426 79600
30096 22924
9554 83323
8096 75199
25181 58722
33348 1695
91208 84064
56629 86248
26171 34003
61933 7003
78341 25821
88074 61147
79125 97731
7666 48465
18083 7378
5385 88169
41125 81653
89212 67410
24570 89312
98041 64002
94627 72360
98133 94192
84453 14697
12357 6200
12744 1343
73733 52763
26811 55533
88948 42364
30861 43129
65910 80804
63830 45741
14641 76094
49324 31672
53040 57020
66062 8363
5219 96624
72477 83485
49629 99284
11902 38344
19349 64003
3577 24681
73765 38397
39805 93091
11406 7815
75098 62749
72978 37032
71461 92128
23449 41998
23223 42458
30893 52199
34862 7965
15421 26344
17739 29632
37662 69802
88723 41725
10789 52167
39950 69138
40590 84962
5483 60992
74777 17020
60186 11471
68103 896
14128 1448
87937 47960
17063 65497
49362 1493
48923 27829
59144 51115
56046 9713
26391 45170
3332 98536
597 60582
16328 65816
24063 28840
19494 62307
16179 4444
16463 99215
69908 35305
71480 57446
23818 94428
21082 58679
47039 41413
54004 94963
44866 23287
21253 50257
84488 33964
83826 44906
75110 81600
32838 7069
23704 27793
17837 16525
15806 26758
51768 16318
82938 92421
30396 78139
53747 50170
2930 55955
7316 23799
7577 54904
9965 83054
58096 8574
26929 79513
39100 12930
82327 2131
44456 46689
79290 9405
4384 41884
15961 34234
38389 10907
93463 77490
34908 23782
21820 53939
89103 9998
66418 73835
72170 83874
20424 72816
49679 45946
86579 14936
2659 66736
584 90849
73838 94306
28900 28266
27327 84914
43268 91064
6630 37990
5805 70354
66840 68744
64101 86118
11567 38310
29496 59266
93127 31443
84244 36507
10050 62629
34701 37737
97861 37429
21882 29129
51929 40258
26454 23802
95819 16078
4544 63841
80204 18239
67931 50981
89585 74399
84271 78419
24820 58077
51718 83867
11185 83434
78096 36881
45962 65821
17471 33165
58948 18960
76587 95339
68136 68800
59024 46732
22147 32368
49355 16115
66886 26087
68129 34537
36934 77005
70168 4122
41469 12882
17948 45782
98695 91656
90683 67601
11942 23684
37098 63459
97311 87329
221 60712
57115 89692
89586 82368
50503 24345
87559 51568
94388 83964
52416 61056
76087 58385
85443 84316
93034 92518
10363 10675
57001 58251
50808 45851
343 81049
15436 14379
24886 63816
8752 93566
80082 92695
7741 79287
71895 68008
51540 40248
10934 69793
88983 56521
77253 86284
87117 74424
9500 25975
40930 93619
16088 19957
38500 57615
15163 14460
67463 16293
62506 79653
10050 93647
21518 78127
95952 92176
98548 47165
22192 83561
77165 10899
71494 95429
16846 56220
95959 90382
24241 37255
977 26261
54899 11013
40993 97646
93236 94861
70650 58865
72826 72441
62485 18011
10830 13734
83019 79211
95357 74296
27165 39493
32984 28307
82509 79666
70260 10947
95458 91710
69739 83445
44264 94585
17370 18588
74318 37111
32961 781
84294 90864
73478 33315
16328 40576
30482 4636
12143 31592
10162 53657
93402 95243
2231 86690
23341 2194
9463 91296
13613 59529
95658 994
85960 70847
63085 36153
62059 53098
69634 69755
91945 81825
58030 17475
87003 58080
77850 39727
13371 64775
72179 36673
79111 97244
12170 44799
78340 79108
28949 13556
50361 6030
87884 62220
48752 33064
18541 82492
28504 25096
47768 11991
75269 35012
19219 23738
97902 79418
29767 78721
75535 88745
5025 46735
46085 46422
68370 80203
51060 33417
54608 60893
30916 34061
73299 82901
57024 56595
52856 50277
78262 79311
40930 73602
38426 7002
68884 64166
33314 50190
29048 82385
98763 81357
49019 32228
66611 25851
38574 78724
36029 86047
62183 18269
3408 94502
31166 62076
49784 91392
95312 6644
95172 94529
69536 28442
60102 40033
47889 22345
90614 23997
34381 35615
45519 69332
9121 96926
72625 35018
76286 92748
31741 70120
79994 77011
97276 44826
97581 898
1401 76912
65589 90058
46178 99069
85234 22913
63915 18939
82218 87555
37994 18277
68390 5708
44828 49116
71635 45535
23615 51043
82179 322
85878 15811
39081 13856
10569 96552
99488 72549
17986 61441
88549 61094
36912 58212
72536 60695
19304 4679
97952 17138
89439 7816
90692 41175
80657 53607
61682 26854
84381 72327
91899 17991
24295 69264
54645 4514
81269 80496
11768 75047
92243 53973
66562 79528
40783 6612
54483 66938
85213 86310
32433 46168
72372 5254
53222 60352
63118 83892
66845 37075
4204 58101
20936 5913
30128 31056
40573 86555
88546 8882
6452 36231
64236 92939
50699 94352
31934 7823
38402 26988
22570 50135
75808 18932
91209 62237
98892 13799
72180 45795
8500 31271
41963 10925
79529 8058
78770 36802
23265 30890
74031 61327
3124 65702
14702 31652
29216 76351
31677 44085
55302 21324
95184 75802
63594 65958
69950 87279
76406 81356
57314 27317
38519 63649
47835 12367
64735 14281
88524 32966
21890 5520
93276 62310
84953 76354
1144 2782
35714 24660
65164 89956
95933 92186
47150 63215
49104 18415
18099 2939
51461 88112
50072 44873
45511 66817
8186 50588
29640 18566
35806 61180
20510 16683
31274 2615
46338 24893
34986 6171
25231 78063
86156 69470
68393 96406
10052 61814
29203 49517
43849 29953
70807 70738
99990 14591
73347 81543
714 43250
50598 88594
90984 76453
43703 11069
13720 58498
51023 53303
78436 55258
44521 23920
46460 7554
40329 67937
99602 88496
47058 73474
59807 17314
27823 37426
56988 54263
92491 56916
54154 69747
85017 68108
11 87744
38060 97957
50438 10760
60352 9582
89799 65916
45648 99928
44252 65744
9149 11418
65625 28444
30670 14638
59221 36636
68970 97265
77867 11217
60063 32742
99962 97983
98015 36564
71398 56237
2878 60420
66580 96136
5653 48708
44050 15647
226 34886
80364 31112
422 60289
75384 94746
79461 53967
45420 62673
41162 29710
74594 56238
69888 30719
82363 14228
59450 19914
15225 2348
49292 36728
31779 49154
62351 80087
82021 5861
79457 49978
47341 43403
73923 70999
71599 47819
51673 6215
47842 75329
36685 77001
31681 29325
54797 9727
75915 50772
57257 37103
60452 14878
92118 55267
86706 94262
95405 41418
19936 39118
65996 82837
53502 57944
49556 54554
28831 95597
34953 27541
54777 81066
69558 57218
33577 76238
72134 9636
52780 47614
26316 45922
27495 49026
39868 96004
90113 42213
14031 57946
28548 21592
15011 53365
49503 99343
18201 21324
41830 84130
46357 1689
71088 36046
71042 94042
4825 53682
93291 33168
77662 10451
18211 37251
84547 81016
32062 5467
98576 96302
24630 65353
50703 58917
55559 25308
21904 83505
39570 55373
60486 33386
33278 35219
53864 30732
59858 77327
5777 64824
99709 85986
98239 10673
46095 466
70743 94688
76061 12361
67520 81137
1664 31350
86628 28308
19958 39689
65362 60604
11936 68635
9470 94115
55171 13508
3712 70788
35335 58755
66993 84256
20699 74010
6545 98426
41679 77328
80932 71739
27160 57581
52240 82446
19311 54433
82656 83781
22962 76061
60036 94866
36258 91032
5839 27791
49252 8587
59672 43639
67168 96630
95289 56714
65861 79673
53907 30509
23427 4219
57160 87848
83183 455
94816 62534
25091 63274
62373 27416
16571 51671
96422 7858
46105 17379
67096 3661
14977 72264
52208 13635
46718 27974
49578 76023
77723 94302
62117 20394
42123 78805
96613 88103
25730 34903
79120 29080
20378 62834
5969 12206
40367 80502
98233 59453
67139 22716
14136 48893
51067 38204
88040 55434
13727 46901
40611 12645
41374 55369
39016 14034
64104 49630
49242 9688
75922 21822
99681 59588
8982 33816
39143 82982
56944 20189
61883 6161
57762 59427
61426 42879
45969 36326
49153 5036
6373 58658
98788 98390
28525 80058
96987 99140
82873 81908
91591 94812
30 60731
31345 74826
92694 40732
31844 27968
70397 95049
6478 4880
27061 49785
39171 23092
227 75110
6074 90407
89231 25933
47342 4714
22344 34034
82014 47264
49694 86361
79501 24273
26918 7342
76482 65803
16570 65086
97258 6140
48054 68220
1329 51290
31324 63293
23053 13659
37425 27932
43443 92445
7582 91447
88191 32063
22671 18191
25745 60038
65655 95500
89547 36537
66443 29207
53076 98886
11042 80255
67223 603
23356 39861
43589 28109
30296 9551
41583 64404
40124 10184
70925 109
98992 30014
12633 73527
26723 63603
80148 43639
57893 73070
87905 32852
53451 77271
82117 23227
65103 35422
22510 51548
56430 37492
60008 61163
26472 41200
23337 47584
3586 93099
98022 62167
39815 54596
87516 85745
57635 77758
55624 81425
41319 11997
75247 14368
1640 41037
99031 714
12384 19035
40332 87551
71500 85209
78972 59987
98028 66334
81691 71870
14341 68100
10880 93308
21314 90025
65062 61933
1423 47694
57708 96982
6109 4603
29846 1919
13986 63705
49097 19540
10645 24694
92787 27492
82934 57445
17600 85157
68068 79899
66150 54414
21413 17459
96346 283
88674 90635
66681 25164
23719 35109
50017 48742
82344 64263
22132 70768
20055 15387
85564 66232
6031 72528
30945 48972
90028 85303
78293 15617
54096 78694
63401 49104
26304 23161
96149 37972
50533 22828
14612 41197
23980 40482
16549 54015
72582 35809
61259 93172
23785 33844
85006 79958
84493 30952
3609 72726
47023 48623
61593 96072
10161 73152
70308 29892
15384 13045
32784 80839
15405 82219
67831 59120
19677 8261
32122 77475
72761 9706
54587 98729
10455 73987
32673 54510
51823 76894
43768 79202
84990 76557
61166 3673
34790 94152
93944 78859
38828 31623
14827 8948
38553 39400
35651 53013
84122 18895
23807 6481
31872 45217
34850 241
48609 61384
9396 71329
48501 21810
3520 77520
70041 18514
19443 20244
4944 78238
48067 2724
21341 25615
15462 73660
7114 9028
63030 84029
23556 41375
16148 48394
70108 75046
8226 46187
61799 6691
19016 43566
99391 40229
19631 19137
16065 60189
47113 73754
46605 17218
10759 34063
83337 43213
61249 50078
98558 1886
96658 84294
58009 86965
98906 24492
78571 72633
83866 35544
61002 8021
53627 87413
38126 51638
83143 77684
11253 77006
5871 34249
89055 14228
35555 43725
85074 65090
53277 82810
50999 12406
86423 57682
70491 7217
59343 28441
49007 16059
18250 52214
23849 84349
85935 57878
81857 61797
12808 20937
77813 20358
15140 44067
3621 11829
27288 56156
61303 23597
32217 26993
44820 81612
56291 38657
47497 29652
24917 32976
73031 6475
55603 11847
70628 60251
88867 9490
61400 7666
22480 48033
23553 27875
74475 36775
25503 82020
62596 95934
98584 24238
95221 69538
70773 13088
85304 37169
4644 56252
97932 32209
35700 70857
47028 79402
41692 14511
88695 36872
31444 82718
62337 10682
33817 9191
54817 78422
36878 22497
15017 51955
41334 76294
84690 80877
1531 62483
7445 3652
96682 53676
40850 90013
67925 6613
50733 43071
68655 78170
18764 46872
79411 73672
59546 78838
6526 64241
17992 86542
81073 59213
93543 5913
38000 6259
22670 28722
99173 79076
39994 43577
17117 53153
61705 99571
9705 47760
96638 30983
69855 40507
9569 19874
51831 36560
91484 71444
82959 866
12223 3889
42536 23078
85756 32114
52326 99735
78347 96241
83827 66291
78600 38320
3580 78620
42992 18291
82483 77688
98024 51393
98763 58354
51478 19975
72576 8790
13477 66069
64204 48312
38982 87807
45395 22190
86858 23037
95256 12114
77768 56811
16101 70785
35709 5738
48168 70334
85383 38237
33776 11120
92810 48237
84532 52159
45003 3110
94444 18939
22487 28791
14198 437
82237 12790
38866 57380
75024 93402
93959 8642
97350 36319
25532 37197
84347 21510
54655 77926
45999 52082
48930 15445
47172 42347
74649 80771
96705 38655
92189 42398
8177 77820
71756 74681
357 2904
15910 97353
21998 58377
24370 90569
59492 47181
16023 73527
66754 46532
28355 77333
46279 94384
62184 36104
51510 25308
48922 34589
89399 70194
6610 79327
39764 18179
57326 33442
57725 80900
2894 22140
83108 28651
62553 36230
92354 82870
50326 3519
97424 900
94483 87561
30575 58841
21858 17066
19488 22495
73175 74893
46221 53120
39947 35518
7710 37005
71068 6258
86853 20026
66826 93981
19283 38847
74620 16857
78112 88889
89209 65765
43143 58534
63344 29860
95687 74637
54992 4922
60995 57140
89904 31091
18883 32104
70025 11612
75345 44377
20726 8648
63581 87002
42523 64364
63738 88613
61947 71651
89022 35478
95713 99658
84102 74731
23640 89957
46319 12266
20723 59833
35166 75867
95142 48240
99258 93354
11530 91224
77932 26150
10173 46244
4646 3749
68128 53737
84345 13118
4119 72034
80189 1901
16557 46861
65325 70866
44621 85260
88040 23474
22826 77669
29490 49717
54328 59235
96048 93222
48752 28178
80592 97783
61840 32390
52415 1242
45625 4181
35664 71656
6671 9496
38556 5022
6333 5583
72445 81883
33774 72570
69425 54564
58293 79136
18973 88801
998 22636
75368 62173
70298 23211
55931 37385
40175 72719
80104 13081
92902 55407
31232 53605
84068 28965
31003 23946
75185 34798
9844 41863
18236 47118
83211 90209
30740 69257
54785 12991
32176 97387
65471 26286
22569 39265
44335 70046
79675 21598
72641 47779
55400 18551
21608 77909
75924 65095
58523 47024
96458 12396
8500 23477
17941 25608
2132 19783
3944 25792
36189 29615
11863 12865
27510 43449
1436 65814
61931 68341
1395 82867
87371 38198
25949 70222
38760 88310
32737 68960
65082 31568
43495 64456
1373 71461
5915 28552
63534 90712
80976 16326
8561 98002
1498 99468
63182 41822
55923 46921
52848 24046
32951 69198
68485 17716
50280 79090
43777 15178
37706 96975
54842 5387
20456 73186
61037 26871
42957 2318
75416 89459
25900 27034
79614 89127
53913 911
93126 60030
99822 10107
86300 51561
29127 94640
59023 88636
75846 40517
10097 99728
55663 83444
49723 63456
39469 1019
42438 8460
25964 71131
65426 55480
76797 91196
78403 35502
29685 14183
89087 42296
73677 74474
18225 21959
77219 47288
86857 79759
81848 95110
89274 80520
9265 88911
72091 56143
92183 3185
44647 84290
36086 51470
8733 98376
21825 35852
86208 89799
86284 78678
5495 90060
58225 24088
64814 77991
80844 65286
49588 94476
13407 15990
86011 21938
82063 83969
18492 85944
93189 94598
83952 86299
41421 18728
61815 27842
9338 6219
56853 24147
19488 39482
26288 99898
15097 80100
84468 10217
38561 13755
25743 61778
73274 68084
34549 24399
47177 77673
71581 92411
97207 62362
60417 55351
78352 51559
72834 38598
96999 1304
63971 46512
58289 7894
46697 15459
48165 56079
34625 21261
9251 68821
8922 11716
21737 94527
23367 15326
73279 81575
22302 11769
21069 61483
96699 70996
89856 8461
90366 97300
53449 43411
59784 29793
6365 27623
42435 52614
37558 9399
80439 82164
2160 3542
16085 15519
90317 474
67696 44703
93618 18044
24063 83825
78952 40859
91997 46740
99195 24217
20585 5101
83166 34076
22055 1795
57734 14990
84508 10659
81066 15422
45845 19805
43146 85245
3809 46949
85765 21986
90803 80851
85281 65063
23745 17187
38086 62953
63623 36630
26403 48171
28901 23407
63592 55412
3165 61399
64779 29772
14710 4154
50531 8003
17436 80744
96560 43403
74205 98165
6673 72505
23853 95897
89132 63528
86083 71504
58090 38357
63450 16250
76791 89380
94385 51261
28454 95706
42955 67678
15980 81824
9680 32844
4257 42791
38314 80341
48034 74622
26089 44367
29041 71390
49280 19473
58579 82783
46117 42615
18385 23808
36181 32897
92888 21315
99981 21140
27129 80942
10866 93015
28233 33611
86186 18136
83746 27816
52161 33029
28737 26520
41126 67315
89158 44369
65195 23707
73911 14348
46728 67576
96380 24361
93560 96106
7332 26536
22394 72085
18272 77392
15857 76611
96515 97451
6085 93118
68744 22248
87552 75671
97131 55897
7090 34
82478 94322
99758 6711
35190 91440
38442 64339
45484 39312
42307 42485
99229 65779
37111 52609
67642 32513
5769 41184
83289 49314
20288 85854
99026 62726
24008 85611
68194 82271
69743 78779
2380 61922
14985 44006
59346 86410
67341 79240
89984 56341
45558 15362
92898 11365
76068 82935
97770 72735
96376 67760
81099 9519
12187 95129
21024 25315
60951 8289
57510 62060
51836 35102
27773 44736
68477 95175
88427 64922
5585 99896
13945 34936
37490 97394
9588 92956
52993 5816
93645 13228
48384 83538
37978 52275
17110 10862
7635 72957
52623 86170
20021 74495
63450 91948
83522 90092
15817 54810
89439 62529
45460 94498
98709 19770
89558 27171
95057 82266
99246 28290
41125 23304
68032 19015
30372 75500
23346 20029
16265 94262
72239 32373
69617 3288
3751 30499
16796 32231
14925 8032
85392 47422
99192 62214
60662 23418
39778 1879
40955 28735
22348 8119
12689 42481
41048 3501
48363 62460
78446 65542
48452 69005
26968 32498
12921 30583
6949 51365
46058 96431
50282 37303
54109 69904
54524 44037
13787 40984
21463 31022
37073 90249
27706 8310
1585 44873
39817 2470
35406 66242
38154 25610
67555 9827
28776 12658
32077 36285
5747 55537
45452 40582
1822 48161
20967 82522
70272 30942
78981 14389
64212 8742
99412 5946
90297 10655
5221 68015
17522 91473
94286 48767
3846 51336
87367 99126
73409 41779
12782 22185
18834 97928
36035 45996
86507 90686
88044 94873
66980 21713
92242 54640
94585 56513
69250 15729
29991 53555
37486 37060
19571 7918
9514 53297
62627 56960
57583 28008
81282 36983
74042 76763
49952 24905
43598 41311
97968 64748
39086 86895
25385 63326
61732 10761
35686 59998
44125 37102
326 92913
97483 35686
48908 76126
3874 24058
53056 25618
25307 75417
20588 8125
14643 75219
607 93555
50509 61249
17742 13741
46028 5915
8750 46277
36570 77408
91675 98429
72644 1234
76053 70457
24476 98615
73566 41056
21430 58809
93981 76415
82219 92935
69629 36230
21081 55538
19726 61865
91040 26385
5123 13504
79558 10429
75987 84615
34261 48597
5273 38431
34168 32540
69012 82123
89409 26102
85831 63028
13606 17199
64922 83110
6143 43732
23063 5104
82346 74935
79406 28456
80040 53039
72369 57637
11389 64630
96505 21347
99795 14601
20447 56707
90200 6188
37508 50632
93819 60291
82857 91802
15507 84602
44280 79879
55576 63102
57849 49981
12520 77890
47901 95122
86275 14619
64088 11356
38128 36164
72318 64345
83830 95963
77261 13929
81955 26658
48995 34606
42121 64255
73572 86899
43260 17436
34005 27362
58773 45864
70628 46508
84946 13748
91773 27046
17683 51030
99414 3334
59839 27785
92132 7914
85789 30636
42500 1137
59932 56799
77235 77984
40843 59881
16662 41726
15969 34100
65427 93528
45078 53711
66838 19038
42600 61163
20974 54180
24504 66975
38477 41826
1546 77861
12875 28885
13449 31162
43203 14107
75872 56193
64916 90299
20162 15905
1089 31163
4194 31299
58034 77864
59228 87957
10065 78482
96651 4809
70670 47084
7696 52246
57756 83568
25362 89654
91793 27034
37464 45255
98314 37256
47409 9194
72484 22880
84044 61287
91940 48842
21568 10599
46736 94066
40038 3577
80276 30119
90809 88429
40575 69983
97565 1852
38371 57553
73430 76926
41976 74361
10604 5490
18649 32119
9677 67546
75845 46928
46283 18556
11039 3052
41050 54402
23951 57430
40851 49179
91488 28000
38900 47416
63999 26268
97086 90831
94082 22659
77686 63260
23327 53138
43716 33307
23728 1865
51511 51471
67830 13162
85438 73215
79475 12320
59024 87571
76398 30965
21158 13275
26675 25946
29788 88808
30097 77443
32243 99985
43418 30664
3666 18672
45830 10406
75552 86499
42768 22012
38220 2219
20279 11311
41638 98096
65983 59238
32067 52539
66574 6094
3836 24058
66863 84983
79759 47199
35410 52053
39325 72802
44778 85696
17643 50523
95597 20116
60161 10568
87384 51762
81902 14829
5449 22653
86017 24591
12387 47038
85393 32472
50957 79265
19415 22071
9491 37654
86319 21949
79556 93232
33307 42048
47282 17321
54143 42875
32533 13916
88006 43980
34536 38698
20091 89813
85195 19862
74097 54781
78655 91881
33628 26860
20749 62830
42038 338
46752 23351
86555 12352
25766 22966
73869 34061
61874 82245
1136 434
46173 13119
33807 26895
74337 5060
14518 42756
86205 65017
96629 7448
41396 37734
12036 3126
14477 65910
19065 38731
86324 37978
36147 44938
78680 42662
47891 67048
77515 34323
93950 48671
24901 21020
83964 99311
12610 58049
13212 92793
68063 25990
63310 54883
77217 78453
39 30518
92302 26712
47233 27395
22065 96384
77272 97050
69786 36417
19470 57585
52764 24051
29063 23235
4302 86547
68238 58670
49195 49535
65807 35412
79889 82110
61819 37211
22918 22070
35911 95725
2606 99540
67180 62265
57270 80840
47401 29104
82733 52998
56380 23720
22437 66214
35245 14589
30070 64356
37924 30891
80988 11584
14094 18005
26036 34784
26171 20865
55939 99946
72515 55194
21391 14058
83356 88429
4196 4658
89830 74444
88176 13908
3423 29934
41287 51594
59695 75469
55775 21263
34494 67366
1909 37444
59961 61533
15239 12
79761 27734
52184 78031
79227 39325
21072 95483
57905 25983
12921 42078
4719 9903
64131 28558
5975 53122
13024 24705
44142 98707
2857 62613
3228 35392
52119 9417
3312 28586
52715 78114
73370 13017
34790 3528
97615 59478
2385 67974
89833 56976
92311 5197
35908 85208
68326 61969
56770 3044
3122 39466
99944 43119
37106 16885
15999 52663
24929 86161
74388 51039
96958 46307
44760 19435
92556 35922
76128 54246
24339 74347
58310 85375
91901 23102
88774 64391
23098 69887
36162 71221
13852 8102
22111 74370
74140 25103
11846 71022
53523 63579
36772 76441
42850 16621
85130 28682
98763 90894
48941 39884
97109 70890
68103 5580
30507 79409
97108 15004
30366 3447
50710 90611
11743 30260
78258 27435
96614 71460
37809 60738
5102 48007
37600 88025
44342 11779
71760 28248
84289 1693
69238 8584
1271 33348
71052 49079
77090 98246
64302 24472
49842 34905
15678 45824
29178 96276
88353 2378
26128 90227
59168 39732
75088 19478
52808 3744
64378 59266
30602 93364
77712 96606
51644 54490
1433 7224
45621 94625
97409 9534
15413 3962
20150 33701
15451 91900
24076 48294
99565 32416
56442 6300
32500 68741
80411 14279
43485 39853
16975 62411
86425 66590
87799 24882
23389 76771
65532 12742
46435 35401
10216 46392
99496 80066
33323 58620
19596 86341
55896 36010
28501 41004
34917 51647
45708 9524
49455 65050
75902 2849
86803 84927
76700 23063
61654 7639
50203 51650
77055 81038
17397 76271
23991 80628
15271 81585
89104 8797
88913 48253
36315 87169
71673 38734
35120 71740
16296 15233
9578 41263
63371 18938
56200 24893
24915 25566
80526 62767
29717 90807
49922 56209
8043 95731
51439 86035
17554 92901
11525 87816
19786 41507
94359 90026
36313 71846
41979 21108
78760 36525
13646 41799
32132 57658
87662 99782
69118 88755
1406 70649
78892 85666
88773 80750
70118 50422
65615 95539
85161 65824
47338 42910
75448 12055
35531 33893
86294 17300
95943 64966
54413 93335
6106 46304
6794 56288
73219 80088
42878 84982
3430 67222
60607 62724
40265 60261
17509 39287
18679 87830
45389 23713
61312 61277
34585 89145
94711 83571
15342 95673
5235 54994
12214 52703
57710 97052
63452 89740
61449 66869
44562 30344
40902 53284
17101 40764
11116 77718
30856 90582
21735 23227
58461 35817
97158 72327
88879 54858
27515 54002
60580 41172
30206 73593
52867 43173
20171 73307
55866 50047
44767 30972
8762 41096
9631 4261
92313 37322
72593 55426
28911 4371
15840 30627
78969 86870
37756 84347
75610 23497
59736 93700
79029 86085
15531 47962
93364 63753
7695 31099
72452 16728
57989 77805
46742 73846
47311 59960
38208 78542
1173 45960
42810 48751
87137 63468
84450 93130
59939 92730
13496 96470
9197 42857
63138 88557
67063 5781
44778 39756
98204 61054
15483 61335
58524 87593
62375 97170
83320 86046
57060 57737
15417 24456
51818 79337
57962 10232
58103 40132
19929 21059
1739 25522
79706 47487
1132 99146
60164 14506
66627 62893
63730 61731
65566 36412
25411 16943
43340 77117
72666 34389
69476 70842
58718 31810
70910 96641
49339 37094
88920 29221
53440 57781
70898 85659
95136 47496
93554 61502
561 56281
37026 58540
11823 43466
79053 9287
78362 2303
72261 18646
50579 31103
49984 13441
64067 95799
26870 35063
60661 14743
91909 67244
3351 1395
20397 40755
56573 78051
83125 7753
81918 36099
35492 54282
53301 31508
98376 825
8641 58617
34995 64445
8165 30747
54712 77214
57833 81766
1747 81964
26039 41481
62206 12760
97183 10586
94621 65721
60083 25264
51507 40905
4076 63815
82762 198
94563 8864
51280 32145
45304 1214
64948 36690
10031 8617
10157 43250
41486 28559
82771 17407
11073 48606
63076 37292
88886 63532
24513 21646
45985 20079
29774 93120
45817 56549
47317 87776
87289 65294
25284 48560
34144 65900
39946 97014
60946 41898
6206 99388
34612 43346
35384 54512
90099 54966
91830 56709
57598 3784
89017 84113
98568 31457
62789 10477
97223 47806
2692 1720
12568 35358
91044 3252
88728 97126
64596 48615
25292 56093
20907 26428
57818 89488
64418 85344
48942 94159
56564 81221
94102 88686
57701 74210
34054 48293
75704 31728
76565 67505
97048 63279
23102 77904
69168 58047
42624 39625
59923 75751
98527 5154
87093 7282
17281 5224
59215 65389
42929 18187
13087 18315
5183 46142
91046 11521
74077 10107
72456 87178
51780 80094
5263 33603
40653 73765
58377 73232
1625 81110
22949 86038
55082 86617
75706 86239
21767 83898
6913 49913
46460 4872
77654 18487
47447 87961
38938 67502
37197 27812
68148 54265
55955 98149
87659 34294
1957 43548
26446 93671
94946 18862
59116 42994
6509 46019
15612 65890
19982 42854
28023 42979
91631 81449
76281 91337
10560 36286
67523 99882
23796 97855
59100 40287
86018 60838
73355 17192
95012 20822
73023 56517
34939 83824
7208 32861
64585 82879
86459 4699
33429 27373
87505 20876
61387 78795
75912 17346
99609 44589
24513 51508
19572 21963
84064 64156
96401 36642
61072 33623
71980 58481
79292 57545
19588 39965
42359 85878
18845 66541
70165 14794
96284 82478
42959 28658
34287 48080
67460 56321
93827 16455
47602 53068
26700 12299
24225 82126
67392 50520
18264 34693
13212 44015
58022 66899
91198 6963
36059 78558
45705 78733
4940 96656
38052 56809
84306 85527
34075 46519
11083 94630
12412 91498
13624 92147
36188 82364
39358 855
65776 3336
55749 48401
37940 60559
11260 57923
46535 77460
27475 25171
94989 1344
72223 12236
10124 88126
69049 40474
40335 46144
58623 88881
15334 7736
33650 92071
25316 75328
51511 30230
8224 41107
99894 42587
82965 61265
15454 17306
93153 29023
89055 97527
10858 18245
1614 68350
116 1198
47300 29116
68396 27595
58144 41443
61665 78128
43040 14698
82085 90934
24908 2027
64720 73560
30284 51460
34621 76374
31788 70998
15404 16180
62783 17321
67198 14492
36377 30150
85532 31448
61588 40059
96529 70297
75340 79739
60971 31507
7811 6235
47326 68766
13214 13751
44737 65207
27237 88970
61998 89948
83655 59289
19334 74740
32084 15465
15115 87525
35457 94181
85061 55228
168 96793
92830 45929
80197 19001
5254 89600
35962 41403
58543 11993
69067 39256
8529 54224
42115 5839
36136 9990
40046 35779
31089 24862
96221 52184
21073 7137
3525 8793
814 88410
51904 11445
21523 6075
86282 12574
8912 66423
37989 43017
13688 38245
48885 18064
56386 20899
56805 76531
63721 33745
47553 17234
99564 24626
71354 97781
48110 82126
79269 15525
5239 74259
14524 65648
44241 81071
59227 74472
44780 50744
63812 94309
31322 83044
85820 17662
62547 70513
48268 30356
52147 10334
35424 29128
74327 49776
65259 12928
49860 13039
96194 1350
82336 2118
16860 47592
86135 17286
12057 73657
25143 39203
11992 76399
92948 18037
90302 72643
7077 80889
96342 69492
71813 12206
16844 74340
35379 68729
76017 43545
50898 58497
70426 20510
1802 16563
8513 73791
56933 28607
96962 36816
98771 889
74303 55719
2150 77049
94173 25950
8919 56283
66885 69746
4479 41184
31492 24710
46399 89132
1963 70913
24600 16230
68207 9803
596 4250
96362 35668
9019 6778
39480 74318
13343 66329
3259 37870
85009 14671
15992 12303
92841 98264
96248 21198
53474 94484
92680 70351
71355 84969
82841 35383
79095 57724
93632 94832
35646 31676
60375 85544
16954 49559
46971 18450
38235 79139
84588 38499
99667 1015
85392 84246
33755 23183
85295 16745
9548 19467
52696 80318
57383 49264
2267 83579
86414 75685
15950 58858
40360 3416
69097 82905
56129 37495
76361 34875
46343 30647
29968 43462
5070 87953
14531 49939
40365 15808
30443 98882
72511 36068
20149 13619
11747 56801
83826 80845
13917 84417
27352 91130
55507 93742
64318 51561
21840 23609
29316 19980
94628 60790
96873 51096
85345 23261
45619 98887
3744 3211
41803 98457
51195 29855
67390 23854
17904 13917
21021 56078
97572 34638
21021 16513
61597 85630
77048 66487
6919 7421
69387 51714
93169 12671
70262 9207
91437 28124
62719 51953
86579 95792
59407 70574
43806 58460
79699 49904
16557 8451
55868 60028
75588 43278
94400 10622
21609 81737
85463 93092
42087 9444
42238 71743
19438 46226
98743 97701
51217 2445
807 65809
40070 68112
95767 20577
99594 74972
36148 16855
48986 79476
51504 12121
94075 95520
47166 78162
19892 17006
33945 3854
90287 75916
7454 81762
22267 57168
30253 52641
73772 81872
79020 82472
25402 27402
62276 80147
30878 32797
866 53093
83416 81358
84471 72069
88044 98149
22009 76251
2687 36461
46368 63607
70335 2711
31817 6795
83641 81815
57975 63692
43361 61158
93005 65045
41517 72734
44149 82691
70458 83201
53308 33466
52198 5331
28755 77534
56180 1147
44144 50523
20747 75046
46539 17727
78359 57572
46177 27930
80967 40553
79509 80133
91469 45965
47690 98392
26657 72365
13514 14225
13982 78600
36898 9684
29476 91714
74083 31526
66100 52068
20003 91633
10583 30362
68730 22884
43128 20564
17446 34192
62981 29893
17575 64171
14482 8871
45539 20625
35541 24854
88195 24382
17707 88528
54068 89909
53554 21691
23272 70396
81229 77119
64530 46686
22436 2952
35342 68968
63649 15845
83638 49676
30067 21804
72878 2721
99727 92468
47065 9120
79594 24217
54881 90057
74432 64251
23091 90972
41137 75551
92480 74785
44222 91181
91134 4192
48880 40752
40069 77993
98610 77177
99315 11982
4562 62077
56392 5220
85380 43922
89579 24774
10431 72022
56611 73778
24029 43304
47518 55465
57983 85069
9581 32979
83112 9612
57574 88953
53821 73618
43073 30282
82155 42735
43676 53718
75457 89432
32695 28182
29137 15331
68025 83362
75700 4781
11433 19193
63651 23479
86165 23357
97150 6949
76911 9780
10185 95230
89642 11944
26154 22319
13249 3720
88269 40168
1457 83461
2272 48157
18523 27158
66711 56038
7171 99316
86793 2207
22515 98399
1681 21897
26968 23863
12686 60007
51588 85027
38211 73986
53451 5390
38552 99334
95654 47845
38903 52802
73939 35418
77967 89708
54546 46052
66229 57115
69706 38493
34654 76139
24706 22242
82759 31101
88648 44855
19693 5300
24974 69440
18165 96984
16615 57993
72837 87511
35183 66528
96809 83967
85856 82069
47311 85670
3070 74848
75467 8066
3596 57851
44980 2673
26069 77732
54501 7923
85572 51677
57821 11211
63979 37548
383 38273
3456 51579
29907 45666
95132 20665
32931 6111
59994 97303
14463 8234
17438 49003
37242 95836
57291 60976
9610 18034
28300 13509
60683 16651
79628 84458
96125 72428
86430 83718
5218 95164
97462 96099
76385 60136
78125 86192
84166 67200
98881 10590
81695 85240
23026 24900
51456 17544
37159 8764
58048 33197
93863 7747
81562 92997
42720 77948
14061 34839
18372 75022
32733 95561
72775 93378
10415 22088
47426 3590
85681 55204
29043 73036
54992 10448
87675 40171
31231 614
5982 28285
63639 27010
36071 97216
24145 8930
11553 46070
73166 59980
94495 37604
20208 92520
13205 87862
99486 41954
84988 78682
52804 13322
70098 35264
8528 8659
41528 19873
46358 43159
10610 49717
62445 76817
57771 21851
77168 97793
4110 54229
62591 26604
20398 79209
39611 79226
85951 1793
77357 77494
21594 39628
44223 35346
51741 66907
81153 60640
30921 54692
1414 82426
97954 60835
81252 72058
9747 60116
10904 12995
13287 51386
33664 44534
31569 5884
55423 68894
90405 6818
52092 25061
94972 30236
85955 91388
94804 68763
44162 61559
46254 23446
50605 25647
26479 55367
77724 41982
76223 74444
70984 14278
19117 55142
36049 41035
12072 86205
9338 45204
73159 10458
33323 62318
35427 65387
88687 72329
64824 80866
55700 36921
48776 9975
62733 83958
59575 88354
97011 55932
24272 16257
84352 25932
62462 27768
87378 62281
65108 62764
20334 53084
64998 79271
87099 45649
40493 51992
48963 34680
51912 85104
99541 88228
80565 26661
23654 15471
33884 1330
17899 9524
95620 89461
88160 77044
82460 8817
86628 72658
23348 39178
54715 39767
96769 24843
88907 89838
13212 58531
19967 24169
79556 5795
65095 72922
21655 23842
41046 58331
43517 71001
80963 37543
40702 49704
45256 65470
21894 29999
6534 37637
41480 82037
13247 34692
1304 88645
27227 54214
88880 19468
62660 33756
15628 61021
57353 20634
50606 56749
77759 56281
4282 86103
14939 7764
70267 22008
86233 30699
22397 27860
56216 14082
7024 62448
95068 78979
71532 37014
45131 9400
57703 23764
44849 66226
46112 98813
86268 32517
11160 90662
37984 55561
64468 55338
1843 24475
92348 45511
87570 78586
60319 95615
48923 66314
23725 51832
80721 82324
75163 79580
412 95012
92035 60442
45926 87786
76737 49507
24606 15546
28855 72813
10137 40556
99242 1748
90412 95580
40002 25044
59699 11979
76846 60752
65294 19996
95582 85294
2046 32536
55047 18777
90477 1226
16387 36094
92483 96964
55406 83055
11601 12185
33930 73795
9450 61024
4892 5300
96837 92151
90380 9759
60061 9982
14889 28840
52625 98936
33251 50739
8676 35726
98223 75916
47934 60043
95815 45504
54473 47328
32135 83362
77076 97730
4497 31559
62548 10791
91018 31786
99774 59661
28091 55049
75567 10675
36433 26054
12004 2686
94493 31334
99074 94710
78516 14133
38703 44902
41552 69377
60887 3999
11437 92283
44616 12341
79533 46969
92662 49761
20085 5750
31544 88253
11469 97297
41417 91787
91108 96970
31144 60047
29194 57288
34936 14928
48917 87637
47905 59035
3484 22976
86925 77952
76639 62522
34027 90067
96829 73114
98064 71340
29947 93913
64145 37447
24676 87895
65643 17957
86180 93108
71995 5098
39436 11351
67430 4285
71249 67019
96562 9066
61293 32573
68811 92707
71101 80511
68607 96219
44449 28104
322 86954
26207 96146
74859 15788
77695 795
61621 77281
61264 73092
45823 92399
8514 12277
71533 98043
33227 91415
27972 16148
2115 81880
39666 52904
97639 62731
21732 71469
68185 72421
99021 11898
3550 27873
47462 33451
31711 24669
65704 8640
57449 11131
7348 34174
49741 42145
78412 87916
27904 56857
8247 23128
15932 28146
45345 17136
37885 31229
47448 68745
17414 70961
35216 40476
45753 30983
19232 28452
61762 79998
93283 8449
75309 65336
6264 55703
99691 32188
22531 63664
45138 96338
39241 86294
38330 38090
66040 29018
75584 33269
31165 71312
91014 49258
77835 94352
69009 8867
34971 60951
86922 3197
74854 56964
22750 86684
9677 59611
21694 83972
13042 33189
22592 86593
6460 70734
51324 1408
87607 43206
92623 31892
45457 69473
25691 52466
8575 81527
14117 44821
84854 62628
7734 23354
40146 73897
3355 73221
30450 28617
39813 80827
11065 58797
56170 75686
41391 88481
70402 51348
88095 77205
23626 39832
86103 52092
90917 26792
12938 95984
64214 79869
84465 16716
12679 52662
39526 42353
56197 62325
93767 68002
89153 26528
20473 46151
4080 47553
54595 52590
56620 80167
1422 99077
76242 28131
37260 30658
38786 88012
53326 83771
74626 91771
24236 66798
94875 16976
24258 31258
28026 10123
45549 54372
76945 11251
78641 97076
55571 17363
78102 1173
73307 38840
88871 35672
24038 38612
73938 31825
97396 72414
20266 40121
65771 68976
85320 14730
96852 74856
95814 33030
27356 3143
59203 39281
38996 87221
8226 19250
52082 93691
37514 41942
4462 62439
50503 24173
82278 50412
15752 44651
91066 10271
73279 75208
49712 76475
49252 6113
7313 18174
49330 68501
99402 66570
45609 38184
66669 83909
1770 18563
62541 98937
3774 95634
41093 10740
97680 44197
35314 51721
53102 51983
1876 96014
11500 96074
52049 18332
68896 20882
31123 83122
68775 91397
41861 80307
1567 69673
9721 82819
3819 59398
90405 1325
40210 19816
7809 35136
81984 7646
86922 50285
17092 19934
43875 95435
9328 61503
13263 48052
23421 69501
35320 62245
87908 6456
19659 22146
93061 33557
99994 81935
22084 21372
43192 63608
89767 38456
84769 89450
77658 43834
2351 32376
70091 66231
56838 82295
96206 6021
95945 93762
72857 24290
83490 14422
54313 81677
74974 76343
91100 51915
24463 34890
55573 78211
72712 70809
88476 80930
73925 6386
90747 61048
89376 80936
7874 74746
49757 44880
15267 35134
97567 93638
86902 35713
48208 96838
30551 80004
50173 10515
67747 36299
11800 28339
97567 56861
99125 85232
96273 7335
70765 7321
21445 30105
65982 87199
40809 51079
65192 57848
9425 11017
35889 40480
56308 41723
58722 20435
96492 24222
45993 74516
92954 25077
42549 49962
13153 46153
31229 9117
63494 13382
10777 15709
12246 5724
82695 16028
38080 85950
36872 70191
13591 31046
72992 80720
66353 53711
44537 27903
78122 730
66848 47164
31778 17866
74535 92399
24155 64487
53570 2689
52316 2111
33002 71680
79953 30400
55197 49919
76648 80832
42779 47667
48405 93557
20779 14871
74511 34717
70868 32585
69265 92216
67748 55051
45306 74409
86061 7939
21741 67096
7875 44603
48178 66578
53599 45921
75091 31688
55775 42536
22976 41292
21059 92230
79275 91191
91410 76212
43181 58278
8787 40433
74495 15000
20724 49439
28610 86130
94375 60356
33304 93787
65504 52203
46696 28384
61080 61761
80350 56785
43565 88152
55432 91746
42496 33543
44634 69003
5173 10343
77003 71433
59254 68984
20534 43675
54257 38010
38394 75877
54741 71572
86362 94640
94073 29201
29470 89864
42518 29534
74256 55165
70824 63918
82432 16002
27280 42806
45857 95985
77077 94065
1225 86342
37918 97916
48021 5407
44921 64123
25987 34402
79384 46931
81045 40407
70799 76014
46357 28810
64119 98458
97932 44459
32942 61802
457 53741
30421 60851
38560 26090
33552 22736
92712 9181
48554 90783
63100 58022
8750 43202
51419 58026
59727 34623
77161 30705
4993 54529
20108 39622
75997 41748
72591 30971
18849 29036
16994 92194
66542 11327
13944 34133
65480 76358
37575 99918
36026 73473
71820 28432
35663 60048
50948 78012
85402 81306
40276 9469
38095 30122
88291 49309
60680 18413
45179 81325
78529 93365
22667 6593
34139 12249
69191 70674
56317 11731
53606 69530
18446 26144
85859 69435
69949 33284
34974 80729
45626 1059
5464 28219
29754 50697
70202 26958
16438 83043
61742 34786
45516 85444
28836 54379
99101 38593
51471 37313
54893 53205
72966 83360
35079 7710
4291 74825
94358 43390
32391 31295
68525 2011
8724 53483
63456 88223
65586 43321
51273 49976
24331 3897
69348 55257
46030 42046
79155 93496
27855 91778
66202 54510
66181 57856
80708 44314
89356 36665
71324 70046
15073 23120
94229 77664
9993 55118
88643 63243
1065 28190
41728 37195
77295 11474
67304 98069
42824 74428
42205 24284
48712 69078
21827 85629
97189 891
16197 31188
43580 71979
77262 72965
41739 5803
33425 80340
16917 33667
96386 73645
40290 13278
51387 157
85467 31981
72216 44438
96210 12965
21915 21327
75384 65468
37545 33090
54022 17488
36970 27277
74677 38016
72237 40497
86149 30032
50530 80822
378 88362
31166 33829
57466 20088
31930 79948
46064 51691
26293 47326
2732 65719
90029 55344
94881 58036
42474 96382
68390 7103
28500 71204
14742 29719
74999 96484
59696 47424
57318 47942
15351 54787
15958 19636
8114 94604
67230 53274
92877 9195
84797 62572
84727 57620
18932 19840
23843 3871
10120 53007
67655 59272
10818 28697
70495 1680
42190 88798
40619 99002
12639 94917
98380 2287
21225 34457
57515 15098
57318 934
4467 89133
93874 82017
59762 23643
22127 45630
91388 34587
71522 43639
59176 72331
23636 94124
17425 83499
75057 41117
97462 31742
6124 75634
87578 69421
27514 82772
94660 78115
84306 6673
96928 39537
72404 84987
57757 92364
73215 50922
45998 57706
2168 89814
73065 88297
55818 73149
76970 43976
92513 59523
63761 77516
80110 87245
17728 88157
582 8997
63998 16998
54115 12345
32566 61304
5825 22716
43065 42727
44962 34020
97624 3980
4811 86570
5642 25857
4485 24461
94124 45320
91037 9871
1852 99429
82628 44246
28862 47391
28399 87725
5943 19715
11800 14944
86644 14113
31451 36099
44356 41037
65786 21036
78554 24895
56026 76565
32236 18163
25604 16411
78999 77002
57380 74593
35864 59880
38573 4782
22516 59924
70260 44682
32209 19482
88881 37765
37467 25836
17089 33969
39744 81725
57798 88931
64628 43717
86277 58870
72238 74112
78599 41255
41385 42191
37049 36762
47204 31989
61004 26676
86851 67898
42485 59583
57323 18188
67918 83465
42665 70009
55731 54981
84300 16695
23078 34504
53767 88221
91404 34637
88816 11495
81198 33330
85380 71285
5881 73305
6144 2028
60222 51112
84745 84340
13170 10409
14150 62360
96271 26506
87200 62473
7378 51487
78633 6971
7483 29275
65746 79463
44368 22042
32307 43880
89498 98107
23047 95966
43174 34814
48461 82414
40805 8458
7368 57439
65100 77130
5504 55710
27509 51946
65631 17019
94588 59999
62677 22250
27108 93117
38773 30563
57488 38910
10134 36931
74089 46370
41138 82121
43998 93833
5450 2713
5088 89979
57856 96732
90818 19712
46075 73406
8447 62697
70471 72367
45171 92165
35026 65443
18785 35980
66224 24050
53996 39480
49976 50776
20222 52263
80102 29110
25124 85275
24695 94191
19311 46169
35375 24236
54836 99886
22070 69017
98893 89317
91158 3686
53783 14770
56639 88934
26354 82122
61924 25683
3556 55752
99100 30440
23702 49962
89921 74246
14933 27602
9620 81840
20018 87463
40087 67438
44963 70417
95793 91150
61056 20992
71918 98974
37766 69541
2013 85396
34999 85814
53872 19334
30393 48111
80959 64754
79635 75180
46629 36023
20115 7921
65314 43706
48362 67202
50903 90499
4173 1130
64813 74237
59734 26200
96078 12665
63682 56862
23498 25323
59889 37137
26580 95596
51721 73068
20547 68374
10707 97836
96722 96939
52540 7413
83551 53679
22934 48779
25007 64073
65396 77338
8617 21062
47633 72816
38327 11670
394 50141
22792 37133
34495 15994
62321 22659
57814 88031
48359 38709
80440 94858
87782 80290
45587 59327
79245 7630
43734 26115
60800 4002
48312 91168
18949 82666
3857 99525
38951 37174
61598 83619
75062 48794
42018 30129
4741 47309
60928 54504
61355 67726
63714 33991
28259 56698
36661 99632
38892 49655
72490 17353
27209 57837
65687 23293
20449 42280
80756 17337
88480 95991
27231 6927
373 46096
64696 13814
46130 33962
50693 34823
5104 43169
51023 64642
10440 93429
60196 13575
36154 26123
32915 6462
53738 14539
6867 46799
34014 65856
44956 94859
95617 97307
66604 58945
10180 44785
3971 27817
26103 56280
2695 91645
55060 85262
417 68123
64885 64210
5502 20452
13081 30889
82992 52288
72547 59706
81611 312
3739 92146
74792 44603
24523 52225
5125 25913
20834 84284
28770 2219
21621 75065
44901 85001
78393 75989
89271 35570
69835 54577
10246 67144
49672 92529
62593 30641
52629 74012
83647 4087
93848 65727
16536 22921
29180 31626
61866 31992
84882 19217
45461 51579
1707 73836
22112 17963
24798 26679
22642 4872
68136 94323
10809 46450
38951 35715
23526 37040
40862 94032
42159 83885
92469 91462
4620 32470
1942 15125
67419 77981
52625 16048
40957 64569
14552 83697
51350 63332
22276 35027
74960 88539
99822 51959
93529 28130
99159 93888
480 95774
76257 61815
96604 33624
21331 73287
20613 20161
37848 44673
76633 66248
7521 24666
40281 37734
98655 65481
85609 82899
25482 31561
44403 20973
89244 23581
95653 1912
63095 95463
98830 21753
4603 41743
66245 49594
38513 71586
62850 45674
51331 87633
61187 99962
44289 34670
93801 74112
48637 89938
7928 6776
39792 42810
4122 73950
17459 84709
81949 95605
98343 51288
45648 63299
58989 90042
12202 63154
72015 66872
39939 16209
76149 90050
24921 35761
66577 37196
58925 78537
91732 86158
44003 87571
70678 62277
77894 25324
23058 73008
25569 6840
17895 26579
61511 38939
6136 18839
9356 78017
36621 35368
71657 61687
3376 42486
21628 27119
40785 13268
80773 17408
17571 94012
97003 46692
35004 81930
28853 35513
58009 87868
68498 84769
42615 61721
34129 24161
65915 59686
71433 96101
2924 32082
37939 14587
33971 59308
38155 55731
65282 53383
16914 85702
84618 28573
69711 25612
19779 50409
70057 13988
13160 27275
58063 28880
13272 93288
38064 94358
10167 52680
47971 59616
34282 50614
45665 31005
64127 71620
46310 15070
88227 36100
39859 96378
37993 96944
72783 52106
99210 34850
49121 1357
85343 157
87832 11589
60105 96834
66275 65721
48650 62620
26233 7409
56169 61877
27827 28413
40754 95678
60365 66991
99156 35243
81737 47067
42049 30997
52491 88606
25681 58614
97630 21589
28095 71280
99053 75233
12490 54727
1771 16746
34006 91298
26764 98297
35913 55854
74313 97180
85134 50331
21184 24261
88341 30173
65234 46444
62193 65900
84484 84329
75257 71300
85278 32026
24903 52326
28655 59715
33436 51957
71142 4073
95066 41018
84411 56150
80328 48865
85220 89081
56434 21338
34336 16707
30887 80760
81840 74602
58457 77909
6008 20713
27232 68428
99779 79710
74999 70910
82781 33228
46750 79214
98166 95415
74998 90085
70437 72490
4200 2734
37475 43476
12479 39803
60780 14470
26697 95582
87330 64119
4986 4177
34506 19424
72680 12047
88236 94177
79376 28472
49175 43610
67824 70769
9819 1395
71307 74210
6733 17300
97576 34006
71878 25069
91155 59806
13828 54768
94907 68431
37768 57522
54994 77791
21655 18286
46640 58604
88985 57889
26097 8693
6333 44815
29778 50174
44019 54493
5656 26385
65136 26965
31593 92216
70222 76805
93008 99492
40297 18336
44733 57385
63715 39483
83043 65471
49984 9457
54713 21251
21035 88160
75450 92212
87984 95082
6213 61622
23968 75957
55837 27154
65104 19883
14505 36884
31289 15227
32309 81580
3770 38134
68880 85870
39794 43154
46284 5522
99846 55723
6114 83444
56097 39421
63147 7669
45263 43211
34983 18392
90785 40092
52698 51590
11884 5144
10282 75594
29129 27503
72291 58454
77559 36402
1235 60957
33461 33496
46510 54518
95816 65627
36011 79295
88091 6424
93124 95832
34522 72755
95482 33732
22134 87568
73104 17036
6948 20507
28747 22939
7518 26209
40600 28962
80608 38165
13030 61270
89612 460
41767 52749
36167 28193
32436 54533
82553 12242
10950 95549
31601 78209
17214 21562
20191 58451
32605 38276
6104 22645
61132 85958
60438 7730
48534 42065
41461 77950
4105 30073
47511 62094
4537 84631
58657 73022
87069 49221
75388 38026
57616 7013
81173 14005
75505 7259
12765 96517
13635 65358
84457 5028
65710 61547
53651 59297
26268 95746
46135 19437
8765 22823
36599 40223
37604 37042
76696 78832
90471 18527
51267 10144
83298 49807
93125 28079
54773 52230
73103 40580
4034 74219
57014 12042
51504 28426
29300 18254
6635 13717
19589 48866
11553 56447
11147 91069
58790 79680
87371 83769
86961 78324
32846 73908
30141 26492
45889 51599
13193 68411
76725 14962
17592 19161
87775 41670
882 83012
87673 21881
64609 3819
74463 80574
64917 68001
47092 15050
52449 16704
37402 10649
44795 92387
15197 31462
60128 74666
81801 97462
90637 95866
32815 51310
93351 38299
69989 95064
70516 61720
2691 27267
17632 41026
30054 90592
67641 4301
38384 68006
85876 4594
64742 76782
41542 4844
28305 85719
50635 21403
4830 41443
11810 80484
70846 64793
72558 87982
34374 54721
72535 26086
89008 17387
48551 91740
53017 66312
45006 76484
6049 32943
57887 59670
74606 91578
76176 28079
4841 92358
25758 92686
12895 18871
77863 89335
57697 91921
31533 60467
42148 32480
82170 97454
4738 94193
86007 30904
15192 77047
11603 36549
88934 75943
40994 99661
79666 94012
91579 52556
19877 68691
98681 74147
75660 28944
65436 48565
26520 93464
17893 97611
81823 97109
20893 15921
71032 56629
9870 20279
22883 22667
57256 98512
39839 60141
72062 49814
87346 16116
92774 28196
74661 10751
38077 26491
69221 35280
29153 83966
66371 13933
64021 47381
50005 52640
94784 65646
28947 62840
68046 98999
31099 37894
22446 36230
33933 98561
11986 23313
86031 34946
8274 90582
75338 1929
74057 40084
50187 33654
25718 2448
58147 75120
94301 20594
60424 42626
14628 49413
25842 69881
45110 33562
64798 45735
92419 77829
42095 90083
47774 35423
55144 84135
59070 91746
82995 51089
15165 82225
90685 73826
5532 57677
56183 51586
1789 26688
79255 38010
21128 84534
7317 31544
85095 84511
66862 94799
35273 98095
95205 33428
8642 84927
47485 4450
80970 59561
17056 94519
82394 16655
8475 21301
28754 58100
7103 91298
49526 96737
80162 15784
35180 3970
2588 51638
78175 52711
92619 11868
41759 14724
48111 81011
31135 51184
1838 28627
80982 83434
8625 41532
5279 84399
84453 25006
16184 21701
39996 73072
25543 97396
97129 45036
61808 71624
38247 66737
51776 72592
89651 62928
74950 78178
3021 55840
18260 31829
86300 74715
95106 86085
6247 7454
82476 91058
63772 22637
37263 55585
39244 60396
208 1434
80909 74983
37685 71240
10487 61579
94217 57404
24168 90539
49852 72907
33280 572
80481 38155
58245 36121
45199 60378
41633 62783
17665 61239
67199 83666
60086 35399
89233 27191
849 39025
45709 69880
35929 9730
24299 33763
20603 74571
92873 8971
7171 88606
83591 42469
59399 60180
72747 71085
35612 69545
66143 46783
97598 88734
29742 51806
65965 58359
69962 64496
29066 87675
58825 77119
60991 2359
387 91642
56276 67611
94966 49234
15706 10011
61411 23709
82852 35471
58542 11319
9577 8691
43073 17276
62692 60616
88681 36719
65716 16913
8280 65271
8252 14135
88738 8156
52580 88838
58880 31246
91286 33870
69072 18591
86306 65538
73330 7236
57306 92
68684 3031
82423 8311
85160 92536
40946 13716
27953 82087
82540 67542
70745 6252
72454 50054
86710 10864
88585 72495
28609 5889
59584 14754
65717 27538
79609 46868
68022 77272
44392 33564
93863 46446
45700 59797
30162 28562
94408 76610
53413 76710
34579 50821
76015 44176
59913 85990
27239 40922
86095 46450
46981 21522
37618 3802
42567 54283
37121 11568
3502 32667
26191 97197
89502 32571
21842 910
68994 67690
75335 54546
63621 54410
10315 50142
57754 3393
50627 29177
81620 90202
76021 3792
48367 89634
55213 28723
47782 25003
86809 66262
85818 34508
5486 47217
69522 72638
1857 30401
39733 89697
6766 80965
48977 30741
68628 97281
97912 59170
98902 51902
1182 65648
8220 42312
55388 94319
60592 41583
83568 21105
76706 80134
91643 70475
73412 59783
25409 91448
97615 97742
66637 75221
77533 18969
20266 66726
20716 27247
65515 83216
87457 56917
3460 20957
18626 53562
20494 2939
26843 88077
83239 89821
88155 82753
50288 4824
17364 97296
94925 9287
74910 32021
48008 97064
54676 82512
52719 46461
77685 20262
9202 33132
5444 21567
10917 82048
19721 46982
86916 27045
23246 82893
87690 10735
68771 85222
47161 48884
8955 71723
42709 94541
43085 41590
82440 89754
93107 78218
8960 50779
53358 83720
2957 91255
77344 86363
87460 61081
77040 10349
99742 61486
17482 76239
80761 7240
32541 74133
8694 89758
26043 13272
95417 5418
68156 76530
2701 86473
38491 58629
61789 98847
82295 22613
92380 95376
45940 67433
20190 12264
50392 57774
56157 13492
17966 85620
48469 96519
42022 20911
29511 20086
50387 90679
79546 93148
59691 56360
93781 60567
6571 84131
81511 57289
61617 53163
16704 28344
66944 90569
89653 49742
23007 42249
79551 8217
34362 12955
53916 14316
93792 97586
76749 34909
25123 49000
5975 96357
64539 40536
91330 29699
35459 38691
6077 58617
72347 82796
8888 5997
93380 97916
82312 49258
50791 63294
76710 13564
87694 73604
26320 29304
58410 85664
73255 46769
16811 9964
91632 7300
55915 36771
9619 87021
24612 37637
48351 89072
57077 90583
17476 31857
29089 61697
67895 37756
35055 2830
73618 82686
4587 20175
4081 55081
2820 42105
20182 7252
60140 71458
63973 8473
36667 57672
99241 83670
58124 18506
22285 71436
80863 76333
43492 98211
85045 984
71682 47524
74679 76792
23937 19005
66608 94173
5917 89217
69326 48923
48120 16870
86405 61866
89751 80933
10476 33863
68930 92797
25821 4529
45768 82831
63833 38828
71673 39395
28610 2753
50826 58435
46336 76764
10549 87579
32029 2445
88054 26655
12489 16680
40719 22341
50166 92197
59941 26246
1116 99616
66976 78498
91063 57178
86735 28377
10628 81174
1378 7826
47496 84285
69550 25144
33481 45306
75853 68151
34962 6335
1243 85444
32244 8479
31514 93459
32512 70065
99279 12318
98989 41843
68770 92645
35960 64325
89346 33928
78239 89514
8159 42863
80965 60779
60654 49507
53938 76691
17161 47122
44080 65907
81516 44814
31119 3104
90361 98927
13345 2576
4629 74861
71007 91073
23305 94790
42498 88530
15681 91454
3082 94408
78768 31258
3195 24555
75275 7460
91803 20838
59241 37034
10998 18058
50794 89887
51226 11531
53837 59513
84571 93762
97144 9233
45424 19145
26067 26374
16468 54178
27949 65722
45510 86897
20246 78771
63049 28029
1187 54620
44421 35187
25038 27649
10564 38403
5427 48343
56534 26753
49012 28305
84877 82917
28950 83340
43554 13643
23138 11652
68910 60692
20645 48412
60626 49540
92560 8123
22928 36354
35192 98474
79343 92346
32727 32535
54170 69182
50217 1396
10594 27905
98417 62136
32856 77659
61873 2365
212 37288
10805 55616
74321 169
38377 82309
90542 82017
11006 77585
73326 40184
7882 5550
41113 17852
10724 85610
4825 40252
74348 80280
47550 73291
7233 38957
73210 22051
12425 33092
52646 69983
61485 13083
91899 13471
24025 19508
9594 60616
61345 41813
69861 76642
99831 15848
27619 93016
90326 26588
7168 85723
13306 65794
2346 95520
37925 15952
6965 54877
33820 86690
63896 95312
63528 26964
32174 920
29078 59625
20055 71322
65239 13223
11828 86045
41313 58841
12078 78414
30252 24075
94511 74877
86357 90930
73703 76478
68606 56834
73289 52553
20396 69429
90443 82939
80712 55275
66442 24403
57535 60900
87267 74101
59394 74920
891 28235
5319 84607
79993 64254
70438 60538
81734 44417
87068 58472
61012 44839
60395 54497
76788 31528
51960 89343
64286 79200
14028 73632
1581 9328
35348 38598
44896 19451
86433 22135
74331 28426
76937 63677
26468 47849
22852 30342
32134 36072
90287 72069
84689 38266
83724 50127
27640 88825
65185 99295
15505 16608
20436 28020
38585 70608
98614 27406
13902 75180
24949 16436
77843 73980
30215 93104
49199 39854
50502 49233
97294 43504
45583 78888
75550 79096
2242 35116
91668 99644
96933 44790
86181 25882
16577 35877
66925 29266
3587 67868
56651 44358
50044 16703
31011 38049
99906 69210
74235 81133
16013 98394
49246 24315
34427 51441
28892 3359
30252 37398
77832 76498
56134 7107
27896 3054
84914 89461
89897 70102
87933 37104
26233 67051
45176 64217
20043 20471
83545 15481
54950 68390
44088 72929
58262 7144
96403 84768
39882 2353
32522 5871
84596 24026
9891 93350
95564 93213
4551 89700
55406 66492
41891 74090
12919 2650
36296 93536
55212 67552
76076 37424
19250 64890
93255 81638
50615 26456
40375 91030
39048 54574
74876 25174
10041 97812
6332 74783
70145 46182
85120 23952
25978 60676
86070 26923
1125 98036
78637 14998
54052 94523
34588 49276
36863 18984
42043 53418
33888 70377
33191 93778
69910 32052
81379 93419
52758 96000
12434 5710
58773 56681
96734 7515
41231 77679
26612 85746
18244 51863
1574 88475
6837 19977
45159 26270
75915 28432
74994 44684
82481 97437
53636 91412
6965 48069
2557 61230
14475 6846
71140 29748
35210 55078
43264 33316
98765 49724
15743 99680
85843 1157
19282 44717
7295 68392
7535 39223
50296 28978
85390 45132
66378 22868
80109 24349
85412 80576
62125 38720
89528 99855
85042 68752
47775 27613
94662 74571
81554 32523
23638 58995
10738 22173
17684 34606
75296 21274
16083 40518
58341 89007
51727 59722
45644 79852
67746 90571
40419 34405
91472 92992
45662 75154
3292 24290
93364 53167
24624 40241
19072 37725
83354 61293
11137 64351
8681 55549
90490 42846
57780 40940
55251 28070
96467 167
87766 23335
64708 67872
435 99540
17671 14222
80316 1191
7811 50571
78409 36251
83647 37332
53366 20209
84937 6605
77216 19884
29075 97019
45324 47189
94193 49479
78464 76471
42588 81570
82632 37284
60690 61083
85714 14574
71027 72427
3794 97135
37541 34634
159 29121
71922 89398
9716 67111
73381 12275
9232 99363
82833 78374
1846 80509
87369 85945
40014 87490
47657 21563
68706 11939
55852 86973
29922 14098
76787 86997
53473 85384
54725 23103
48213 49954
20265 82295
92667 54623
9165 90560
42096 61156
37635 98112
9273 30360
17823 15009
13596 87592
7738 3218
28773 8452
67250 10436
48482 68064
96807 17838
72551 19988
2880 89226
59403 33565
45124 88821
39017 94938
11682 95347
18944 63727
75337 90120
87188 10277
43600 40224
16843 6696
36559 21704
49136 85384
82948 82034
17939 40985
65392 89589
11110 1490
75447 44011
81826 68018
47012 46162
28128 23382
3618 51692
27137 60901
13028 44638
87783 2724
3614 75188
52921 31138
27721 3452
18275 28270
67587 45895
2611 96219
64141 54699
31805 27331
98827 27939
31128 57569
2856 21421
65248 26773
43119 45323
29202 2084
92339 53091
72914 65398
36360 57343
59240 84694
19591 8302
99358 790
53454 55265
82276 36200
19326 19631
22349 57446
53659 3505
66927 3946
43312 39654
94183 79959
70920 44688
39955 16654
49910 62614
23158 87098
28878 70432
91127 99589
93545 67262
77058 26976
83397 81442
76453 73535
27491 21089
79381 70651
31304 9013
15367 38414
29756 10558
71639 76922
73806 9692
42404 31683
46893 14743
28177 15312
10640 71064
64934 44878
45552 71725
83406 55533
23337 75337
6199 6849
34397 10145
87220 96674
95472 13392
38974 52844
76269 5908
58063 56064
76255 47470
67238 70977
35161 99622
93414 30520
52879 27173
10838 2097
13243 60090
52482 94300
23225 49302
89560 37356
93226 63535
13325 28571
11605 20960
53494 9956
38850 57640
52591 47304
37629 65255
66871 18826
32825 21092
79314 62515
79562 5897
55334 92398
59338 19749
18782 25709
45941 1737
91946 41794
47404 91340
8157 17639
27478 53351
29966 23255
74907 97946
23831 2162
42407 9989
5977 78301
60109 23792
98486 65568
75553 61667
54102 85766
77981 4590
14691 55904
87677 32643
50412 36899
44675 30007
12070 38469
83763 78949
80262 3268
28216 15658
62312 75935
36606 13162
22764 27355
79254 61322
2291 21439
93493 62548
42278 90232
3220 73398
35504 84342
49457 70595
36959 35789
84845 26704
56199 1909
21421 408
30334 63499
50906 17625
70369 48238
60256 68725
80494 97058
83026 91506
29288 46928
4580 21914
40759 97124
86352 94588
74981 58894
85426 34153
23009 14818
8812 40376
57920 58968
88547 75650
18519 30252
98495 3142
73058 80671
41199 34886
95201 76564
63619 38249
82294 68276
98768 19575
85192 52234
96912 20224
96898 25672
94303 57973
21428 57569
5951 78189
12209 23308
18549 90178
83824 28103
62602 96881
5132 87410
54506 60894
39844 7888
72168 78925
21755 82858
61145 2570
60729 75051
97652 36066
62568 64740
91384 72264
79448 18410
25926 20465
77723 38035
41475 52472
95689 14941
80792 5275
83102 2952
38098 56444
43575 57142
10818 59265
42489 43506
62205 31508
65546 97702
32221 64195
41238 16067
43582 31649
19659 66013
97890 26627
50109 33421
53358 2853
71107 84525
99627 28163
98360 5343
23333 93952
7163 91431
2319 26210
1167 29196
38494 35891
90652 38171
46153 62306
77004 43844
78384 17408
9775 82523
54674 84804
62743 18744
32757 12583
15261 96184
57409 79177
58906 8441
77573 9642
2894 19746
11889 34769
58781 27001
86171 59433
44013 19850
82042 39103
88746 97895
66798 91942
88962 86595
13526 40147
67690 75478
44056 32544
27766 88796
82844 52301
92388 60630
42257 27643
82355 11943
10663 42415
29572 50136
71060 95445
89792 57524
66960 71642
20881 71853
51704 41361
95367 85749
92814 58544
70004 65446
15319 25648
42449 155
34204 66927
89815 53076
97450 42641
56775 23638
70994 96155
78019 24329
68233 7096
41010 72664
34729 16852
24448 20980
59247 54467
29403 48114
16891 71099
20119 73096
35443 55157
18219 6420
54815 23536
32306 21365
95118 72270
95051 24560
68753 6998
20794 65356
347 33008
50884 12598
84199 6668
90231 29342
69809 17019
82304 43896
34587 73844
31602 36988
27594 81649
32582 39655
89447 83823
6197 88824
76703 46610
11584 5011
63971 22206
41 41858
81641 3103
84375 27886
84169 48674
29366 97290
90176 30682
84597 93577
53648 79324
17510 63619
33598 9635
88129 85045
68787 80365
99617 17405
252 34811
98405 39841
19307 47285
34193 98889
7411 15364
44426 55489
38767 29271
16542 55033
4956 56382
40954 76036
86170 64210
76465 49372
91791 33227
34332 93788
48068 58824
13333 19333
80774 11435
87962 94266
18022 57082
58064 2531
39706 6207
99934 52014
83226 68297
58638 59273
1379 41449
18863 3306
71991 6230
64085 17671
70107 21769
37784 41854
87672 46498
28721 13583
36347 4897
92736 79420
52118 58509
47112 3952
39420 69873
86929 95861
93544 48762
45958 67772
407 60058
46517 93241
22889 45896
74802 76389
29668 40286
45523 94971
15633 79706
62901 26651
16509 71293
36342 77161
47962 53743
56121 60686
35451 11705
74853 53270
16635 55465
68390 33617
12247 10034
12907 73107
81583 66057
71046 45077
79305 91529
51023 53265
96270 54832
1089 67081
46155 83744
5916 88928
45426 81663
84193 42783
66326 93143
31321 12530
31826 19223
67503 77033
9699 92688
71313 31928
54729 39128
30003 89591
55691 33674
95019 60226
58960 26885
81910 85497
54790 1417
3154 97506
73726 42205
19586 258
71022 14955
3054 51048
45390 20034
87776 46466
84156 18611
14887 83718
20952 48725
57752 24267
31848 24578
33864 14733
4437 56119
85939 29580
76300 66904
78649 76077
48991 54345
17627 44024
36354 80118
72066 79096
44014 4908
17817 4510
21696 86494
82350 67743
28379 97889
76597 24721
6818 66576
61637 7506
6847 23304
35512 41217
36127 95181
9487 95075
53012 55396
34508 67327
20017 81847
81271 14370
81682 89844
19770 22717
39313 11278
56901 99938
19442 75003
47402 27658
54904 51764
33026 61426
65133 78712
27398 18968
39614 33481
7030 66691
13725 7693
79606 24313
3742 51278
95308 63239
20378 33691
57764 48125
61871 16709
9420 39439
46237 42082
20920 99541
24874 27918
26175 90923
80416 6629
7548 72978
37898 38026
79854 46125
31866 61476
41784 76677
5286 45019
62177 23206
64486 29247
81846 12192
10968 59618
25123 13990
90909 96281
61374 56338
24121 31166
47132 90047
61910 68209
97466 40238
91041 14930
76597 21026
27724 86249
62034 60804
49643 48863
65079 56671
39639 77602
44464 57125
3182 94181
27531 47080
21744 46909
10716 31330
64036 88869
85050 59630
72081 80635
58240 45484
76165 62241
94765 41729
85842 70621
41348 16372
78284 15929
52749 39250
33964 14691
12050 684
17648 98414
16003 6676
83384 16336
78642 73411
62059 56386
58872 95030
62896 47203
206 13708
72406 53077
43669 33866
2796 99519
3279 38839
73385 713
67203 63488
98213 12739
97501 47861
3838 98238
85291 52682
83093 70449
86753 82679
73742 66133
87190 98329
78739 87242
4741 6383
6002 46960
69229 13949
25594 46543
10546 77708
53762 15279
85337 88040
85443 38112
96432 89793
61753 29044
19651 22091
97125 57056
33512 25438
30958 56159
97973 918
8827 37743
43620 63763
30459 24465
49142 63131
57373 53165
38317 53939
3352 40140
42960 40522
94468 57404
32971 34287
4383 41712
50700 25845
85450 44381
50375 22262
79562 82239
43891 34381
60327 25362
48011 80122
54127 29848
40462 52162
83028 87738
60480 3693
99530 91711
4295 7430
98122 80630
96878 66591
57298 34386
57669 25002
89123 75081
54783 65377
19970 28565
45778 39775
4471 62451
88987 71108
45585 46598
70904 80244
34015 3412
82891 31353
74616 25160
4062 1373
50549 73071
21178 65489
49938 48411
34798 16969
88592 61699
84462 63294
18262 35841
24497 44266
5707 43730
63219 64975
98974 23738
56241 22609
30687 76829
31695 17655
19523 27079
23669 41614
98115 10277
88942 11046
541 6410
14760 1491
38034 60075
17782 20525
49670 54595
3505 97360
84356 65488
15571 78141
72152 43508
55994 27671
59858 84469
62059 33863
92777 3517
57805 87577
14998 38618
72458 75645
11317 26655
38961 84775
27912 44322
65430 91758
18675 25532
4081 51793
96513 62988
82171 69453
88989 44756
79796 70376
54106 7770
52256 47530
76268 40969
4901 65406
2829 96333
81710 69078
51385 89051
19275 7972
26002 20166
75567 54626
31324 61675
51825 35371
62978 96102
64683 10943
83280 27963
59390 90083
25750 61966
21772 13503
73772 7179
80285 3838
32424 87775
3227 37233
36745 85116
78549 16397
560 24601
80416 89736
21090 37712
54001 46144
8967 34079
32100 24052
89998 66024
25048 67081
58919 25872
79921 78662
87591 26787
17365 95832
12936 51278
35631 2927
54118 5252
59696 83583
79395 80763
24744 69600
49635 66540
88145 99407
14321 38262
16837 20587
34841 70267
53859 60952
87115 22017
86190 81919
95807 96946
2222 63276
26251 41596
28973 89647
3791 76498
77082 93436
84841 9546
50762 9419
18401 49597
64050 72280
575 51659
71054 79300
17839 67124
18238 7570
46980 24991
67011 72811
57747 80855
17414 52346
79443 37961
21298 76657
43012 63911
20021 90691
11844 648
96803 82407
59451 7557
8659 99036
1105 30526
25248 58239
77683 80851
62121 51158
22130 21260
11185 73993
99843 77906
77055 2083
33408 20371
63168 24149
78085 70818
70432 7732
26356 68148
60405 89974
30897 47748
23796 91545
51111 93583
54649 77629
33410 94425
36708 12452
21587 44455
66871 31513
10607 74595
11353 28710
93776 89628
72821 15036
28082 24738
65596 42959
68631 6894
23935 99032
4996 56792
50742 47377
61474 55967
77467 96604
90654 94373
10768 43133
92329 79312
27861 11035
71960 57291
21618 45347
94085 59074
38868 46533
51628 55818
40871 33077
95215 15862
80865 62763
33619 47299
77591 51652
16769 41485
54054 33054
20454 89592
46187 21728
63603 61512
65643 61424
42941 50377
65292 77787
46334 29160
2010 12688
68370 1975
57539 55717
48507 52717
35643 59345
43998 19620
75001 98608
60548 77721
47800 69347
59738 17712
2679 47053
12113 85710
4410 26967
64478 46525
80998 35340
17627 59947
34409 94942
94340 2699
25039 42879
25851 55602
45166 31721
32645 47931
1179 9463
50731 62820
45427 28041
83994 71407
93236 88644
55587 96386
16160 56592
42076 47751
93665 27480
6172 83821
7295 28109
52963 16965
41964 31460
23888 64133
74681 46643
23977 70441
78366 13624
20215 83757
98646 48626
40935 55668
27840 45926
91402 92740
36287 72347
22133 98440
36507 44222
58274 11725
10143 18047
83854 43429
54072 41618
85977 37479
89852 26960
4745 54988
94529 38259
5159 40500
74241 30205
14176 33887
21565 50481
63205 51605
52695 88153
30667 94175
60566 73247
33068 54059
92102 58227
78085 65611
35477 77515
99574 59990
25976 96798
6213 85542
15844 86601
89595 32985
89973 39914
52645 60465
64682 72040
79604 14836
18470 75528
59549 39980
39185 98713
94682 70343
50998 51658
93544 58616
71171 77774
26951 72756
2827 38111
57981 21655
49543 35544
86355 53053
60016 11482
17558 1449
71655 31624
83543 37857
14446 2123
67180 92719
93005 10894
98413 10050
43885 76866
44727 73163
67360 4796
79021 54017
65815 38226
4050 65021
8490 64706
71600 24062
57812 70348
40436 50823
10357 97202
75407 68444
45870 68991
30359 94281
83720 72221
11332 65179
48526 74205
23283 64292
83086 75284
38950 54427
32667 25912
55842 66298
21934 52999
80944 31678
64417 76192
79454 5835
67762 52167
72859 23334
48391 79621
5949 35640
98724 99399
7839 4946
15638 62970
72219 38275
89419 9365
3604 55396
18040 96304
22704 3085
52722 48581
45014 95165
98581 29622
97396 56181
50720 97286
87931 67869
23735 27806
51873 25279
40064 618
74270 95975
20999 98874
12591 95593
70906 6594
11575 37371
17548 4730
62553 47894
46358 79550
28607 39065
90706 18958
56854 84390
74271 97744
67471 62819
77376 31049
13184 43707
8764 13544
91137 60859
42751 25276
3440 82101
30456 85528
6445 36768
8665 24822
6078 12405
51131 84081
25101 47796
72727 33609
35141 75101
73037 42467
15704 61528
69409 35687
20540 30318
77081 86656
50505 21517
60864 8831
41533 98823
35079 88185
22040 28115
4959 52260
98016 55787
49119 798
33918 365
5508 14566
4832 28059
44876 94081
35701 1242
89178 63862
58388 33270
63286 52691
57205 97949
9386 34310
13654 98592
74758 63748
69399 24405
76924 11749
1950 85367
35588 30598
93397 80996
37434 6630
97927 44222
48955 26793
33350 31563
71500 30616
28904 7606
32531 7231
82245 40875
37435 14222
36699 51870
52149 36057
88458 65541
1426 56504
67609 60537
82218 49383
37359 33626
34327 3303
97274 37896
28666 33723
57004 93546
37302 70924
42264 64267
82896 38022
63546 41208
98037 96409
46924 70339
37364 49816
25106 88355
90560 59069
7599 88946
44399 14819
6157 23821
90525 843
76218 77208
8682 22712
77733 21048
44760 95091
14853 41654
48622 63751
17650 87907
6743 98342
53738 29934
22052 54626
49518 41456
50630 26965
26018 89889
67253 66298
41712 22527
97644 74033
16422 43758
49162 36799
82963 86099
33810 41547
55278 53624
38796 73859
12975 83596
86722 24085
83892 13184
87332 81686
74110 48298
91076 76798
43889 17606
78107 77706
84279 12656
26818 43001
69342 89099
58010 81328
18965 61565
6277 49590
35475 30864
81322 54392
84273 82483
17620 8678
86570 75671
76084 35316
33986 84531
86363 51482
54876 25153
65569 68277
39043 3166
43873 75396
38050 21486
96218 90987
9804 77781
34607 46451
90037 23263
55464 28840
44886 94713
57327 96250
22093 29109
42292 34045
14651 93163
74826 88201
18884 10866
47335 39194
90930 34091
2440 64784
47283 92151
1962 67633
38038 63931
51698 98211
98194 61219
3591 54194
93568 56349
31570 34448
82620 57210
41765 36399
72007 3184
80369 20265
4456 74746
62030 76409
65062 81782
80567 12895
38032 12934
41003 8096
469 30704
59150 12868
53356 31070
89317 45079
35726 96383
54814 24808
9687 52740
44678 54892
35816 71300
17456 10172
26664 91864
1557 45171
75134 61023
2127 44817
47929 77084
36540 50587
97833 61459
20641 60120
88675 90767
80261 53269
32864 38943
18833 6146
74334 75477
26615 3091
46238 83846
58280 77057
92100 67340
38396 68006
86779 27367
54030 78628
6446 83031
46014 18495
49008 52260
50573 35038
59733 17015
22884 35950
79862 38078
9357 82719
69425 97452
84024 85093
29383 37526
40664 48600
87133 74679
64100 71508
19931 60397
63670 94970
76848 58649
43599 41741
34540 64579
40049 61686
83044 95732
48420 20417
20689 31099
93777 7134
29009 97865
72618 17377
44741 31796
99616 5185
55666 59992
86411 53437
13216 14385
73351 12434
32382 22786
67217 46598
20380 93393
17869 42145
53807 64936
70883 15119
14256 93302
87038 25055
67773 24332
92492 72806
44183 9249
86113 27933
80547 99887
61459 80095
25289 35123
76031 77068
81688 98640
89603 56553
85408 89933
1890 26558
15126 35538
33891 34966
44531 77615
10738 48194
63286 16790
45118 9591
11741 34844
19129 93067
72912 43036
81340 42172
64151 65651
85120 14441
10878 92005
22693 86935
59288 73911
48975 49229
20857 55667
79684 85816
28635 62599
4815 74344
99706 77734
60000 85873
18360 37157
94890 86923
32154 48127
35460 18931
22216 6130
10953 11656
81425 29152
7672 62318
99237 32559
68852 21454
90553 4745
35172 33908
68487 47581
92628 73296
56331 68220
68371 34326
92007 23229
66803 38622
14943 81465
3565 6948
59070 29647
3866 31913
1648 37985
31578 73808
5254 1558
16849 33090
6037 41270
28101 22027
58967 92625
98786 27994
7560 26808
53558 4485
64394 46210
71413 56739
17409 53897
71222 40336
26200 96458
45108 1324
22235 38569
78509 60828
98715 58890
27143 50984
16557 79001
29350 7259
17355 84259
57975 42823
82065 50907
14601 4318
50625 5718
67983 73561
58432 72943
46559 27509
12790 82180
52949 59890
65490 9463
70097 56018
92132 92046
3124 28192
9186 70195
97544 14118
9923 92948
97557 27957
15943 25252
15756 71009
26093 69848
42624 1155
45274 4780
42024 48085
80793 15740
48767 79193
46070 39019
94724 19283
1314 54367
41115 67338
52978 85506
70217 28171
99424 22275
25115 62022
75304 88979
20320 73519
81068 2089
33227 5790
92721 94302
71346 72720
8896 65330
82706 58851
11110 64197
15784 88830
73044 91518
14585 39207
76479 92168
57675 57195
56865 52688
47626 88409
4246 64585
49508 18599
64576 46376
95277 10188
9764 57287
19708 82212
71179 65094
95500 4816
82626 11942
97724 26483
60282 69932
14575 57142
32200 25316
50701 13540
80710 99131
51360 77871
55473 51556
51352 40969
16457 39349
19944 6252
80276 15111
9190 86483
44122 70585
9071 41566
24362 90092
19360 82994
91924 33064
82622 31095
86894 96343
16943 77656
14800 30277
159 83142
27383 80934
53981 37238
19429 99664
32283 75198
74751 5116
38993 68188
41678 83241
87322 47247
68031 60025
16085 10332
86467 90995
76229 96554
21104 17567
71506 71302
85437 98093
54758 62688
60586 43470
48625 79404
82454 41113
20742 82947
8775 10920
47419 82303
89510 6712
89389 94690
1440 61709
79450 34319
45478 72427
68773 19344
88301 93342
1781 99407
6159 30931
52054 87420
19497 83581
71894 91405
63643 76753
35689 21529
65227 25418
83142 70909
9858 8294
73064 18391
7501 60326
46351 81742
59613 96786
99772 56231
43688 27219
16376 28881
83526 54808
18285 16123
87444 21905
34251 11320
80724 15319
13317 10082
13355 78722
17778 48500
5314 84785
22828 27087
97030 82598
97588 19414
35273 79655
25388 45074
47838 70431
55515 61358
94784 97210
397 57659
92396 12556
56273 22606
27970 38955
28153 71869
97256 75569
97213 86438
87271 96827
92280 76873
25388 91468
4809 74984
12040 19691
46068 75342
24113 67904
40607 47077
22271 43451
85909 26462
22383 69134
19494 61614
93988 19406
61093 58987
63137 81557
18729 78323
53936 98339
69132 26021
57502 40856
37263 44325
83196 70876
26708 82140
19520 87352
51459 30519
35170 12570
34758 92355
66847 94069
45708 44727
57914 55006
63338 63915
74358 30224
35349 16953
86557 85129
76745 10307
97820 40427
86917 9964
26308 19900
31789 65981
11371 68998
88071 27874
33449 33080
8542 86411
2268 97411
95714 44044
34724 96413
2438 59421
32391 84226
43841 32602
37518 30318
11214 85219
81350 87556
82700 76382
36673 24298
93054 36048
86738 49066
44139 81672
6452 78675
159 7029
72356 25687
44361 46186
259 2026
30651 71265
11797 98665
72525 83285
30276 82352
47323 71334
87613 70947
27042 58649
22289 97862
23207 25718
8374 82405
5808 44392
12292 13485
34440 73312
45241 68465
57471 58483
74037 53798
89288 79255
1663 99943
11898 62698
26014 59697
79184 38219
55232 37288
59529 37663
19254 84401
55144 58605
8278 68886
96181 96131
66392 23685
17338 59055
6426 4721
64518 42566
61788 53392
40910 94208
30117 77915
77383 46362
2460 58225
25869 63123
32463 75316
59552 97487
51823 10922
71970 70775
81106 12989
79418 13559
6064 82524
94867 92511
82407 54872
62109 14403
1304 16712
36875 1083
48391 15493
30420 83555
58846 86798
36979 51836
63338 46053
79783 10921
73661 62257
55443 94675
81611 83770
37887 64262
56429 34576
26805 28850
10305 18149
75781 35658
54215 58094
12961 2920
8357 66149
93314 16359
32069 84042
51713 62312
82706 39390
23775 98830
22847 54182
34589 81826
98111 70350
94693 10927
86414 40995
25855 19591
7494 89016
36381 97724
33963 62210
17520 392
36288 92892
84175 69222
53904 38724
50999 3158
57862 60
20006 34941
82516 27978
14368 53730
67024 9496
93738 27347
10675 95284
84370 56990
88216 40177
22084 36248
8291 64005
21910 33369
91383 29769
54397 27262
33983 42684
49750 98694
68934 80352
40382 83894
98367 58620
14042 7861
48158 99416
24625 22544
37564 66340
27788 18039
35959 81617
56445 10366
14607 77814
99797 4605
43243 76172
57324 25361
50578 25331
68765 45049
96914 47659
8807 82873
53149 65884
80013 250
69575 46894
56695 64424
92329 53073
16143 29171
12577 42583
16837 60015
39152 80213
41292 6484
26298 21926
97146 58302
45962 4200
28012 56397
47083 63740
69471 64455
21936 97482
70040 49266
19597 25051
9949 37466
82171 14141
36890 50449
12088 15427
28254 92649
48901 48674
85435 57628
71654 8022
32489 78693
42789 63579
66051 77861
34832 85172
96456 318
57239 56711
21947 20955
16175 7710
38340 51719
86833 87495
69070 2929
62299 39158
80743 79406
64206 26366
62786 11607
55374 34460
11192 37991
11014 55276
82402 23710
75905 35921
63681 55393
14738 93073
98615 96823
5581 70743
49547 37453
14507 55728
90633 37235
12170 23342
45408 99741
11019 82088
74722 53188
52146 55640
98567 16258
1770 70139
22858 56697
87678 68949
99338 68525
39809 53418
20107 7077
61191 8934
96307 26254
20874 10550
9037 31928
93254 69965
21801 12375
20093 36224
83930 57411
49459 60874
69942 27576
82995 53481
21530 16567
80968 63039
59940 18435
13349 7858
1175 75077
93982 27404
82874 27081
67532 41851
91897 80127
2254 33330
30211 87163
73058 1287
68650 76692
57680 10355
1958 97161
51647 21685
68114 67863
38142 77167
30222 30564
31453 84359
95611 37432
2065 76360
91970 16895
30003 86175
45326 92680
42530 7966
13965 713
52764 48220
36338 51192
66313 47890
58966 64403
81937 32543
78227 70521
62144 62534
58504 31983
59817 68267
88280 82685
43680 11386
64682 53678
75551 81504
74 93619
4834 92623
90983 21281
8747 18334
73651 42350
11998 2919
6150 61016
13030 99112
37116 90174
50351 52547
23250 91973
31081 63293
83597 73780
1932 7714
22611 54296
36270 85952
63311 79905
48622 91495
63729 77443
39949 50768
31660 18966
39024 19635
34231 6039
54655 77935
19245 94501
70697 52486
63788 93092
10494 54078
14106 44669
49747 40449
66363 98524
73986 83293
42268 72753
33927 42757
78796 4144
19300 93711
28477 69073
54014 98005
75496 96592
34301 53108
710 74254
7088 29551
7863 43694
51015 2796
7135 85657
20759 36342
62084 34267
76122 54138
16754 88259
84620 91178
18263 34919
44751 27837
38727 4062
12040 78764
48440 28644
69407 95671
56615 16441
35843 35710
83122 14882
87588 20713
9532 61447
43927 28257
95821 17747
35798 20468
97071 536
12413 60949
91666 200
45806 95033
50152 52349
73678 66395
81290 65937
61926 31353
69073 86663
84579 5236
9054 54048
68918 69428
29650 94119
79348 22306
61622 98790
95063 72685
38613 7694
48123 73606
26333 39475
10850 96931
94370 43726
21073 13247
81851 97177
24880 44248
39939 97718
88718 49648
17849 23241
14235 34957
40800 7577
31053 59802
26240 6483
15067 63395
5923 92071
53061 46077
29017 95177
84682 35835
20980 14449
3951 43386
92717 20700
96479 86646
97245 60424
30278 26419
36965 47228
12053 81461
92359 97918
25057 29864
59850 83707
48132 19801
58458 79106
6171 14746
18853 24521
5382 72930
27455 91911
42923 1259
48351 68888
83218 95475
53952 47421
47178 47067
38433 73689
12387 28235
19909 70229
59507 1580
57172 4636
84753 50252
88088 30752
98717 52894
73953 76307
19350 77783
72482 73871
46658 45586
10353 25071
14730 35853
49995 74707
59259 96618
20397 65408
87622 88239
41148 98878
61056 33702
68286 15416
13859 33470
38975 34687
91787 13352
18733 57128
14298 75674
90652 16681
74837 81488
17060 93952
47653 30310
19870 31500
98711 59743
59338 9714
77756 79201
44747 60217
52906 1207
43305 910
5817 7054
98510 58881
47782 74232
25034 68518
57619 88524
36304 18934
5125 7011
57110 11819
2821 12253
46265 91943
90784 75674
28566 68046
56071 35202
63474 87655
22608 75998
40564 91263
57875 76636
46341 45061
59469 13422
31287 38511
76736 80395
25147 57588
62961 70317
94377 73393
36905 658
40796 45988
85077 96188
33747 22740
36486 27153
74898 7526
99634 99483
73119 71273
32817 66888
14821 4012
28992 5067
70036 58306
75650 86457
57631 88965
21146 65070
34044 41168
1042 62694
34056 13476
10647 27748
94593 13444
21562 77294
58890 78169
3088 45230
7402 27854
88627 85203
54573 30324
4416 58830
9089 63072
69815 3158
30779 14024
80926 40644
73552 76362
93470 79255
6300 34662
45348 58994
53822 57342
90082 38937
69882 92605
28971 81624
57782 29869
72634 77500
71389 91711
58252 60663
26239 35048
67617 5760
69743 83454
12735 25585
37380 80639
7695 37927
58904 16138
55582 17702
76748 36707
47421 58323
94850 59316
88354 32696
94050 96455
48805 36835
77525 43117
62468 67398
59949 52122
12351 25209
41307 87622
99356 18260
28472 65357
74244 40374
55933 94800
32068 75105
2474 72722
5486 22522
25091 2556
73205 58126
2798 39514
89524 86312
92982 9884
93960 78236
43499 79894
65105 84256
95520 7680
70677 74861
33228 54454
75646 70466
28361 46264
10199 89921
37336 52268
23538 84497
30363 42103
89925 87674
49050 16840
36072 59244
49439 16142
94904 94040
35962 35068
40600 35317
57917 20172
77835 55933
56224 44697
26107 35405
84766 91619
56021 85736
60631 99535
59851 16597
15853 3653
38480 79901
84999 31408
320 43054
39056 85057
89109 28858
75896 59085
68243 78712
76210 14570
59005 44706
40021 9046
95069 50006
66844 75344
53408 76982
67302 13149
99224 27975
82198 79588
89912 55029
14387 33363
6779 38318
96425 48632
28094 93091
96327 31144
41282 28426
5568 67387
2123 3166
9258 44142
66947 13277
84609 28096
28887 14633
8741 96085
94137 34792
29431 11318
43261 8741
63904 76687
35036 75564
23243 47088
34163 27633
25638 7725
23333 19466
90757 7230
44245 50032
43103 1951
33805 83331
87119 81585
48347 78467
29332 14615
78574 21207
55697 54842
42845 31722
36686 79494
50368 23561
84149 70891
7477 24550
25878 58940
93276 31928
67043 10739
79900 63801
96181 98571
34364 20231
41413 51685
93962 47427
60275 83556
74104 10453
79779 82097
16218 50022
68891 33175
9225 81060
96167 89928
57699 81153
22101 36886
56040 57077
45241 77019
47519 71992
78506 43506
24847 49481
163 40155
44742 31273
75683 4091
66742 20224
40302 51161
60307 57911
15049 80355
42646 32445
80961 77639
88445 60867
5061 79770
53768 72159
62408 72436
81918 93197
3520 93778
35878 61449
99754 50771
89070 67350
4291 99612
68904 20442
24400 75924
31304 81408
31191 82344
22567 20084
77060 70376
48323 94827
89541 32904
57373 33976
22222 85664
3097 18680
32406 85741
6529 99367
19352 15310
7619 52873
59540 98055
57966 25602
79691 88257
23321 75518
98086 14984
65341 72874
70831 37164
69910 40216
14134 43297
41541 29984
27245 34975
4337 99897
5581 90594
31681 32196
33359 63275
52163 24034
89204 38909
96937 90041
64766 39745
12807 75155
18100 49026
76214 98142
82146 88306
60980 1421
74518 67875
60130 76117
95173 72527
13892 82737
55716 57073
62341 17567
73551 78058
79792 18241
31077 66429
72536 59389
29481 80178
40913 87965
85795 55351
14388 40912
21757 50746
53023 89767
82887 99920
74355 87833
93460 3250
68820 7807
79035 88251
52141 4984
64822 25131
51113 76391
75366 94951
70395 94448
24013 58262
71767 30590
52146 70693
74615 85344
70977 67844
14295 57448
36296 31655
78392 71787
40380 20647
68801 80291
63538 89022
44889 46128
102 11918
6543 64754
57335 46075
82258 23505
67081 70156
93690 63734
5633 50766
95677 26223
38573 11537
28666 98959
35898 81161
47506 32331
35772 43726
553 36510
59273 53788
40842 24614
39134 44436
672 78436
6937 43545
29630 56672
69501 73108
14968 24003
16369 86193
34504 80476
90497 96384
58890 84540
71836 95861
992 7321
39092 97095
20494 93839
77729 76981
54079 37850
5214 34524
78494 26941
92202 41826
78078 85726
89257 14063
59315 20295
63745 20559
65655 24935
89437 69105
19686 64527
44301 2987
21474 88886
17508 10611
55599 66678
75801 3783
62072 93612
91623 37094
11176 11771
80140 33205
11474 97418
14702 76860
46602 47585
25649 5190
57258 36304
54882 644
6094 56777
79312 80459
25880 18881
30637 13905
94093 35763
93105 5044
45557 71580
22743 83923
38719 26656
87775 40915
99483 8772
63210 36059
80670 37682
58593 11064
64897 88184
30031 71450
80675 72297
19426 82677
39266 50394
53582 25537
72998 75942
66826 25787
76567 6987
11632 83394
6049 59659
64865 28186
17271 64012
98655 84204
4846 82168
242 38116
65309 50686
95428 94034
66787 40175
69317 89962
5601 5858
41191 44228
59836 53392
69890 81244
3613 84536
94194 69491
5360 46204
55828 73740
51848 3427
63469 74224
87545 91189
51907 43
9533 61058
79617 77772
17360 94363
5080 44041
40692 30903
16568 68345
68078 90512
60347 9784
13863 82660
84379 28102
57675 90964
98999 30632
96717 49256
30962 30694
80546 25768
25204 26123
30049 54436
42279 97865
18090 45966
1755 85522
10748 73755
48098 57184
79740 99142
2196 46157
11637 72077
79917 81084
35635 91090
73898 38702
65703 62907
97424 1614
80486 9394
61509 39878
96298 51557
3477 74407
27759 91303
89454 28613
72535 68078
93444 28793
4807 2131
58734 35037
2248 55957
76775 10579
45158 61814
99630 85791
9428 13180
24902 23656
5959 81457
98391 65531
18103 76356
37675 19528
61121 97510
80562 60451
94183 95822
95006 37796
6190 7989
8584 19080
63007 91099
69129 10477
48294 10976
7042 14586
99350 34508
37332 28629
97476 94727
26185 72555
72200 13185
36553 16523
99263 50956
66054 79115
45931 70397
63313 99234
84369 10638
38722 76012
77434 43295
78100 75658
36690 39409
3718 34431
61741 88489
38491 19988
25053 93459
44891 40052
92349 5021
74736 99633
9993 67895
83434 51805
58435 28506
24027 28466
78480 4254
60828 94891
61017 61154
51238 97960
60203 68103
20922 8238
86775 2741
14266 84901
81714 83766
61485 17848
87414 37398
28863 24184
80992 66057
41662 69018
79408 22853
76830 51860
53068 20515
96822 76772
3069 2466
43905 50249
93264 72325
70942 17096
39350 71280
2865 77064
86980 79086
54464 74166
86964 78542
74614 61026
51458 9025
27235 92640
38449 97278
52345 54185
59236 21631
29329 99543
22436 24737
55173 68108
91392 66376
50067 75468
5673 856
36320 21118
26386 67261
54450 13295
99542 76228
5461 89454
35889 16672
30680 13585
59334 70086
22573 62735
81048 50897
28364 29477
43473 97279
17776 12625
17374 26609
29496 88154
26704 86447
64840 11622
75708 13762
49638 53057
18460 99321
33789 24413
27277 77316
61629 70892
15695 25724
85465 53992
79336 62137
70663 87468
86657 3962
72484 17977
70663 28673
76366 73298
88875 8564
33224 79008
87043 26398
58745 41454
59751 39851
94989 47725
97556 57679
17938 72402
54188 65888
1757 66740
94772 16280
95203 88654
98709 51220
3360 38051
51069 88951
25267 90740
44763 32072
49888 19852
61733 9295
90444 26645
91125 30428
66629 87392
56840 40097
60024 90690
54590 86931
19897 22833
84733 7084
46110 28427
96398 60300
24100 62351
11326 31220
35689 71169
53055 92073
39568 24523
28420 92535
23968 31351
74728 27723
35589 38486
41096 10264
41134 48124
85028 36723
15789 37953
90754 28183
66778 59553
28171 92226
56497 13213
93837 41942
26575 9016
23895 95097
80504 75611
89952 29717
51028 65074
50080 42265
1070 53325
46164 92630
30932 45024
83519 34306
68314 41507
8964 38201
68791 68274
36173 96631
42213 91662
84103 44415
23429 13434
54595 25463
63449 32958
24215 74954
89449 78568
50267 29540
7615 42439
11181 90618
93130 33454
89869 93407
7103 45143
29249 63408
4051 78365
16850 82570
13762 76032
17678 80078
83756 98277
41796 40163
84178 15924
42315 52532
86397 82200
16731 20686
68056 41571
37937 27236
91185 63271
81360 72043
38428 82589
2779 23454
47728 2178
75324 9595
63111 53173
92864 53411
78818 66651
37913 11806
69860 54843
43931 34389
93554 59683
15775 54870
4569 28641
8034 44148
52616 8554
49159 22597
83985 49174
23793 83266
77325 78274
35402 14442
72853 27405
36768 39647
11049 90171
94338 61383
64877 69045
30983 236
93511 35687
29383 14621
67 11233
65120 61675
46639 59671
72306 27149
90463 79713
37475 83580
4874 54299
13341 30007
22315 81094
54155 40705
34113 14789
18207 65214
32143 20513
47375 95097
84093 27078
61651 49793
60533 61604
82793 54152
38566 69102
8946 44803
82213 74174
88018 50221
19207 99951
61427 12259
52713 29250
611 14569
92680 23354
73361 63043
64521 22400
79348 30333
47218 50335
95876 77828
89743 57609
21791 51211
46318 41136
36582 40711
43459 97390
62109 7923
36037 92222
51822 56141
35503 832
83878 40759
4992 68537
26391 74519
55259 31536
57717 59607
48040 34323
36761 96677
54353 60880
40513 10228
47142 59644
30542 27802
84922 90607
15172 11984
17059 16934
39533 91765
86781 69216
81687 97227
20680 98434
85905 45593
65830 21331
96274 81191
28478 63328
76338 51109
30172 92825
35663 64580
59342 16242
43082 27643
90568 86659
72615 60675
53601 81097
55633 86588
64884 94659
76275 67750
40288 16053
49440 6281
97385 37320
85452 57261
67892 64232
47984 81090
38415 20453
44586 45882
27335 10163
73818 92074
40815 24970
55751 44781
93376 70310
11128 59105
26227 89288
22812 12839
93417 86323
43746 48359
62308 72976
57665 84362
22091 35274
67442 98014
95274 67827
63281 27830
91791 51037
22271 63208
90798 49634
74307 85773
68254 16989
76868 83940
97690 57743
80209 25039
20898 85243
74617 80756
91671 99657
70099 14525
17730 44647
23096 76281
41485 61155
68132 57593
29768 80370
54040 87571
94598 85965
86619 99459
99581 31375
5844 40453
79274 9528
4210 10556
74219 31565
79396 73518
40131 35157
94337 60006
50585 99069
13282 53233
20345 20853
72771 38497
28721 40593
90310 71693
23861 29194
24367 45039
99005 11834
72361 29412
64546 7299
56383 45200
7620 6953
59300 48824
2598 44979
940 11493
70800 50958
10160 56200
5453 93322
61230 71344
1419 95899
88679 76469
75869 49465
6208 45713
86556 88640
60769 53666
87266 72913
76313 26602
60973 63536
94423 49615
67202 49571
16307 11003
59496 34617
65987 18588
27049 79969
16358 89189
21492 47087
23293 23340
72222 50042
56908 49962
58300 61377
91710 88414
7722 60929
42687 70346
43847 53056
1279 9172
71767 28518
6933 84903
92192 17151
71386 59568
21421 99866
68970 51297
66958 57837
85447 67377
69270 11310
58486 66969
77468 62107
34175 25464
3866 89875
96401 7281
57617 81787
2332 15656
82211 87035
67957 21065
25336 77822
69813 57921
29498 96405
30682 91234
61368 5717
85157 26788
27015 20532
22779 89438
10268 78512
36004 28689
18419 47272
1007 50238
27052 63009
34124 51178
70472 95618
80848 28289
37904 82936
90069 15185
16719 21779
3255 21706
13075 46759
68312 1317
34192 85516
61020 41242
476 22815
33422 34312
20052 51391
32090 90481
81142 24944
10673 8987
10949 51899
68392 26928
8553 19884
49880 39422
66412 48435
11200 7705
81981 58436
43295 61556
61969 19287
71770 72492
9501 40264
68540 5341
32445 34456
9041 43946
15409 1546
63434 23161
42266 7911
67836 89717
99298 81947
13632 76139
45297 62005
76373 22093
10232 59307
67418 44178
93834 15860
94740 78580
83870 60396
80686 68816
20303 86355
51092 81802
52956 27278
7991 38822
69320 65125
15948 83536
38811 90371
1549 56597
21375 98906
25750 88968
67683 79740
2921 81438
20028 94723
75947 7634
10911 9385
56132 80322
7369 6161
4835 58799
21431 41596
20440 69185
76334 97461
20216 90465
20916 27238
5725 19582
99637 65280
18115 86057
39007 19223
10508 40536
17638 8676
21053 96646
95777 55169
82079 63441
2635 22512
62911 47547
35363 41109
87534 96811
41676 25047
56513 137
19566 963
63314 65477
6227 54665
1245 94768
21258 46877
14724 65889
32264 33943
26028 62225
47842 38228
95358 12735
56021 59410
78599 69614
10078 56952
98264 91650
77474 79308
56198 31815
1991 16667
53163 24042
14777 22004
30947 89277
77798 42061
88656 7607
35330 56189
35671 22226
96196 75968
46497 24204
96807 2615
94587 94886
64522 25541
63670 26952
78545 41267
57223 51803
6721 40812
28648 24493
51848 60034
20213 61521
34451 89831
55729 732
1109 46357
55678 33705
12999 51815
67656 37110
63138 35485
35195 73157
49287 70204
40104 67132
8824 64396
98725 78981
53980 28792
31818 76207
46975 67537
55892 42507
24431 64588
20261 80399
90432 21631
67202 70583
64425 81704
29204 49247
99877 41958
98184 74058
7347 83198
51951 63582
54711 34743
32478 62022
85238 39358
1711 78031
83582 50947
19391 89803
11068 73434
80846 88177
48195 68092
71138 24634
95340 49027
98276 63558
53840 58929
93537 29685
19984 35402
39562 9519
21422 20341
69588 92253
8689 33375
63289 28941
44229 15383
24630 22161
40216 87187
87307 36481
87551 13642
6398 42804
27439 26201
30264 7659
44292 44158
91942 4871
23933 78272
95129 87886
42205 85317
11719 14762
99948 80601
24871 20649
76885 57102
98553 19774
29958 73815
37532 60382
70706 20331
16566 39077
44946 85512
32176 63759
1216 69006
11639 41215
84026 27360
40572 8155
7877 78695
69493 74829
96776 5806
49978 18468
4941 14343
16168 16817
82115 22340
47746 53579
5086 75167
85675 38091
48789 20050
80685 8272
35332 12736
84789 70397
96872 4075
95636 60374
42853 26683
73792 84903
81891 20765
87537 87645
17613 89185
37476 45130
39729 38780
61948 3653
10818 95364
62620 20584
48281 64087
79342 53008
87792 39252
62367 16129
21798 8479
35840 42592
23422 68834
62311 55031
36799 50439
37036 60756
86805 84127
25964 62922
32847 48766
45674 17166
67647 87324
24041 5307
55645 13141
75603 32143
74596 11338
469 57260
47188 25278
42144 13880
57870 19994
54058 29
11835 94762
19467 10217
87142 78462
8705 29743
72797 33834
65484 36869
83284 39110
9618 97924
72097 24814
33244 38763
61889 59203
76471 86940
75954 27112
22325 20734
4439 98982
20553 10649
62104 43944
59182 16541
96831 77632
90593 22267
86715 53824
67362 5098
62145 11266
36088 76644
41478 49345
89738 23654
7462 87229
34758 52563
77056 97083
18013 37490
4888 8963
56613 45708
12564 77760
51382 92943
3040 38468
96398 62445
69578 35809
29965 27165
22566 9200
65721 71449
25066 90638
27100 2847
54099 48666
6977 46769
64831 46169
28986 58997
84945 84978
99069 66677
92305 96467
21730 77311
46185 2378
65223 35110
7305 28332
40492 95743
69795 56113
23255 69669
85935 6486
89618 24726
39401 61370
95272 50132
34510 98945
1611 28101
75107 91572
49489 83796
54958 3935
38930 57837
37435 99314
43148 91620
44152 84577
84895 1615
83801 92484
15506 28392
84661 6007
53676 26988
48775 56475
58427 50622
90253 72531
82129 30852
44269 79688
64994 24393
72619 19174
13191 25594
80468 43453
44510 95753
35447 77760
583 7469
21127 97161
31208 352
50906 65619
23659 31488
28973 89343
94619 62574
35197 71312
42058 95538
35183 44911
54030 60949
95273 25351
68447 85893
9463 48586
94907 45397
69127 79498
4931 45338
6157 52321
51643 31695
66752 90474
30221 33970
80091 92485
54119 52836
9021 72023
18168 80237
63017 10119
7927 28278
14375 30563
8604 36078
37409 60761
93733 86758
16103 91902
14963 17332
13419 1514
49610 14420
43494 93306
91125 25090
50097 42925
14399 19009
92653 62600
61594 39639
79260 16754
61052 39215
15973 78008
41054 61685
93076 79818
35516 446
29015 3164
55767 94109
15682 44582
74838 44751
66668 5285
4864 41136
36784 77784
483 26308
44813 64227
21393 41583
96838 20783
97310 91869
16387 38984
52291 30779
32526 11966
87102 54524
54711 62693
41488 29877
65937 98453
83293 69024
75602 89930
12751 86621
11127 74789
81332 14957
38558 10921
20764 98262
1386 3903
77116 6594
85154 98002
47597 5311
90578 86516
83789 60800
65224 74199
60412 11834
70552 46037
40641 2664
94745 88073
36291 9512
41606 4276
79857 63452
19646 80569
49978 47146
89125 9312
54773 22908
47777 39095
84411 56353
43069 37452
69704 79978
54089 89428
34142 10958
53208 26024
47297 17766
99488 11299
38235 78353
45086 32229
7066 46706
76655 30931
34574 69581
64568 66612
56204 70990
19680 53141
14925 52129
16241 19142
29391 90715
5786 61692
26547 54064
80143 58061
71677 22810
72007 41590
94072 71769
81181 41784
47567 91661
31185 59127
82805 50270
69124 62650
47454 59605
77695 82094
87236 42112
32844 38659
14883 51730
34683 21709
67164 22496
83903 62884
73430 65317
33135 27524
28984 11999
7397 94990
93233 36464
15458 98790
3089 23773
94152 55155
6285 93075
43263 90305
99198 8893
71729 48322
45602 83087
16973 42569
81594 48862
67303 60942
43787 75142
3383 8429
86013 67555
76406 11270
82143 26424
43140 59614
40193 11371
86789 96061
76024 91046
14110 56495
97373 57080
41437 92515
15502 77170
85647 66159
52396 13195
39784 68809
55740 77053
14334 13647
34022 43749
33422 31553
93945 84294
4982 82273
29477 56135
61049 66970
94911 23888
25247 68406
77697 24433
81490 66823
66407 83260
41537 46847
43186 42758
16736 76535
96905 23562
89607 35404
27828 40262
91503 90589
2111 43515
48632 35887
68701 22289
84806 93097
2594 36177
48799 96728
73544 85417
2414 74220
85771 1964
74308 85561
24077 51247
67825 7095
73139 26093
12271 27587
3941 2820
43736 80060
95314 38262
20683 90982
95594 74953
60395 28778
96034 26759
18047 24820
27956 49567
83156 17780
14940 21890
50326 37854
41788 73095
37435 46218
5529 967
34648 48276
54811 96929
58473 99613
13521 2968
36558 14440
20651 69424
10344 25150
19838 15828
36800 34059
67044 43219
33889 20062
39417 13598
24665 92493
38783 44524
4028 47471
30555 82135
49441 74688
46389 46621
4675 32736
39580 61503
2625 5108
22752 90725
40318 74372
57238 48151
85377 20635
95384 33478
1462 93835
49762 89985
13772 64486
29686 79936
31318 37030
75801 62909
71242 31429
67316 30166
24932 41926
61331 29613
47780 27594
14185 14440
67084 35068
99147 43985
13443 24646
78960 64886
34580 76281
17048 3562
56720 48457
26018 25059
13928 12847
50739 47546
14196 80389
72886 29550
2094 91917
42455 37121
59671 87275
11207 2137
8018 48646
39387 96320
22660 65323
79405 66437
24858 13034
68569 40953
47683 13079
58625 35155
26738 78026
35050 4397
94397 94464
66621 61412
80993 4120
17607 78267
53787 33206
99545 47545
66832 39139
82600 72390
52038 39787
99982 45458
22601 84189
263 5903
54567 43183
27478 81362
7348 16280
87997 15926
12359 67220
34696 26424
21915 98276
40099 95228
68943 58187
97695 95686
84231 96338
24273 3266
19848 19428
6515 57278
49567 82195
15298 29546
54075 1809
29854 62463
76591 45624
51021 68021
23025 87811
67704 31659
36030 38866
23051 68483
97363 23658
91706 71971
55861 29619
18839 58965
20235 25336
89917 95783
55326 32266
56584 1164
89504 37406
47642 87514
91202 75402
78776 26570
26428 60012
80587 29243
59593 88195
49568 80560
42024 99956
87752 845
94012 57382
72633 55549
88461 44774
50315 97071
51461 96836
7867 13524
47892 86068
89483 78787
5069 64239
6272 73590
28167 10703
83491 77418
9468 84470
58017 30115
76365 83560
70315 56709
9788 89164
94743 60956
63792 33007
27741 95637
67061 48448
55066 1827
90713 54069
5328 78747
56816 68069
10244 19800
22034 23181
70015 36568
20760 6315
91054 75740
68066 79590
1346 79276
3795 52036
7601 35281
72787 65393
20787 15098
88908 35359
34885 1656
87438 57217
83113 64577
71564 86126
49732 93008
39613 86916
9503 2371
66331 56995
21639 252
62087 35214
35406 81281
71651 46318
80359 34397
72790 64270
56685 9180
26508 50336
25405 9362
85236 84630
82551 33877
20448 138
3745 82911
48904 65942
30884 6093
86791 11837
86861 73474
55421 92193
53741 29733
57163 22570
92346 56222
6234 58149
25164 77661
20596 71426
69217 20628
65161 82934
121 69240
95276 375
28378 40195
12116 54211
76109 58613
99132 19545
30655 89583
60354 23197
50593 58038
60587 48729
19785 65238
79742 79351
79279 10108
39845 60168
7601 91163
89071 1440
77807 4552
12337 40855
90383 19134
21248 67689
52314 48347
22072 50647
29981 92385
17688 99972
39753 49846
82436 65273
4308 97604
67682 47714
10550 25146
89853 47023
67501 50761
68742 53012
76121 78855
75469 25193
71488 37840
21612 78058
77611 82368
13533 5752
93416 15418
69759 79446
44742 36676
27477 49997
82300 32489
84582 48296
71074 95605
20318 54649
26741 68253
52972 87858
35480 9589
74274 67949
1102 52535
52761 10789
35233 10083
56586 17178
19166 20697
95093 1681
76375 61824
23326 48114
4319 54563
83627 7592
78993 27183
4647 30149
72394 9143
72035 41467
23466 13264
18351 99875
80568 1653
45061 4058
60443 95492
25919 16479
29121 71838
35964 4439
67451 71691
61567 65321
56639 33908
43184 95907
5157 51367
75961 52339
37547 27511
54729 16046
70353 45146
32981 97580
30526 1545
27698 17706
45433 60803
8861 71527
17488 33962
71347 7015
91221 34372
24217 71507
57499 40603
31573 20503
74174 65246
69746 18531
27608 76286
46273 17579
89261 58226
11955 65991
3744 55507
3167 65587
99291 89568
45282 77360
38828 24188
95770 12833
40994 80235
70475 63471
49812 82393
48282 69830
10874 84082
1716 88214
4274 46667
34728 67058
93628 35960
4681 73236
92287 49812
86957 25559
31458 16572
39088 33468
40531 61588
70834 6598
80836 34624
91637 67614
66120 73964
37440 33071
88347 33765
35902 30027
37592 47902
71424 12484
49216 3180
67191 92756
42713 84714
73467 30934
45421 62006
26183 63626
60391 86546
35354 6133
67418 59460
36535 76094
49209 2358
93958 9843
41056 43734
7985 9026
71338 15031
22824 93120
33656 11471
54845 69062
84913 19735
98601 31758
59132 1262
58437 74586
73735 81719
85874 80974
42788 1142
337 64337
4295 40918
40044 33616
62281 59206
63211 60379
94472 43191
91040 84678
33124 23680
61916 92649
80644 61883
3575 27969
64975 57029
12812 56141
29460 42145
99578 44401
7522 61942
86788 98198
8752 60172
99122 67944
29622 16212
89102 68823
32274 93789
56712 33783
6949 82591
10739 29024
5395 60340
95301 99374
8103 55770
19995 9858
55308 15186
65394 51135
91669 37988
16943 22062
7894 9561
75257 16314
98024 44287
61401 64181
2985 33769
34977 241
51258 17261
88226 22216
71711 51108
84020 94677
28355 58669
7090 44889
96433 18954
73883 63927
76604 24769
57843 59479
39352 52028
88063 35879
35742 45770
65517 5237
68204 85756
25994 21846
37027 81352
13193 99
22087 3786
67971 63447
56643 14398
26737 77874
98850 72711
48820 88057
36727 63148
16430 21043
46902 20533
87366 35885
48280 90450
36168 52887
50683 50612
90307 41990
39456 15346
10537 30928
70732 23974
99858 17618
74759 61069
2713 76493
16544 11595
32669 17189
33830 71045
45058 68065
35728 38148
3150 82414
51703 39385
36748 24604
77079 30803
69580 78719
41106 19146
72257 77519
98828 18648
61986 25960
61168 14075
3017 39595
72873 27893
50007 18076
47754 9228
58734 83650
58599 30282
76373 74985
80410 4093
20792 87523
64063 52312
71878 32419
86327 24625
44401 70337
93929 43489
90257 70937
53181 807
15425 87563
96511 81509
89281 36060
54754 38594
13906 40468
96346 94182
51165 96927
36897 75969
44365 68396
1427 1316
18416 11281
35153 72870
20314 2020
24738 85344
34881 30787
7790 22898
45634 18318
81825 5628
58043 92711
80942 14021
98767 94617
36937 74200
42437 24046
28364 58914
42889 14840
42291 30518
71082 55145
40896 76009
77946 60122
54647 29109
74993 4168
86787 76122
92331 55058
80848 9689
22085 2589
12718 21719
47652 96560
69685 17984
33038 70744
25467 82754
90350 8197
87231 4237
80596 9675
77474 98170
62611 31170
1705 21985
28226 60551
54397 12321
19900 7865
23306 3484
39936 77020
46115 51640
83825 37081
15996 59775
33174 77020
15471 19168
35771 37557
42808 28076
92207 5272
60761 66553
29892 6301
78167 6787
9299 41536
17466 89094
58389 9218
52177 29541
50698 93126
77292 35846
44918 67765
46208 18836
66143 18971
34599 70044
3313 10247
77085 97712
68794 64431
52964 20711
42670 88234
81345 19931
90884 5108
75197 62057
46422 84589
95012 64437
7525 346
9097 18179
89140 89027
4352 28223
18920 26515
2595 29430
70446 48636
92590 75131
4053 5712
27715 89891
72879 14953
59719 3305
86709 75809
58307 38795
35584 44219
74276 46922
18257 11289
27995 69294
22537 26627
5981 65440
60914 89254
6212 55183
50388 92978
46604 16940
43776 22652
99511 91181
86185 83226
16554 38829
52774 6089
66158 66858
87154 28811
7119 76486
83532 93057
5280 53960
4887 58933
49078 38584
49083 43859
43464 24774
31042 20587
72022 97955
38844 78353
39551 1254
36476 69373
35657 47944
92824 66668
51772 81576
25900 70813
11463 45577
20344 62900
46106 91567
28094 31898
40491 4614
37317 91739
36753 1339
73977 43334
99628 90816
83048 26481
54427 3596
37926 51923
41028 50841
92586 65256
38479 17221
6479 8433
8139 97969
35764 81905
43336 55269
56604 38961
56476 67882
85647 15836
23135 7534
92759 3652
84942 69636
46692 34299
18507 79809
9705 45691
69979 72096
2076 41727
85703 73407
4570 51175
99068 29312
58912 60024
6091 90793
45203 21210
91913 45764
57017 1592
56176 47296
98366 40899
60989 10894
31920 63472
73680 55972
11460 26645
99055 61054
53295 37424
71874 61176
96205 94720
26616 821
66013 99178
5153 95099
49090 81013
49299 94677
18308 98830
7494 25328
59853 72005
73175 62014
17741 9102
63368 14102
79991 29186
73182 98482
50561 20827
14210 71919
2888 80475
75105 30832
72938 11046
41324 39452
44041 4003
46265 15516
69327 47359
45440 89342
4453 57354
46174 8692
16218 98583
11573 71862
57250 78496
55306 12539
56372 64353
85734 93508
63275 83736
86582 23314
52231 42124
79404 51531
46409 93987
60059 56505
41082 58793
39006 66890
4260 47472
26450 14481
1495 64747
47895 57060
53414 66545
80051 25788
23592 22496
37039 85368
98231 94680
69816 78650
84372 44156
927 38440
22017 21493
97946 43692
74021 70222
2784 2005
48268 84377
36913 37908
59301 48584
75532 33216
94818 78293
4375 25682
42843 32122
49307 40234
50827 88474
32229 11432
27025 83991
60935 56435
82289 90905
82580 48726
55153 8365
15687 20478
64668 44387
95581 76317
63714 97456
51958 43338
15638 37194
56984 83135
6383 20783
61676 2650
89703 77822
45311 94812
31647 32987
22659 1709
27417 44880
42347 21718
7165 66023
92850 77381
29461 39569
19637 71181
34480 39746
92372 93795
8418 84754
24053 73762
85987 19773
71777 99592
51980 20036
6885 4855
10365 82634
63539 60341
31066 89400
84766 64780
38857 24538
30913 70250
60149 18848
67257 96450
23150 53854
53126 74762
57607 69452
22351 48923
47415 8070
8955 7668
88697 74381
8344 55351
82923 91172
72567 46827
98195 67860
71214 40216
36629 53032
92693 14510
70910 73714
938 45822
81661 3044
65133 4863
8516 71768
83940 53259
56747 27753
49080 17471
98350 69751
50102 77791
47818 5895
57712 78703
92004 79809
54873 89915
21058 6192
56717 14960
30287 55334
46406 57664
64795 10421
69928 34115
31193 58198
69654 71632
71680 64902
19994 41512
73195 92356
68481 41516
38777 48245
57373 35010
66541 56609
10785 71604
58318 89779
96297 39792
17225 49116
879 69097
96234 19952
45431 88884
91367 74439
16836 35628
31157 69662
42880 11759
30032 40628
34072 34015
3384 25069
14238 43682
74414 80658
79142 3459
20476 79855
3849 29582
65994 24468
41381 17591
4745 437
37754 15732
91916 74186
27598 3263
72426 72367
80331 36821
9534 66885
21404 58457
97063 9072
34643 56562
61736 73654
90534 12968
70889 53222
18829 72171
97172 91855
16838 14604
52729 57125
11634 75618
47146 23359
50837 32327
32896 35291
17529 80089
91828 71641
4779 92153
19079 84188
66141 18895
74970 84301
92547 86340
80535 71031
8470 39558
73830 70988
26068 53320
1400 33310
66077 79167
12032 85319
98392 96102
92245 42210
49708 91323
62258 88847
7623 26335
50486 71507
80571 74138
52165 12021
79964 2710
49668 4963
61987 86655
66241 51211
15470 86921
76296 36226
28925 89450
65871 20673
20759 23515
63563 54402
57027 18907
16473 77287
16911 32492
43318 58100
98605 51348
95527 34864
45873 23358
178 8072
20180 64854
32739 92460
82772 64401
8584 38160
59186 92866
88502 9069
54290 28582
21986 37725
42942 23001
10600 89826
71204 35487
72263 77311
17331 49404
79362 53309
61122 43004
90561 67528
7146 97068
19886 82736
6407 63359
12697 41193
89498 37802
83349 49067
41834 50088
88344 58418
46430 17974
41663 83231
89348 20632
54567 14581
21486 44979
20277 41181
72944 98801
41839 81602
69251 4608
32449 98326
77157 67891
3770 71627
35575 3679
17868 73243
49982 57855
81135 64545
35682 45521
64574 32350
20209 66455
94232 48725
34365 50359
30048 61166
50682 71995
28030 11383
96929 29586
80540 57406
91120 5645
46826 15480
93576 6435
18459 24734
6414 98573
47366 99051
1098 75659
24645 96511
61835 22941
84825 79039
50720 10538
2916 46066
8128 31037
95757 96773
13444 12546
81824 61992
78440 7822
66732 25136
31117 60501
13123 2835
79642 69841
24061 83022
24310 57602
77109 26050
49488 31369
1578 38835
17624 73259
14080 73416
62979 32212
349 93390
26474 29521
83436 98741
54187 47093
55133 14481
52967 44469
87907 62714
63874 92940
27028 79340
41639 88152
39789 30536
33282 72923
32492 19474
47971 41178
50420 44529
67745 89314
50508 72017
27925 99998
28736 94212
91067 91458
99807 54845
42645 80963
21691 77556
9735 61821
4716 25893
33596 65324
25549 10896
4511 44243
7550 22362
99779 88728
7168 7819
892 82469
26364 37999
72836 74729
13340 91957
65655 3317
91281 64787
93047 6720
40107 50655
22056 18244
96100 29015
58549 2750
26262 77051
93066 85713
82464 7245
34359 22468
74117 40760
13907 81632
21388 17382
34679 58355
52353 91785
11551 52975
88979 70003
69485 51435
12980 40989
84454 15969
55292 28388
54450 25007
71238 59559
77920 12086
6578 83851
84192 81246
90049 46647
58055 89136
54684 33688
7599 11866
83758 34334
47732 88879
21701 45373
80504 62372
50869 55533
16767 99604
58133 10955
28916 14237
13183 7862
3779 25953
19540 56082
42940 59590
85367 66344
68247 90295
91085 65988
93770 58688
9091 89590
94196 44021
75752 47762
92598 69900
72174 68528
13909 1022
30669 94668
71834 95946
59521 23207
99601 79667
18183 83716
11341 40253
61188 22572
56771 34259
11358 82251
3434 452
63264 92752
41057 60162
9371 35281
30441 82305
69344 99141
99431 89918
47142 87080
82948 67734
85834 83450
80749 43882
33802 39360
47571 93186
96905 99810
97099 27238
55471 16267
9486 87463
21510 51597
44411 46324
99326 81658
59761 581
85897 92044
63509 56756
5440 18333
12914 4479
37020 8752
21332 68456
87773 93479
65228 35733
86503 3242
86319 13840
90432 518
93367 54407
68340 35531
61536 58093
81905 63822
97644 96152
65707 8069
16992 55841
41241 3470
72293 89831
90774 96712
31848 59980
65761 37623
23898 94646
40669 27396
91984 783
31730 99515
10276 60486
38058 11788
39442 93068
67125 63339
12924 39512
98565 74608
47815 82660
70131 69816
30524 48493
56920 56386
6311 25174
65845 18706
9788 87014
96396 72849
70029 6245
6916 6667
48245 74371
81352 88079
84976 35890
87913 80563
39232 60711
7928 57838
87818 82685
38861 99356
34839 52113
22467 46174
99028 33223
79033 42455
37010 8036
69298 22896
20198 94609
21174 9844
15562 91167
3055 65333
88986 77565
55053 33317
95320 10372
64802 5854
44105 64332
71719 32955
4438 59604
53685 56700
77868 1950
25805 73958
46268 5648
40593 50337
43612 30612
97576 73976
73443 25016
22430 17852
43793 33935
4961 25954
11045 11183
86757 92064
30789 46609
10369 20212
23002 10260
73008 43101
8529 76539
59954 5504
539 1482
13672 14084
99213 76428
53691 41302
63105 21648
36693 6662
80116 44520
59270 91624
75974 87496
67969 18133
52989 50253
11356 10919
91970 36980
9812 34304
97090 79326
94246 29380
97870 29074
15191 84378
7899 88219
42702 82127
40003 14022
3924 59187
68547 80102
69851 77497
69627 14992
84372 26875
12817 63967
74679 95541
69070 81361
72255 83365
60799 59655
20267 35346
78485 42057
91039 60674
36325 55840
17633 10273
17449 44571
67740 59425
91390 35979
84544 86549
77060 61702
41760 6228
76033 94663
27986 765
79518 54124
18803 77773
99240 83863
97281 68778
26704 81614
47775 40604
67852 1596
43252 72302
86996 38573
88108 77842
24357 87862
98325 42842
58754 95050
97476 20192
37678 2022
93038 31007
87571 90566
79311 33751
28542 6029
6982 58637
62848 67170
74999 25480
30478 79373
59656 48149
55106 20414
44196 99429
77113 65575
83579 37578
19379 4669
24672 62045
37046 68122
58089 52699
98731 70782
32851 3811
11264 7754
36764 45113
68868 44067
62279 72551
57869 34933
31675 46487
60629 53773
31620 10970
76793 51742
88465 36612
98969 64125
17844 34541
57436 36805
24421 52177
26665 58420
60480 22193
50414 67884
45890 29424
34236 16339
53200 11544
30985 17811
83632 25458
52205 90907
93581 45265
4293 86780
63095 41160
47828 33804
92161 15503
36861 41063
10946 65602
27626 1513
5012 92482
94664 94261
98808 5330
41384 65937
13040 87931
14848 25064
1220 57544
40808 57126
94942 24651
41374 23840
31341 25654
10210 54314
35014 96323
54650 8286
70398 32589
94320 56028
73201 52596
65551 13924
13983 82749
84489 57054
90857 50480
15540 91890
77688 87256
76296 78640
21687 59911
83235 63754
57204 9327
46053 81205
83523 11945
308 59756
53755 4690
31481 89613
47447 63657
10050 60185
59702 40723
76734 80568
15067 26744
36740 79347
35661 30275
16876 62232
33176 51013
60404 71674
84939 15890
55388 98703
80344 63362
53418 23376
50936 75474
6855 87100
70628 86017
92705 3573
76349 78931
70119 63969
57092 87441
11120 73962
60002 7271
36564 35071
27874 74597
35313 31249
99282 82079
40967 13687
71494 89133
22877 40810
99349 93644
49786 23913
20314 31162
70028 12503
660 60158
85349 4920
20646 41342
30872 9720
248 16102
20641 96900
84724 15752
38842 53774
88746 13079
64359 59501
93612 32554
5355 90139
27506 47104
7952 69205
90680 48470
46628 98335
59547 5554
95222 9629
33440 78364
24573 23547
67853 98399
66577 74886
84910 52429
5200 75153
53745 11000
60667 79441
26154 86234
31478 5377
39696 47790
26571 38943
4766 83956
98856 15437
79699 18513
39868 63377
56786 7084
97246 26005
78979 34387
86982 90632
79632 70676
99634 87131
30505 79012
54819 94564
10337 47676
26013 95262
64558 42678
36266 59079
79149 53716
97752 1442
4571 52026
18966 40435
477 54671
72955 94277
23833 56992
70720 67111
21403 96573
79712 77418
24401 68410
82047 91973
16687 20432
25440 78930
96972 18009
63310 19278
13187 46103
97236 74940
72307 5997
10053 3043
72896 11076
54005 74700
54768 66440
96893 34917
95406 19337
84187 58176
2026 4027
84240 26196
53910 32182
43744 19355
54667 32118
23477 7635
56450 93500
62653 97181
5628 27787
65383 74369
56731 16204
26026 52424
33958 61066
51135 53632
78153 60375
28002 96604
79058 42725
57364 52562
89077 13102
99676 68571
45322 29197
54529 51478
67466 12803
60370 34533
75637 56883
66654 31342
72558 75109
65884 90907
53725 97383
67397 72443
51340 54151
76341 99295
69707 54682
77773 1053
45613 93625
6100 32785
68104 20831
29201 16631
87609 88460
76403 59186
64606 79973
86409 83753
34618 58481
62122 24900
40084 38781
56847 43859
22200 28121
61620 31559
21940 11674
21179 51383
13405 56246
66920 7261
11656 20235
31654 2743
34769 70488
39744 80742
68631 62849
80649 17682
54590 9807
55893 37283
89227 2990
82845 95370
13100 38126
59743 22102
42254 9795
83196 23008
43237 55109
27193 13408
85959 34673
72286 57204
88497 31333
14810 36416
40641 37160
12893 27401
25978 64288
17820 76729
72483 87449
96528 90527
91816 89061
76759 3627
62743 9687
73266 74294
8837 49223
78470 2360
73767 72593
22651 81360
29849 40181
62688 23264
78234 5368
9124 56431
37646 89186
27935 52581
83675 88319
88071 3346
57036 43326
17627 37063
49713 87701
42300 9659
66237 61050
92367 45255
72551 63691
70460 47339
62954 5160
5682 40871
55812 2836
3841 85154
1946 83351
12990 57159
20371 50526
61122 87043
74617 67898
61995 65321
36091 61629
16378 37038
94702 52352
17876 81740
76263 71104
20770 13635
54370 38652
99440 43508
52767 33113
49521 50212
75743 2910
1881 82079
55499 10488
71298 56627
18574 58135
47080 59344
90774 60143
62861 58863
68151 88377
86486 88424
93416 97359
50667 16890
3907 37427
74715 66279
76073 63208
9878 59221
82940 95703
82897 3054
63524 50412
80678 90497
36331 52471
39185 43039
92737 5900
19284 52318
78200 38371
78195 26
7720 2712
46873 33487
91085 4748
23762 47328
33956 8130
26863 33171
58674 98691
61349 37491
91197 51899
9070 5709
47472 51961
52198 81395
42619 51411
88303 61180
88081 29440
42253 90050
53929 47516
27243 99234
82110 70855
11765 77312
65167 47974
73564 47872
84607 23521
7989 43406
16342 82467
65882 65719
64862 35998
88775 62382
42823 4772
19390 32648
52771 18063
55684 78624
68938 32922
13441 44404
92344 58661
71652 40997
87050 61333
82749 43163
66853 66705
94274 59135
94511 91398
97930 33664
82132 84228
83893 7311
22018 67904
54370 33698
56365 48208
83254 32308
85676 28050
91292 37123
40634 43621
96 87057
87862 74061
17427 48997
4835 18515
95306 82311
60393 50243
41247 26279
42162 77997
39886 96694
30446 85445
32281 88779
12271 25763
41221 23871
12110 8324
83131 41201
64420 76647
31272 99620
58674 11664
40125 30428
18617 42664
85295 32741
46019 32507
27736 9260
53400 15576
38324 50019
31658 37141
8517 21537
89706 49545
45072 53536
48048 54192
51038 14046
81718 89995
31996 82716
44958 89373
66747 38754
42280 91503
69904 36185
89821 22476
41653 77743
29511 72070
82535 40599
50838 27855
51494 56742
1116 69729
35768 35703
10418 33047
15749 84264
7633 55409
57052 32699
59098 20788
78637 7094
40367 38728
56494 72035
22999 71192
70775 80113
11838 63350
7109 94161
14066 70036
96058 97625
73607 4043
92411 97029
59604 28824
89841 71025
71668 6394
22889 66432
97318 26550
97716 73240
59182 84115
69511 20132
14194 70206
33084 51505
4797 53319
9168 58001
28319 57187
38595 70043
58730 26152
62747 5385
66007 51827
51009 26584
16351 48997
98562 64299
80227 27778
85231 24489
81541 82513
32573 6075
2668 91391
90054 15407
94084 81436
75751 70967
18364 42459
12256 74603
38982 65686
78199 4739
38202 17577
34517 87325
20691 81331
7879 62237
47376 95480
82366 17576
10293 42817
76208 76488
16583 3897
30133 40875
48340 94098
95690 81860
47113 90463
22961 88745
43193 96151
30383 43251
45917 95641
14125 25825
49935 96706
70552 99157
7341 92856
50690 16021
8412 91651
44190 3595
43523 25774
58311 55398
18924 93995
25466 54647
23910 8332
33463 11221
83909 45451
40132 45657
5569 57987
39050 71555
99923 788
83446 27411
45595 28003
35929 78224
43676 11575
26761 4453
38846 16253
29022 54367
63948 62502
7061 58800
71060 20708
59153 85455
97450 27760
31637 36566
44516 4647
11979 97059
70559 6696
50464 80151
99097 79127
52549 41786
70837 31326
58128 3445
50746 35975
43193 97782
48372 63011
45405 65936
51506 84422
17055 34648
99174 19528
67906 22761
60840 71877
52752 90753
43731 46014
38582 95906
20743 86103
79749 83698
17189 20055
79859 93755
29462 68106
4312 42891
73797 39618
74930 95221
75936 45810
6433 15471
40251 98450
77387 54962
83500 6526
33977 25213
12816 16919
68888 78451
78469 42656
34618 19160
61838 18146
87250 24759
1203 48776
49755 74623
38750 90660
7058 71169
91774 90472
98519 5652
42984 6702
72881 98706
45265 45745
18311 58264
37269 88497
75527 79306
93140 5267
80514 41612
70511 82367
81838 60906
57967 66368
53667 9777
12063 15304
39167 93555
58605 1065
76930 68712
80749 31997
22290 33991
5526 51166
63737 86609
3970 23022
52610 53031
9362 9073
36223 1999
49768 3759
11622 33875
68428 95667
67823 26433
28232 18222
59288 46508
11788 91444
31105 68489
38538 63325
51377 36659
96667 3270
18607 89704
46744 64910
99849 20106
94369 70777
83856 81023
77562 39472
77562 95314
73353 19519
67135 82959
32890 24502
66877 27691
97307 71561
77333 13945
26464 84784
23499 41078
1248 44552
44969 68030
32214 15631
10748 36884
85665 22444
96470 11615
6692 11429
16427 16519
92774 72518
96116 39772
52948 80065
42063 87567
93690 39369
56444 81335
91054 45973
71361 78
35109 51108
54344 12178
11708 73971
65212 27972
90928 1480
58320 12716
16646 93867
46295 33363
89188 69607
41101 16647
15126 2190
40812 54491
17866 14578
21112 93124
84628 81037
92756 53949
36203 35066
47211 42148
17994 45849
57928 5595
79088 73327
29437 99527
47552 9251
7968 84597
51394 96323
31626 3760
67232 37149
55574 54028
42826 96294
84456 49151
79506 27767
57251 37186
15473 20586
73842 96212
56416 3169
16576 47991
90304 75808
72992 55057
97331 4942
86501 4525
45088 44504
61355 97559
71635 18766
47021 43428
27194 80228
32236 99400
425 3059
1455 79709
96599 35093
59133 5283
36319 33452
72452 48026
43200 83899
12758 98281
82750 79435
20231 92987
90398 15688
34544 13629
84302 94530
431 5890
71354 64237
53573 71295
11640 43457
13878 87215
54334 89306
76205 33071
96294 5209
37397 48547
97329 63777
5953 70896
44225 3963
5765 32864
1053 68402
59610 5217
42129 63512
30718 53350
45995 45600
74418 98500
15775 2273
20826 92438
64740 11097
67520 73626
24181 30504
10418 5266
80338 82897
18752 77028
52188 12316
27487 99291
23772 89175
23880 52771
49628 12560
58521 30128
9772 53116
34291 15992
24767 56020
75354 73556
39819 29619
22201 62500
7533 1881
95515 7304
25379 10059
36083 58023
27247 73200
91797 24524
93275 68277
33594 94692
2096 49963
83776 47937
91997 15940
46312 92954
85270 78905
33782 81193
95634 51559
25589 29355
95693 81325
40784 10276
56036 73007
95450 50744
26075 46326
20199 86835
21082 92558
21425 99522
76332 47239
81204 89624
87135 44917
67633 67402
26438 32560
1071 54995
59994 95861
20406 49489
9525 33090
16594 10822
26645 93406
31254 41080
69599 93615
8598 83409
9786 30721
63307 71487
80208 79110
595 40309
8880 35153
48751 78057
56718 93178
45636 28820
66178 14109
84922 72565
42885 82714
67456 96398
78231 33558
15302 74181
35196 99833
34657 41060
46106 47439
51690 70042
20604 3975
28960 40920
51090 49719
63041 52405
21327 21301
68053 3179
78122 93407
98211 80823
65661 31413
28506 77020
83081 6330
93098 2529
93712 24534
2440 1903
18458 98006
55150 57652
58737 29099
22648 46306
29092 9287
15880 98928
16936 31203
67010 44824
690 86300
29201 30744
92062 66225
29216 91473
30219 50311
4418 34859
27261 73285
64811 34543
32250 21336
69813 78603
98030 88336
25372 41394
42983 12961
54242 9817
46777 84388
39692 19803
78458 86707
82690 97782
67111 59216
37619 33452
47070 95614
77903 55395
47970 47399
54923 43462
34139 95604
74561 64929
16115 97624
85677 6408
2777 35942
60625 58801
86082 502
12274 1077
76995 55428
18584 64211
20280 89585
7762 57710
86337 36672
43056 89322
4191 67258
12871 94866
64283 92395
26737 98837
43328 32386
37994 73221
16380 97173
30004 47991
91171 79995
10516 37189
96684 6160
56626 67951
49458 29556
35741 83413
69652 36876
29637 54239
92149 59392
4255 90614
7165 52283
90789 67336
93686 48911
26259 23335
22767 87886
171 91051
81981 80754
37458 31435
61813 93494
97201 99944
71828 22362
35605 58211
62487 24163
53102 2082
52387 15416
40852 13839
29566 41350
84030 34584
80339 16125
76937 54736
30707 8530
27831 90381
70543 72987
56941 69256
48511 66710
25043 54016
5630 74274
86808 50167
57035 91939
90284 57491
97257 44994
1924 65535
86879 91691
15354 17959
46234 12462
82283 27615
49574 37887
70071 96957
97657 8374
63267 67995
87528 31760
34298 83350
95664 49292
42888 62417
22222 98766
86654 52403
90023 97823
65777 15364
3713 29483
56219 54100
33384 49057
82905 14677
82058 97111
88907 58684
66011 13252
28150 93028
85650 59044
65957 18666
37290 44472
41956 3986
12994 44227
62340 75297
798 76238
58171 86560
63651 83268
98592 7360
36863 75191
29203 66800
50718 14201
43635 26249
91510 7012
74630 2723
72445 68563
93909 93021
75533 57670
18541 39897
26471 57346
53919 11773
8268 89039
30688 24787
82214 44248
9930 17257
97245 1807
1433 19218
36707 52806
91119 64900
99049 25782
84785 65976
16071 61020
61512 67470
88184 90359
57409 70982
26043 13036
68877 81191
79348 64962
48546 12411
87240 11526
17688 71857
64677 44072
68236 60091
1527 11773
19424 96333
66196 56827
16281 99140
20242 35199
94752 56733
41323 68810
80194 67833
23936 76544
48688 19328
75315 50632
95520 94202
30155 18831
34346 64759
91636 92805
19467 16745
82172 53629
3045 82565
16600 19986
14173 51718
1565 65885
65212 46986
35079 93088
10095 73939
99701 20926
25095 6982
33674 89920
95322 21935
78158 73457
37280 15836
23564 50179
55606 86750
68914 1225
22271 86251
7411 25946
52830 35422
68616 48341
62493 31445
3114 64215
37225 73202
2170 87878
97043 52155
87610 29930
39856 12475
50322 96302
31130 85598
6987 51108
87822 18553
21559 8286
88620 27071
1095 64630
37658 98829
1651 68583
79553 87263
21430 10001
28782 88824
13968 12473
56626 95487
53602 24070
5795 40924
39413 63333
40601 50847
61396 83751
70162 15994
55437 81278
75086 10754
86739 31779
24243 38386
59967 67411
14378 1735
74283 83373
92032 31045
9334 18101
90534 73840
5251 15669
22610 39604
92665 34039
23420 92094
12580 35948
97090 14145
77586 56104
78532 17299
92056 10243
70824 14925
67915 75449
63511 69133
37767 85675
37118 62135
79788 26397
89999 92176
24091 42614
99645 45346
94749 54594
26179 55900
87837 53235
66974 41743
29961 94908
71758 61681
64340 77589
8185 90110
45431 9018
69576 24402
14060 42380
28617 50448
46482 46190
70283 45438
75628 74953
22597 71751
19553 86792
67503 61272
95165 37373
48486 15459
99215 64986
92461 5247
59465 43801
41383 88581
98308 97685
27198 8309
62361 66190
74911 67247
74440 43081
50684 39131
69685 65006
42120 2497
64454 17352
70174 8433
18951 75913
3195 13213
54150 76483
30752 79610
4087 56528
16721 40003
41232 63274
94104 29590
59694 916
5346 22548
34319 9807
15713 51717
18550 39878
72680 8690
64971 67459
48562 41642
8696 78231
35420 5405
16109 150
93063 11204
15132 33976
33559 99511
90269 62394
44246 74069
82988 70459
60081 17984
3174 17919
87610 4670
89520 86255
37188 71001
64272 76471
12683 24768
93138 83271
71241 33028
45828 69427
24738 97276
39226 24691
22169 40513
26251 900
70488 53650
42929 59108
45421 61362
17389 70650
83655 71461
89762 39212
35901 71959
30581 96646
43975 32021
85139 70362
5443 89105
32267 90715
8049 51874
60368 57152
71544 46146
59896 16616
15487 23470
80703 90864
57780 59722
3237 40734
9577 79034
97036 98522
26130 98154
53243 37199
92104 93351
45053 85551
46953 63620
40067 96044
68245 95542
40222 58656
86515 22552
8774 94822
2282 50664
51094 24926
79368 21128
49741 45101
79903 4670
52430 75003
66083 1236
64385 90323
91085 51833
20688 99398
98011 89886
43051 43976
22157 70425
21540 41874
24554 61893
99380 27806
50521 45953
11732 9422
84104 51981
96997 44390
72905 79984
97545 12013
90704 25748
75719 58928
97782 77384
97898 67263
39801 3197
16611 26798
954 13962
76643 83542
79293 71625
52834 5137
23596 93943
83835 38049
21877 1047
94381 88649
84679 91088
55643 17938
18169 38827
80429 66280
21732 94774
48589 49755
16035 30371
46539 97823
3002 10953
40474 91084
46477 2050
71600 12062
69540 37196
50026 65334
42509 71432
39622 81783
8218 13886
97286 50890
43615 26743
26772 27706
77909 50914
88408 68761
89978 67791
13924 45018
13711 26359
11881 87444
11576 47698
79711 17573
78080 26079
7041 88493
86706 64
3278 34895
77153 81051
51434 66227
29633 58746
38011 63143
55403 41836
66028 44441
51357 61570
82157 95134
63192 50418
13616 55887
16224 44376
41326 47047
37696 43568
76321 56006
11843 96381
65991 53905
64604 86438
77605 80943
69663 43795
78530 88237
90117 7508
55911 26204
21293 89690
29190 57390
91573 14364
2608 85980
48741 45652
75741 71715
19236 76928
49064 14402
13249 79041
18705 49309
49707 31327
89913 22589
25689 27971
17737 84654
56612 24827
29003 11648
49128 77785
73391 74567
95239 93685
51784 47387
2917 61831
86029 66809
85997 20685
11640 64735
97898 43979
51210 32788
36399 50118
19141 74686
43088 34824
17617 97481
67367 30176
31383 7335
71504 82303
49929 14059
89933 32987
42296 43341
96610 82607
41660 1353
3898 67705
22321 35391
38880 80795
96340 26485
33255 86364
84681 28944
24739 46468
92216 40991
62254 50883
45420 21328
65988 99594
82099 3353
71495 5680
79073 69232
64475 71918
47500 82035
44875 69124
40945 67010
96450 17106
43726 75776
14355 37055
41958 45493
21042 75222
39328 5038
29625 67172
34856 35228
81316 69404
63853 58993
33109 37811
57825 78054
22193 54980
98525 76344
54016 80748
18970 4262
30257 10799
55000 23477
72180 17234
75643 25836
63998 80862
93993 82648
21800 4772
1165 16649
52017 28084
40663 38611
15159 78628
5274 27567
53058 81455
4685 28375
55322 46323
96907 32493
95883 34578
42483 4020
19208 62034
82696 67862
22949 84349
26289 74044
58652 12866
24762 3641
57257 83250
80626 76576
24686 6915
42443 36201
29968 29041
97726 17040
81336 36824
60644 56566
19570 66811
92573 25854
62097 61120
56045 94289
95081 49074
6266 14715
91956 83806
98352 75307
27822 5686
4573 45015
29529 83121
74133 35990
61658 88073
97327 41540
26810 955
98694 59873
7525 63851
29081 33778
13358 92797
64715 48415
91114 58557
92355 75187
77136 9240
37101 64832
5824 79489
6584 51960
30265 94541
40247 95285
68832 75831
16512 84370
66912 36669
5871 22991
58149 51745
53316 79537
20864 66088
2593 94271
14758 11422
45005 48742
67953 79889
80851 35702
62717 29042
48484 81636
74284 82231
96433 51750
91555 19323
78929 40378
82059 70653
86017 14367
80720 14173
68575 25433
60133 46818
15919 97393
4447 34710
25174 43699
18198 64040
30849 47759
70279 13129
36223 65497
38612 78704
29795 35561
88930 64950
97315 15228
38201 71003
67100 12433
27176 49631
47179 58348
81887 99209
31957 62102
70548 31876
65184 21339
53055 58877
80248 75275
28157 30246
39595 49081
39728 73686
85005 5695
14429 37959
69333 63992
74157 54199
9534 20805
37740 2951
45031 3049
53038 93919
70099 42765
4869 5096
97546 82428
23436 92688
39574 53448
73695 50058
85159 78243
45376 54187
54000 66599
92244 23662
46663 84975
58180 22993
92041 80475
94525 18230
70067 90576
48912 67139
53034 26230
65778 28482
56308 30360
14845 44514
30269 90344
53070 12564
86836 43640
25925 9103
47019 32769
45256 1836
506 85632
18080 85610
73404 85076
6969 40395
43792 55010
88103 21686
2489 29137
81564 17587
51199 78958
24339 98450
76972 64137
27400 41124
72560 11639
24638 27040
38878 5230
32535 44480
7212 47563
65951 74241
57047 37999
51170 51207
70589 97598
98930 96822
65217 49471
60066 45018
78506 37439
75693 75104
33700 18894
20559 72347
76413 16160
53963 29536
76809 90637
26564 27050
76287 86289
25379 28630
81243 27469
98103 48040
45274 68
55857 85509
92576 16895
74692 14583
23669 48009
57899 75980
43491 17844
6307 76759
25882 60595
84236 72974
51405 67678
68780 14794
61779 67377
44908 88170
8742 43308
1113 13456
38567 3028
60612 24706
98360 33041
31267 46026
18176 30638
52558 27703
16683 20957
81858 54586
73000 38640
92769 34442
61417 81665
85648 54048
4390 49675
9080 9052
12730 52494
15303 68926
72805 48111
79084 80237
28840 89461
3293 22772
13164 43821
61652 71072
17115 38856
37358 66339
1925 90200
48139 18068
43421 51126
94961 59597
38618 93791
87529 94668
42902 25458
73600 60562
68562 12404
32360 95015
95376 2860
8500 72788
39224 49287
16895 71015
34804 42613
41286 20947
42995 938
72041 33069
20458 22206
65870 77520
13038 12973
62014 52314
47259 62776
48231 91405
38416 71875
42616 26543
33745 81365
68999 13034
39652 16346
25391 53004
19348 47844
76746 89416
79825 70950
22716 73140
58254 31128
93512 56393
40610 58422
41400 20518
91784 36129
45369 23854
7007 60860
83964 45733
61258 74800
10615 24566
11824 80840
93794 78640
10525 65014
35067 6660
91808 75468
21730 68105
1099 96900
62909 57113
48374 8857
73621 40561
45821 84268
86008 86741
48925 26111
53397 75433
39003 20637
43523 86265
68893 14576
84858 12658
75566 4650
66199 54278
10078 50077
80989 93485
41376 21827
26735 2655
50923 36054
82903 75770
19642 57273
68930 59330
21004 97549
58594 12956
74436 95837
10827 65394
59722 37715
13526 72498
89384 13536
66560 87599
69933 34872
49836 71006
48750 93203
21469 96091
58400 558
56509 89570
52351 9608
88378 26293
17291 98341
10147 80829
24358 9999
53999 56129
74871 46511
90326 20528
67209 39192
64662 71486
20781 413
59727 49726
16371 5110
95911 42861
93557 60800
72168 35943
31245 41625
3325 45007
474 59240
17560 45228
53535 12691
303 59238
51172 35238
80506 20557
47571 34227
26839 79891
31196 49261
23815 87149
40017 11243
28590 87605
24971 84012
75702 26059
16835 86861
18189 82639
27866 78292
90850 33385
91505 58697
96556 53794
25618 94935
50179 808
27845 28464
73765 62542
84220 65638
7219 82441
59496 61523
41233 90580
34689 71346
30281 58669
18625 36995
68104 41206
47753 41099
73504 57781
90876 19602
37285 38004
97855 9315
13648 3745
50560 4847
3679 25903
55851 88362
3059 98292
8790 27821
94896 73481
97462 62802
83168 96525
98152 37179
43761 86626
12618 27724
114 34574
26366 46668
45306 31100
98190 45480
75841 3577
97634 12304
78565 19799
42028 12920
53319 60557
40509 72793
54027 21460
42253 84013
95036 98188
38775 1078
75813 76533
93530 6391
68025 54998
89913 51545
97675 53722
71900 55432
61431 72622
51629 76724
90008 45477
25852 39569
84527 35988
67452 5559
20099 3734
90723 93410
83547 28328
65262 90035
31654 85230
43962 79021
60051 66989
66540 20441
33209 79471
58666 19970
38993 66594
27904 49434
79095 89049
59485 79668
65740 81129
34419 87879
4663 97037
21498 9073
72063 22947
59053 39538
72338 14797
30891 72781
70114 26641
45624 56362
6339 18586
63577 51063
16399 69684
12124 66882
8418 53267
91598 61697
60765 94989
42274 35306
69127 60763
33873 8539
32743 19613
18580 81971
62668 26195
61644 79095
81829 35716
63579 65806
62953 80923
42696 82725
2321 58021
19935 71213
57721 50228
54447 93464
69442 55167
23626 32511
4499 56000
84968 25311
98291 64532
16772 32727
43313 84095
87357 73643
59069 80325
38295 7684
26476 94162
52792 10350
44023 76979
78603 37721
85564 53083
51936 37785
32668 88415
88554 44742
77724 59130
30271 53309
3652 66346
63740 51964
82051 33457
75039 10282
4776 64181
82987 44397
51882 80640
90887 40273
85794 17408
93215 89288
17324 70696
68674 17317
28042 95502
7938 31744
11488 1355
20599 26997
42265 59614
34332 57124
64865 28201
40817 24115
47112 41138
34871 24487
88069 87780
12311 16911
54257 78283
57724 68345
10728 61851
29428 4507
94284 21290
29394 85771
67521 43282
53359 36551
37714 93296
41861 2735
28747 34344
8147 83014
47132 73502
80444 37972
59357 38366
86247 59942
59428 71381
43520 23821
68912 30389
91638 72443
81570 87093
79835 3817
88895 69935
56743 69684
28271 74689
76918 9627
19073 70092
96677 4163
89733 31000
19225 25395
912 77678
85880 23128
56316 53596
31213 194
10213 22869
37096 96069
8013 80302
92988 50298
1912 28931
73376 15387
48625 57039
44143 93834
39108 19863
73767 4554
33410 21984
6926 89733
42624 1941
25512 85636
14295 84642
71298 52346
99814 48219
87243 85946
10475 76246
28501 14460
50222 19180
82265 1500
86935 89629
46672 6843
66483 92809
68410 30300
39666 7607
56859 85512
60908 59825
99961 46859
67671 82150
84256 16724
64851 83432
44638 30905
83167 34924
48167 22481
48000 49164
82514 45976
22817 93960
70105 11854
16014 39200
78781 95864
51608 30268
83425 38206
51476 35045
20650 52267
76636 16873
12485 6641
86828 8570
65473 34018
37830 1584
17136 82104
92239 1763
33323 84750
59887 95953
83659 7876
51541 2974
49041 74751
60465 21487
68446 67078
51192 80078
78331 70726
88292 16489
72243 6223
63281 56851
26260 85046
70785 87298
72498 86545
28697 97327
87748 46334
96930 8121
17989 17020
8393 83810
15892 29519
62207 90160
27988 53824
69945 78830
68301 91515
80369 82632
24969 1328
88611 23634
5880 20275
51569 834
18348 92860
65600 69938
20638 80712
35225 70911
18823 75254
16489 94092
56936 38890
92385 84416
56707 7661
44502 70435
79519 33707
9634 33701
45768 60564
80289 31704
34060 69755
20309 87537
62143 71866
95075 40811
12984 98316
63028 79395
61906 66674
56149 85533
72140 32399
42551 46686
10025 31052
12847 58320
49777 6388
15255 30721
2382 49657
53547 79524
89744 43693
46029 30862
94154 45610
61378 6522
44242 62347
20819 19814
83301 34193
99629 74132
92160 20414
73121 46730
52200 49725
60005 58674
2723 70136
42000 64666
89949 29185
45218 65365
66116 10026
19770 60921
17133 98604
76574 42591
52173 76228
79479 90663
88736 96305
16178 92177
17413 86168
44608 6756
89631 72800
58806 68779
2006 62006
77486 31346
97204 19531
20645 41166
99145 21553
98235 31347
56104 18049
1142 74779
6567 70167
49119 19302
96131 35412
53379 37716
90937 4348
81235 42093
16174 81526
91044 1209
71753 33999
3120 17704
50772 44087
15028 42412
48926 90210
49392 33594
23643 28232
10794 82189
80514 45029
56939 10947
99470 93306
3904 86206
57406 39818
91130 82051
73398 49054
5742 52638
93340 66625
84918 67549
47643 63077
62159 51921
21923 84797
21337 31568
57575 28001
81338 14421
94333 16269
48411 96158
99106 57121
65961 70477
36852 4514
63669 6185
57046 7896
50229 23930
6895 27150
64417 95920
41707 23702
5430 82364
12120 29922
93655 92468
44555 98604
39495 39764
50681 56783
62224 16792
49886 89899
17951 80963
31193 98405
3941 81468
67374 68836
51736 89259
82595 42965
77776 35040
58179 10665
50282 12941
29406 73394
56040 23943
35943 66217
72272 25929
59093 93483
28713 34096
68674 64439
41313 53152
65583 38482
27561 53469
12286 63171
88663 82643
42903 13975
84195 1552
58307 23262
35818 52132
15508 2252
81103 26600
56731 65817
30421 28436
68881 13729
40934 37030
25263 57701
66959 11938
74197 37481
84417 95757
12615 33172
49010 66577
89739 50194
63194 55389
74284 74773
14358 3202
18010 49424
2121 83255
94856 92283
4246 42901
66413 51826
75879 66363
39428 15158
70249 86187
33003 5514
59086 15883
73959 53047
93993 88230
52479 18408
47285 94921
20765 97999
15407 89446
31345 89406
14135 24916
34797 91215
40212 68364
45129 68509
72237 96046
86880 15785
44912 69082
79666 48181
76526 72952
58401 19884
7101 15856
8436 99160
22165 65618
58230 31723
49876 39792
68439 2295
14746 36415
24106 66070
40077 314
48838 85346
81398 89535
18310 12158
61059 26543
88553 20299
85955 3538
65330 6836
54797 18705
11304 22531
82553 14459
98903 3241
12901 20032
21102 43866
13393 20985
48704 33358
8643 22462
4067 40898
80293 31918
65651 91189
48098 12107
63536 37867
81740 16091
44283 68718
60633 83496
8893 29383
94881 4193
43009 49737
70018 44983
34581 54663
60188 10849
26509 67289
37430 86456
59808 65468
78807 7900
27561 34702
1997 29869
40103 32118
87754 46642
19517 85274
63745 48310
65971 10854
28622 14310
47731 24524
19788 91828
22477 26623
22012 41015
50899 36375
25316 60073
84254 88016
85262 5095
13191 85770
69765 91061
3214 15626
15067 83543
56823 43992
76262 37657
39208 97247
76734 233
42189 56881
7873 54359
29332 94272
1968 87931
3729 56262
61199 16463
32443 74334
45512 58993
86765 89352
4873 81635
31110 13577
27073 5131
68554 99529
11463 7251
81982 68531
49491 40298
24303 50648
76899 29761
620 28460
2168 1582
24008 49512
92150 39564
3193 30662
26472 49786
70620 47912
28569 76760
99054 51154
99547 60493
9044 86859
45988 73315
65492 68288
70413 23401
76794 39809
850 80496
66612 43394
21748 39887
53142 62812
24506 47616
45207 65577
77035 53248
51474 32907
33749 12274
10215 47461
31082 72061
92407 79681
94 25130
15083 66856
22570 65639
77741 24045
29740 1158
71629 24259
93253 66686
57597 19266
83993 95657
95958 50022
13970 16677
63537 50480
14846 40148
44495 49315
11341 99131
56114 9320
73299 86182
66593 55498
58796 57603
2344 84123
4627 59074
14325 40398
98697 56188
30013 17562
65525 56809
20021 60221
75198 95912
74841 19383
19603 7355
92712 53067
51427 23112
68869 59137
19045 95417
10712 72423
28594 4349
87051 40075
70982 35941
79310 4451
57890 81576
20052 52037
53677 72287
39380 47631
23726 34729
7304 97120
78644 51912
54289 89149
80047 94883
43985 8109
2964 15202
50191 9725
54620 47477
4375 92190
40133 55662
86807 48898
89168 9921
65316 962
10785 40171
755 82875
75875 55849
10304 16332
32833 65596
84202 29785
18382 59852
41109 32715
59646 48194
82663 94094
99947 95724
99915 76434
45265 4316
54769 56587
72657 67626
16428 50865
34386 56430
62322 481
83771 934
9184 23705
76699 38998
50324 94656
90530 97667
2225 1820
29477 44439
478 52857
62973 39393
68583 50921
65896 18994
33723 79359
59719 39040
63308 819
8351 26470
78386 76545
30008 90850
41864 31017
67361 6039
27885 54513
28714 60585
62117 34430
49128 55043
91574 35423
69364 45332
779 47458
38028 71181
17748 43677
90737 88869
70180 91718
1064 97173
87282 86235
88313 95069
12953 63580
93011 77757
74711 49612
70950 12317
25906 7347
14951 74885
69102 94142
47023 67269
66488 13502
36765 16527
27231 80517
2191 14776
19893 35084
20973 15259
31506 20304
85023 49685
67857 68496
25969 13770
81714 71889
80374 82399
64854 48538
97986 62718
66694 36888
5807 19349
91405 71899
58969 8407
46233 95927
62498 45529
52638 83077
7919 51830
36083 97119
82536 5548
37522 50887
60284 75997
75068 13345
84187 24975
57491 92148
69594 50156
68959 11372
67827 54243
88938 55035
80034 89765
88868 26932
88073 25576
25471 73455
62668 41352
12147 5736
10838 36737
48796 62368
35379 12502
79479 77210
86452 38094
30345 6943
20174 41841
72632 44795
8315 80815
40047 25341
52375 85561
94815 30683
47876 678
14072 5740
75367 37328
46740 30700
65768 74036
45197 2843
67670 76534
52194 61246
43841 71354
69270 54077
958 77068
78769 93667
97895 26073
73149 64514
50936 34804
51178 65420
83731 98226
38154 58267
24573 28654
79286 65162
72223 70790
25191 5433
7237 62460
69981 36685
59586 70261
85244 37517
14667 74077
97866 52166
19575 86018
13619 35561
66086 49269
28741 14696
65079 64716
43828 81308
66863 23203
98071 29698
12761 72374
53417 16441
77473 37736
94281 16069
81464 12319
88346 72143
47923 23365
32132 6596
35852 61033
74577 64529
56607 53724
72145 79757
64366 85173
57302 12304
95678 30989
41401 17108
39672 27524
24179 51675
70761 71738
85285 58056
72962 30102
18320 66788
3608 29603
75006 6011
41541 18158
21591 43293
71045 7145
55533 56253
67674 79467
2481 68501
45577 20814
99675 70880
49435 99504
47462 36383
47229 9266
80401 45333
77696 18364
30143 51755
43193 59095
56312 69549
30018 53041
90022 1354
56568 18269
8729 20632
79899 56976
47011 92941
11697 4293
54045 68455
92578 29114
91136 27302
66045 57297
51917 67596
77266 51504
14502 60292
82135 20385
37138 59576
82628 71987
88029 18554
55798 72567
79989 2428
67759 26852
1838 79863
38388 93523
8831 51368
68878 25539
7331 97102
31530 726
92953 72366
2073 81139
10309 1167
17009 6114
1005 62463
58473 49811
60476 7756
45473 50551
57922 71691
32600 69925
99089 14548
44436 49495
34434 84259
5918 30218
96303 96793
85603 83362
79926 75610
73588 97155
21084 72941
17191 29113
11623 52191
71059 70993
23075 4384
80632 45374
82143 80932
1301 83509
49389 16611
70800 71985
60357 89817
67218 5327
57474 73351
73832 50227
47235 2480
32259 96034
91852 77117
28281 41478
58211 97690
18434 83277
42995 74166
82523 29834
67564 91399
18630 56595
24001 3172
81320 84545
5896 70825
3690 5299
75294 75286
59161 17131
70849 14096
78759 29391
42068 47775
23431 22761
78174 75694
64084 21480
70635 53423
80587 44189
87945 88468
33740 11903
62893 52087
83901 94983
47948 26515
6279 57653
36386 82504
33975 13993
1454 90907
83454 39658
93268 61267
2514 98563
80601 89118
92139 14369
65163 938
45286 64182
37687 91372
5830 60601
47889 27996
17358 92580
47055 48759
78312 72981
23054 91932
43201 84749
92972 36304
6762 95476
75436 87674
75289 435
52789 45223
75494 25176
50547 23431
28110 99574
38709 72846
99636 68610
16333 22004
29563 47575
94323 62389
11853 73523
50915 5842
42007 15864
16314 95055
51818 10668
87836 51795
18332 82905
22193 60139
12581 3149
25892 36966
86531 11579
74979 37018
99286 73817
33378 22238
71940 11136
60088 39982
47286 91888
64223 14027
9369 38761
37144 25080
96639 24146
44773 50334
62459 70997
97070 48616
89737 78849
4925 69256
74595 48359
38945 76176
64781 39070
20303 7514
57130 70720
74716 52097
94596 60778
55460 90694
22312 74880
24999 47724
52391 28038
13094 28091
12695 60872
77130 481
54928 24275
65566 11532
43216 3194
48976 6417
38199 20690
83220 17033
75692 44054
25025 6190
84502 74595
34642 77123
90915 88701
75013 79177
91460 65481
33856 907
88335 19825
3879 65587
11964 21763
76263 97138
36521 66130
76239 35676
90422 75987
84977 55305
68202 21570
90406 39638
96844 38587
4391 89442
19626 63297
40756 47185
77654 66778
13393 44621
96899 99696
13732 1984
34957 51474
11833 37786
81262 3825
23838 18929
47658 9795
24615 91804
15236 42340
76907 13016
19206 35088
21061 61475
86398 86922
10100 74564
75291 67289
28283 3745
71828 51685
93570 89158
35425 92894
93107 26821
47552 89526
13917 4945
76465 29506
64181 67298
92923 88764
52336 69012
63077 42340
88939 18407
61373 49850
55395 18112
34485 97414
25565 96583
82048 51025
26911 70600
16154 11625
35957 29458
7934 25153
56301 56250
97517 18158
15291 74905
81517 39723
87830 70378
14440 80406
45881 21997
68521 2673
57795 45607
81635 11906
56535 86944
85673 99027
69245 2115
24599 63090
93695 33953
85896 93330
88237 73678
38941 42505
15354 77475
50588 55728
95868 48762
7695 26662
90703 71734
16545 42093
87379 3544
16133 3179
13930 53642
36815 89451
5083 58777
18552 66554
43218 28531
18654 48362
50141 62893
95553 61170
68496 31807
53096 6475
24482 95301
75226 6645
80782 42016
94630 71600
51987 89491
379 75940
18357 3112
16496 11577
30937 86152
75421 9311
38669 57350
13152 90472
37150 2357
58874 76841
72543 73101
51311 41885
30345 24650
99658 75969
35573 87021
81686 67481
6180 41497
51302 73962
51224 24087
43726 798
79192 4883
85959 56707
44944 35740
72591 42124
30894 33192
37671 20718
28262 12781
94195 70788
16943 17673
23614 59084
40516 6876
86067 99144
49093 30377
64485 64094
69075 26776
53384 81657
3447 57111
70613 62085
10907 65428
11530 81526
67055 83557
44232 95554
25446 74240
41107 9602
24374 34339
24598 310
77500 42989
40156 24926
60342 17059
91416 60129
53607 8972
79230 70922
30838 20598
96839 60102
45519 12015
70993 30215
11264 56940
46205 42372
1565 79077
51792 69207
78398 23607
56594 43869
35868 21057
26770 93018
48471 73543
17215 13106
33650 66770
96336 75153
99861 48046
47294 62564
427 23755
93381 94206
75906 70013
4167 17876
66701 21308
45320 87457
81093 38309
34867 4323
65252 46870
73811 84252
13576 73590
37403 9970
92406 49259
51455 51695
41301 89666
62201 14241
53743 93994
67365 89083
17459 69209
71204 52723
45494 82598
34589 88962
43917 51181
50616 14375
95412 45454
18593 66052
74314 16431
86379 23679
23699 91061
70378 69123
3285 11759
42072 75932
26363 85131
64497 65951
33749 36895
73686 60223
67158 705
90862 70393
97749 91567
67041 79689
50380 81545
91451 61779
86396 25106
73839 48667
55207 31570
97297 37517
15349 94071
74459 19126
1200 64111
48489 25480
68391 77615
61981 95482
56143 39663
58491 66246
66685 32460
33134 75562
31725 97861
162 63943
93471 10911
31303 53477
35060 86177
91285 3021
85365 97240
42434 4813
60781 56180
83373 96664
93930 97161
73719 29188
68160 66800
98021 3818
35845 75107
14816 58953
26006 74820
81716 32386
76753 38007
86836 83037
28121 21539
7892 17508
61078 94261
590 70115
52114 50428
52318 32814
86332 7406
39462 91387
23081 40962
56939 47843
44718 596
56469 85638
77319 101
49235 78660
74228 98904
4629 3108
34807 29718
15408 89425
31287 93419
94398 34039
28927 85542
11259 47531
8223 33821
78729 89953
67370 88519
6477 76595
2871 74240
73392 93793
91681 31272
1662 13451
24519 71428
41130 63865
86348 54044
63688 31220
41528 98588
44242 45258
44981 69843
74532 27405
10706 70902
61536 13621
85700 52734
85963 44570
87392 13318
8526 83642
19651 38798
4790 78873
16042 34939
47668 74524
79770 67508
74973 19725
73817 93318
33099 11194
3955 5890
36282 46710
49942 33818
56524 90647
33206 29575
37254 97974
24490 96262
21040 67474
9581 8854
43993 54605
97150 38171
30833 22957
72672 30463
98286 52573
23483 98380
23751 12073
17145 14930
8732 73798
38218 28647
63244 80967
47808 84707
66429 87625
4179 79104
74903 7592
82047 50880
29513 36199
90209 16486
7747 15245
3550 20155
27355 44034
57628 82795
68136 22358
94087 3590
25546 58843
49485 66367
41152 9798
64578 57616
81296 73554
86397 62580
38338 90844
86553 48300
70085 47368
25077 80987
94889 19803
47189 91338
39972 82463
51231 9957
4782 48130
25470 59867
3268 5175
44994 48450
25896 41747
1117 19504
64351 95665
19944 42147
15026 88015
7100 2875
8398 6863
18906 75162
29636 28919
3684 41675
38921 37553
15105 58200
98487 43724
19229 63955
50986 3033
49030 31438
40805 94478
76560 82850
57643 18694
35826 10700
83909 41664
44103 69035
56418 75036
45774 4196
51602 75777
60139 44990
11819 40410
61155 59431
2149 66195
17028 40109
71965 26913
7963 37221
20117 53176
49051 49927
14066 90098
3165 43663
96669 21103
78266 18014
43235 75503
23987 59384
88565 79834
36362 19044
72521 4120
39174 56495
9751 73530
81107 92681
87964 96271
4992 38086
73274 56143
16863 65150
93494 89108
77064 62701
44633 55868
95542 628
29488 65961
96584 88342
4237 32161
25826 74780
90627 53230
49993 68370
2989 64286
50155 84391
92167 29444
7925 96625
4276 87605
84698 91335
71831 6604
56883 80773
4954 89671
69594 79723
98250 2088
54253 41086
52344 92918
71697 59590
80793 46521
8845 88430
82983 94401
54059 73384
3295 61567
10170 25894
3873 27689
63406 78754
80883 91259
57278 31959
17054 92593
56806 57349
81423 70863
92675 30321
63256 46905
14905 36354
48236 76155
26288 2118
76550 94465
10131 1035
74403 864
78352 13158
26851 58380
32026 35791
10316 31776
31402 55523
42119 88473
48026 39425
73793 8987
6825 33934
19500 8522
31706 57041
1371 60818
86772 77175
73673 385
22083 83376
8691 30951
99286 56720
52377 69693
14719 38991
89057 2555
3254 20937
3924 58528
20374 96095
27199 52205
95839 757
58932 74954
93170 46002
62246 54080
72984 18819
55600 41662
71612 96151
70671 44917
67404 3940
36227 40252
70876 73121
17747 84780
41314 13354
29894 82596
68123 84320
60330 36390
59685 5702
23152 68248
15139 50405
50190 77893
61277 168
50204 41722
90429 94689
14744 19561
594 25570
3362 49769
65745 19397
59520 15955
86799 2373
38331 1863
18088 66371
95520 78533
15291 85858
20481 76917
39916 91690
40145 94143
3617 37353
17996 37076
30790 15501
45612 65635
16041 94507
28053 96580
24126 45596
71594 26033
61020 71322
50645 22760
70429 87912
24579 74379
91010 32583
4710 92415
95213 62978
88561 36976
63366 29475
37280 14060
27767 98523
66797 97828
83184 89374
70588 54094
75395 58020
71376 58661
94344 54506
72275 53671
84667 89007
9426 46934
34553 2391
24767 13400
4295 19916
11118 59831
46635 13784
70776 39426
77265 10539
88571 99658
72999 64443
13815 51526
3489 25183
20146 46959
84470 96276
47702 69285
55937 17656
9998 77128
30785 56562
75020 28063
49721 13000
70150 78645
53904 16902
49908 11735
23891 80190
73396 27191
56430 71651
62343 39180
68055 51053
10993 48624
74627 72120
66044 58880
37167 25604
94037 18752
47000 63030
15150 98453
63011 1750
99899 78152
30134 26320
88629 63498
46621 46067
93274 12618
2918 4916
74826 70753
71141 35692
65260 15559
19345 46870
32455 38042
10533 83442
88169 80254
51200 89445
9028 40056
74277 89943
15212 99602
84540 16787
23738 22107
50383 43402
43500 39300
27694 69520
90274 32995
39499 75614
12995 75796
25855 46382
97206 42803
70243 94307
51113 59075
20568 46334
31278 64426
42080 23081
4953 52658
59554 94865
17443 97322
35562 78180
4106 96867
55782 93239
7151 16596
73226 14882
55670 73335
50029 53249
15497 60905
52842 95669
4438 23118
21120 85921
42316 62474
66098 72879
55522 37001
4328 40136
28241 56696
15340 44159
14933 82281
17454 41351
67983 19443
18529 73368
48998 14992
95163 84238
70945 83710
78713 46634
83950 19327
50873 4399
52127 36216
64510 11174
57032 1429
33615 68027
3714 88164
30136 43005
30763 52725
18535 5794
85444 54305
27408 68608
23409 51936
17994 19573
18845 83473
18000 89377
46323 77526
96865 42311
89158 117
56161 30416
76074 4312
76214 48807
5400 86734
22699 51517
73230 98056
85648 47271
59181 49885
472 78587
4538 48358
84697 79895
68765 19234
19184 4218
29476 5683
49722 49321
75521 73984
8156 98987
31560 68593
92157 7918
66899 31734
53575 88160
99262 84321
57257 50838
51146 98695
38967 14728
37246 81442
28040 73043
43169 77138
6839 42614
18466 28823
85348 69781
36625 60985
66896 49465
30531 27425
74596 3278
465 76029
87626 32548
74265 21951
69650 6703
36956 46687
67439 6503
510 4853
31992 22313
48426 47872
11239 66067
64011 15169
82397 34764
54548 33056
84220 96186
1913 76262
92748 68650
36372 61954
27383 85675
49569 97861
68076 38867
34946 85797
45247 35193
40987 26461
25288 84793
34071 98828
1024 92052
88897 59986
44711 92941
69644 87094
20161 66540
17516 50882
51540 21279
22555 63173
60715 75284
35669 30864
19126 33441
83548 38778
18216 66237
12404 65148
24728 14531
1160 88886
41792 74998
65604 92328
17377 87960
83704 26
28189 64401
60859 18324
57180 49935
14726 39622
88200 37376
83381 61538
40304 3129
74442 12893
9832 52658
98410 30898
94248 8520
71069 97950
5065 32282
39250 89221
1515 33453
93241 26284
93586 14888
85671 14013
31492 86392
76342 9542
32172 77453
50946 6778
37243 58748
69485 11694
47681 90747
99163 90173
98136 90215
41207 90981
72890 90305
96397 41128
26758 78989
89357 49420
14431 34738
78575 64539
71725 96381
93929 56516
69850 84413
7546 52024
97493 49032
41347 10158
59443 87861
17385 22303
94217 69216
1173 7338
2675 31594
25747 88497
71793 98390
47990 11963
37060 21741
75347 94992
94677 24507
88865 80384
31119 22928
68991 75868
86208 24671
23630 83003
19260 78306
69459 6135
78106 77428
99511 56109
1461 81781
46759 1889
94604 61290
49555 64119
72674 11803
44883 28411
4158 52980
24285 42970
40077 12804
41169 2087
1083 94112
75214 52727
57854 30945
17497 36229
33195 37730
80029 17103
97438 79491
63078 94263
16055 20585
90085 12066
97720 12347
27439 28189
74504 16742
20958 71635
42226 94267
61326 96760
11463 40236
5153 91521
85720 52306
38364 88074
53629 15338
64872 97487
89968 50771
69106 49555
85202 76881
52171 79580
29222 3662
7016 55444
42545 54004
55747 71434
24737 68083
64312 92239
52290 77185
55241 77338
83850 36822
47547 5444
44494 90188
55223 31373
65771 10981
63081 37333
95102 81572
54788 96515
67788 50322
64413 88098
79867 11995
89324 87775
30711 5903
67022 19884
43822 99105
24261 83841
96596 60011
88118 87445
80416 37288
17130 91369
99533 99833
11246 46974
19674 28225
49459 3065
5323 3561
14542 46566
46309 83229
79833 4466
32246 28140
81456 94800
18602 97356
92245 77365
26103 94995
11021 33629
6610 18495
62433 42147
57336 36688
43198 17516
33383 96553
24053 85213
42273 34514
39003 34113
11088 17016
16746 91172
95292 49932
41407 49818
52599 21440
68602 35705
25234 15757
12897 21498
36325 21168
53021 81948
87883 50568
2747 98017
13411 57914
75788 59600
8656 42189
66181 34097
52314 11599
72832 59764
8587 79502
85722 86122
41587 72511
59795 19466
76805 43450
91153 29966
80504 40027
47101 64851
2054 26307
83843 21757
52656 75702
69559 16464
4632 87739
94283 85944
47621 42207
22010 12258
72387 1874
23297 72321
99904 77224
98080 64458
69968 83225
60509 14488
9451 90593
31105 73960
22602 25185
77337 95198
40781 16604
39222 81343
91031 59
51501 60565
8912 19626
5976 79118
13922 73528
83156 57949
20829 9531
82241 43352
96532 7658
28005 75832
95422 78817
30729 14844
12405 7360
95482 10502
83194 72652
41289 96860
38127 12429
11020 47592
60603 65614
78619 78617
80554 44961
62899 64512
84715 24344
62199 31668
34288 29037
79210 34894
86097 66619
96438 70670
52617 50530
59432 21716
51768 11495
85201 54087
21759 36273
64486 69810
66343 43022
83905 95330
63258 36908
98175 50281
18504 75072
39936 49502
22212 64738
1930 17627
20229 47663
60518 80030
49638 22726
13826 99912
99717 5932
49901 49281
2439 95048
96669 5458
26643 25063
37420 2697
97267 59033
11191 1657
30422 18290
76350 84887
24241 27178
67367 64766
21849 39453
61436 99180
19402 22636
39880 49187
66147 78043
59197 78665
29672 4145
16305 41352
33087 47259
37820 2511
17395 79464
63099 879
1557 46478
47249 88542
1173 63012
98753 4535
98957 96614
24053 68441
1463 1813
72346 82276
13298 90420
39617 55775
64481 45516
65824 148
78347 67176
95727 2002
56316 72634
27564 61514
62947 33045
92279 20403
55058 43568
7030 95559
226 3305
40402 60323
63596 48576
69817 97547
41584 59800
20282 83235
67186 65625
69292 407
68152 47665
25415 4084
38733 22222
13353 3661
23970 39845
43986 43671
69256 31151
20648 81517
71062 37798
76084 20716
87593 99181
95428 8760
7295 549
95175 91766
59323 12569
41108 78256
13797 59763
64547 55988
66343 81380
46898 23157
13968 42816
17473 11368
98453 52767
37782 48713
35915 7134
13914 12756
6895 98716
99771 24812
76478 88093
31048 3767
37981 28427
94712 20895
4722 83440
19459 76467
25320 49660
18599 6980
44752 77957
62628 73704
78235 82594
31073 71355
8320 72144
17285 74169
64476 91789
74654 73349
67469 15008
11102 91078
86423 52655
45528 5764
98271 49350
38088 79759
6354 78711
10856 88345
49311 57269
70492 77559
42201 46584
5447 83779
17334 92732
14963 50269
9746 34945
82030 29925
36845 27660
45799 95779
25929 51397
44725 32224
73261 11672
48944 8554
60036 67252
32950 42164
82783 59566
54728 2131
89455 86335
73610 83490
69676 27298
39942 27967
38385 48279
1450 716
77821 52355
69189 63279
60147 4878
89966 72946
45755 22499
95197 8547
80735 43443
26448 11157
12847 92690
32520 26750
94877 81753
62025 60759
84738 73602
39293 81151
72695 13040
32594 25112
15901 4868
81399 11976
86037 59337
35683 15674
13257 99465
49134 71483
18561 77909
26102 45981
67503 13697
56252 72279
47364 79845
77572 82274
51928 7197
55097 4766
17990 97066
55494 87051
11373 22896
44094 34513
99376 38134
32437 14936
56215 81704
68868 67472
588 41592
37193 4235
415 51833
32709 11390
5571 11235
45212 94180
57646 2354
7896 15514
97469 45479
52455 45892
93805 4421
87896 32519
48483 8501
25762 26317
91206 36323
45022 84740
25727 27614
76648 8639
43488 72700
56705 31411
154 88627
75504 90524
2821 97441
3644 52373
26108 59526
19956 17411
87870 34981
36135 64683
21135 27559
81260 36888
71956 20503
13468 84150
13051 85958
37075 35161
7121 45353
49298 54135
9833 31350
70208 62314
42268 95531
20452 78703
83044 11943
75373 21385
2367 3247
56010 98046
61330 87786
27186 89401
72484 98854
30302 46599
21726 52017
92810 11386
37202 65728
90936 99529
3025 81867
59852 46030
49971 31183
74801 57158
77811 4139
37202 90869
75281 8899
14562 81279
86542 84480
83637 65904
75187 51534
58180 58837
36298 50397
61581 52161
54211 99073
20657 7913
6833 43090
6965 68424
62315 37485
26337 68348
80107 24017
87652 67303
27890 90050
53006 34831
77538 25993
32244 50238
65410 28562
5679 86850
28862 33004
64541 83022
97285 22765
6367 94680
48041 74956
74938 80377
77474 62885
53462 86768
16364 53913
24418 55263
21252 3595
84941 62508
8782 84643
37327 12674
33810 5295
85182 87853
69403 33981
28281 92386
78135 32323
98561 86740
89082 46936
89563 26752
1018 88183
91855 27906
72948 8643
1996 42622
86438 87710
47362 9944
2803 49200
58214 94236
65154 48167
29073 60343
24927 3537
78977 13851
99513 75651
45911 76223
91810 60790
46200 8701
90771 50852
74989 72883
95109 80239
2850 9826
97720 49851
65290 58674
38768 18415
98297 17740
86707 34552
105 89822
19212 35942
22582 5723
20939 91278
14082 82521
75139 80134
3698 26577
9099 85195
57454 46434
84030 70398
50821 19726
65851 26883
96647 70747
18661 43585
28777 36659
96835 69253
17285 4996
75361 61118
43223 35841
40206 49282
10305 42560
5372 85032
9447 18906
40292 82444
3380 7439
59359 51375
98292 15583
34413 32180
29112 32209
36626 76452
51029 99344
62644 22955
94532 6792
20223 64985
46436 47790
57697 8385
55220 97910
13646 43261
45945 1594
33693 10280
63742 96570
14824 85506
4143 10262
56560 91248
22077 95734
8024 93882
94749 49827
98373 82124
63657 79243
92836 35189
99805 26176
88228 57898
77115 20506
55928 97668
39304 93585
73878 46910
50124 57539
4634 74840
75446 90004
16420 8215
48982 77705
22773 75714
17665 27660
4727 77702
30257 460
68626 13684
63266 5241
74615 72990
32630 93772
15641 34525
34098 70333
43183 60014
11551 52683
94836 97200
39658 99352
77927 74887
89220 22666
64491 77021
4706 48940
54920 75740
60542 76138
76040 49941
8084 65657
76347 55067
93894 6508
99284 7849
8729 22080
63817 37752
34806 209
15446 82378
60714 9859
25243 29762
68902 20186
21978 79177
37375 98338
99322 51947
70959 14120
55815 47384
86002 71742
30511 86179
62538 94619
70886 65126
14108 78489
81827 45085
35377 51317
49857 28262
38326 48595
543 26183
53628 20216
62496 66376
95288 45358
56716 69173
26820 19043
24813 605
95965 17514
89331 87830
2851 73048
32817 44118
62460 93480
25213 77563
26640 26744
2580 37221
24942 7594
99507 76695
59622 37028
37119 74169
81966 66704
80638 88920
82142 32797
52156 16581
44851 38684
18440 41810
70447 91619
23284 76377
31095 17614
42968 58228
56276 68505
70607 66373
65395 54471
79736 56816
36421 87742
8374 33916
82239 65289
27313 43063
46587 54772
59859 31951
89526 99604
85164 76921
13200 51773
72079 41805
92751 63145
94482 33800
75772 34360
69458 65928
82020 50698
50477 96756
96440 49063
51494 15570
16493 23896
78020 87599
72669 41419
68627 92155
64389 10866
4321 91210
72005 35044
9506 28596
91459 6203
75661 84725
42472 86677
46237 64366
23841 15412
70162 39170
64095 91390
32653 67866
24632 28989
21687 44034
20324 11999
92890 59177
47552 25783
51398 54853
35694 63386
2030 82989
68627 47588
73417 71581
20216 39217
15217 40117
71626 80644
22983 9594
40443 37923
62861 61588
14718 37144
69066 62510
56878 66034
68010 21018
89960 76418
21276 47050
99564 69183
79410 34296
27104 87042
97380 87903
20237 4458
3117 37471
16864 66010
85932 30621
27626 99798
54917 11712
35361 72298
9470 64374
82781 2371
62018 67213
1339 39731
85537 70330
74430 31601
55534 5653
87977 98167
18240 2171
53094 2498
59473 24939
930 76566
68962 78474
69806 88216
48309 82367
26880 12113
69874 38711
51504 6290
95171 80258
83035 46666
42999 48052
22372 74514
68866 10597
48494 3714
79676 16402
52867 21529
11454 41657
97936 42040
23720 55649
47814 35879
81374 12688
76187 78544
14278 59859
23719 63775
71083 5529
27432 7944
51005 17816
30174 46817
54031 935
19087 71779
87288 12930
30116 53837
90387 74986
51530 62049
70942 67266
31347 43237
65055 52115
91922 27108
77754 57544
53474 53963
62716 62099
65440 36460
64148 72711
83532 73150
96372 93499
35117 30490
64660 80621
72362 54880
5008 18877
46705 97808
17221 94190
67091 15922
55928 30920
98886 92367
64783 90105
27714 82261
55317 37711
35429 31798
37114 55583
43791 79529
15505 60258
30054 31976
77905 59443
76148 1489
37653 79378
64260 94342
86108 77571
97736 91756
74089 26096
55798 68783
41220 84451
6982 43005
22487 57517
6198 91751
75217 4546
53446 14275
73863 48922
73245 15756
92046 98354
44770 68448
11362 90921
84835 33185
17539 90787
94065 28789
19763 33450
87490 37990
74713 68936
67310 89923
14592 19245
53011 27709
58136 16911
13746 29675
57332 94885
73423 21158
8875 23052
75668 91118
66680 65795
82222 83043
7770 66382
19599 66828
30580 91798
86667 38932
39982 43654
79771 35368
72178 66736
66301 44762
17392 25031
273 31201
90490 57827
55869 86743
82761 53664
90923 98265
67062 40766
67590 45003
11714 93058
59776 88658
71086 89588
26703 81815
30404 25696
91212 83819
73804 17077
46290 10269
33687 87336
92645 61542
45305 1970
76264 58846
35014 66350
75398 49635
85212 56508
32202 72697
95641 84705
35846 8933
897 31333
58608 57489
93465 25971
32257 22124
591 98524
6356 24967
12815 99092
7981 25304
62351 76820
5871 88635
77892 61591
61221 40332
16523 65213
39002 78830
49057 714
87233 40999
46859 81576
64557 48257
76079 34817
67706 10219
73977 3238
91363 26070
56984 27179
21769 4729
69054 29096
83 17102
84451 52889
37480 64946
2370 27263
78102 90793
14618 78046
70223 63703
83822 15325
72903 36616
28358 70376
24471 92809
97644 6769
97725 82092
56880 84267
74234 48776
83013 1518
68786 43511
86369 47830
6256 3895
99585 89316
71679 21578
8450 74715
6610 83413
39977 89924
40157 86276
56412 23467
82713 53669
38855 9375
25316 89801
34009 33270
52351 40134
1636 11014
2126 75319
4576 6446
48731 60986
83656 47787
5748 36977
8539 30307
50697 59938
30812 65150
21871 39095
14707 50471
57759 56959
93547 10031
35831 54379
89713 82955
45464 40178
11227 33393
2726 92525
6719 49375
30092 3899
93687 83508
51605 49503
20900 81013
59764 31741
53032 5961
5917 98848
60426 75582
47273 62839
70582 93762
24790 68340
75419 32970
26437 58348
91819 59726
55418 44409
76638 28843
12992 14907
36079 1344
76322 95122
99261 29681
97491 84486
41676 59816
85575 12160
96034 37678
93624 1006
35018 87062
68866 82147
4692 8467
87334 69204
64563 52029
20075 42716
27869 41233
20216 80217
32239 65326
62780 97004
59143 75512
711 23069
80744 67064
24654 33685
31513 11546
81802 65827
36870 78957
48633 73752
44766 59111
39004 85514
47859 35807
21816 57524
25597 78129
6069 12245
64503 19422
97378 69037
5025 39977
81807 63491
65916 1850
35377 53057
19601 54847
23233 53462
73386 92966
48541 62803
93688 73765
36838 16047
93323 59827
32417 74979
9693 1932
62998 3887
74600 52464
92436 78707
16139 37412
52843 65079
55913 82831
90320 35011
40649 54783
35485 35175
25847 13922
14574 21301
2018 75789
26373 86178
47516 39033
23014 1033
36605 49920
45244 18567
36513 93316
10866 4768
91525 78953
67355 99993
93133 94294
22123 81244
90881 89336
93052 45207
57836 21472
38378 53853
72764 77920
92215 13571
34469 83025
33288 40612
99486 26991
12805 33630
98530 62075
15677 75283
66159 14841
50080 32969
36427 80720
14147 87786
71674 9549
76192 13733
44969 45343
31315 17707
39495 50620
38718 23187
93702 3355
81542 5622
17982 69913
42323 34643
85099 63828
76052 72812
38122 79090
50169 40456
34912 80667
76471 94895
36915 44731
84744 34801
24846 13122
27976 9151
94722 20931
21401 66544
27136 16952
12448 36734
91551 25244
95717 69670
64892 78704
83671 99020
9237 80503
75174 20308
16621 63577
27015 17866
5612 2788
40148 3707
48060 40966
85609 25786
29165 64692
69320 78812
53809 26855
42198 42684
43777 12890
88828 92824
28534 37581
54150 73554
25552 88229
72711 8016
14419 97225
15444 60124
89701 90247
59716 85796
82130 8493
72663 36763
69512 19504
16012 16662
68059 78280
55657 13073
62754 75410
95670 94024
1592 47757
16802 51838
77244 78653
20317 46201
45649 1228
20444 34339
28095 42212
39417 11595
24208 27670
593 26626
99796 86326
8548 83135
44989 89948
78455 3131
80644 88388
97141 56662
71714 5071
18826 5520
45240 59808
85831 32528
28680 89280
51809 12641
35769 19771
71730 27184
31574 8161
64503 47504
85840 36997
30992 14742
94392 36865
45154 26588
63302 82545
73848 91618
14773 46675
37854 9769
39972 98317
45701 23318
78550 66247
85059 29685
28819 30029
1711 80339
67909 63182
15689 69091
63452 16160
47024 77883
18315 53593
58730 31604
56104 97527
49216 23917
15471 23354
70143 57991
98752 34437
45848 50730
43453 33984
33344 83456
49837 41945
89137 19765
3452 72638
77223 64573
34424 92740
41444 58318
54645 97092
47693 28001
15818 5848
91307 65045
29490 37890
32075 86092
82285 92838
48798 80749
96124 47691
50234 31008
57896 76031
28951 18581
12571 51856
82770 43901
63717 80627
95021 62383
40281 72768
99981 709
21357 75412
69083 67932
26718 91533
46948 77112
22793 85682
12601 62749
76467 70441
98704 86199
23587 55263
38465 15251
33026 56420
23049 64932
67970 74796
84714 74239
98292 12527
24873 53695
21808 32137
69039 46626
23761 83899
6281 60969
35734 97544
35208 8220
56003 3513
41314 79012
4350 77274
63151 72688
31858 79898
67020 83248
68943 33135
37788 93885
90760 13584
93026 98191
38995 91769
67624 21733
56813 66538
18139 19969
61236 90696
98156 92009
21067 3579
47888 41480
37145 25871
16481 68970
48106 97523
54908 37699
27660 48732
23841 64777
19668 44963
23062 72918
53559 65123
79940 65319
8561 62780
63256 15103
25057 32275
99683 88421
62635 23759
69147 33281
97077 61822
44984 63011
11178 59118
79032 63804
84538 57556
94267 78116
55448 33672
13959 87378
59611 52935
37925 89927
26685 42960
81250 6371
82943 84904
96047 47406
99171 18582
97570 36241
53264 84967
98803 21274
50546 2987
57856 99068
15192 53526
34089 35372
31348 51264
82388 97413
19934 89574
74666 55013
41074 88550
61816 93582
89229 135
23216 71238
82036 33903
61765 9335
17933 18859
84946 75952
47139 77290
41076 87970
32422 31266
74315 21059
7593 99690
1245 61806
60579 88862
22355 98210
85230 14207
38587 22015
45291 79280
73252 70924
49788 45434
19557 50003
60041 75785
52502 48771
7580 52908
85492 11374
81669 72729
82626 98824
40918 61702
72611 67246
98951 7889
74945 76828
74259 50330
15785 72630
58778 63940
74317 30112
42973 18327
22560 56646
97957 95393
49341 61269
81053 40560
59617 22816
75219 49593
19853 57660
18011 88117
23493 34980
63084 17503
21555 86357
82529 40055
21348 21715
13881 39073
76586 99811
25239 40103
50968 35567
69666 68019
51721 29349
2502 19830
13402 56632
80178 31332
17900 37790
54040 61141
81699 76656
36273 30886
56489 15117
89974 50262
38379 56151
34280 51978
9883 42900
37928 79209
37772 25006
7231 64736
39962 13748
67576 44063
59679 61879
34081 79961
60735 91693
98990 34120
5309 98226
15350 49000
25571 71906
75924 33496
77663 54880
8487 92572
91968 403
10866 53021
28765 28643
71549 30887
56654 18304
80466 16041
10161 43484
51457 89785
1318 26540
76924 86830
60756 8266
4411 7204
55938 39638
50586 44571
49854 94257
73526 45016
85146 60672
82676 8227
62634 783
1754 65928
18599 779
8372 78390
18031 76935
45040 26435
26434 5400
58754 57733
77511 48441
90753 20218
5285 82088
43272 67041
50762 29031
28054 38751
15432 18012
67598 82684
92115 80721
31768 28643
85092 90516
70238 88773
49561 79224
21456 63542
94898 92755
8993 81615
70294 87710
96903 15435
33356 25592
23967 20810
54978 53571
85702 73008
52490 84646
41281 67751
78744 25449
16694 58425
53317 77820
66545 48599
51215 67504
42784 40373
46519 38844
6039 54635
11649 34201
52141 44309
93815 21671
80509 24052
56071 73478
24614 29004
49120 64798
83180 31300
52857 25975
41717 65673
5195 37377
94060 7210
88241 52014
31617 49245
79151 29587
69382 793
20584 35563
81268 70042
72167 67572
32676 92417
29335 31183
18551 14385
88971 33636
15 1875
12759 2524
7603 88147
75828 44741
13135 94304
17376 62354
21745 33360
42460 73848
28750 6650
92908 89971
20475 35002
21051 66527
11348 46800
88692 37214
72728 84801
78122 60601
8906 67989
64625 3351
14706 90903
73794 52231
96026 25144
74683 65628
95058 63341
45853 50284
32877 52876
73324 61137
98082 44147
86099 16616
32619 27745
38557 2100
62953 8443
92861 38555
12766 78824
83367 76232
61617 97974
45332 83592
58734 68979
71586 48589
94723 46484
83922 87278
73957 4689
99081 71813
8329 17639
60463 50543
70827 22773
46195 38640
20714 223
33764 32716
93674 28879
6137 82095
83152 94671
72811 66470
1674 5807
16278 708
37413 43109
27836 81182
87605 75240
46849 82255
17168 70165
78448 54837
28019 75819
53940 41714
45372 20046
60320 22572
74798 26983
56616 65869
17328 37442
93446 70499
4558 40974
78070 28161
13718 82337
46522 49309
70045 49778
51318 87024
5720 48733
32277 95513
35811 23299
78114 11834
76317 59623
77072 46713
97226 66129
34259 82497
73680 62863
28101 16606
29722 87375
71298 96005
2744 91367
33516 13097
22205 79214
32135 96359
66528 21536
64158 8283
23996 19549
23452 30697
44175 84714
12372 26005
38846 8654
20154 48395
93552 80407
19400 19896
98799 95667
84602 95342
14762 91319
22162 51972
22390 74108
44724 81300
18728 54588
80299 64956
46908 81881
79811 18462
2226 32983
17453 54591
96235 20989
55390 1035
85776 50137
82351 78480
27084 25753
447 46110
23693 86162
74796 2830
68391 5724
63262 4856
15569 23763
92605 60891
24133 29880
68277 59897
44260 41967
14681 58520
28752 25279
71421 47650
2577 25685
95099 41573
44593 48384
55535 20660
21728 15926
3291 47301
29840 46414
74916 41905
96537 55973
52243 27256
98711 20377
44020 31866
31367 52528
97658 78718
79822 19314
13113 84463
74226 85131
62315 92570
59806 60235
75692 47569
88226 5445
1438 46859
79441 243
83302 9505
26722 40720
26957 76403
35056 75485
19231 21441
70938 5149
73711 14963
33251 97816
67698 87634
90291 74844
55199 76396
74740 4631
21462 78644
46710 4638
38774 58687
25387 82058
18884 80648
60203 70262
9259 7436
66834 65314
42263 95471
96477 66707
48953 22006
18353 78672
17990 64171
99636 28551
58328 60765
9138 40070
68459 90524
48953 53410
46145 10817
14141 63315
1535 91236
43957 32726
25742 3268
45084 98666
32378 52963
35345 8563
30422 64583
62167 94267
36439 7803
77398 14476
55668 16715
25624 84119
45485 64460
93133 98768
30433 22417
32519 73935
61014 39735
23871 75984
48020 77882
9262 94868
83562 41470
4565 73694
12008 79815
2069 2519
6116 45249
17496 47723
60725 93977
49638 37002
68859 90657
20689 64359
49077 37232
99594 69948
20809 35840
16425 91237
59808 14127
90441 25056
99750 1822
58633 57683
3310 54037
54540 32742
1837 93501
94810 80197
25883 9540
10589 75711
12757 79901
38725 28362
65693 9597
84932 74204
55576 90591
94771 72243
28623 77409
32555 70863
52207 45829
11085 71603
35337 56753
35419 40807
42994 8303
55324 28985
80580 13646
42012 66711
64828 37567
71401 35094
87098 66488
35959 51503
13828 74965
6429 55164
29667 69490
72278 96415
38883 67282
29121 47516
95512 50651
32930 57371
15412 15992
55135 69191
3154 65046
18851 59025
13230 7463
27806 91501
57770 44674
46946 7219
97195 86432
89160 27200
54106 46977
8329 47379
63620 81189
56038 4272
63322 6164
3265 56192
9522 39735
92673 75087
18820 72316
80402 54861
9741 16853
38691 22734
23984 41337
80230 33994
31984 8418
17651 83933
7734 99790
22885 25320
41521 60959
95131 78222
55250 90043
985 13400
77292 16012
86724 36114
96570 71488
99818 99787
9433 6186
8184 34521
80201 79679
88226 30291
47408 93403
958 56405
18775 77690
53801 39231
79979 97951
63264 32438
36701 47312
15336 7490
64643 80279
76264 88655
71829 85955
36842 78956
39920 69861
52893 1134
51958 12180
3925 30382
32876 60841
3818 28263
51355 57315
94741 12281
63152 63333
3766 95625
47005 82739
86001 47294
60341 84857
62059 87910
49491 86852
13618 95471
89908 84390
37619 42254
63384 55862
83234 48123
8357 74510
62837 66547
10404 9067
74345 27189
59714 73777
13436 75590
69649 48933
93393 75853
88228 31409
63887 13655
38006 87235
39362 91668
17668 7629
12889 92504
21102 79399
40934 13083
53050 6857
39489 76346
3825 74066
95909 43699
90624 94052
59154 5645
54521 12612
9 37230
41295 34847
4211 12579
29086 75904
67195 80667
33056 38619
17487 74604
79384 63590
7299 8173
25164 39514
88781 37178
66531 57590
69034 27956
39627 41180
11192 71390
17941 81555
73914 91649
81559 84259
97784 38313
94441 89212
99420 55685
40105 13903
86357 65995
84663 9203
72632 61649
53081 35298
54650 95157
9304 43001
94775 89911
13154 96411
5679 60986
83334 46351
80835 98470
71771 55678
94428 81001
4345 67254
33477 78001
91933 34345
37228 52051
7658 73326
25285 90888
83971 68895
16647 84715
30866 32538
75628 25468
51684 62561
18261 44959
9707 68345
60677 22494
20763 95214
9377 29955
20493 1966
43510 19999
5054 44746
2771 7526
67793 5272
31274 689
17353 53555
59316 83258
28976 29561
43146 77059
40788 29964
67308 49648
8772 11474
89278 29000
69687 37046
56294 53016
46021 75268
99760 64016
20268 11408
22986 61027
72972 64720
33992 6955
5643 8189
98561 32420
4307 88727
31120 44109
30127 72126
6964 83978
90353 10809
71088 89732
69039 18771
63180 25095
69345 18585
87090 88002
48805 32093
35121 97739
48796 7030
96862 70233
35626 16670
17294 19272
25689 21555
31102 56376
12279 47830
65963 62702
15923 45135
50170 92594
3908 88519
28721 58832
2914 53356
85532 37271
41419 4048
37609 35485
9631 31339
72172 20248
62725 7477
22684 76294
9316 67885
25236 76774
51658 74964
65747 30269
57481 52466
14300 50003
80373 32688
56247 2643
79687 61821
59022 19854
81181 74314
80465 76536
44088 41037
55538 33962
63484 27490
33354 76703
58771 87173
56594 68727
39627 70937
77323 2102
91283 46596
46167 80134
39330 65392
3773 56721
72336 30060
45321 84232
28059 33354
77673 71871
11300 75326
89969 34670
41935 10757
7384 18417
57159 85979
30169 77001
60919 27908
67827 27322
14482 30244
19978 35211
52971 29255
48451 11977
72798 76538
84556 35
26534 74351
38577 28047
83780 49918
72808 58468
70655 73726
2407 70526
20286 14864
50984 93246
96112 16405
45964 91175
74468 38322
89621 82274
64625 94387
32202 61083
16112 22086
22999 93697
90204 16636
42122 22058
74425 1739
79735 36013
80587 95278
57589 72870
80922 66083
69215 43925
26356 22508
23765 91071
29099 41391
32632 83020
38259 22070
63281 6279
93702 24208
99370 17569
39904 49358
72883 72751
57154 32007
53279 64583
10131 43796
36388 66887
73498 85140
34847 18894
83910 87466
12238 63521
75558 91834
28820 5607
73265 43951
40472 25902
33088 17272
74086 19460
25263 54055
62540 70334
58847 42897
12926 82196
33815 97392
12084 36899
30334 89764
45159 50346
15971 80493
94551 83501
26742 12275
88231 46966
23628 97279
61759 77775
99742 12543
43754 33416
36266 39750
27478 55831
8817 87305
88342 979
9976 77667
34403 62777
97639 72082
95127 81192
68781 55895
57680 4708
8281 8410
33491 66838
53442 37668
96967 45002
60801 18980
21014 86223
54610 42731
28143 42555
43127 719
41287 26597
67732 18796
20659 67369
70580 3326
12143 29736
47363 78504
87834 99109
9873 91152
65272 33961
82645 32256
41359 77279
49960 70375
92074 35161
2758 97654
22809 65225
39409 24420
15375 75625
90285 60395
85411 10868
74213 63912
17295 45290
62661 47614
15412 53072
96957 93172
18068 23533
83269 28338
75511 15247
96915 87304
98119 77796
11462 83368
93747 59745
22591 79591
70384 99231
56675 92096
91411 55320
30234 6064
52440 87118
83091 29915
63454 63493
6174 25318
13705 63332
23760 85371
92351 28089
19363 83912
19788 73202
35091 49472
25662 61188
58818 54904
26249 56423
47988 34987
89987 18263
87316 38423
6569 96597
89710 15262
4985 8709
11027 83622
89366 58286
23544 59769
49000 33245
98454 2374
24473 17473
85964 76254
79224 1456
86008 25304
60410 33473
89602 49229
67892 2961
58866 58172
94818 73790
2869 48743
98692 74415
8347 6037
13979 11913
27676 65742
52112 63643
90190 68930
96814 25300
51665 67682
1731 51399
69315 70725
81763 61294
55820 28261
36933 52260
42484 28159
82628 77514
63784 28919
40511 98179
92953 41298
49433 2999
65116 73017
39130 90868
17419 33148
83084 83656
58210 33165
51390 19496
54851 30497
20357 69933
80979 95539
38582 42674
97114 75457
98318 20503
10823 94029
18698 17025
74442 49085
61359 75351
3608 59483
70147 30855
73195 39573
70930 71679
58911 86142
86154 36052
70774 76587
50591 91678
46037 73144
66792 3162
3653 58401
26912 75623
26739 81385
80230 76489
22064 28694
46621 74122
95569 79122
85996 20884
96784 33804
74656 96856
51689 54837
4549 4522
88894 97796
53969 2242
17588 76690
68889 20636
41620 65215
91034 26361
25259 19723
45521 47868
78058 27230
53091 77262
30054 41216
60886 77115
69209 88673
85974 14035
89599 82675
21745 12266
50586 75915
83035 69495
59663 73859
13867 8953
46055 39771
88700 50413
77839 73780
53005 43417
73272 9427
15714 76517
87 79140
25248 57725
89894 62421
15701 75728
16193 47606
7629 12212
82762 36192
78110 49567
8198 21547
11166 81775
8318 48534
4167 55524
53055 15522
76762 50145
37594 88759
92441 35278
36581 30591
90475 25241
18231 74118
46875 7536
77072 33696
41434 58664
50895 55331
34137 80506
18458 55272
7568 48928
67098 24750
3482 30685
56508 15543
43990 38866
24561 76778
79816 68170
718 65647
82261 36239
36749 94230
1515 59474
86923 21840
21367 74311
9512 35124
78572 91846
98218 79772
65635 35820
48058 77093
84725 93400
89605 43123
45155 84846
61180 66314
33295 73431
67284 93942
43904 25343
25063 99556
6658 21590
53842 74663
12707 14096
6901 51188
56120 28453
89302 92518
57686 92561
52094 38651
75385 14485
56442 17044
24896 65812
13275 17369
45486 39863
96566 81299
33227 13130
4997 33841
6978 19420
66853 44899
33153 2659
82582 68834
33723 58678
89886 18054
69449 39409
37062 48462
645 91732
77915 1244
73581 49412
50926 22838
5158 47529
75989 40519
96503 71535
13128 82811
33193 18181
80836 46022
98158 2080
91788 63358
66871 3001
77347 1565
67484 57035
3667 27616
99736 11670
56905 99754
8843 65247
87254 9442
81782 51917
82640 880
61506 27886
47311 93892
84506 53840
96400 61488
49868 24264
725 3689
15851 91438
75460 33673
22224 21887
19428 88688
60117 93434
41251 22014
37337 68196
72850 6363
50431 34852
56039 87664
16238 91623
86586 73067
29074 67645
26920 81247
33178 96698
61651 25697
64696 66582
34625 11948
73028 73294
43417 94334
80633 52896
38185 83961
62679 73331
78146 12067
3647 17645
34650 33350
72602 39739
25897 93329
23411 18604
34284 72693
48952 85334
34694 40520
55485 13104
72122 71686
69272 94838
30290 44907
78342 35113
95355 29370
12133 38252
23303 79481
76984 76392
36297 84627
46534 98025
47676 95636
93083 17150
96797 12913
90278 13373
8940 10781
23833 75452
13871 93429
81421 17881
22800 63605
12283 10676
99098 10849
96803 25648
50655 11261
14857 28181
50549 67573
69043 26033
86356 22582
45805 4434
47450 32531
75589 27725
97703 42209
83951 91067
9633 60475
20129 31927
21297 69822
44280 57569
64453 97070
20274 84446
88876 80592
81810 44405
66493 97038
41280 91635
24624 34006
51814 24840
92963 86811
56244 95176
99414 58995
44188 9644
84143 71831
118 13198
23064 870
11166 86768
98524 83714
17361 66518
41805 32049
79124 49351
66145 31101
3341 69456
47600 48309
31752 60769
69944 26602
88883 99981
13209 53715
46626 44239
65242 65193
30828 62912
32162 76331
45643 18882
60383 9532
18784 38168
45539 51648
19118 57227
77281 80610
83194 91943
21845 50417
42641 78587
61177 51007
19298 77533
33553 56001
47008 10084
70464 12977
79105 33644
43281 48079
25889 96597
53999 77756
1344 57988
80172 74013
30336 60673
1918 27390
35688 91544
12733 71948
91140 68056
20103 3226
74722 74999
16573 80093
71030 88843
44707 83984
25111 68466
43555 41073
99168 36107
91435 32930
77104 27195
35722 99785
53290 81258
80567 1552
97078 92515
90410 94533
91294 23511
57153 45211
35314 69787
90685 97768
1764 6277
54306 61797
27213 17779
14458 64913
93542 44356
69075 96974
98096 11452
15836 94595
62573 53573
16460 62040
62884 50729
70332 20829
73153 28761
50920 43587
97234 69577
65553 88801
31691 12817
74109 87472
82147 12173
46774 5392
25877 72286
647 385
94912 85224
84323 31691
1063 34994
90398 4982
78034 53129
45937 88882
5067 42364
23226 7569
70914 76257
85114 16264
9930 55311
70133 65170
9849 47042
60149 12877
69420 7963
51208 60154
49025 93789
54205 85313
69818 37681
34379 15787
32769 92451
41803 2790
93151 56674
19001 92709
54211 22916
16438 17182
16897 45792
22089 970
21648 84274
14201 41064
10667 50714
60629 38458
99697 16029
16204 73638
25702 33155
50709 70646
46480 91895
4617 51320
35418 86826
26276 36288
27924 47153
91335 36129
16337 28162
1945 55480
8967 66811
13409 53569
6067 50107
75214 93471
10706 30855
38128 30872
97993 51495
25820 58999
78431 84646
13867 30537
99421 35381
83163 74368
99797 31144
55181 11251
1528 12695
53669 26780
29406 86623
29102 87736
72450 45183
6419 71243
77572 28699
24775 92442
50245 2077
67966 18606
36654 44143
42322 61944
25641 449
48991 61991
6886 44457
31526 22515
54968 22782
92270 5782
78486 55677
58878 3310
33818 43077
58053 85501
94757 96378
79827 96873
80889 70021
58013 41852
60222 9074
95548 41668
15197 49168
97582 55156
91240 86485
99380 96162
38544 55192
32243 75335
4589 28053
85555 23234
59675 89133
66947 91477
68247 98403
88531 18886
98021 87904
70424 49280
3085 40751
6283 38672
93306 14562
50474 85160
23546 80555
56950 1823
12481 45668
80468 71182
84005 50824
20428 62228
74851 53175
10381 19700
69433 79734
86119 18642
61930 38124
16559 27578
61821 21543
5086 50073
24478 11637
56883 66017
71324 34251
61964 29866
93833 75586
40145 203
35006 11380
45674 54821
60340 19395
69923 50841
94507 82707
94639 40716
33479 89387
18306 15082
95470 24473
57334 12673
25387 37963
60103 24289
42350 51574
63575 59267
50762 8722
62795 82783
50102 51355
16875 74548
69261 26770
5670 56996
21806 46875
64812 4629
89692 34685
58866 29681
25790 54437
93682 96198
76608 98499
46184 17928
38353 4682
89654 93674
99332 87028
56448 17865
78991 75101
15345 41505
75214 70211
16789 38229
93825 47757
36029 99019
71497 43392
24702 6958
3119 68939
91986 26635
99070 42429
42165 87924
74564 75849
71593 80416
78005 74889
23539 58249
90600 84888
54907 95116
66808 50519
10000 33516
68964 97705
27074 31440
1839 61334
57190 39521
35456 67628
54326 90893
33571 9433
20622 91271
69415 68594
2608 99204
88415 78224
53889 82591
28929 88910
32810 46774
87977 24940
68311 54378
47127 72687
6043 23939
94413 42558
83307 55338
71442 4039
94526 86158
76881 73208
21076 22816
80411 67142
66956 59318
15873 24201
20363 27115
11258 33726
96700 56861
66243 72964
33611 74542
72602 37407
56009 46308
96995 67289
14635 65258
60707 5468
91467 25965
51879 5625
12453 76671
80350 29508
70171 15414
77787 98389
85170 39726
1492 56232
28723 37027
59014 48062
48843 67833
7182 55002
76619 86452
61329 18373
13512 64512
59637 17899
31676 78282
75334 69116
49955 32452
22194 77836
22271 49893
70573 75218
61397 87847
14510 77261
27150 51496
14224 18810
63927 98857
52274 87487
10913 31154
30423 84036
23873 56364
21511 77013
39313 46373
23788 14561
5294 57584
9142 5214
87544 39458
51800 90594
88021 72342
59560 69707
29869 58730
54563 20409
2991 89184
73862 14991
36043 85694
97174 18165
31255 98446
43546 41849
20747 30047
88571 76425
64452 30338
15371 43226
79556 79725
41627 6085
43536 98396
86467 71108
94065 6443
55038 73882
96852 15677
81451 39912
16650 20888
73613 35033
77481 76999
9132 87479
35272 54583
69586 40307
18919 30874
51855 40321
18437 68327
76502 45913
11592 2199
95838 8600
87065 63882
66209 16957
66789 77696
76576 95820
84157 26433
66077 25998
33431 56918
63327 1327
54730 18509
26610 75583
74326 53400
80964 26610
45434 11470
88777 19072
21564 20969
3160 36549
82021 50407
22893 17122
67906 47914
76037 38298
3460 3416
5220 37686
57857 11067
82194 49282
38257 85185
56921 2893
45137 34013
11273 27693
81603 90500
11541 43385
78572 86290
67060 6189
92501 42723
36256 60969
29483 56218
602 64722
32288 96381
36228 49680
53607 15798
59013 98959
89371 82260
36137 76574
42809 13768
45183 47506
25665 1641
98585 15140
73881 63408
93743 63855
69578 88796
65020 89875
86753 13424
99104 20309
55663 84816
47964 36700
87434 6824
47225 68886
27818 55749
50913 41265
72844 65497
69476 98690
4819 2203
95669 95649
33346 20069
15051 2571
21059 54324
82881 48991
96195 45932
341 80386
12083 33266
84460 62459
82377 23984
81709 25591
70525 94164
54434 62662
2220 44497
66138 65116
47769 77692
42282 8369
78407 80304
34439 30498
63808 12555
63981 94637
2929 1935
22363 73145
51307 13154
18197 28908
61700 4078
69473 35155
65940 27105
37418 9725
97977 60430
98496 92448
39955 35531
49206 65267
63272 19825
45923 72722
63713 86879
61602 44158
79179 41399
57554 38586
58968 65664
81526 81519
923 42338
23861 90249
48 84621
315 37527
6065 25650
83191 47759
85154 75464
97371 2791
81926 17609
73919 41117
13063 81554
58719 85681
71730 742
14680 8646
29560 34988
87151 38212
47247 22061
83146 49305
76719 94615
83956 74259
15158 48924
56541 167
82372 86995
7928 51022
76320 53494
77372 99171
80593 12323
66084 61702
49925 40028
56079 3644
4365 54374
45056 71852
39199 24942
61823 96739
20435 34719
66422 29137
22183 87469
81812 97546
35131 98125
85070 56167
20598 79706
27097 85442
59871 86930
27153 31325
26564 41367
17878 66780
25463 52431
95754 81254
32363 38085
12788 89608
70331 44517
32543 22610
24964 64387
23388 14935
99207 36213
27804 9522
95720 19477
5270 24796
98065 17312
30983 53527
59887 91577
72781 45542
78452 76518
67947 76210
40308 47634
69097 43591
4360 45034
35697 49172
77838 97536
1395 45903
5222 84203
90017 77615
29175 96325
78356 47056
51816 57868
86821 32146
91175 36609
29973 8154
2726 41292
21158 87344
6168 34358
20959 57824
85273 7373
48875 62105
63012 8931
87547 57105
57690 16592
30400 71358
51937 8972
75314 39134
89603 21910
69227 41936
31915 89263
83629 88409
91180 59743
81720 65633
20569 40879
34164 70387
51758 22958
86126 69472
2598 71501
94994 52701
28610 25154
78806 36384
23528 43113
92368 21447
5378 98654
20570 28081
21339 37604
58293 72898
3782 56513
74530 84932
28119 42048
14315 30657
27463 47117
25176 42026
73012 82077
31931 10867
14270 62947
837 39860
27436 88028
77198 60649
18021 39332
26481 85683
5560 52351
49357 21558
59636 70097
24773 33305
14992 1286
96417 90409
43268 84363
34635 58613
11790 55122
26899 32051
2447 16211
23468 49242
38795 47877
70828 20038
16813 80329
85328 75032
98016 71424
66613 371
16055 52048
77440 6016
10374 63747
81048 71755
55046 94087
65318 84131
49653 24015
50332 74622
3988 23952
73067 98355
1767 2437
59595 40062
13913 21260
21815 70207
19605 58631
11150 95387
82830 64764
79124 67226
30712 98389
77934 26023
85164 39425
91562 60403
20072 77553
18421 14003
81165 29116
7170 85693
69727 28731
25450 8655
23561 67885
81286 11304
3254 54485
855 19245
40153 70775
58303 39910
97862 41887
96805 49758
18582 85305
98453 96518
64775 13338
67294 37970
14874 97302
37842 21754
67028 31015
10313 8027
40573 39341
15806 30420
43588 16456
74416 58921
50136 35328
41091 39108
41648 55358
8861 73231
56165 4688
89417 68283
85011 66633
59255 80731
43708 78654
58650 77290
40612 67626
27529 54657
5270 52587
21502 95682
53597 35266
79322 93136
51404 4247
82271 89108
87127 69299
58900 92602
93688 13573
65797 69553
67531 47742
99585 64239
36113 564
47290 77995
73329 45891
86408 14945
50290 78887
25670 39602
26115 80195
70260 9761
71092 43485
1139 74039
68570 28351
12684 86079
23054 4184
35466 65835
55247 98777
46651 17453
12763 345
46003 61759
44122 55122
52008 50268
24788 67265
17015 45892
61653 77065
59614 46940
24784 62993
30272 38891
47065 62369
23044 63423
34474 7081
23702 41350
41375 80283
64165 95445
95002 62284
13987 46789
16287 5111
45000 78640
42105 48346
39856 19897
5204 34166
61720 42177
59648 69043
29701 39795
28757 5594
48797 50425
82217 2137
95499 27428
10299 65507
1503 59400
16876 96333
25868 51901
27457 63922
37065 91871
63235 10288
1041 77775
38462 94089
85763 15697
80933 33571
56162 76716
14124 59688
83893 15245
13741 47303
42728 87076
44100 68721
32650 33476
72019 4573
52013 67559
18591 60772
44074 27561
49296 93253
53434 29704
5365 37410
46301 96363
91390 49410
279 24759
46720 59309
28974 53211
35925 52627
81390 28710
9273 39013
63077 75435
90766 75098
96391 33380
59577 81740
81675 51724
55874 62585
69099 3332
52056 69602
89736 45231
49451 57391
71589 30837
69936 74952
41799 40804
41825 42366
12219 61738
762 35968
89008 42077
51421 61254
36152 97907
6127 12842
83148 13706
20953 78442
80005 10273
18472 1000
55588 39773
47117 67466
85514 9509
45789 36826
6432 86343
69426 33638
67185 56305
77000 56641
91147 64920
90945 16257
22370 30228
79906 52287
65869 44002
13395 54330
88871 16385
77667 97300
38575 25494
15874 9523
37352 91752
88134 38177
69018 5092
73702 21709
94767 63802
22914 16040
49815 34238
15897 66281
46341 13320
81841 84042
74767 16660
4722 29256
95057 91459
35051 75526
64555 81944
14124 29835
80831 90844
13675 44511
87028 9499
191 88594
52470 1285
75048 47542
211 84270
14949 38400
43071 49133
8668 71498
75345 44353
64949 56436
11556 60359
53055 91487
35895 53221
11434 71280
99725 9059
25772 211
41870 24493
30109 15286
42692 62450
570 93705
75615 27848
12453 95909
51442 48069
52131 37186
37331 66375
83229 45119
35967 65486
10016 35422
44531 52285
66269 96900
72148 64700
66473 70398
89000 23193
74078 65303
35739 40898
77464 12035
13787 13164
59674 44280
9661 71024
93702 85423
68598 12840
21992 90183
15778 31767
97900 98979
42944 34078
2755 96903
42643 47496
75267 69374
97091 26207
33572 89271
64794 23220
6723 4099
71720 75099
7746 6841
3040 73004
70054 35475
20088 16388
24280 31854
90509 72706
23269 65102
21052 28298
42942 4343
92618 14501
50489 88373
31870 24415
76046 24629
36162 42440
570 64874
39685 4756
70463 55945
22107 1435
24194 60909
41403 42809
80652 46452
48800 85167
47786 22527
38890 2592
90669 30582
33882 26901
31787 5410
32633 23354
39548 28658
92561 40382
65661 32343
46450 44759
5425 15047
47183 99580
57787 69149
71230 97961
55109 67255
15228 42654
63964 37623
7751 10528
59953 45731
49122 20855
34041 93094
8468 58895
56174 31212
28969 17399
32205 11625
79472 78340
44438 29267
44155 85871
67471 71588
36514 78707
705 5593
75168 13808
68857 31381
37140 57003
82185 49343
94818 95435
26116 93567
31312 47774
43909 66341
60713 722
14377 58307
32349 91452
80816 67950
40863 51573
94816 73216
59814 35863
21090 48537
72876 99268
13795 35258
38130 29824
95668 41320
71834 72050
14027 38927
47372 92807
29600 60636
58706 98063
42609 30466
33051 31358
62974 6102
46043 95180
10157 83315
98282 44534
24967 46263
17921 49307
62873 38212
65504 63135
75829 66048
36203 48971
66510 40981
53096 49163
37887 88018
15170 56974
55045 51112
82793 92234
25696 33645
66608 84086
5974 97213
99086 42382
91345 29140
3742 65459
73020 4661
82430 12040
48233 79046
61684 14966
57998 15922
93828 92073
94403 26245
40027 65424
4614 12468
47848 71233
16919 68531
82461 74162
25404 32028
97490 85313
8542 37871
14403 5006
15530 49004
56973 91516
21554 15770
88053 23379
19401 38468
63489 71681
99883 40311
56956 17684
51346 6566
41046 83873
88642 33766
45730 7041
16766 91730
31927 24591
99888 32936
35664 25227
68901 95817
46700 59066
8079 40221
60334 67459
91809 81741
76125 26771
70871 36039
67557 82682
54795 65150
25429 17900
73121 78728
82144 30722
24028 35262
3388 49206
70918 42239
74501 9162
53676 75117
87163 73026
2304 96238
68671 82725
51254 28780
14459 79968
14311 5014
79639 91331
42801 12893
90532 80354
67636 36088
18709 9461
79382 19776
71905 24696
4736 9940
60643 3884
40896 82615
91162 55284
54469 95917
9769 83065
46822 91138
13400 37191
41691 35554
84145 76813
96642 84674
66916 90273
71676 50774
22595 7578
42957 78137
60455 56788
75487 72008
65769 16143
55647 48039
5930 78577
11647 52858
57099 85311
26835 33005
36341 12104
23700 98541
53107 96986
54880 75885
63603 31915
38135 14274
70345 69009
78304 56551
81388 24074
79330 9850
11991 28981
53835 95709
45193 21175
47309 26998
43238 42584
67964 6127
64979 4995
5393 29782
10973 16905
73450 55454
70387 70783
92999 2429
53736 45083
89743 25260
98098 51579
15689 4042
9646 98398
72547 66041
97497 66792
3823 8608
15800 36483
61473 47751
7825 58745
40914 99294
96944 94267
92544 58390
98435 9053
32972 50086
18655 35223
33466 73927
59096 87013
79764 68025
82316 25672
24872 11196
7898 5444
99653 75896
46339 44704
68098 91829
34960 59145
42232 98468
683 49006
68259 1556
99684 75205
73988 7869
5869 64133
21154 27129
43519 63082
61828 49734
89427 43317
5336 91909
38154 65033
92336 85150
83910 33711
5152 14490
22702 31603
37185 69959
24334 92484
5745 57784
89556 68024
19057 99747
10549 21478
66149 24545
63366 21482
91992 39697
29987 55172
93557 71733
28875 26873
41551 56787
59713 8145
12282 49333
69773 30039
57071 8170
74105 74300
40268 69283
30197 21557
47122 67030
4276 38040
67686 96095
40461 82851
57776 96378
76602 19829
7198 65002
24636 15187
15682 92053
8437 39269
53392 84198
3116 56918
19746 98506
53965 77367
53652 70995
92583 89468
83111 30200
23180 62525
18210 22355
46036 16247
86380 75553
54010 77577
72436 90886
74589 57943
32266 51431
96065 4843
33379 70317
40076 39215
4056 28905
75273 98292
25159 9770
59688 95181
44721 68360
79068 42357
37818 64221
96123 63621
36813 10183
1538 92127
73461 92360
77359 63750
51077 22630
61701 7491
49073 67787
82795 56642
32307 49413
12173 92242
49191 35879
51098 87945
60367 11559
42596 61630
3791 77150
74211 46253
62066 90539
498 98839
19395 77488
98352 64639
55477 43923
69889 16142
91164 16415
91819 21327
40050 11617
51417 69108
24627 90507
46107 59247
41985 97876
47076 70234
75648 57525
72491 14288
71451 18862
31435 93425
99773 36031
49731 450
59769 37071
89558 79594
35875 2473
58667 12183
6453 44922
77550 87447
63147 99636
11246 31103
45607 34447
84797 80648
57870 14818
82835 83660
19880 8078
82539 66286
51940 7284
8581 86831
76114 25049
90306 65594
99687 46249
61387 39929
79964 27666
50379 26141
93072 72804
49776 95258
56930 31384
35502 26856
36215 83686
10940 89187
89434 57741
58036 96588
48374 35535
86007 12391
50494 49778
60199 6619
44967 69120
95052 13685
74568 55752
64560 80709
92896 60187
4163 9502
92784 68399
16695 80538
89853 37408
87780 34965
27664 32810
29382 12205
77781 61072
16474 64457
54303 33816
18757 92558
93155 4813
29517 80939
28056 9660
48189 63247
96157 82487
73894 18829
38803 19349
29209 21951
92063 55472
23565 29408
2986 24933
24511 18705
29121 98968
95053 75637
92244 75469
88186 69524
75867 27792
22574 18652
5548 80302
12211 92763
31911 53498
53401 59399
64043 45801
56370 16726
28509 90038
82071 94758
64264 63455
39393 13430
14776 55141
31696 57067
21822 64080
47656 4076
2063 75241
43439 43431
65797 28927
82033 33962
91836 69251
50364 13418
68182 84235
82468 22207
31672 68594
86432 65318
22923 79062
81259 26302
14940 52505
32228 73420
40124 1922
43374 65495
81248 7673
52337 63788
8674 6446
40791 35323
510 43346
59248 87736
45014 89244
20910 70555
30799 90373
39914 46208
10002 51756
46429 72360
21515 13460
10216 44470
31597 55265
15372 1427
10029 52351
71347 20651
23043 10811
1861 88782
20812 10759
32084 40976
20650 25946
64369 63657
87362 35534
12148 41397
12253 70241
9560 12340
4328 692
17372 37995
60980 73359
40355 5346
60246 4635
30805 31589
85544 81830
35260 94915
39558 67427
21832 93426
46802 14759
87883 41416
45873 63949
14430 48067
9964 86035
31418 50851
47536 98651
80640 61963
35886 47531
72594 34435
92091 44301
90903 28793
88369 41456
2011 14971
83629 47653
99020 35966
53647 482
70558 79739
61309 21635
72808 33900
98240 75780
66021 34292
36965 26056
72629 80596
73981 49557
15225 51991
65405 29398
83290 78407
12991 69048
54946 14229
89599 26573
5985 98421
90624 61068
4810 52511
6341 66478
47347 56112
18135 67699
633 85991
6213 42427
56505 59208
15520 42062
3928 34268
28283 37621
94365 46799
21137 4862
50129 58161
92766 20347
28198 77878
71653 81892
32717 24790
84105 53392
59742 20685
79508 95072
69204 90972
659 94165
40270 12486
1783 22485
19760 27700
20181 52138
47072 9010
20711 5378
7081 78959
56586 50320
81915 76705
14910 38922
28329 58111
87529 94569
37257 55941
38004 39244
50936 68435
7404 59541
98324 85742
28770 33002
32640 30142
54380 81685
97507 99983
27938 71301
43369 58928
76353 62987
55328 71606
90571 56990
74749 43322
42822 35639
34581 14007
47321 55989
57860 3885
36946 42683
7849 11393
48546 70925
68712 21915
39678 86583
167 17094
81184 37158
40977 82355
57349 24108
78166 47382
82253 31264
61097 18664
12542 84252
75008 96867
25313 50366
15192 86153
47363 52135
49903 82558
81654 95711
61320 11593
32365 60527
27722 24183
24387 12069
17857 14104
62805 63732
75612 16736
11587 38545
67245 72007
70771 90487
88844 55082
81582 76516
54293 11080
52930 41818
90469 80549
41630 67807
91424 40106
68953 96797
33358 51171
54603 50754
5722 78976
81009 5921
83922 79092
7310 92464
10026 96153
95301 46440
24249 63082
11648 27720
39417 64392
31372 15186
89035 58550
54106 44781
72689 12093
14272 8513
79283 63017
25206 38974
42875 76873
32538 18037
84408 10067
1228 86077
6143 97757
73138 33456
22597 72421
32405 75467
2758 74411
9699 88817
47426 24978
98827 31049
26970 24834
34564 70716
24919 77385
71782 40824
73828 30325
31215 71599
86831 2395
91327 43192
76684 54196
86012 36525
20338 56731
48015 45772
71836 26992
78950 53143
52488 86424
93680 47444
18652 83450
1444 49453
46044 84195
87258 57616
85717 97283
75184 91792
52502 42478
76966 18882
46609 85789
87970 27937
38623 34634
73933 69675
77817 70327
27541 78114
80960 88776
71785 92364
37781 9892
55456 60180
40065 50680
24082 41446
98927 48596
15517 12022
49229 62188
44769 80602
25935 83416
52037 78348
80748 71124
72464 14505
13407 76065
81072 65908
82343 49282
78839 20339
14471 17408
7832 54993
62119 79623
56751 1595
95473 76390
96534 95939
89077 82387
32273 66464
91717 60805
44899 35244
83097 64856
91990 87941
64333 50092
89656 73676
63838 27623
52568 76617
36145 10542
13421 5701
28524 72336
24015 30862
74011 55547
42460 90167
32172 35749
56437 62261
90131 3428
62686 7459
49927 98390
40833 49343
31619 52923
37932 28202
83302 88149
47022 64844
84723 11695
2238 76943
50514 20083
34196 82015
33293 68242
51726 38672
70484 11137
58861 14104
55802 21814
35605 69232
82485 15151
8592 12407
64098 35691
66124 72527
36382 16590
60888 2942
87438 67266
60587 40399
53304 14801
60029 74350
47912 38700
28140 46000
27212 27719
10969 40520
4504 58202
97672 25747
61315 7425
99652 37101
86824 78429
99288 74842
27814 74642
39959 50046
72609 11719
51189 7717
25022 44937
13099 41148
58059 79175
34615 56950
3221 38615
84441 3016
89455 73584
35096 89293
81362 67310
47835 64002
3255 51282
19665 47627
37119 14303
57129 72461
39852 94622
41658 97746
67461 79067
47261 37640
3414 68837
19374 25570
40013 33298
97134 53621
94878 37657
91076 80252
45312 92758
72279 74549
12782 8649
48566 25250
72008 39575
80752 76041
1583 94344
13756 55764
87244 40455
17875 79090
30569 2502
92049 83412
88790 43767
38999 81745
8454 18771
58540 39842
6735 69815
35671 83142
49326 58434
83111 18176
98465 35993
13899 59540
67499 88676
26938 22126
25299 96814
24077 4090
86565 68104
96864 21837
71055 12262
22645 90715
12518 8960
98032 20222
88479 2771
21404 5046
76246 33982
46436 77796
33002 97253
60731 18541
98846 4306
21461 72765
50234 56143
62411 35009
82185 53741
41211 29932
59097 18336
35814 48883
37117 70304
71985 46321
72782 3497
74308 61252
67014 33916
39086 94222
35779 71708
72862 35604
68779 10450
38348 21571
32098 12522
40110 1894
81397 75891
78915 27953
42354 7715
82572 78393
9934 13937
41710 70650
96894 64377
35185 68048
9118 63740
94820 78206
29421 66909
80822 9578
23727 37989
71199 44734
22282 30911
93653 553
27529 30045
64823 74524
13884 55217
95430 71758
39670 16085
23111 58297
59342 74052
72002 99962
79678 60478
19782 19540
93159 65608
70595 92942
99627 46697
61646 49009
39250 5871
1184 19371
93862 1256
73527 27022
20726 68329
87412 88273
75895 79563
4956 15022
95614 47720
55159 28035
97511 75555
10964 43921
20338 94301
62051 39168
48224 257
70553 4089
97306 71417
34640 26634
84747 6902
77828 32614
7745 7724
4919 84706
20496 7187
7501 47353
82062 34439
32433 14825
20568 39241
49199 74644
11692 39293
2584 82304
87021 62314
98529 30807
70339 13725
59395 59592
83832 9606
16157 91172
5339 73336
75150 88930
22977 29549
11483 32763
22463 49249
95087 84686
8081 29266
57014 32510
1175 39
83841 70063
33619 47398
35845 70476
39180 71611
90107 84676
97261 63128
81922 55689
11750 43887
5369 81519
6570 57146
51013 63603
10224 44852
44785 69362
38739 29662
23465 55981
44434 25147
16926 57676
7216 83795
99109 77335
93813 26452
64504 32031
78347 39180
54515 59571
42305 59089
34040 47403
55660 43225
99948 95617
53409 79906
58839 43187
77629 40523
50568 18979
89149 49561
25007 36567
88710 98579
40833 81753
68350 39079
30744 35959
54993 7427
53040 97828
461 41276
65323 22390
51654 17866
74158 1254
77139 17258
82178 21331
93391 45435
39284 77599
88185 15362
62101 72496
37236 30694
78074 82192
8968 42612
81981 51790
51615 73564
16186 42779
65353 17810
21459 49230
43864 36718
74317 57025
6916 87276
50353 22897
89705 73869
21676 16353
65668 51732
11279 41720
19002 49706
75439 76190
75473 31995
50406 94915
58261 14967
79664 13977
85588 3858
67887 60949
34243 89316
12840 51346
97590 75369
96324 56941
54667 1633
26576 84010
33056 72433
8253 65261
96473 50849
60960 79266
56988 53917
94291 10295
59060 25300
10066 83036
31761 55132
66112 20906
73861 54124
50527 44953
77833 62143
53531 77384
42870 86872
73280 33689
62157 99353
6015 52338
48464 9226
33774 83965
82502 76953
1189 61288
88731 41972
737 40646
24349 5200
56580 58221
8256 66502
92211 69206
83355 16912
2871 57760
37705 38833
17437 95502
47753 76682
35222 23588
93599 46566
60439 45581
72176 76687
13658 37080
90282 65846
49372 54038
13722 52751
38653 91678
40723 46802
85891 56554
5646 84828
70167 20119
49988 78764
76422 34857
94902 95334
81761 65924
85734 46035
28253 31668
48763 255
68628 56550
64417 15642
61379 74733
70151 49240
55690 33470
31807 55409
5231 29076
513 16001
44699 74957
17224 34857
76091 14218
79027 19884
10176 25043
43974 73907
52448 32433
74246 66122
38739 92403
12577 36224
87670 70954
97380 34475
36331 25868
66690 58338
69015 17908
77172 54049
28771 58848
63380 77128
37468 72530
21952 55229
73299 11792
27357 84453
27518 18277
44722 29103
72565 49437
86825 64425
92022 8269
34065 52553
54913 76648
54366 56837
55324 97803
93479 99739
28336 30258
49288 94314
96778 69088
88958 95351
25915 24636
2221 25610
22617 25134
10877 53582
70236 29414
15385 53332
86497 9110
18639 85776
5771 91667
41843 3419
32029 99863
13723 54063
74113 43586
38180 33966
61956 37909
7436 97468
76471 34197
61974 29056
27280 69774
18345 38183
80871 17357
23537 66721
63737 11973
63485 65250
52937 80331
78239 60994
42906 36730
95823 3710
50518 93424
34664 10069
25034 10159
7530 14251
50535 51581
43702 80265
56195 72100
29205 5307
47862 3795
73810 45969
74078 5499
34235 35518
25723 45394
9220 77788
95507 10100
42979 66502
76591 74749
67349 59837
13852 84688
41816 98852
75692 34515
78287 13540
30002 54449
63202 97193
68009 17078
50075 20482
48846 35415
94537 64453
55489 67304
19649 38664
58697 59875
23096 88297
96077 94152
45322 34248
76539 46199
59510 82056
33572 60152
49248 89009
50270 7315
94190 14705
84161 96216
76300 66582
57547 67065
44456 53205
41596 84459
82006 39175
18682 5577
91437 66439
36911 15217
36519 78549
65062 26788
61765 7638
58065 12778
86825 4753
60358 11980
54395 64307
25917 5304
25317 81516
12724 55009
84791 83056
69035 33437
22371 3320
42441 66085
87426 25534
33141 46040
61709 23652
46109 34456
36484 48910
67410 7531
99883 46851
41674 63195
93352 11344
34333 94935
43719 34309
35177 29104
87702 54358
27951 797
66473 94939
90707 90423
71415 29488
57471 86173
11163 82806
58080 48914
23540 9424
63432 79194
41541 15623
93131 41313
83573 76423
96642 41683
34065 66175
66859 85541
42981 1157
71238 90411
33959 82448
40121 58272
57100 20156
77134 9729
1681 44010
9360 690
23187 96477
26129 11831
90871 99933
17319 88316
16611 91064
6411 24334
26755 61852
88 79072
74149 61823
98834 92775
51037 92855
97084 84190
78626 97858
92192 9027
28879 38080
68332 95384
57827 62003
86351 21443
68737 86342
96256 15406
72561 56963
39960 96936
72157 98331
14162 35329
40757 19267
37138 65490
76267 63185
79707 44531
61304 51843
35544 98179
21301 9944
26580 62981
95619 2644
44098 58877
16580 25761
69525 3542
10911 30249
71593 50367
65120 43677
67609 99465
43445 20049
21894 26443
86802 43901
84311 94591
58926 12349
51955 24898
31556 9330
67624 34199
56371 87872
31272 64197
83007 92014
27911 24501
16877 41897
66014 90997
42699 32320
12971 40439
49573 48553
73903 8146
92753 75387
66350 68960
66725 18578
24083 7263
7131 71983
52905 4464
54548 97013
91139 67227
40882 93965
32437 58921
71388 44867
23512 38408
1182 32998
3722 36619
76454 43724
28716 6376
64168 98860
85090 61720
30075 33250
1302 91546
40634 76782
45430 23568
70084 20821
24914 31840
95741 10751
63871 20500
32075 37431
46198 23451
32665 48303
83989 14182
42039 4697
94845 17419
91032 71854
37714 49414
11602 70379
86879 31059
48258 35951
54479 43093
14565 83839
77365 36723
42688 70339
32229 72789
72762 79590
59096 20875
97949 91609
21068 17510
89048 29200
51234 90973
74463 91907
50814 90378
18473 82735
67275 34603
12914 3859
48532 34369
14967 67252
6188 66068
62428 73881
92711 66700
49417 3471
45631 11130
93448 44390
38192 50509
54889 70322
7835 22462
3967 38987
41607 73732
13313 63053
66139 71872
12906 31065
9734 64499
72184 77266
69016 83651
19056 24481
4454 64634
89433 29810
39177 47911
86749 1461
32927 94362
52363 70269
66665 92076
50455 58436
67180 3893
64441 72389
68816 45460
98794 60513
65828 23691
11050 48027
50168 29825
1021 20252
71137 23774
21961 95471
34040 29490
98553 71878
17979 51214
2077 45587
67019 18793
63432 56048
88077 83836
30225 45048
96809 74599
40882 65419
13486 57706
53676 45070
93676 15372
61537 18153
33848 37144
88473 58887
41932 94715
11294 94233
27620 85640
64287 55027
11618 15956
65425 2830
35594 86297
44777 23460
3303 96951
19427 23480
71364 26479
31966 59243
85748 53574
99902 53608
74187 51432
55209 30489
34083 82915
77642 35343
15064 22311
37746 766
97164 38605
99377 25278
61092 17101
41313 37675
65672 262
20572 37030
85543 75418
29665 36723
54385 34671
64947 41849
63163 90159
72986 99589
1183 1993
68352 93575
68281 86606
59316 89746
32299 83732
27883 33856
50810 83991
40058 3277
87694 54483
41053 68247
5750 13003
60756 14629
52706 41381
96000 50013
41511 16012
90506 12011
24895 42317
41533 78145
11622 54746
50567 45361
40254 26186
61980 56853
7660 60983
87763 17800
71576 64158
70983 37867
6961 52707
28215 85537
64167 13834
58182 31666
89871 97599
66427 32588
46211 12591
88131 66973
3743 47597
80042 60603
79173 48718
75206 80284
2746 79821
12588 26046
50503 40104
35512 71584
3512 24160
75690 31847
80832 93533
87076 72506
64596 6856
1101 21927
44075 3536
58960 92
25765 25894
23166 37806
47137 82688
1096 38165
38565 25209
2310 22638
53177 7503
77138 51096
39436 37444
1741 63192
60142 37535
51514 81141
81620 50728
97886 37212
46520 67343
16327 50973
44279 52037
21601 26188
98769 54273
24866 95457
92491 66620
13183 16856
90352 59701
85941 79090
30060 58255
47681 29906
2704 2766
30088 14465
32497 12702
81200 60651
42857 51020
56421 49568
40245 16362
55925 6516
24501 71023
16532 65823
25998 88437
33657 51357
79019 75290
8447 36046
6328 61151
31045 88503
22374 88652
58735 40544
23595 67786
45986 69397
36510 32263
70316 80741
32607 62390
77081 76550
83885 15052
96031 72911
54542 5764
92211 2460
36587 14524
53362 38925
65936 52246
94746 91815
44945 93368
11885 40113
160 97644
36373 27193
55384 161
33722 79021
55093 73672
3726 53762
87769 23991
17090 94513
13353 11114
84494 21653
25006 60125
86957 51150
10005 627
79774 48864
93263 25746
97572 26037
26418 69957
57799 43255
70422 74521
28210 84087
58008 76832
87250 92457
30426 92049
79709 59461
98337 14886
95433 64872
83798 79036
98608 27985
91462 12182
81459 32516
85058 26459
53236 17706
17120 87124
7194 4271
81464 33935
93841 31971
11591 81054
72167 35898
43055 90937
6385 4556
50293 61720
85636 96885
24770 21689
33148 85782
35555 51648
6168 42098
17193 96466
27515 90834
87306 1401
35469 19970
5470 65443
51961 16145
24898 53059
36076 8213
56633 89359
17244 22597
27654 93184
63295 33501
38643 32853
84847 72958
99117 51344
57741 42091
21093 16791
54779 77068
72976 38228
4641 49903
26760 21046
25608 71074
23562 25870
80386 89691
28310 90483
54176 63056
68882 36798
19290 56831
67943 80847
82411 27815
90594 4934
15635 96557
82228 50954
36435 22617
15923 10502
70260 28694
79639 71623
69792 72309
95070 66687
12360 6474
6792 46789
68572 65294
40539 33491
94454 25659
64768 88327
51120 74195
10884 37698
87624 59514
53848 21964
98371 56727
69746 79022
57928 65719
14634 33110
29409 42666
34046 22071
14173 41316
11758 294
70289 82941
36640 93438
28370 4018
12541 53853
38172 50850
46802 66181
56270 5265
16656 2140
69900 55912
37709 35308
91740 99891
73633 68323
1193 33474
95978 97236
5412 37000
37544 36245
25309 57471
70849 96191
59822 70691
76126 85041
65297 3378
26573 49069
96549 75986
87901 51098
44109 87371
44645 10368
68432 12905
62269 87535
26874 37691
90242 49144
49082 27959
76695 42898
31106 37780
19423 49271
85131 41102
57316 12644
41326 88389
33235 54333
32651 13470
73790 58214
40102 29632
79064 65707
67237 31929
9852 22233
21779 32471
29735 91810
82049 33775
73050 26750
99808 24346
21433 84420
2567 85235
68110 63893
15827 48346
69126 55730
43394 70708
70706 24737
23159 18184
12968 20524
42234 64291
73984 57537
92661 12597
86392 57555
53112 93170
90609 5879
18741 3091
25967 23464
2532 74354
47356 6916
9569 43377
98277 56205
969 70740
14716 98057
41377 8514
35924 60227
16431 70216
70697 1319
98686 62838
50741 98761
99455 20928
8860 25823
98531 50686
44993 59747
80129 49516
78158 44018
17014 95627
99857 56111
80064 74494
48089 17569
9251 65710
8445 85456
63652 15559
53461 45836
42000 66328
12095 42278
71030 28727
77531 90261
29001 635
18608 56755
40159 59296
55109 25758
19284 51015
13896 42327
53192 76211
17291 83302
78045 28364
57218 94036
55802 74336
56486 74767
71114 17661
64117 78410
27326 89561
29263 55066
62727 71210
53083 2074
30973 64878
96096 7272
51035 83237
11980 50886
9184 19185
66449 84281
90543 57597
5315 11566
7792 58291
40155 65744
19213 20004
73591 80403
57494 2693
89047 27309
87485 98508
70114 63767
26139 1335
66911 18224
93097 99653
83548 53722
47496 64090
43371 93883
69689 12224
18560 98430
92422 91521
31572 2031
32215 86606
7269 90371
12190 64763
72627 25582
3820 27424
47237 47242
44185 36858
2434 68534
1440 37255
70585 54485
99232 74382
15801 34987
27484 3925
23929 12612
98780 66441
19634 57965
49322 74074
29631 77785
18102 7099
27076 53949
32403 77734
17668 42100
61559 90455
94826 46619
287 95500
67233 47222
12296 63883
23452 16074
23831 43580
81519 93153
20019 22283
92275 12201
61253 90983
99398 38165
75519 22854
40777 51386
56530 75967
53504 21235
64598 41774
21814 55070
32358 34643
17526 81469
93857 94419
29715 15926
17515 1078
94753 82452
4105 73159
61881 19683
43593 13112
80057 25015
10360 12891
62562 38630
44297 55049
86840 33161
64693 28479
10214 27328
75702 18108
41559 74123
6378 51845
55262 23025
63510 9570
76367 31165
81953 71742
707 74300
24404 89674
59544 42912
48577 51226
38255 77152
7097 83430
60749 41846
55220 31947
75098 72895
51309 10344
9893 16447
73508 98
92797 13018
35898 68864
60025 4508
90264 89967
9330 23090
40744 85119
87876 68815
56762 67876
17041 91336
43617 93558
88285 80184
21908 28625
20819 70301
13389 60886
51838 4153
71469 11208
91793 50353
10518 59056
14464 1650
94863 52538
39301 91783
43396 38006
4476 38212
94724 34231
93606 15647
90849 80663
65578 59505
38451 2289
92944 67225
2998 86054
94244 15961
1223 25657
18329 99319
64330 54003
48163 76285
7239 83743
33692 8538
64649 91759
98816 88255
88862 20853
34993 42403
99226 86731
11443 70944
74835 1548
48945 1523
43910 72952
57014 75359
17361 64180
84341 15211
67831 56232
82754 17728
85407 767
93175 652
94581 43786
78640 54241
1704 3165
7535 35222
40042 61361
98360 79749
51892 64865
16278 41548
22815 77325
6549 94092
94123 42265
65222 9101
43676 72911
53278 86136
42264 25049
5462 66587
32298 54792
39596 83337
17250 72688
52961 80663
4467 13513
82714 32800
9428 48272
84896 13858
79584 54499
60799 89951
70294 10409
52010 94717
72025 58952
18709 64615
7440 76461
29658 31401
92551 95528
15957 19255
70157 4589
35816 97799
78036 48659
14488 83250
96021 52761
72430 56311
5897 40700
20886 25849
40432 32035
52675 32892
55694 87220
95785 14923
28329 99323
21442 34933
11501 20106
4234 99980
79400 50707
88131 19813
23662 46128
57426 40282
31222 75164
56096 44907
78554 57432
61881 16344
73211 84519
74640 95145
22204 95345
27290 59367
23746 79908
494 27008
67450 50638
69772 50310
32531 21381
46514 44304
73216 84831
57032 99896
33815 50202
758 23004
16020 86645
51273 19358
63799 44597
25362 23172
2241 46562
79078 46040
3388 12647
65183 5992
3312 13205
54361 74951
19662 98944
97846 39947
51689 33536
90683 76077
76536 42258
8497 53932
35990 77493
57636 91786
49282 47694
10695 72109
18784 67524
15855 30239
34421 91620
57075 24719
63886 45118
45331 65710
58618 71494
59790 93491
82092 13396
13802 39768
60186 60324
3087 32154
79008 41815
27404 25500
98558 45040
46897 84677
790 69752
62580 82749
16815 49275
15980 27220
5013 43241
84569 49116
2358 46070
17114 16490
11014 55194
62997 81721
23836 78225
80435 46214
91251 66651
2688 53
88906 90750
15567 97483
30084 52383
26805 71313
42281 9453
57770 68920
74979 4054
27691 3151
90146 60592
65242 20207
91321 178
30684 21680
25630 47192
43802 93361
13230 93186
93633 98740
82566 99957
3394 52671
61195 43544
6514 33468
75363 75513
2315 52345
72922 50534
73002 82889
97599 85620
95823 71586
94788 71964
17088 42237
60481 4665
1605 34298
26801 52811
69677 15833
35539 78678
71913 16449
39786 31556
56972 32252
55006 52479
97329 5625
53561 71736
23412 93802
52939 49603
13335 64067
37575 61368
62623 19841
29059 68980
69077 65729
43004 69398
36326 89188
11120 84162
70691 24466
5954 44609
56322 53299
83289 54143
48667 32471
77409 43148
53867 28272
38984 77596
33813 37779
98466 14311
25115 94267
24742 33353
10025 46662
84687 23267
61323 27030
46621 81304
15123 6864
10289 84881
40372 48736
70964 89210
96809 93044
61520 60514
76015 39773
10421 6975
20998 15441
62390 74568
40468 22251
47530 27001
39522 35337
35339 27443
61501 1549
27898 95513
27126 34301
90073 47603
46755 21348
85455 71151
48028 95054
8424 66331
68830 99312
12499 40973
44715 90333
62370 64027
90504 32850
22829 47971
76542 54923
17615 16292
26042 82379
41415 69987
28526 50489
95417 65512
3693 90461
45803 27678
38098 59591
25992 73750
26586 89545
76320 14980
14661 94264
7846 70913
48985 93839
2993 80135
3071 2955
60059 98456
40292 58256
46565 10552
54810 86370
71057 9870
84244 35213
98951 8231
45 19710
44145 99763
55746 46024
21534 43942
59667 27936
15747 10264
18950 5921
41589 89062
36132 32233
93680 36111
53146 26202
467 32055
52218 14650
19458 53511
92151 21587
81123 55947
60460 32820
42209 54835
26006 92590
89932 33330
75189 12215
20759 33826
59504 28395
94457 86527
27630 61126
16301 62279
34429 95851
69298 2176
53742 23072
1195 65714
83863 24400
10655 36969
40432 3399
66106 68596
72631 28090
92811 68073
27244 76253
81348 25599
82261 76106
58365 65074
11867 63457
27986 61506
10603 71938
64512 35348
34775 78485
27852 1647
9299 34402
55132 27073
57624 60153
95099 71992
4067 87788
58681 362
2263 39248
19817 54509
94295 16832
33378 83967
75853 88890
95871 23743
57222 61375
42591 44050
42292 95863
84069 65567
1803 203
70073 3635
10084 42474
59461 99102
34076 87044
15704 8788
86358 26866
57319 42862
77077 73836
3975 18406
23907 6801
68308 46846
49293 88131
77038 40762
5989 92840
69463 9793
43423 89354
71830 44064
50292 77528
25654 8679
38594 14403
79335 55818
7145 93346
20188 81505
59215 91950
81100 88104
56158 27526
44338 61856
33793 62253
6829 69484
46570 87175
37216 31477
56271 50208
81075 97287
7016 69477
83664 91729
13075 41160
46439 95625
4017 35552
65034 25926
87366 66311
10386 44964
70908 74682
87928 81124
43617 11837
97533 23689
95876 17716
95650 89627
82620 39819
22097 29704
96321 271
54962 81630
2257 41555
13814 34483
42476 62444
43377 3229
59161 24821
15063 76442
25631 53932
31558 4202
63404 68755
78332 10063
19826 23824
12701 6132
53893 43181
48398 30787
74558 22745
9213 47437
12027 74277
96982 53799
98108 35687
4911 32903
8392 29146
1277 70603
46982 95357
75645 85202
94245 48784
2284 65601
62420 18810
15119 47711
49866 43205
88812 88825
22015 50528
79343 78943
337 40572
72423 84229
12609 95536
49382 86979
10835 58998
14468 17910
84146 5131
88028 29468
57385 47410
93261 68700
3051 52978
28570 72412
80587 63284
3979 14569
59909 69030
89674 28851
59284 13658
45063 71341
49465 12327
83829 45713
91803 32903
63914 75963
14593 90392
28451 94889
83066 58811
66813 55233
79765 72248
58237 84619
20361 21656
93609 33523
86511 76106
82253 21384
78370 70270
87768 33568
42726 14733
28988 15666
89183 52847
6225 30394
51029 79235
65554 38776
74038 11851
53950 96081
73140 72205
82104 17549
2435 11731
46280 20631
12732 97836
35065 48609
83549 68937
60504 71613
56007 68736
31067 1924
90943 40653
20632 89939
80301 72940
45865 73866
2432 5760
24911 91915
90151 64368
50956 21281
7673 62756
43367 35030
84943 89804
76140 98971
71653 30777
27466 1188
3356 12994
44435 57481
80667 64577
46847 24327
92585 2516
80617 81853
89269 93500
65424 3216
82703 61377
99544 42663
10220 97356
58663 19279
59397 17803
23048 26904
69208 82160
46443 39638
97382 55859
51427 86337
116 51020
38694 64789
16042 71001
63441 9203
5751 36830
45954 83518
66026 95104
8444 97567
4090 68489
17222 76354
60672 29320
2604 19991
21400 45582
33309 92817
99908 81329
8075 45354
41192 3084
51214 65661
21871 43197
68993 23467
26212 39462
74948 60567
250 24462
76216 11402
57573 90429
63302 78255
96287 77283
93273 11032
97860 99825
15935 80023
48278 70206
5611 70150
18969 64931
52054 83232
64184 44768
9114 85765
36895 54229
82582 35994
22110 9929
52269 14695
52429 34983
88326 19831
91970 51740
25485 85563
33308 30491
87633 58759
72988 62457
79780 98772
90215 29456
79742 8893
94437 83264
75035 88674
98437 41450
33272 79239
32279 87796
10586 52310
6064 15111
89831 25017
58922 87604
93162 38049
93409 3467
60211 51650
60791 93186
71317 43604
97424 40948
25671 24660
70167 7039
12516 81728
86872 3045
81514 88767
10756 50284
36575 60055
1904 9982
455 11541
14261 45994
65455 45673
39666 3649
19782 44647
5509 65721
87358 1735
83638 41614
87567 33957
9613 11452
40341 82369
13495 77318
43661 55265
6724 70930
44924 11243
49708 2731
42088 77227
51205 59870
30493 40691
21839 61437
53257 54677
22984 70079
28896 34347
30328 82430
5624 36688
7559 74615
53358 81509
6594 72750
2464 6701
90906 11431
68657 32848
53060 19630
4105 34908
3258 90320
61106 37247
46552 61120
32604 98863
78016 97907
23577 72034
46999 51076
67106 26294
57317 5841
82256 57226
95705 20539
66628 19427
6947 44490
28287 43337
10968 77767
76234 35687
82386 22945
17840 92462
36685 42313
14783 96434
16811 56533
41899 26827
59825 30688
53739 57718
10152 97384
87226 20850
18557 96976
41239 37636
66017 44124
95813 16339
6089 11607
1740 8108
66543 68112
31766 81951
57583 11096
40275 59232
6443 31814
92501 14055
40648 59091
64533 27376
18543 89983
91980 98652
51341 61322
41691 57902
50291 18043
45284 56367
47062 76381
12494 39179
63056 40797
6084 39634
22077 4109
76983 90712
96543 43876
5720 54037
13115 2588
53087 28357
27834 87251
23431 82344
91785 30826
70415 2628
43161 43817
68474 48638
12767 40697
71440 70917
245 41448
22107 73991
58935 9609
96139 5434
9895 90577
46387 84821
75914 57595
34249 9108
99721 92229
15913 82327
45457 9073
17491 18435
47763 44997
70537 35967
2693 48075
82450 5625
5630 22514
76858 89439
4958 95947
85327 57862
89636 97101
92581 63943
16566 561
95571 19101
47325 80086
13364 73768
24038 84702
4200 8332
19170 48943
62352 42259
59366 2068
80149 45479
20716 30458
32257 10617
50257 3795
87428 97469
565 54614
36753 56107
57982 30877
14142 78400
27541 27013
26184 57659
20199 13362
78828 87872
51237 62088
2191 52888
55684 89907
97688 19631
5758 39104
11024 42069
34608 17794
53033 43006
48442 64654
53844 75138
33634 33183
24073 34749
83601 93970
63747 50864
92564 15947
1121 54814
77340 5935
35591 46768
92670 96840
86363 74930
97172 59428
42952 92212
8891 48694
22430 38473
14483 76372
62224 69291
162 29655
78004 41173
68721 18078
71335 72232
45389 82219
47463 64679
65831 93732
1239 32442
92565 1107
84798 5007
61167 42567
34248 76980
49874 8881
3619 28415
94977 62760
39716 63686
10175 48997
37600 77063
21430 8168
58387 45569
10771 61169
34172 49817
84359 31015
77151 23895
37320 49269
11618 70374
98510 21832
37136 31991
17398 48082
69113 2622
67234 9418
77840 692
53143 44618
14732 27187
62111 88816
31175 95133
96325 94429
76834 950
4699 1113
70015 36453
74454 429
99013 13655
16593 92551
50880 84892
53958 34490
21983 87816
45592 66683
54260 80787
48301 33285
53143 96634
172 25302
54244 11644
28707 28848
50392 61181
69443 65369
93432 18310
4802 49083
98730 96387
24440 61572
80505 4484
36290 97735
44341 8508
27971 27514
65201 52357
60318 92406
68452 95963
47133 24442
37992 88124
52045 69449
10718 39374
72319 8295
4776 40825
99401 85887
4206 54985
64259 32864
14106 21933
81099 41115
39676 52283
34945 6567
97414 1802
82667 9182
94352 25270
96691 32605
78453 26655
27716 8008
95861 39626
56016 24483
25137 61887
79597 34618
55698 93417
93683 25722
94883 58457
12640 34933
42482 2052
73236 49923
23251 83520
61493 22395
32701 19691
4780 63102
28171 64676
38535 74189
5916 70384
50805 83854
22579 42230
88301 43435
54775 95203
64455 48946
64724 52839
33537 15414
1497 91958
30267 28268
14713 32009
15387 17039
3274 91226
37419 5469
50632 75595
1846 14328
55027 35072
6094 58599
13644 43296
98697 57298
23964 11672
2527 16296
85102 86200
73774 76061
88144 66196
2582 99812
56950 59460
34590 56186
57047 3492
11757 21179
47726 85717
12017 16010
34554 76282
13852 33102
35198 82012
16801 61871
36866 9575
14812 45725
9648 74442
24551 69097
87416 30491
88038 59338
56332 86449
12188 4986
58181 65384
57235 60567
49084 3137
40761 55170
33937 24703
22653 12451
35048 25898
1814 8035
39879 63216
11516 72464
58874 79711
2477 63101
38703 10605
4298 31455
26842 55536
28119 59249
27090 1030
10782 17649
74610 84079
60237 35329
29881 52301
85619 39847
21963 79915
12967 74221
20781 8595
12257 50625
2444 28055
6207 31126
61591 45513
7970 52834
11297 28386
2734 1662
50880 75135
46125 53737
22001 1983
3981 97189
1457 70503
21981 85720
69605 85982
74804 54125
44563 51697
97003 73937
79751 63504
69213 13142
83919 48655
55342 38899
77439 47270
44641 62049
91342 92466
49057 56128
439 13361
25625 14288
56409 67370
69820 65624
50008 38115
23550 451
46266 69993
48600 51166
99690 96876
12552 32604
9816 21055
51855 46674
30966 9820
91505 5435
1149 287
71960 16084
47750 84422
27986 80929
93458 95703
8078 71975
20803 79194
28803 63760
51616 92283
70538 70058
49013 30217
72735 90568
14032 85626
51139 10591
95462 80325
14461 91818
26092 82246
76692 2343
77950 14525
81047 29496
78011 15023
98581 51203
90918 88196
53637 24947
84519 23527
61696 44852
21896 80394
94530 83290
88697 18719
47276 58523
52141 64960
55845 61328
99451 79783
4468 81177
42141 50039
8968 65750
36308 38929
57297 10446
20738 96192
17572 55372
60750 84334
96218 62013
46340 71692
97841 83027
5426 14222
15914 1573
41453 10316
51657 86509
43370 49475
57049 66728
12325 41522
7429 95290
97245 65662
55072 32039
2454 50574
88894 71547
66037 32879
96440 52579
23656 89905
23149 46642
76732 7624
82811 75165
39781 86668
84106 11455
59353 16665
86401 10742
23445 77520
81007 32676
72023 51060
88964 99599
4194 33806
38517 80225
61981 95018
66587 11336
53460 30264
11540 52279
55637 49643
33825 5668
20309 10621
55207 80776
66217 15305
78958 83234
87149 55856
66661 78644
38592 84213
55868 86116
64646 90145
4936 62877
47749 70047
4706 45835
70792 18337
72936 37922
28767 65209
59579 16024
46429 87233
77632 59495
24153 19380
54111 87276
32654 73842
44935 57131
43930 73568
10696 51592
17795 95686
52343 89487
74413 28591
94285 44973
36037 81292
10249 85972
14554 18097
74985 31067
95486 65847
8117 33020
98281 90617
27733 26517
28310 76407
11925 21479
84389 6581
93032 28602
98967 65149
49698 13911
39669 7481
21629 81452
22250 50746
11317 99948
54500 37844
32780 20652
99543 82527
94183 38312
51994 93912
19118 55419
8199 48669
58640 87210
28287 18741
4701 13402
2596 75910
20010 80182
80670 85821
12145 4618
44471 98410
12718 49034
34559 12673
16739 17356
93960 63962
34100 2857
13258 5809
52396 20224
95905 37511
49655 97332
99978 14751
58246 21705
6314 31202
88910 87530
33511 18715
75785 79878
85900 98204
35027 26735
4297 36344
58670 91834
95505 81158
30302 12801
53307 37796
65998 69956
87298 27442
42282 51011
10085 62771
29443 67398
23655 2191
24014 42006
96112 16244
49317 29857
46602 84272
13860 81945
51461 36697
86157 4086
179 38149
71973 37103
81388 54322
14389 22821
14892 63359
57577 45561
89360 79985
6644 35281
509 30032
14379 61047
81337 46311
77381 20217
87728 16807
70594 94474
32016 95396
27585 5376
1133 76982
87591 88180
39998 5626
16927 93541
6910 48079
12821 33557
55884 79482
28634 18250
23691 4354
38307 30703
82467 32596
19306 67248
57438 77024
55371 91297
78284 89242
52392 51192
31167 72570
25702 98703
89712 70812
20206 96547
87800 36097
49901 50167
26552 8461
27828 75218
50321 46471
41240 36764
5037 29915
32371 1861
59796 5083
67489 49023
90680 4858
8324 82687
76234 75984
53729 53248
19618 6841
91585 3647
92635 85813
17041 19520
96244 20170
43458 69320
33744 98749
46345 21505
43351 33597
992 48729
9139 664
12260 36323
34036 13988
7157 83764
82476 48152
87193 99207
5044 82064
54424 13658
44453 1036
68737 81167
17472 90289
71876 86988
3655 87334
62743 81083
56289 44345
73586 27242
89978 11640
9970 79820
87488 72568
74713 63927
61703 44050
28332 93252
8614 62721
49396 16211
78584 71397
17694 88260
18012 86658
55611 78366
21014 71874
61825 83051
48076 70543
78823 30170
64809 87834
3341 97149
13853 90423
63698 81257
48058 30238
94844 50552
81945 90060
95316 46186
75476 28512
17671 54495
71017 98270
37382 89855
41469 45039
66246 23954
39830 14943
93377 42664
66400 88926
53876 88851
51754 94176
17823 46536
742 22493
30056 610
74348 14193
1208 75007
76023 99709
9660 95873
61894 24932
37893 91213
21021 93295
59817 68111
35682 26602
23680 22741
41056 77221
37895 12560
25735 28787
8352 34006
31850 46126
99440 67522
6623 27633
63552 79346
69731 27229
66429 92296
21619 53781
5977 64362
25460 62689
80199 72995
43565 43215
54498 3327
10568 98989
45639 60403
28852 4849
35350 58386
84805 88273
43413 43161
76307 66923
45709 3428
37687 49854
87019 30358
63121 92911
50368 76118
5701 53734
68194 19020
16280 85134
82953 67944
35416 90008
28050 71484
26642 97208
19936 22589
64026 48679
46902 66566
50054 24895
6462 88468
44435 90434
18501 48235
99935 72564
42652 28143
6189 58364
7961 54316
69380 93831
93652 85936
11792 69669
36234 51371
31680 23562
15070 44150
9798 23822
65587 98537
52730 68302
56115 59106
50615 33641
75691 55845
45629 55971
6636 6359
94765 88389
30124 60130
80528 59259
61411 75765
22033 90645
12751 86145
35038 1926
61008 72444
79883 39656
68364 85826
68782 32183
27820 69007
80708 13585
20125 16166
23083 20220
18545 99213
70214 72256
53019 53359
97469 36873
62807 61689
98298 30630
58975 72765
1740 17261
29495 23314
78920 39989
14882 47153
77347 72954
76714 85306
42233 89596
48092 4237
33418 58112
85513 92562
84471 79086
19527 94193
36905 66961
7886 8602
64747 54778
60124 99391
99691 62398
657 36469
48221 90771
21172 84759
31800 13527
72108 41859
41942 1609
89543 50170
76696 66510
84630 88964
86593 397
49583 1418
79158 10099
17610 48219
88676 99408
44965 69607
25626 45945
77408 19655
43338 71396
12130 16435
85869 14446
43602 65930
19132 3864
5502 55374
94455 38278
66104 8549
62210 99743
63859 2137
43875 14000
1418 18873
11430 94089
79162 42550
79513 19902
12932 58695
50000 82695
96524 66597
33794 19872
58076 47440
81770 90346
53409 57544
61255 968
46669 41652
47004 48419
85364 64319
27313 74983
56655 30006
27440 72451
52892 25291
58664 65741
65435 22645
13390 60060
22387 54894
28951 91756
81387 63283
38944 92478
45681 42472
81894 91125
65559 26897
45838 6777
33488 8474
59070 41208
79160 44049
34114 3264
97897 54662
39784 743
76775 83921
74404 3267
36821 36364
9741 46450
59230 8277
56766 28276
83213 50734
32214 96268
89172 35517
41016 35426
96617 17036
57004 31139
27621 16394
49340 50496
36259 35656
60312 35627
4039 6364
20211 477
87412 61217
75043 37587
24309 24694
44004 73484
54293 58363
20694 34957
49959 46679
1499 89309
37439 27028
52538 84137
12502 14241
6687 53633
84138 79663
34040 87033
539 54485
33433 10697
40336 66285
85977 47214
78608 15540
14547 13094
48713 66829
89062 70328
66829 24159
22838 60586
94160 15347
41864 94121
61259 98647
93002 35269
31420 70781
83209 94417
80964 30780
57752 45543
33319 63086
24816 87267
64560 97425
57418 61347
57002 89863
38279 51693
72072 89301
99977 25353
52094 97575
67671 67651
87717 83723
94749 13099
14587 89393
63657 31508
58401 73554
2575 95832
88155 81926
57350 51154
57236 64588
45257 49250
80439 81894
62872 88845
53207 70746
84692 65243
18312 95602
84070 70519
95907 66589
75800 77171
85478 88396
34266 57473
84818 31349
94527 26107
52779 3540
86589 76539
71132 53029
97649 15588
67632 46699
89 10199
38586 65965
50744 51103
45870 57491
76213 38310
75845 16365
88316 11805
79901 74156
15291 99384
4087 49735
25542 72784
59256 78680
5205 223
97288 29213
44129 85063
90422 37783
48074 77836
34065 87118
81811 4789
84752 5547
15300 77519
76076 67164
50056 45898
85537 69971
1933 35066
88369 94600
39974 80919
71456 14131
5100 22749
21497 60882
2169 51661
83367 37641
77675 37610
37053 38909
71559 85757
12239 51928
79060 19858
77238 92425
24924 3289
68145 20193
1390 30629
48894 34678
26815 84304
20421 25475
43172 31605
78509 64486
15129 55925
20517 76738
34461 57363
83101 87451
67988 72792
47434 62876
37252 17455
66021 55668
64664 53930
79981 42804
60544 99611
88352 97075
35247 58780
78598 99946
93116 94664
4775 49977
15969 93375
33071 84704
56671 50630
62321 94150
46552 37285
69665 66678
46932 66983
31897 34237
73405 82301
88757 83758
12930 67067
94327 17566
41112 6202
49027 43432
4884 24693
66244 73833
98386 30092
4742 13189
65425 1923
3481 40993
39861 14084
66741 20263
12740 48985
14128 1189
64010 60403
52329 90030
52053 33350
88225 88471
38489 60778
89533 97467
5356 71356
3301 50296
31275 4187
31112 61840
34356 66731
38742 4617
23946 20245
60036 59949
36853 99205
96140 55723
14431 92459
74378 68052
58423 57755
35808 87294
54866 97709
98611 93733
63141 22141
93803 45125
50188 60780
38551 40545
37031 39581
9415 3039
89655 9721
90512 2954
12838 67467
1228 6095
16732 95941
43863 512
30634 6138
58771 35860
34691 69857
95877 53541
61598 38104
87125 95824
96470 85151
56498 52793
62218 94233
32812 10852
30493 68559
31576 40381
5399 6092
31600 46865
49826 31617
65648 69715
8141 81923
90586 78200
95821 57128
10867 61723
16279 73614
9284 65594
18248 43860
54426 56887
5821 33695
70918 6039
21499 80855
78013 58662
30120 1671
7673 20530
77360 56128
93814 51052
30785 91766
72630 99114
24751 12130
96670 16871
97745 48670
70038 5250
98530 36492
80781 78299
3649 67536
18099 62393
83377 82257
62014 49094
44090 67356
19877 85233
54182 88993
9640 59691
20836 48116
20358 8043
26665 22861
49060 11914
11114 16008
27661 51304
84260 80358
26125 677
17748 92075
22421 35176
54271 88030
83386 19356
35019 36715
43286 49998
85220 36740
11334 6544
824 20220
77194 58649
10587 26155
67496 46307
97988 89837
40168 45644
60430 546
97689 20437
38680 18448
94091 36454
59654 73500
93908 80264
52765 61621
81388 44649
9323 95529
51280 56764
3485 39438
89442 90070
1926 90683
69991 94386
83775 46124
65160 5166
801 16577
6066 81740
41677 95039
35510 36498
83077 93293
20841 73450
19728 1465
67941 52291
25914 15473
57446 20942
9521 88714
70351 70050
10281 44669
22434 91000
49273 12869
22475 83695
2780 27266
21334 70089
33425 97080
82740 59853
92476 9937
52699 96419
20130 41367
82307 4827
25649 66299
14761 38118
27766 62417
22543 54395
63108 38961
36762 63860
22516 83320
30835 61550
11583 2021
53607 46285
58438 96060
74407 73973
1003 81798
32425 37458
54549 85647
12453 55633
25648 9319
16856 11493
41770 58562
15940 39491
64152 65752
42510 80710
16399 72517
78687 25355
89227 54442
43268 54678
53867 24650
89070 1996
52978 80590
90131 9143
69544 95586
71147 86117
14424 71126
65491 92073
81136 85629
77262 60601
69347 35921
23839 23918
57322 49901
85520 1735
30111 24082
88494 56262
79200 89699
14826 41009
22226 15944
15385 56690
50876 39151
44309 34648
79463 19814
29787 66868
30597 19715
34379 44861
10023 50236
4395 49068
8549 4431
6276 87873
219 14971
3651 79004
56262 41957
37594 2084
46346 437
70012 40868
52815 24502
77028 93737
96288 6457
43279 52453
40203 43570
69405 31407
43363 38394
34548 82177
92865 93355
9213 80953
67903 167
9861 61016
51548 86162
44285 98054
26459 90867
88443 28140
33059 45079
24503 58360
83936 59758
76079 55837
71905 65868
75811 63760
97816 87593
63865 19564
47613 43746
82842 54575
27339 61686
70227 13115
39554 70697
84534 89686
14115 31300
44886 33002
26007 7347
11662 31173
40041 59366
43195 67386
83975 42576
41309 80415
18757 72043
56410 10029
75801 77139
25052 83555
79104 57542
36270 70020
65560 67338
55426 67476
78820 76455
48078 40350
23691 47433
70410 41041
63129 34783
5139 59198
82557 9695
81804 6908
85609 13760
22872 36517
67414 9662
99297 7574
97757 97305
23508 67731
16062 15446
38563 86240
8093 28989
417 15433
70496 68409
490 76155
13715 39547
95640 80009
56676 76984
54607 83752
17159 4038
14578 16883
70994 79427
98283 56839
23298 35694
19431 2216
84469 73260
37432 22395
34414 26884
26289 56170
53461 59299
65198 86019
53300 23193
89225 4537
35931 22395
93254 89793
78588 61887
30024 23479
6383 37282
91001 4855
17328 83589
99430 4420
87548 93772
37089 90500
20472 85534
6142 80865
6378 41736
39894 28266
57950 31034
89927 7280
98562 33160
99057 56041
14442 23274
5018 42609
85549 52380
65131 66596
76869 47263
94418 72005
33331 25430
26078 66427
23610 18698
88646 20334
61951 42151
91938 12334
92911 19709
68528 74349
86905 54207
68273 1632
9264 74887
51049 11777
69994 86768
86466 12976
9379 69563
9129 62797
59003 93611
2928 77344
76276 7144
61739 4594
4053 45536
40243 67729
61258 43649
57574 35024
30657 73921
13444 60580
28430 13046
96180 4200
14216 91582
76765 92570
8266 78681
2669 99420
65619 83818
28406 65620
4998 63737
29324 70188
26571 42963
46632 70034
1676 87721
84200 95417
47129 23149
45644 99703
38596 11192
45083 75429
56838 38855
27708 91170
13624 10905
47389 25936
9979 39315
36272 86453
20369 92540
76553 36956
89921 67297
81377 92626
66103 658
81302 86185
91073 95651
80617 43000
71315 88172
84478 28088
87236 2090
88287 4809
39471 88764
75866 27147
52275 41414
3582 76037
4179 99377
16194 86914
47671 13769
94239 5743
62441 68446
74897 10847
42713 55523
88793 19527
72314 50674
30398 45730
94978 14247
63943 11917
70478 39936
30402 9740
828 56355
60961 25860
48270 2232
37368 28639
9742 71435
35072 84459
52677 48620
82519 74107
11394 5166
65406 21188
55737 10763
16921 66945
5729 92286
61491 71568
96693 21799
91799 6131
68884 47979
47704 89872
47810 16594
65066 35026
46661 56903
20070 74181
59976 99132
83882 64701
20859 31011
40727 88272
34833 5142
35953 6455
60864 91439
65315 99890
63077 27729
15704 52161
41181 92221
11171 71563
37773 926
49400 27
9180 89534
10129 12894
71060 2318
58282 23110
47172 27906
52932 426
44512 60051
96166 20644
47775 7387
24535 65937
30620 11420
15910 38837
81335 32026
57635 94004
29809 69116
65699 36058
9363 75759
36895 75764
25415 23555
40437 39061
7549 93708
13414 38706
55880 88706
27958 73862
74847 86945
17936 77103
77020 33130
11967 6191
64832 18944
43638 5132
43117 38700
66249 9072
60139 87738
93906 44201
30276 30426
67437 11210
6471 72095
9052 41801
14952 8835
54915 9407
83550 12353
93613 88299
43301 30970
42437 52783
53242 54577
29598 83249
16098 15823
31852 64796
48194 78815
82025 97980
31944 73747
78705 88774
65249 14941
76902 18669
73729 65719
7756 66190
74718 46876
27758 67429
41429 22860
70807 91254
49988 56044
23802 79269
39598 82852
24267 51998
96859 47519
76452 94222
93812 58830
40961 69895
7947 20870
13156 22656
53585 98045
20306 92883
10719 13489
18835 5438
87214 54817
98678 60994
35550 92625
5835 88103
55795 72459
50151 58102
18099 18105
79267 15005
88969 24140
34238 61487
40741 5656
24118 8417
73978 62357
20819 89103
28799 84064
26973 18901
5167 54040
7680 25525
64681 57377
69391 68663
53136 82596
60063 13605
21835 32685
23399 64779
73958 82220
22150 45757
23024 46549
63613 1617
8188 82368
42609 82208
75648 5417
43883 24458
73624 44817
30583 6063
32740 92891
15912 84374
94469 64432
48658 91690
12612 20667
6159 1271
70508 83694
88123 77010
69707 51644
29976 1327
90357 84284
5451 80296
17825 460
45565 10109
62378 56300
62330 96782
85679 30687
82901 30819
85971 72398
7043 4453
96381 42020
91419 49762
82873 69458
35197 93644
71958 88589
84872 39003
25607 92523
13281 63271
56386 92682
79315 16750
72995 54569
82826 48180
36330 35021
37719 53470
66425 99486
47471 14486
49687 65543
20364 79306
61519 6393
86634 43949
18898 16072
1579 81205
35537 77421
85556 60891
41571 42370
62862 36574
12069 63401
40486 70528
95509 7046
10861 75815
59063 76544
20088 11166
84912 23716
71425 31665
92173 28130
94724 8980
5725 13390
72387 67293
45555 38176
4611 57158
81829 5364
24397 55596
87408 47243
17645 90674
83665 72905
57526 28511
76589 80629
97981 90011
96138 19803
78682 86806
49812 55949
68330 20162
13017 29182
80047 44372
75853 92646
71118 83975
69383 47841
87056 53080
81762 61936
49730 1515
83805 26198
41877 45669
14556 42331
75326 43632
99172 65613
99287 50394
28610 68698
96508 15094
27781 88472
89167 29113
50176 39006
45461 2750
33225 79464
73495 77795
59485 2838
61666 24394
68185 16941
73703 40985
7138 23797
9819 73306
21151 79609
33432 443
34393 59946
63291 29392
20386 73788
14756 63180
22251 39400
1625 23275
79500 77705
70819 16940
74784 5919
46863 47695
48102 55727
5454 38139
46273 78688
22229 87579
66169 68255
95486 78683
23800 43516
40805 70544
3918 52139
85165 69294
42318 77348
51065 64847
65775 56996
87250 11411
53323 38122
88807 51898
70627 60058
5705 75372
61401 39581
81067 81617
55476 83935
29704 39418
93184 30736
66716 14550
5515 39428
80842 87677
98377 62675
52629 38729
49457 77849
49447 23704
95263 80791
65261 92140
93456 14384
38840 61898
95560 92749
99229 76927
15887 74458
67094 33782
50959 64103
73344 54563
83480 26567
987 28411
91709 86548
81741 52857
47413 51081
71935 61211
5178 25799
37630 46979
52813 9329
76827 58360
94128 23311
35212 2690
23434 84559
43113 50737
72615 33535
57071 79094
14774 27733
24128 32935
19241 86215
65538 52064
76344 10515
91228 98269
13534 42424
83996 34146
7003 19227
98291 25203
74768 73476
61462 48795
26694 73726
927 3529
10727 7290
56331 77071
61379 24524
44986 2690
90925 12269
11858 17181
6652 74967
33052 8829
81547 45420
42629 17222
11960 16304
81439 91708
17576 90442
5789 8171
34018 1543
93914 1025
77872 78391
72531 56782
17057 30766
40648 63531
33770 58308
75519 7088
62080 95350
16129 37755
45983 51971
90332 58192
87430 54895
82655 58900
44025 68099
68961 93009
5726 54507
44954 67894
31968 96567
15431 82228
73231 59451
15083 76322
41054 51918
80201 40313
41892 55503
73771 70616
83516 63067
58206 28929
99205 56472
38963 70938
37442 2574
91328 70798
79642 58473
55453 41002
54937 43128
64808 58880
85678 52465
2657 88039
82507 79691
92366 74040
31785 8962
25592 21523
52769 33238
84781 26392
34835 86540
87356 34575
83107 82220
2108 79680
17815 25249
78917 74940
97306 84188
91157 75634
73053 3954
92876 36762
11280 37305
65936 60654
38445 33231
74442 13644
32270 80371
35495 45109
56882 19722
36921 43185
8668 96219
38644 34697
53332 72691
10033 57804
47332 84386
69614 57546
63227 34973
65579 72444
15982 37050
7598 36122
50258 57174
47616 42147
85508 78610
55503 45561
16129 53458
27018 52258
76718 58685
56840 89800
81 23936
80065 21530
52437 44107
55027 94473
4203 13138
89118 90188
91460 55149
37097 72284
13943 44120
29019 9625
54913 60692
47298 30371
46912 72772
7055 17921
10711 94641
66968 80414
2478 83367
8981 48135
56655 87990
34724 3182
28330 10737
20102 90026
97553 32978
94783 57749
12925 62836
7065 98028
69159 35896
21730 94803
69072 36865
11209 47375
91642 36472
70661 64969
40428 18344
61454 15122
45073 45730
834 66073
83706 25243
45538 93655
98584 84202
36562 69572
60899 35722
93372 33886
79605 83806
66638 67721
72400 99912
95959 86826
60788 69712
90574 76843
35466 92003
52171 37339
94204 28370
92172 84715
31034 39791
2514 13969
90422 89843
83937 24201
10153 20507
92099 84495
75404 43014
35206 26630
36480 98521
25849 48596
10246 92539
84595 19075
82280 72473
69996 30274
98542 55907
41346 14690
76970 3501
84886 62042
69229 71695
75916 74372
6287 19590
56143 85245
1355 7633
70090 72361
62112 23668
89584 79116
98993 95128
30997 49490
45318 36841
98898 58216
87049 53527
45093 99360
45386 9845
39630 60625
25884 31517
50900 82837
76981 97899
98558 24778
43058 12157
94683 32530
94448 41498
24634 93682
59412 33959
7570 91958
41061 29619
12860 72332
40332 18605
10516 43556
76987 12584
29947 57271
44675 85598
68088 8221
26684 61354
75314 2805
83777 620
70808 25505
84369 30025
35865 74791
21008 11497
34540 75505
15235 2167
5642 30382
89240 30661
67503 22127
79292 61509
78588 26571
92770 92529
792 78427
50819 59907
83946 446
52632 20830
59649 68118
76002 26499
91532 90730
30243 3677
35266 29570
51490 71798
508 68526
53163 24895
35446 88704
44301 29644
42226 44812
15354 27158
63604 74927
12586 14071
69479 35302
60984 49009
28854 79826
62339 23912
63732 49403
16335 79939
28949 48170
75330 50159
12210 1101
33031 75740
89097 85814
42606 15966
91899 9725
99882 20589
41709 86394
5490 80453
48295 46443
17440 99239
93368 10356
20277 61942
30159 73338
67123 76027
19236 77127
46625 85794
21101 17482
31179 37627
2665 18036
62176 67257
67833 2363
35602 7734
62977 96282
40441 13741
45740 29935
18928 64095
20326 39613
9815 85007
14079 64776
28431 24102
6862 70587
6977 71247
94380 82885
69400 7644
98965 43511
8770 68991
84555 60040
15315 2770
70067 8817
7041 41776
91541 38258
77769 23769
32384 18635
53065 70162
98852 34820
41092 44931
84406 4805
60161 91223
57839 94494
54828 5311
44269 15969
97364 32688
3761 60835
19563 672
73920 72351
37353 92077
1538 32370
36618 64342
10246 19712
21227 90911
28508 53870
77809 67122
30873 18662
61026 25977
44215 150
8873 66373
83346 23057
34518 37930
35564 86988
46844 9248
47689 85794
80498 29796
53172 36849
67091 88309
57145 36987
75710 17207
70729 95270
26998 9395
34521 86556
5474 43061
63362 99148
66670 22093
20835 86279
72297 98831
51323 7203
43653 45715
88431 22460
8123 44053
71466 50030
9220 87382
26424 55164
90560 14169
12618 31917
54867 14855
21557 21961
91459 65099
12306 62752
86236 97463
28000 19651
3948 50590
61950 46185
82215 9623
14577 8044
31620 75968
48644 67305
52733 63513
835 19236
27699 37829
32671 9697
73097 78893
39949 56620
17796 38908
23591 82898
23249 12163
71465 36742
88031 79543
97173 34557
20320 50990
80432 54002
92941 28550
29090 74563
33727 67006
77338 59602
37687 52059
88104 96580
89494 15141
74977 89414
75653 84679
72959 29667
4591 20466
86782 72367
19842 7354
13792 67679
78578 66392
26666 19375
84182 23334
14309 75899
33993 38822
32286 64710
57578 75292
7558 59126
64412 62095
29330 47669
29319 62732
26844 2354
10773 77283
14272 52670
13846 67880
29312 93872
73309 76627
63937 89633
53056 58976
40396 95089
96123 25136
5198 61504
4590 35911
31064 3381
12539 37644
99103 24603
28969 59819
38461 79295
55620 18646
13326 30131
43418 37376
36340 75982
68575 78689
81844 94538
25386 22421
81815 33093
76982 39965
35498 34080
97282 23772
66334 66051
99505 218
53576 29751
27051 78885
76066 7946
99034 66220
1160 50191
6574 20898
95645 15387
81178 28225
20963 82570
90644 84452
47078 3255
55161 37483
43538 96647
71846 11323
44344 41279
6880 19484
63854 96073
17997 72889
5740 57460
4857 53795
12591 13905
32146 29870
70329 65495
81549 17523
1359 14271
30047 56877
570 91560
26532 19740
40775 60884
77275 2917
4455 25258
19239 57263
72559 41266
57936 56391
75513 74108
35584 96189
94658 63961
75847 15845
52458 60544
85816 48983
27383 56075
77577 57744
92178 44471
95319 67279
13544 49640
83616 12184
78442 9986
24070 89524
46189 48849
71763 6991
64971 8386
23696 54585
84449 9832
80428 98822
60431 45272
64347 65742
88539 81133
71252 76013
1902 81444
99826 37316
99125 94241
89909 29014
5569 84137
86782 53196
2728 67782
97910 55794
75137 82662
52359 54840
29324 60
60865 33233
40392 23486
24439 11831
25979 66597
51103 70501
70510 56048
51414 12412
58798 49601
5882 39551
59244 88926
24846 21174
85278 41073
7257 67407
86108 50121
30215 11928
14948 83991
34183 57543
95446 73234
67947 55154
92632 36147
49291 82455
14355 73274
46530 85333
11508 52135
2127 93489
19308 72161
13142 90835
26641 90579
30941 63046
42139 74218
14319 16571
53831 91544
55388 45574
34808 99476
35287 59232
70833 24888
32215 62403
85660 14658
67222 60914
38758 70483
14965 37550
14048 55379
42102 72353
65568 8651
62561 64663
69086 72425
61056 22720
73015 2976
12610 76048
82702 5669
79611 60000
2118 41011
11907 73194
2153 5384
18387 17584
25924 31590
26955 21621
4712 66067
28655 61058
13707 83833
53765 4739
94949 31303
79576 53576
91188 17933
54072 24645
57848 79780
78424 5873
45207 84676
90511 81931
24058 34605
44280 71344
42318 4607
40081 8358
21765 26241
34016 60437
99922 60125
31273 29513
73072 47330
92633 12785
53884 75265
31679 51043
95670 97393
63949 87190
24229 97708
71739 48198
53232 23567
11781 92755
16389 54622
78888 20226
38677 59997
87561 93723
23350 46136
48718 47785
34912 6908
10754 86205
35665 76604
7893 57804
49065 13069
68698 42540
75278 18634
50280 94171
22922 34896
81050 78008
38408 17827
47663 93224
21754 17544
8874 71026
72278 96713
70098 12867
92756 85108
68564 84396
63890 90172
96572 11135
1072 42582
23616 30453
72980 95422
63605 66442
51592 66896
48279 73567
12887 33967
91334 93432
76563 84737
68963 1404
40082 77424
28728 75480
30540 7083
94701 75100
33823 14563
51955 62268
43980 40014
39261 66064
26679 18152
50082 58612
19754 85197
94685 53769
87826 83200
10413 94066
94849 49736
35093 50456
55531 31533
17213 4167
97993 70527
50351 38671
25145 54096
33851 24643
89467 20885
68339 70973
86677 35048
70448 25752
10481 89801
30283 85813
65050 51736
64293 48439
9954 85981
24511 29767
1247 70081
9602 12176
62986 95826
31545 16547
20926 7811
86450 97653
45503 56585
94529 16061
93072 63487
33693 14646
92539 90467
66433 83651
78158 88471
93516 27622
22456 69601
70946 85639
61744 59755
70760 38483
70222 18019
27083 36891
74896 71228
38586 19153
99383 90572
23848 17358
72839 35820
93867 30735
20555 28827
82400 24115
85358 99067
74372 92927
30915 52466
29084 41178
22653 83019
65582 96497
48120 15667
9958 65428
67759 17852
41106 48087
11171 55421
96807 6770
42427 20303
99290 52354
4830 10994
15943 21286
82490 14182
22733 18914
77441 6931
64399 96991
55719 42689
40085 35145
52677 15744
37353 33840
59801 86274
8571 61351
93988 41660
26589 63560
80554 88201
98184 29359
41846 95942
39798 97562
96339 60055
27205 90544
59476 23713
61722 40886
7949 25774
88379 7515
12823 52684
15124 34350
52976 12270
67892 75426
11705 92201
83309 67025
39798 6424
12151 48118
50513 8889
59917 73073
37048 78990
78190 56903
44059 53725
86781 71360
31278 85265
56930 94983
98541 65238
92199 73166
31123 8416
90108 67911
22658 80005
79540 56428
94334 95102
92166 93175
68945 22987
34028 9003
71337 4748
13799 42633
20342 79784
73337 41564
60301 68522
48649 27950
55591 75999
89827 2416
34274 21241
32886 75830
46623 44751
36148 56569
54274 77979
90869 16499
2134 27066
55220 77862
6918 912
13296 19702
50437 53409
68173 33770
52807 85753
73009 90575
83718 17509
80391 31125
63966 66328
40991 95888
81968 18407
51660 71992
30115 68429
87428 82985
7294 67688
81924 68516
83600 70010
2826 13068
73065 76841
50073 83018
20702 3871
79928 56170
5096 99562
16723 83548
44773 2557
39001 95539
21878 5486
74236 88841
73088 36022
6260 47353
51083 68436
42780 95300
84646 56266
46484 7533
75681 43710
8765 64509
51953 87323
54176 83903
4879 49965
58279 3045
24665 23081
12387 10497
56848 31778
94372 76941
27225 48949
92068 51748
9596 59198
86557 50406
87304 88449
55758 7928
84013 4354
474 85794
80352 34733
46728 29519
90811 40559
45380 73072
29594 60858
87453 5434
17471 27525
17189 6083
25742 41450
30548 75113
31730 59047
81253 86059
78262 57949
48920 96718
5197 37364
12750 71417
10379 23989
98960 39289
29514 59406
18441 20030
93254 84818
43559 8060
50369 71895
41022 9643
5600 27414
46597 44680
63851 60846
57494 80050
93297 72512
89298 67629
90754 94580
30747 55586
11635 72052
16409 21725
45758 72684
66998 40398
85503 7376
89506 57065
41048 62838
75183 25926
22318 73943
74805 60513
36873 41235
86192 46523
35256 86954
40029 23447
86027 28899
27265 37406
79159 99977
25026 20251
74102 44776
92523 64736
41252 81461
48493 82048
18275 10820
62681 3634
10168 85007
710 17076
3691 27190
83633 58726
85099 55865
58200 267
71176 36512
2462 89164
21719 51988
23659 56628
12530 54691
5353 42740
1109 42143
34184 71009
53762 76992
74650 28785
23934 96446
67448 3522
95922 66615
87739 52691
64010 39823
81827 32105
35833 37355
74388 40012
64916 60021
10932 92039
45266 18523
24463 2827
627 99024
68851 44524
32822 60778
852 24195
18497 36450
57193 88842
38172 20663
65901 40067
88022 39499
60959 92658
5439 85508
99298 67294
16940 68397
27230 4244
14839 67026
12861 70916
96124 33736
81103 25602
98173 28514
95398 89158
45119 16157
43291 34924
16043 71125
16455 16053
93710 40717
81611 66053
27161 61068
43593 74339
833 13179
27208 92795
31584 67048
68211 65087
95634 19269
19931 69890
21082 72585
88529 67100
83674 31822
5965 85961
13726 47825
56042 33930
22610 24054
54791 1922
3879 99938
22727 25113
21107 8383
88050 87869
91885 19579
67762 63613
63445 2825
20055 10700
65482 25406
73075 77764
67378 41845
43007 65344
60182 25292
96948 4800
57794 24005
11827 10825
32746 3750
13342 72611
38080 63801
15548 23801
51903 39917
73241 69820
64355 94963
26051 91745
21774 73089
63598 95742
48581 50355
95569 93137
31665 26277
95239 52185
30655 61754
85904 65179
53824 41752
31181 35198
2442 97610
89479 46895
81429 84540
51112 64926
32606 36131
85600 51007
25319 64627
31714 48938
74261 22534
4868 23708
88369 90524
56387 14836
88616 30101
94236 90038
3307 97529
88532 40748
65040 55760
86226 8895
29583 16779
49023 56738
4709 10489
83533 64200
77076 64946
88941 24201
80257 50864
91415 43649
27701 23761
5222 48529
32413 40343
94233 53148
78314 16520
14932 2923
24754 54382
72861 90954
91981 77111
20319 42025
16984 46166
89226 49275
47829 26592
74129 35450
38858 3472
94218 40865
32349 3429
56114 63953
96959 78207
84807 93069
32734 32805
60076 62941
17808 48417
62152 18767
9999 64034
59751 7857
16952 70361
18935 50073
73771 17725
92717 28285
16878 27879
41982 65371
37674 33974
26886 45203
85324 3117
8964 28231
92773 73040
18236 27394
49643 83179
57236 51630
45046 77419
46423 3356
61732 23170
86101 6560
68213 72903
67201 32115
93455 44820
57233 41167
48635 34374
91106 45431
16966 62145
92466 34860
13953 11146
28004 93080
24962 50442
48863 30759
24385 89842
52559 89897
78460 27505
67555 92210
23315 83200
4301 70363
10636 73815
54085 98046
880 16213
16519 18109
6636 13147
46096 85819
30225 95953
17445 12321
64405 90913
4203 65275
7216 77175
39088 76441
25568 13383
55073 89455
24325 46503
98610 10229
48389 42608
65530 58791
24649 45345
30643 68549
3231 89852
57758 9141
21846 5031
99581 24732
56421 81997
85752 78857
31524 19707
72281 2762
24752 68707
34511 83317
90540 89852
38063 92833
98907 23199
30318 35530
5383 22028
63624 528
73341 26819
4669 67224
90255 22924
73966 20330
23184 20335
26436 41201
82523 85917
68362 32702
4365 81765
86222 27494
74342 33471
79140 74943
49261 84869
61955 86599
91753 84981
96966 74749
37352 41777
60268 82982
68027 39102
84824 3529
45528 48424
38193 49587
16183 39197
21411 50709
32246 65838
34077 45633
13590 99377
21201 86064
66587 99329
64568 76318
69039 28476
6059 85804
19263 79812
70795 74110
95581 33855
28601 71707
47292 98839
67134 23536
41144 53467
7237 79597
51083 93660
17756 3398
67609 34673
99031 79699
90661 94355
54381 71664
17753 1986
26585 89502
76643 5246
92538 84992
94706 15470
13139 22527
34525 69181
43660 70215
99452 91832
24591 67720
10221 48593
19788 373
32624 39551
23605 90920
57932 55100
22562 77532
72520 35461
93007 36498
14034 38334
46585 81421
75612 11340
40165 96502
47994 79992
44473 22680
40837 5651
92737 55973
69883 73740
26955 77743
23772 62684
10251 92272
4590 49659
20280 70754
85339 72167
69517 28616
66350 89220
69385 43396
65946 1431
98031 92190
56914 50186
79655 87235
42450 37868
10875 26116
22901 3726
30395 49843
64764 86438
70010 57641
76878 77904
72142 90307
40338 12392
65364 26080
75862 81873
85545 70181
65580 25937
88338 83705
93576 90034
73909 93097
23331 13091
8190 39333
32667 60629
22459 1505
17968 65055
83808 93909
58665 92795
51332 21662
109 86470
52482 96987
8779 98916
24121 89104
31666 6937
7245 7622
5625 21265
41028 25097
15448 72601
57801 14889
34925 31939
30540 18746
38457 3718
82559 36083
87520 67100
85947 59891
98061 18595
65209 96631
69579 66717
88250 62726
13485 84879
92032 4037
85639 75493
75058 20707
75090 34093
18780 26063
24972 79096
52236 68860
46166 86652
52854 74308
88980 5332
98673 25314
5649 85022
19737 42198
65112 22588
95563 42021
93372 9908
30859 3415
56593 48208
95777 30647
20496 57183
42455 21431
45335 35378
68445 77673
93415 56256
39046 14727
12004 44034
13448 92075
17241 20119
90656 28504
98449 72225
38284 73615
40159 95047
39663 64091
40119 73873
49392 59078
37490 36559
48155 33569
16014 96563
1150 77408
37388 53586
40910 44540
3985 43942
34528 879
68325 49903
69808 36795
86551 11437
54525 51556
38678 13128
44810 10097
74361 35785
56927 95375
98521 63390
66471 26894
85202 53722
60240 65890
48390 48082
90893 77667
46681 3425
7287 89933
19126 69093
30856 9761
76520 57183
66559 92706
81506 14903
26431 43065
46232 14774
41327 78834
7300 18955
40059 35357
11202 35175
98929 31245
10931 57312
97414 29180
89534 25041
35983 31397
39627 22169
86312 31881
88710 78680
69616 7115
88130 42133
30059 50420
48499 51546
85375 20111
86003 822
60759 65614
79038 25978
76579 23331
10005 21629
83254 58760
86079 14872
43687 2680
66084 64811
22736 83155
87504 58230
42258 58206
82998 64129
77583 24609
54282 68436
16719 74919
31334 14271
71420 23841
91366 61012
29477 69988
67788 4520
35007 76806
55708 15350
44575 30373
40577 63803
28353 30336
86535 87419
88197 41180
21215 69019
15852 53408
86910 56805
4479 71065
86525 43943
29417 76823
12570 98612
97496 40430
55126 9505
7744 69846
40406 41545
68247 10796
11651 52714
23994 67727
17641 6502
72295 19491
1659 89027
35809 2193
64077 25899
304 1285
3545 9645
32350 1935
37851 64794
85882 75619
83957 5001
40889 83481
99308 80435
98448 86317
50152 89879
99163 76896
98968 40407
67578 34133
16012 3546
88879 35925
31289 44232
6529 74795
45977 75505
71483 68009
98472 42886
32269 6178
10920 61694
91338 10285
63454 36563
91625 69608
33715 85474
79685 48883
45779 91311
91709 39089
90705 83262
13972 50827
83650 39035
86898 79244
99549 25171
65473 67045
14305 35961
79729 15147
93199 20994
36404 99860
34604 61641
5730 69214
74017 48076
24215 169
39419 72109
82448 15831
51563 37906
90994 96691
23014 21797
93027 67079
5190 44404
9711 97828
41703 80018
89412 85534
59915 36660
57846 20174
59543 37334
64796 84014
98356 91956
8049 52960
49934 75441
23252 14120
37848 64627
61704 51341
48103 12612
35733 76604
90194 37171
27397 59173
16505 98385
81768 77884
41019 44661
86896 75097
60958 84760
64406 67097
24426 3962
23091 41082
20814 63035
95015 79107
60762 35938
13398 38682
49956 19706
31430 42475
75523 18960
8547 49320
71191 14039
44923 1540
12511 56516
23747 52599
91969 81009
43919 80029
85861 92510
25501 27607
11386 87756
39020 73704
9840 7904
45405 46585
40893 46054
569 48181
35417 25387
9930 98414
1985 49858
10976 9174
31095 27169
71309 38407
31936 47361
87690 24508
78565 15616
9104 80565
77843 12898
92288 46583
48411 44
57564 42730
77074 35017
14347 26457
35570 95589
75481 49461
44888 48596
44980 42579
76484 68268
76528 71849
13340 4102
36132 27349
78760 10497
80139 41718
36919 59295
30436 24049
25754 75463
60147 2029
15908 24321
65245 71031
70384 65053
87920 45343
97146 77388
85625 98201
61540 9509
93931 23901
24435 82466
4991 62216
36144 39488
65742 78553
4296 99555
71353 15540
90988 21231
45794 36963
95826 94768
7216 41839
79858 84243
56559 47115
63497 78059
17678 73418
28953 26957
33087 23236
81991 11284
73082 74966
84444 80958
1466 48798
88613 47244
64062 73282
92468 49958
19914 65354
5116 2229
86243 13730
86360 58248
56535 7322
59205 94799
15571 32133
16867 91075
90474 88253
31992 24124
35285 46493
46381 68921
16974 95046
95183 31740
28819 45147
11055 45483
59305 47012
21507 18320
34135 54575
48099 82490
3303 49994
45260 80506
54536 33963
49952 17031
16334 16168
45284 52474
84145 54655
76865 45107
54858 64752
99300 50066
14297 26813
38239 30334
65729 93969
49157 60578
45098 85398
71057 98539
77215 83197
99360 23435
65230 2586
84946 34393
23755 19846
6317 85679
98316 77852
10746 86347
43566 4380
44198 92334
85423 99818
48259 5280
80946 591
54948 30218
78110 87479
42692 52986
11327 60050
12096 22243
60068 19476
37496 9946
4383 3030
57650 538
28584 19986
82679 91169
52218 18250
24276 51889
65525 36353
14523 67920
54554 92672
99711 23880
51794 14035
61915 78312
776 83786
80300 23137
94794 3673
73010 3273
65964 67384
86708 15483
80004 64259
34137 32790
6735 54650
90159 47994
11403 26051
72903 8270
75579 62179
43383 220
50247 57513
84055 19699
45497 44099
77637 64964
87328 84071
41153 54342
21489 2924
241 45395
24481 60206
69278 40904
7532 95021
83221 84681
77138 9070
99144 28218
70644 41177
10763 23495
29339 13913
23895 87837
30770 86591
77737 22671
1703 12384
69604 58642
80718 96882
44811 44353
79198 7443
92872 2201
41937 82146
50024 55934
48424 26596
21021 91093
44549 45952
44026 16840
57456 29763
67451 31205
1779 33118
62842 13375
56286 41731
18331 41996
52643 70155
6145 23493
83579 98035
41878 14089
31839 13753
46503 25978
62415 97668
33254 82014
85135 27610
83687 76447
53637 27976
39395 53420
38237 15070
64280 47478
81317 71664
86278 37907
44657 75286
16467 18431
50776 33004
49929 75286
39797 89139
34515 86395
42919 44462
96195 58325
90545 64262
31983 35340
50138 69479
44783 20976
655 60705
53217 16691
85436 59943
40422 62058
77623 96755
80962 27439
57781 34368
27775 63266
93523 25391
86730 7171
35438 49571
43413 80954
71179 30469
51892 85584
36720 10912
82496 48915
55721 89958
51351 31030
35844 8457
95897 28494
55413 95139
89197 43414
28755 89551
39578 88844
11929 15597
55054 70098
49478 63010
58939 82094
37309 80437
57461 58602
92326 24019
3349 3764
45739 44813
26713 91103
8828 17077
57985 53377
28683 46628
21812 30355
20881 16599
63033 28532
75463 1325
72447 8390
90670 53739
66261 2160
21768 73880
1554 56378
75932 95585
91470 11028
80278 56374
54695 30287
80804 41131
3102 31522
24058 59704
62807 39718
53167 21370
69756 81499
52798 19024
67355 69089
53414 11870
6755 4288
23979 91853
32459 19552
3698 59593
50860 47249
43113 38114
72578 13733
12956 73708
87054 41009
96641 55391
17655 83600
72910 89143
38756 76864
51229 15124
19684 18402
1327 31068
77766 73534
87174 12948
85889 60445
86633 58699
24109 89197
27620 56656
58600 51393
80581 79958
23827 68590
24128 54135
24179 50608
86700 55278
57936 36803
49348 84955
31480 17577
39943 22979
96381 28459
25337 27182
28819 89456
9312 63239
17427 12071
52935 66464
12091 14275
77822 2571
30252 45978
47896 83970
83819 66278
1995 26624
38048 20804
12532 77765
82042 23831
82897 36757
58952 75813
93316 94682
57633 33433
75031 73438
20222 36320
97139 84338
93147 40780
83815 67626
51193 19380
95015 89215
12063 68050
24394 6539
96852 29507
556 81648
35015 58187
94442 42578
93832 63246
24648 5432
99340 376
21486 11311
55340 4566
31463 74695
17958 69499
23841 89204
8091 99100
73071 17358
67599 59700
79658 91409
85677 30529
83404 76094
17761 17829
54611 12728
68411 36518
51076 84552
31538 92206
15334 89306
4799 12683
47171 19006
21278 67376
7178 60424
55825 22771
90607 17679
47420 70157
27306 82738
17162 73565
24212 89646
45958 67109
86925 17097
33667 97803
68665 72907
86389 59930
4670 19295
57110 26654
25383 27095
85314 95692
77636 13125
37947 48695
62824 77539
30629 17308
36458 6828
15691 215
72068 92000
601 33900
86743 51620
66815 50527
57797 6624
93365 99868
4214 32767
785 86544
57812 93266
8882 34509
3630 12238
76729 25226
8057 87817
45099 20961
33706 37921
38832 51056
38653 81461
22263 62937
12017 32746
16880 6689
61258 88327
94640 65236
86638 53401
77009 48031
1928 59280
77999 24789
84201 71712
55340 80236
12033 13729
92844 765
72810 96976
87034 69159
55422 24396
78562 56460
81148 61497
51444 23346
68615 71456
97768 26211
96199 54221
87252 1581
23366 45424
44568 16163
68883 62365
79058 94363
54691 8172
10922 77198
27883 825
88648 25756
82631 90053
50936 52613
855 26931
37453 95984
30716 78316
96284 98760
85535 65243
73852 76474
62123 75986
18637 13848
80814 85028
91565 97977
6812 95848
61348 27958
10604 58589
21850 26127
32793 94432
63260 21956
39362 37015
9627 97757
61322 56490
58380 38275
71928 99332
31081 71396
81113 24982
3118 9715
11001 34805
9053 30309
70958 60471
5146 53333
47405 21850
86896 36128
6258 72446
96907 55402
2973 7429
59452 67512
90288 71290
152 35636
47154 66951
91321 30029
86734 18461
73275 23059
73653 7408
18624 56351
43032 82457
81005 40073
62799 90450
75947 52624
63924 35901
66887 42678
72457 8446
81234 29793
27310 80604
41505 48892
98123 65060
73102 84403
10765 17734
77173 30811
68768 87126
70168 55623
24762 57964
72636 26452
76112 51397
85130 27646
22079 91839
65359 12905
21700 94625
29788 39673
68836 95665
36358 21946
2629 82876
61671 93529
33683 70385
75515 71720
60092 45126
52932 46878
49812 99090
75591 87413
56914 9713
47789 61994
38417 18404
21059 48129
51728 45550
55226 66207
65363 75288
98215 69422
57471 56653
97220 46556
88386 38975
13101 97468
83720 23008
57604 54083
21319 45258
4430 15628
61940 9304
69876 85269
95468 7850
87491 23424
3213 18533
9356 48691
62073 94673
11781 66360
86970 7673
40805 99838
49400 41326
89004 9078
28965 25669
51865 30102
80082 78228
20690 23898
18967 36857
13408 6046
13167 37203
54448 26021
8537 78631
76755 73013
50136 4188
1310 9913
11988 78431
58315 83006
55032 91840
99575 43478
42161 22195
31202 97080
86389 93137
43346 46941
83674 9524
78256 12645
66394 51070
69769 3600
3286 2098
54062 23110
29968 82010
41204 84368
60655 61792
2933 40828
52607 53204
14382 67452
24078 19340
71135 82087
75281 96415
47406 27639
84669 22410
12164 55914
63438 95339
65678 18498
91619 30921
80189 89157
12319 98505
24838 31837
52202 75482
23779 94616
5807 23339
49937 2889
58940 6543
51472 21893
47364 66496
98086 18504
72704 50905
8700 78222
36969 9915
14111 36570
18912 75785
99456 2866
16615 85580
33461 13568
15718 95503
82102 17811
92550 58499
94496 34044
90009 65821
64566 49202
26992 14227
67835 45550
90371 40419
42329 27759
7853 64397
7581 97720
21934 9619
99448 17229
45095 15712
31584 62042
86209 25406
74957 90284
68359 90558
68476 97333
65159 35381
62735 26572
80020 64857
62091 85099
67335 8232
43193 61519
39162 31265
4583 90492
44651 67656
16228 59863
63488 75558
53926 60329
75197 96552
60392 54947
70223 73435
99044 28788
99140 48342
70781 5013
45041 30417
96345 6366
61579 19910
48735 15086
78542 46775
30781 21030
14425 36551
50916 90926
65232 14655
39498 74800
71833 82443
23527 12792
29376 35451
10488 53370
53427 53187
77536 35116
39717 45147
65634 9415
29423 69887
11656 49738
17611 5423
92191 90743
51672 47121
36056 66388
49945 65034
45257 14540
80309 69993
90538 65772
34424 28509
63033 57094
4081 44985
92342 14929
22354 25655
96391 61062
48884 42674
49174 31621
32336 25098
35630 56110
87334 31076
87265 55209
22938 2696
79717 40351
77554 14209
88754 85310
20793 2272
10182 81144
63680 99546
68449 49252
54648 93029
37769 91132
67864 36063
70919 76478
58973 68647
1289 75084
7077 45986
26014 82827
70547 83223
34493 4775
62319 88564
78686 25774
10691 43431
91679 51217
45631 18373
51456 69606
61845 42374
73287 31272
45949 56615
67038 10933
52115 66247
57968 25743
83956 48714
73359 42428
59557 67001
64881 32647
68332 70976
44302 23868
18708 45615
32772 53743
77358 33018
43827 11574
1643 78393
86402 80330
48067 64936
31288 48363
78512 58792
39107 35993
99443 47740
2677 64603
94095 6765
84993 25500
22537 59111
72579 96361
63726 56698
86581 81780
14413 42393
14107 90644
42777 57822
21560 9987
23400 65572
67734 85790
73302 78188
96067 73385
15747 5977
32910 26793
65809 39252
7438 26119
1671 64008
8155 35220
25264 52967
48179 67103
9693 41795
31095 51649
63871 8310
16587 18866
63822 87899
921 17648
51333 70802
47311 17439
65699 38720
59484 38948
51339 22540
85975 7753
45573 14340
35800 25821
18043 73110
11453 90641
82877 68247
71079 36027
96413 82815
83130 97271
45460 6187
91712 72097
69531 78618
28935 43324
45011 13553
45182 9006
70302 6679
82140 34785
73027 47289
25530 73764
26893 92071
64755 98408
38093 47573
31691 15652
80020 15067
34789 87986
38266 64246
52108 50223
75738 63173
70955 14111
67891 32140
10325 48326
95912 52340
16894 18384
76481 98153
91359 42474
72328 95227
33654 92006
37069 87102
83268 20700
58051 21162
87501 8387
94944 59867
37371 11772
53985 15697
91260 99912
55587 87506
91807 36300
56555 79460
31643 34548
25664 45587
8521 35086
83371 13233
84069 78283
21054 75376
45584 83009
78346 10090
10833 67115
38855 43450
70927 88743
10672 56000
34937 89143
73572 19809
37694 16801
55943 29477
33589 84399
30078 79544
52279 82256
97239 92649
10496 24213
74591 30733
57425 56853
1609 6237
5201 80585
67438 83860
95591 77648
74536 98322
24802 37037
22837 85852
69010 21508
72314 25945
93868 28384
7006 72118
64009 57616
73066 43011
35431 4198
36400 69332
64583 3991
48161 62658
81613 62557
79669 55783
16516 55640
17735 83941
40375 34824
1751 41952
43449 46965
25958 56159
87134 90696
59197 93647
94655 4975
41638 3200
84282 88669
84593 70278
3536 84103
2065 17305
46374 5576
84541 48213
50052 90654
32655 10235
9689 39114
45256 28110
75637 76884
23882 6551
67885 70149
34845 81346
19674 16428
10122 17343
9466 45370
93027 61154
85902 9893
39289 29474
42523 10889
86820 95390
15561 94498
97120 8595
37127 13171
23690 61767
53317 32802
38758 36834
3896 633
85340 5200
18105 53255
38519 33024
44422 13693
61029 37671
43104 92210
7322 72990
21228 84544
27372 20896
85682 58756
65304 55437
61505 5697
66780 85546
14985 55486
14747 94111
8959 71363
20988 74359
46620 71936
50379 43075
54271 97927
33751 55896
30214 57645
49074 91244
90873 6157
43701 58909
24960 99140
79513 30890
77767 53110
33054 83640
38177 75528
95688 1134
66402 55652
33693 56217
35300 9048
33928 26409
96931 40727
39929 91698
46113 40854
48227 47596
76067 20752
11837 980
44529 4707
7906 7433
42970 72593
70417 61391
79598 18080
33293 18319
23362 57722
87741 13141
78224 81262
30157 6353
60052 25741
39340 14775
20624 75918
73612 43455
63816 66794
85862 68261
45383 62976
15539 21738
33049 71058
69395 13361
71439 25927
76490 84099
83966 28551
46750 63244
12160 77730
93051 83451
12209 66281
64271 46054
13395 18835
42606 61188
52778 24442
91471 95249
66913 46747
15949 17997
76708 56090
50278 63517
84292 12123
27520 45257
53014 6698
51679 44060
72628 25972
78160 6728
83802 98028
64610 65119
19082 90983
36520 93082
47177 51072
95992 47638
20255 39445
79950 25363
81435 46888
41418 85395
5965 29503
59181 10593
45163 2308
86625 55431
67788 73925
11406 41782
82800 15061
88165 42562
75606 20201
55001 88900
81379 12989
72417 1654
89858 74029
50808 85114
5311 62972
1981 97908
57035 56080
9780 48875
89755 81907
12706 32556
6057 26836
90036 20935
30161 36004
49081 20464
99285 10650
94468 80191
8634 39535
64203 78609
92041 8931
71083 42916
99567 98966
85057 76767
2685 85839
96658 84744
65608 75353
46788 80844
72906 73441
86883 49626
11039 15002
10909 53160
61801 79801
22054 52909
75437 63640
48437 14693
23380 73815
39333 43601
86539 35287
75605 14836
28067 26909
69864 40791
4433 72437
27430 17285
55567 6156
76377 86896
76090 213
89553 46602
44722 63750
52865 41933
62909 39512
61247 63316
84195 38666
52872 62431
82451 75805
64441 55923
25085 62553
9527 96504
92055 38664
23560 94265
53561 12342
39448 88743
38688 79863
20886 99991
10318 49409
82388 55775
42568 37325
78058 86717
74455 78138
31539 77104
38248 57130
11246 20861
80908 87652
22302 20811
97273 58032
20363 67655
28454 86846
9855 67329
63475 67839
48874 44653
73183 20714
90303 44548
87920 59737
39476 7552
93935 10313
20262 76643
2729 13918
17683 28528
37807 96796
40574 9201
2486 47791
54894 5264
29048 40772
84687 24797
52146 81422
59087 74414
58692 77890
49026 68794
32596 51387
22015 55998
85483 82327
24257 5496
76694 40087
10344 21071
27142 66243
50965 76072
42641 57092
37041 58386
64463 70441
37126 71740
79357 15458
80132 57369
79805 99816
27198 1027
38356 38739
42699 5717
89323 53794
22309 12784
74511 63671
83917 34167
44402 1656
24197 32051
73191 67632
77108 74511
34921 80811
67686 70556
12245 30173
83434 82799
34539 6076
52754 57214
13841 14754
73366 83463
9872 77484
29233 86858
60917 50813
6370 88521
28657 51900
88909 62223
15610 78449
80760 65414
76936 81164
8942 51391
88408 29055
75295 56943
74029 20991
4446 57964
16682 74086
91298 50516
20953 90548
35557 55686
80743 63369
9224 29958
48485 45357
3597 50269
94761 96233
49500 28600
8747 52331
58719 84100
52136 95910
11333 45112
96291 56143
24707 81836
98975 62689
66958 55066
36710 25914
24354 90692
28357 35004
56574 85677
5133 27437
98918 21630
69044 96407
67584 15715
82610 38281
30839 17356
77861 24052
96027 32397
94509 23822
84223 37406
49424 25779
94138 19259
31479 83039
46311 72452
67055 21301
80837 23903
10410 88859
21015 49745
34203 81595
74596 24201
38813 93412
99192 47702
74541 81256
5346 35435
89484 411
26484 26114
57406 27098
34278 56502
51213 2497
94164 20711
64774 37812
98331 38970
61402 40119
40256 46039
20287 16310
57961 23081
87757 52318
82049 42657
92578 40354
62584 39956
95966 74487
23361 28984
9256 68984
66387 3979
75815 63682
9993 13100
84649 69017
98466 78752
28287 75234
48545 26350
78367 75335
95726 66276
69729 75254
57843 22928
72323 27106
39551 89223
64645 81377
1223 53313
54926 6828
31840 8283
8741 2978
32710 69140
44440 48069
2105 44560
82648 38715
24475 32216
73787 48622
1171 47000
72985 92141
7244 28704
14032 3977
50998 88004
95841 69145
9284 33660
68976 42582
28973 51780
80231 84895
7724 11197
16467 26902
77152 50634
29798 22498
50572 19124
23476 50827
89304 51271
24662 33537
21294 98163
87370 60086
81822 10955
9936 44575
31450 76169
35118 12278
83739 75048
44014 19387
68538 37609
44411 82927
99832 71023
87848 84055
73654 18531
36712 35583
6814 67216
94903 36180
57752 3656
14287 68041
3318 46781
44916 29779
5417 65705
58345 29325
49256 27111
18265 68437
34992 91127
56559 72589
43327 20894
65501 28667
11193 83491
23833 85801
36867 81940
48764 95237
19435 99647
33057 26914
63421 2361
41068 22678
40271 36730
52000 70458
28950 17663
64040 38317
66031 89959
37135 33809
18967 99159
14568 90029
53907 94646
79399 95017
42378 71121
5669 22485
61157 16664
99040 62658
76406 49823
27640 99239
31726 27806
55892 28573
5893 61170
7643 21252
4342 15610
43259 61372
4416 34170
94982 53805
38406 3643
10672 65887
84112 2185
41810 11330
14088 86452
90954 42792
63326 59120
8409 12806
61125 15509
10211 89847
60499 37119
22355 57721
62309 90318
30804 2669
15992 31144
84697 17915
55921 36211
2742 27532
98486 5467
95876 70478
19251 69106
49153 99828
13815 61098
62606 55987
5236 37245
16271 57415
96802 14182
51438 36044
79420 58374
51961 58693
17473 56319
47456 60056
70580 71036
46136 33967
16701 936
3674 32376
60871 79090
51012 45639
56864 20431
95415 46831
59771 25496
38871 7213
55889 56104
21391 58941
61403 50623
9002 78914
8570 29698
69787 93730
13328 64280
21334 81128
1220 49582
20564 12097
18850 99764
91827 38463
91737 84958
88148 69273
82747 95717
38043 89993
24288 43331
48947 78188
19043 15194
4487 72998
60675 96974
78986 2203
40932 93382
34960 59127
7564 42639
47891 21927
12998 58105
28527 22334
13826 98424
58278 3441
66067 14148
16092 7483
10447 31545
53468 94746
30483 13688
8337 25776
64605 73028
90030 67971
10128 87174
90983 12061
89651 85194
4821 75724
31794 40640
86583 12131
26972 84892
21995 73208
61635 6997
3321 45540
55327 94730
16424 102
93515 4536
56743 11712
70599 84869
72422 45016
59796 74489
1306 29113
45275 46560
43356 63312
43431 23657
27979 71855
1158 63274
52101 38573
73419 7129
12562 61891
8015 53748
87642 54192
79692 53850
54857 5623
21953 66416
80946 49980
59889 21918
53641 76875
49507 5039
57512 8657
49795 48788
13451 30016
86240 78338
31348 10991
20524 80975
46887 97848
53023 4217
32015 53689
25461 30207
85240 78164
1963 12710
25426 22990
34502 99765
93269 2259
85516 40921
98967 59249
1224 19650
79991 63672
78634 80164
79446 95969
24453 79639
92825 4900
91888 8664
64200 16064
37574 22598
91954 88087
74245 18277
68711 85263
58163 32318
6908 27858
55188 2141
76715 5646
53237 99250
40592 26966
82405 46001
66445 10336
35766 44530
58023 17190
86625 61361
56486 82949
66975 50799
30297 53632
25040 49935
61360 43901
60312 55226
47264 58727
63933 5308
82627 31627
3275 48708
60181 29019
23856 70216
57560 14926
9920 7167
88177 99773
56145 49605
65832 72520
72672 36922
35692 38479
82091 77123
15501 98362
55861 7848
48576 66706
88678 28308
75903 33253
77224 78265
65446 27014
51083 96233
86039 51082
82785 52734
86103 84684
48003 77394
76815 40618
67178 30440
27564 21317
44183 69601
10143 60453
5547 35304
41629 3507
3951 89671
50880 23006
58510 96463
59620 55223
6166 3956
21707 38964
73435 57231
24570 89808
8244 23418
31577 20361
20572 58999
72855 14977
39826 35594
98596 25182
8985 74138
44246 47531
36569 97044
86948 84468
37276 46344
27502 98158
93202 5706
75283 41964
38381 16914
73240 37451
38662 17213
64744 775
1686 10121
36879 99044
24158 86301
34270 29222
59424 38207
70698 35385
2595 94716
12909 34218
21811 75683
13284 78859
39070 38442
14127 84787
72952 2152
49972 44604
87768 60729
13819 516
24409 16286
8147 8652
53626 12186
88972 42076
84158 45238
3612 73245
11821 45821
66426 66589
90257 96737
28486 96975
67450 8948
38655 32680
57883 6640
82027 49315
22858 82288
35667 21438
26372 20084
46532 49051
67846 60577
29295 66784
70837 23455
2345 55
72503 63321
59788 61967
73048 5728
52948 86713
26182 34921
48835 37963
58869 2282
36734 51553
80637 86977
81838 4279
67191 42989
48608 51216
68931 1459
18917 31410
44836 84538
33363 46792
65506 21039
62146 33535
69927 69314
12431 82025
22275 64935
72700 68509
85001 7799
99406 56116
78127 1068
33102 27694
46162 53032
95337 96907
975 8239
61424 17011
11723 81160
98009 70831
91661 9312
95612 14125
81406 56678
54550 83391
10416 98800
74121 32444
92948 84341
98394 45886
96642 68050
58226 97667
8533 62021
93534 30701
71244 11317
39407 53218
70635 31879
98331 69580
44504 24202
27418 21561
27998 94317
63721 7004
65485 33539
19627 36970
14264 41606
86723 7487
93397 33233
25563 90519
43265 94085
10944 22389
64954 45285
26947 52351
51939 33210
5209 94911
21219 71055
12444 73412
70790 14837
79337 33503
92346 58529
2336 98407
49108 81769
68007 4213
21641 65387
3687 98344
3573 935
25741 29219
6007 75391
61099 91850
95155 16894
52628 37161
11375 59854
21379 42797
3734 32864
19701 64808
90328 53321
50058 75953
15208 82815
12360 2562
80189 73184
41304 64376
23121 60747
8423 88791
45637 95876
87942 94244
63835 39989
43 67305
25915 48584
54958 62420
25358 91086
72301 32503
358 84603
26856 41226
24244 5511
51429 56037
36305 6350
92781 73895
68790 54577
50029 42834
45347 53683
37783 53707
75580 75869
91198 91167
30023 45275
8925 92985
69903 75549
61713 98253
73860 80695
80538 78609
34521 96289
67742 15678
85317 8119
59367 12915
10466 31513
55456 68402
49553 44429
40059 63010
11316 56
13582 49515
16083 46953
47537 53789
18840 91503
5761 65097
51571 12509
94977 41478
50518 2093
42932 97166
85721 79034
46948 96446
97527 39236
17150 57689
68464 57392
36852 79302
69830 66022
53529 15694
25280 75025
83337 39199
88969 81058
57022 90635
26673 87982
3324 27721
59563 48203
19430 13171
7918 25143
3814 86439
81109 35569
90377 4135
65919 20734
14337 18840
26447 36069
85473 55526
57516 71988
77988 20095
25346 40313
15239 20148
11968 38633
2571 11067
25081 95324
22292 82703
35747 10767
86604 85934
81210 88161
69280 35834
67326 95894
20706 94489
76688 62359
24134 87990
8057 14032
18373 59485
40132 19921
91612 56994
14655 52846
49678 74363
51870 23551
65406 50145
19320 160
42582 2068
49320 17874
44260 7796
46637 50712
24023 42504
95274 56635
41414 13435
93223 89319
98409 70906
37742 99980
20734 54199
19663 87645
4965 98665
9532 55732
28645 2634
34478 68588
58501 33528
65694 67174
87795 38644
96780 39557
27777 93222
18780 41298
85827 98231
66132 73080
30226 28693
71744 67977
75628 28434
80590 92439
56305 29702
38098 32060
8360 521
89763 8371
21592 9850
96380 59676
36111 87290
5756 8284
35039 47249
60519 78554
42012 22120
3010 71364
76735 61998
25882 5896
57862 67604
52830 94235
27281 49456
80993 13493
97287 5630
30233 39091
81199 46234
28419 94932
48983 28871
59292 99421
31633 73099
54729 13845
54417 77521
35632 63913
46640 56069
64829 48777
70892 10300
88222 1065
47558 26089
55431 33025
55778 93673
67215 83694
34826 72920
7857 33199
98892 80826
46349 40584
68343 2771
98180 20994
53250 94511
99167 98505
45062 37691
49320 25805
48479 51977
55407 91842
38670 58417
46694 51904
69626 81642
21126 74051
65258 66133
99624 34348
65900 27155
73581 78110
23346 6218
94679 53826
87536 93316
97261 95139
93599 12463
76987 87187
77437 39070
21711 58788
8491 56710
51422 82288
95533 8386
31677 86706
95726 62000
84808 69035
91737 46290
88894 35518
10273 84558
36066 28275
27898 46254
22524 90008
60637 73569
44854 75579
54504 64280
13696 87217
94012 23594
26413 99507
31869 30320
37108 54588
65878 43369
29103 22700
65298 80440
39487 20200
12356 59201
40582 57303
74560 55279
71819 79494
17408 16689
46586 96389
54400 18073
64129 13160
43425 22076
15765 70856
82570 54100
99755 32703
79842 5825
34879 63951
53400 54083
48432 82908
3803 89730
82562 70509
12611 66567
34906 70447
29446 35040
20326 75250
163 78208
31635 69578
95867 40444
44757 53039
51058 18063
80482 55709
80787 16055
61463 96469
97161 58357
16466 4346
12231 1873
9686 60085
98721 62324
31562 84210
45841 2061
92762 4449
45875 46573
65717 18230
3849 12234
15693 73768
99511 79040
53210 25046
73928 19147
14167 27869
61351 95566
18339 60963
54311 96399
37442 25328
6492 23128
43962 67120
26144 66936
31766 87634
78127 87584
10790 21644
81163 25799
765 93588
16600 51559
51058 67368
83425 76637
11392 65735
82865 97836
38341 39990
37595 10267
18471 95421
38771 43058
10058 47719
56723 865
34587 64965
311 59258
50345 73964
88353 42866
48934 33330
29014 78500
91754 78101
1566 43309
94128 96404
81608 84401
77912 73396
88132 14101
24419 76476
92391 28995
75354 58521
43562 54921
67176 54907
3756 29786
10491 85686
95435 19371
57351 7650
35471 74167
85315 19676
33280 89244
553 42947
85802 28956
47194 56795
64896 23133
36952 84077
9335 80137
94475 69509
90150 23183
85949 37299
77068 85984
72830 48235
50122 23699
30880 6469
93573 39457
68603 67997
97414 91273
40075 30004
76057 2829
64621 72365
78577 33140
81702 26897
61410 59398
49212 12812
48198 70099
83418 31949
5721 6700
29713 74570
4669 37032
28465 67354
83767 62305
22772 98297
3632 90645
8660 68551
58580 22405
28912 23113
4598 80089
53547 61063
60683 40697
57741 13836
9642 10165
80000 19370
90387 55487
82836 63283
87813 96652
83643 46081
80037 23319
39661 17742
71582 63998
55238 59197
56060 61955
50499 83151
15056 46668
42377 33423
29871 70819
36638 16423
54995 10390
68238 21576
1592 75448
70055 5094
15072 63263
2205 43002
52176 4260
82983 43966
11505 11366
9408 86484
52975 13831
38183 49056
25469 63789
98719 50185
72048 85026
19632 45660
60160 53109
65764 9513
5546 87671
14731 79172
60208 38687
74679 67461
68855 28902
85281 52713
43624 71820
38850 57646
63311 62993
91707 73595
74079 7581
28205 95510
14093 88312
98338 50124
45649 93138
19714 21516
13992 72189
14239 10380
3828 41070
42154 93155
66170 93183
37179 61421
79075 38832
81293 39147
39707 4962
84159 93760
69078 87962
9300 16309
48326 65796
12020 20181
20358 50926
84361 11314
25394 50824
25571 82142
6412 94283
59508 55571
32665 73839
42261 1292
19362 3411
57791 56585
42740 54872
15699 18639
15808 10726
4467 8998
66427 93383
23942 50169
53951 8391
29240 83993
1193 81466
65431 63355
27929 78070
93463 15541
16341 80372
29871 13093
26022 25491
8954 7914
32025 66998
7223 26153
54463 83617
71594 65993
13613 54303
62265 37143
26941 64351
35759 26115
43947 9074
29948 13217
39706 82223
18994 43370
77837 5936
55082 13080
5805 4978
6014 97069
73801 38041
80812 30445
53170 1577
67129 82815
80699 2798
70795 45040
57055 80533
92174 91471
67994 59089
44817 19954
31279 36407
66630 42032
7521 86786
26693 86822
50010 97648
99657 97938
89959 16194
40465 18971
92249 65184
62849 80839
72933 31027
30495 30914
5573 64906
47414 3550
5494 94581
51606 11405
7608 79533
15154 41385
35889 11466
57792 26285
89322 76267
6045 90746
2960 4498
99911 80627
60852 98149
26625 42465
56204 61583
7858 18095
89200 47644
66246 35694
59037 65536
50635 71923
82997 42225
4246 33045
42621 6441
82492 55503
1470 47909
99769 92452
18214 13480
79660 90613
83620 44857
55193 65005
59438 59872
26629 26678
2398 76269
71294 17825
3985 90674
66961 707
42471 97604
63186 38738
61926 66941
95607 42828
51255 35965
24925 53744
44167 42693
44578 15778
58056 85498
74057 16876
75341 53192
56921 54712
51089 19516
80702 15735
50065 21929
90887 22717
13293 39492
34918 20354
44875 4296
85395 56546
75028 98867
40714 92734
15030 83143
11816 22809
61088 54506
36145 98428
42857 58310
38221 59443
99657 32682
28327 85550
66877 8231
91309 35585
24936 67475
11859 5284
52141 68202
33040 23155
62966 680
25822 91087
20400 92144
60094 32827
75724 32904
36210 40927
38528 66427
93026 66953
772 67253
20792 35944
81110 67083
99811 12879
45142 20432
35288 94488
90314 52353
77068 32222
32123 23675
82875 53729
87639 48927
19589 95846
28909 27892
5387 27989
83476 55941
47478 24953
77636 35615
74769 61476
49402 11925
87594 42984
99929 62460
18389 30078
71716 26255
20489 29187
70245 50348
66944 39094
3465 76308
23291 78716
77826 88367
3773 88796
49956 80870
6315 37476
99112 36839
17618 31586
56427 74309
2209 80267
71920 23254
91114 34679
38106 89555
94726 75299
62963 54171
30734 73358
69769 50832
22114 54620
19691 5944
12998 74230
9232 56125
60032 23432
66768 34318
36092 61058
33385 14716
68456 10520
11195 13278
11800 87426
44204 65549
36419 10076
90246 32744
90596 1959
10548 29234
47130 72966
31816 43631
46472 83106
11832 33002
47606 50823
68348 74290
44750 4613
84530 80345
87359 85423
3835 72180
27390 22751
35227 23294
5344 91312
35388 75380
6242 90691
85484 62298
10401 16283
12122 70580
23362 11745
87261 27246
72651 85760
10125 84373
23624 69994
60040 84092
20519 39281
6895 57560
55900 73999
62406 87652
95326 98271
16695 27550
6952 92257
85615 39368
54073 4762
33312 67048
23892 88401
6206 87848
17281 22036
59490 84598
72138 63473
24778 11205
68607 99773
13239 95595
85651 85520
16781 63777
95900 29063
46262 13382
1238 49729
66688 1724
36385 61987
98202 58666
8415 69652
10043 35032
95383 81281
2523 85302
78453 58650
35416 80213
85095 49203
89267 62316
31169 33124
22896 1684
33402 91082
25498 26669
69325 43332
45852 91351
95961 84022
65993 53082
90594 72457
46101 19678
96109 19209
87065 91635
3560 4998
97939 4107
41056 44244
3747 45115
65992 90155
44304 40670
93785 35719
4929 69522
11660 48265
41157 58168
82914 20340
81835 21752
9661 87249
24650 8123
28324 5995
24251 66383
65603 35668
90618 29447
67880 43614
41032 88953
89607 97187
24460 3678
68119 44158
86413 37621
45651 91024
53050 51040
36283 13916
14530 99621
53808 29226
80188 56782
93883 74760
86113 9802
26182 18116
89677 8970
67393 80851
56673 29412
28415 29134
3812 82452
14102 90544
27869 99222
95075 66489
98267 6797
35236 33454
4685 98431
75068 40726
50250 99319
7410 62942
63147 55618
49458 71446
80620 20754
29514 13266
65199 56958
86510 75819
51000 69024
64598 99707
56914 21141
44027 93220
50984 85537
64925 31370
66253 45577
99935 91220
50005 32694
19945 10031
88313 85945
19494 34923
61111 79681
836 33180
41744 48966
42006 19002
80585 62530
40053 90017
83626 58643
61787 54802
85698 89435
85734 40561
29088 94880
12027 84484
94108 68716
39969 75930
73324 23949
21986 34722
90991 58966
14349 62896
84998 413
71255 29115
2677 85499
31669 61442
71559 77167
73635 99682
45480 92283
23008 92033
50408 17541
99664 54343
85150 13944
23481 75488
16643 71009
46790 80891
52691 33842
31623 87598
10416 98530
37519 96271
65727 33450
15381 3324
6920 41737
80755 28372
21658 71234
47018 55804
62565 53817
48444 25276
49630 12250
52401 4511
98334 64466
88403 93206
17795 34931
83953 25270
92430 62485
98656 42197
91108 40431
48757 1841
33965 54850
95980 7145
85272 48943
54661 67522
22005 58331
72289 58115
70521 90610
75785 60025
98142 61026
83400 89300
68448 90907
8236 51560
54593 31350
89641 72525
6757 87339
88277 74880
7639 65273
51085 72352
55331 69602
56111 60369
52634 33324
73790 38940
62097 25377
75458 56365
42977 42447
75301 65844
91177 48138
11446 67333
98632 85189
21258 32856
92803 93053
8054 78473
63077 17742
53654 62393
79514 731
15786 71755
9587 78762
66259 94440
20549 60966
83515 39836
46281 45500
45066 26070
76318 43838
98865 21164
78979 84323
9443 18421
91869 9989
13271 19853
36023 4001
83112 87124
79261 42235
13781 86095
768 5111
17377 95622
80757 42561
54100 82820
17046 84038
55480 71835
81503 83481
70396 97629
946 43055
56085 69380
16404 13827
10584 11786
74573 67987
41826 43282
92972 50176
49872 77117
15553 74450
86055 92950
88193 67026
85709 23655
11558 67311
15374 11201
20364 62650
71960 60824
22357 60745
29503 72453
84998 33175
85146 50178
29640 28802
26084 10289
44808 60492
66268 10294
15991 69276
3045 51896
63882 61082
20871 39460
87099 59382
45676 77610
24838 33729
51459 7998
26509 17362
80321 55352
15445 34498
98363 51701
93255 73136
54030 77107
11216 68639
67991 15097
47457 51507
98267 78541
51087 56888
40000 62300
29812 98299
66962 67253
95180 35246
97023 686
9145 76264
69307 65630
58304 20099
31357 25633
24106 49405
63040 25272
14244 40535
61795 81126
39391 51225
62026 42356
60336 57836
20890 87469
6033 47646
83553 33571
52734 50914
35596 95176
21626 73453
68590 66934
37863 36762
67104 76200
57937 73319
14491 23518
79076 37686
34464 75037
26833 9133
22545 19853
25646 89078
85045 40409
80787 2784
54360 32274
66621 17308
968 78861
53102 24608
94297 79552
41035 10152
99618 30121
70045 51984
37150 86151
24593 4955
70284 86879
19864 73327
30896 28632
60967 86103
78607 89791
28376 53824
73271 83620
73096 23644
31509 97371
49015 15362
6204 22141
80139 75275
86469 9156
23981 56279
85929 4626
28394 12230
97129 6667
99539 11424
65095 25174
1597 36110
59434 1120
76322 37342
78302 72344
59839 80450
82705 75732
17940 30162
22488 44619
8903 47845
9896 41114
33569 74748
54941 6399
13647 92952
44822 30529
79842 56575
96982 96646
57872 14107
11045 62586
7536 93210
29774 15
27554 30383
49023 38008
39205 56655
88075 17420
97471 71446
46027 74473
7513 71328
32537 8879
74720 82864
60723 80865
84069 35756
50846 15112
56094 87326
50337 62383
38371 40021
37350 46120
73393 99394
7324 70533
65483 58684
89335 96064
36180 39484
77134 83795
46326 28353
61181 95617
13278 73742
46817 80652
62269 94503
10110 81436
54729 30840
43740 61534
858 61710
35302 97634
55309 75163
34474 43933
92901 83574
68443 92357
69669 74041
12946 69144
49975 96257
22825 17781
49800 9522
39839 64224
65257 65393
62231 21731
77840 33544
13912 91528
88533 82117
43822 22496
75957 38491
28392 93055
23443 78559
96376 98781
78994 63180
86902 93718
55708 64864
36285 33931
25566 80765
50573 49215
40777 6089
33287 24155
18355 91790
83156 11947
79956 2746
3551 84895
70762 90976
32342 41739
11733 13430
61677 85703
64987 60533
17658 84303
49253 24668
96218 28836
69888 81933
71627 28745
26910 94383
75120 99207
51730 73290
81777 67913
19063 36590
92600 29633
42570 47564
51732 69441
4267 57563
23514 35683
35009 22133
2975 69218
55987 49399
30527 68062
88143 27140
83961 92764
75174 22115
7953 86884
74286 68669
98189 55745
95103 41632
24281 22629
12215 89278
23875 35138
10870 55054
72543 78193
85058 52010
14947 40463
54341 28304
53612 635
81482 41538
57016 29626
15651 1638
49226 79859
30022 24870
85066 14932
56715 88240
8258 38027
84048 11799
32034 98477
95061 60208
5244 82642
97792 35734
77192 56215
71227 60295
88866 33563
62769 53509
41127 39938
28788 81014
97500 58549
99706 59749
56103 480
59483 28286
47092 74995
21013 68661
35217 87650
30856 66656
30258 80325
6587 27129
95694 31256
60533 61405
53440 59164
74084 98671
11238 73204
49914 46773
80678 76137
26827 20698
61988 3335
5776 74923
36013 94238
14599 29210
84208 28193
16304 24254
26720 89674
41073 42577
54035 40500
93588 73201
2182 28576
17700 91327
90998 28753
1651 75523
30376 28944
57815 91206
18050 81992
20200 12822
99248 35659
19556 21094
4000 89035
64012 35179
35782 66658
65988 62944
17145 32587
70038 47075
43284 96166
21904 2869
68566 7192
18369 67038
43074 69512
13472 79655
32160 24996
709 97343
1466 12634
10542 49591
88928 87167
11772 47493
2404 6315
12051 47109
43615 75643
96894 12307
13354 81230
31784 75314
72806 91401
50691 17704
16021 64211
74661 85696
57598 76953
39687 41766
40685 73419
2725 26959
78416 55933
95584 32814
12891 20103
5823 76288
79525 6502
97033 35297
39081 45977
57548 99381
3910 17924
38650 10976
29663 57456
22055 87630
87388 55017
29580 140
23143 63
22535 2637
99632 16518
74553 36294
35658 76438
69702 20593
97323 32171
47512 53902
97648 53510
78877 35518
86647 30858
54661 743
4995 93312
76357 93171
70043 51731
81462 99600
42507 39477
31190 26705
70177 2648
30309 78795
66417 28630
92682 38681
53074 90090
35436 35801
48063 44405
63994 87725
59863 27226
21187 64283
56030 74497
97150 71757
18714 92248
50212 97202
71286 47981
85905 75835
82818 73781
90087 11839
26705 99561
60522 94263
82713 90884
36996 48290
58391 40550
65987 70051
34536 88660
63255 91934
13585 27573
15637 59839
46329 27094
83414 87026
37674 40647
62552 94924
91795 35549
30012 21985
79272 93070
34150 95403
93024 75159
82881 48490
44182 93433
31800 61022
38986 96824
45502 73615
30237 52027
92743 77190
89784 73551
55917 88849
26501 14180
26252 97987
74228 66254
5669 20849
46008 57189
70463 83126
12264 40261
27393 10896
64414 3983
3898 82529
33115 95431
51642 30574
58241 80244
68406 80900
33976 45602
55847 11118
65450 98627
30859 4032
19174 77514
70595 78479
29472 91279
63604 71735
35280 39694
39302 27124
62287 54695
65672 36585
52989 78719
42954 13500
9022 76798
42849 57015
8727 71216
40838 66729
31766 76388
23287 86819
41832 75824
56085 75868
74945 9898
51109 92750
90679 77104
63087 32438
83943 54850
38850 26455
34063 78530
59566 58776
28562 89435
64872 78401
96824 25751
64394 36322
49899 44968
53712 35789
27930 26656
74107 53527
80537 51192
73234 7323
92096 60781
70781 25431
97032 27806
35048 50796
24081 81232
26150 94626
9151 50730
53323 37122
20056 39545
81361 47642
4743 31565
48756 57117
82045 95546
76214 46912
37962 98136
9436 4702
21512 43108
84910 87061
38673 2781
52315 86311
79748 36615
93715 95162
53892 76043
69227 69112
35288 93973
83837 68784
83821 89557
15013 89971
91919 2655
69765 74392
48244 18763
7362 64856
65713 4853
39332 54162
52610 92222
74042 27529
40775 92329
65076 31297
46209 99679
69095 98949
85593 38572
7117 55172
87354 58559
1346 53583
68754 89070
968 4349
37973 85424
18308 16584
78490 82401
35742 56686
63740 25665
17989 51248
72026 7573
36169 86646
76855 93733
57119 70504
9466 70940
58337 37207
38063 25836
6667 12914
74565 1703
86303 84849
15215 37799
44802 53326
45379 23046
71485 18151
48829 2599
59068 93438
62621 31499
90802 54297
14981 26077
19092 79106
55964 87431
61049 7975
74701 76986
56897 24539
2665 23978
42923 74868
91905 14928
31932 53387
5133 97574
20575 17951
22471 23406
45600 35506
76272 55372
3504 11434
44139 40359
29924 58065
47101 98284
79446 982
73267 76587
94306 61738
16988 46072
38122 24004
6187 31531
58515 69566
12086 25761
3750 64853
70298 99993
7824 57324
10996 26583
52322 9162
23657 45668
30353 96567
55871 56876
25975 85891
31010 53150
47376 18144
13984 99856
46303 9475
78381 73081
17542 19047
18784 58453
93201 28969
90004 20453
42476 64397
74504 39500
36328 92439
43392 9843
14522 45203
91425 9925
44828 53743
9464 25236
74123 34235
81492 77042
65095 79408
39080 32729
68502 70278
49770 76676
51745 57884
62487 20851
13268 41908
74796 81323
30659 76756
90702 65300
29856 2566
87172 50457
65574 74008
41239 31883
32433 27165
86073 73119
67843 57995
88411 40491
70465 89275
43317 48109
9652 16268
51010 50756
14025 82593
43873 93141
89201 4062
7957 96583
63778 85710
45062 51463
68596 67424
99998 47845
73188 83365
77517 14869
25716 87380
60550 90800
80265 77095
70848 8528
89164 76795
4725 11447
11402 39540
91366 84905
45812 21270
48245 10189
37824 30477
521 86640
7846 4198
46094 705
67971 9012
56242 17782
16601 71660
4425 99590
20269 51209
47371 29870
21512 7657
57777 10028
50263 3853
7355 54791
91243 52893
21452 37317
92954 51618
5580 79090
3932 99211
11365 47808
13454 38633
2855 58882
7986 32082
98405 98671
86477 74145
56502 27525
27848 98164
1524 37028
90096 8045
36896 12207
77655 42962
25308 39151
83184 43438
6575 24591
82870 83661
50373 33569
68646 25763
29005 76375
4544 29222
82169 91787
66090 61264
20161 38487
95149 37118
48192 63550
42774 7571
43990 31298
18486 32886
49380 59979
44899 99727
30195 16966
43573 51822
65933 41347
80714 71653
39170 8919
11778 41897
30245 77592
20963 54868
52589 63716
67446 8614
82997 25562
30248 8320
54811 26174
9354 23303
99428 50906
87026 80839
61655 72376
65848 8717
63262 43113
31994 6764
87272 27329
18520 96441
56778 45912
88056 59087
40921 33354
11811 54828
56945 56664
90470 31218
84177 4741
27058 36327
16445 91130
78781 20149
76603 25699
28095 34763
11926 33424
4278 25242
3231 22869
13218 27576
94822 94954
46345 673
24261 21355
18580 97809
70102 18649
85841 80299
2104 90903
3119 39893
69486 39726
18725 9722
44511 35433
88363 45670
61687 29690
68062 18510
53989 18867
24353 92070
31835 56174
69367 54888
94194 98182
79690 68148
72419 74203
65159 77130
18030 17778
58240 15217
14359 47923
64584 88884
69572 67305
41274 38400
94912 18918
48243 35336
84188 29212
52723 26305
68648 30724
81793 82598
60542 78203
57636 58613
27224 42144
85226 4207
18933 64568
29988 84988
51928 61482
38728 47237
28201 1540
3342 30424
77490 71444
58292 94152
9954 98415
94362 36779
68270 38189
48391 62298
3179 70027
8322 7188
31830 10312
85561 46875
32268 17544
25150 15893
16594 97524
54276 4236
34606 39640
56743 80623
363 8804
79265 53455
15066 74380
79926 30947
46540 17416
45257 79844
5944 86004
23460 27537
25147 45329
14421 64781
73075 50882
43691 19324
93860 58320
50909 94314
13747 50503
59683 87011
91597 35511
27707 20412
59233 77299
517 46729
994 50037
30888 94213
82854 4376
57291 49965
86473 82333
86812 14789
68459 40455
7405 72721
61998 29791
83473 72477
33337 57424
6724 94166
87703 99436
23233 77135
1529 60997
51721 13693
85520 76661
37186 9019
75604 29527
61334 62599
9536 44107
3408 64131
58835 2422
55427 36597
1424 12959
29506 18407
29439 97364
40169 82919
89834 7427
29875 74632
90081 18945
6401 41280
95094 56807
50074 68232
87266 18511
1573 25951
52414 54139
13776 55560
87339 2607
46317 40263
70090 27090
59632 64679
89061 82353
60594 57047
59364 87516
69137 56712
79737 7143
36909 14097
59829 47978
58413 68588
63248 32322
15192 52950
10565 68526
48605 63122
72467 63026
4331 1607
98045 85271
96377 32701
33675 27625
48159 73157
11303 824
15867 62926
10497 78040
46190 79664
22604 3265
21148 2501
48702 28463
54160 75979
13716 72867
30837 76707
55019 70784
76030 74133
7112 18447
72767 21290
99442 99547
70769 1776
25234 66806
1938 5498
72538 45650
34115 62718
71579 14793
8744 31637
781 31830
87436 37950
29771 8026
14842 26139
32276 7768
49445 79346
1036 2520
55905 61293
10648 56680
50471 88123
91750 76982
77845 69517
58083 1975
59724 45849
89378 92740
73232 49915
44060 8056
37068 15759
52170 93587
97227 66584
15821 37722
54816 87517
52935 69236
67423 67750
63391 12910
64513 81347
80225 85656
92260 18309
26908 87719
58857 94691
76450 10353
76341 80087
21259 43379
86544 13566
81426 34222
21897 51516
51606 80070
89903 35958
32955 8226
43321 42037
38823 61263
38144 74986
74917 26013
9120 23812
25029 9728
33499 47931
3738 4240
51893 48169
42523 10345
15865 59852
72834 16044
26706 67910
78096 70429
89043 92541
96583 28867
90032 48539
79182 11178
97923 7758
27921 97924
1832 57449
42175 8804
7552 68258
41226 16482
62386 9970
23754 10714
82950 78872
70490 81292
7944 45622
55866 69501
27979 14867
95371 16469
60963 30103
9078 69536
71210 96914
54150 52365
99356 3797
74601 61138
77498 63127
9587 49989
17419 48689
8410 85284
63511 45475
89691 32175
88266 2125
63252 93800
59735 51126
73672 17466
37074 68169
60382 46255
43573 56531
26914 38873
95868 24903
12739 98602
57289 66426
31507 95419
63840 13254
10634 41609
1964 35275
40452 44563
95833 1674
79934 67966
42775 96520
57533 13873
49438 977
37639 25785
70660 43635
91335 54502
89896 88766
13165 69452
89995 79723
86252 32003
61938 23026
86299 6440
60838 64818
93365 39994
21363 86189
52249 67069
20460 80809
46794 9114
86373 80944
35311 56157
37176 79953
91220 47158
29057 10333
39272 92889
31714 84682
98333 10878
83776 14324
9324 54465
51907 95735
40078 74147
42746 30710
91427 80199
49109 32759
31471 37942
82281 67653
14072 73500
85136 18765
30378 30824
23974 13153
64915 97232
68813 47896
25255 10443
15402 57740
64541 64469
12006 16986
80431 10030
57037 26918
28574 41339
13490 82900
96077 4900
53769 71120
37985 38068
7532 15911
7143 61149
49431 61388
90190 65649
23660 9972
2216 49482
90640 76378
35278 78946
51244 55868
87737 60284
23501 33787
21354 62778
56452 15615
47426 20804
19782 33361
5323 35591
26381 20512
10605 97331
55541 49917
54297 2781
59104 99358
88002 7067
81075 22814
53759 14250
27415 17467
34763 54764
83800 27927
28901 96162
83369 96153
40784 98966
30079 60233
98516 74676
24689 20215
27227 65100
41791 9396
59509 69042
72776 50967
96533 86814
26546 73625
29265 41485
55365 8441
31525 76702
1168 23898
44113 93013
38211 68032
75447 10267
74484 26327
51934 81788
17018 88332
55122 76359
61109 36945
74113 50002
52324 63037
17535 61844
95181 45738
15235 58345
13624 93174
58344 37778
24724 80578
53357 66258
80625 20566
54453 29426
32645 44155
40680 20861
8392 33503
2640 70341
34263 22645
12637 89436
1940 4338
40610 39676
88836 16977
46421 5088
7760 2736
55347 34760
99813 56945
95865 92825
53812 97530
39980 77467
28914 76693
28978 43609
54937 16337
93111 83044
68038 31519
91593 24017
86169 59189
16637 58166
9272 81807
76040 51025
16395 45577
96262 91809
95201 15526
98230 91883
91562 39468
31099 5878
60668 50150
55677 65167
53135 37921
16454 14406
48896 879
44614 87375
96785 75975
52848 44419
35143 46659
70842 51228
35595 92928
24321 72188
88906 86369
60355 76679
78485 5837
31778 73060
40418 69805
76872 74592
56329 11151
10366 69451
54471 32389
87731 35576
41118 35879
75259 99297
23251 81036
59149 9314
41967 40469
65476 69273
68287 50563
89472 78253
61845 26140
33058 36676
78116 96778
97427 14218
60263 34427
78205 37105
63771 53954
58224 38092
74816 51989
4351 59090
49116 33709
90849 85441
85752 17065
304 79417
75137 20203
48749 80733
20776 30265
94362 35286
83075 71901
48670 48079
78313 42502
45509 16314
16570 40069
42398 61193
61717 66481
7419 37942
85856 83203
8596 90779
92932 38395
86596 6267
47054 76601
56074 13208
71824 33188
5578 94426
15933 22823
73898 88622
18032 99311
661 48836
75334 50542
94651 99281
4255 85883
1359 395
20097 57456
41544 25840
9461 5195
52704 84383
66248 39213
71672 19292
56908 29694
82802 71281
92788 72839
45462 24776
27931 14710
33902 88530
25726 85918
80297 48739
57853 86164
55771 66867
71742 61523
54716 41214
5194 84409
9253 15237
55054 37032
98710 45547
85660 56070
53971 77305
68199 68157
44130 62939
24234 66939
83598 92865
29154 84499
69031 54463
3023 10619
24032 26925
58584 88108
67792 60871
79812 65733
65106 13998
74369 42056
43396 22469
56960 16892
50348 87445
56663 99657
90286 80649
60030 12959
7095 12147
32275 29871
18646 9733
502 56528
11485 39961
30733 45500
88484 18762
74785 28112
45767 69400
63295 7888
78243 25000
84889 5440
1309 41858
32322 44428
667 6033
75190 93281
28392 72039
24175 83537
36660 24566
36785 93780
20626 6935
29247 72193
49209 34055
14371 22681
39300 56261
80778 46397
5874 51958
31526 47731
56390 18594
99690 7685
25159 8276
52210 67361
12706 48925
8536 50202
30307 64433
85024 44965
56800 36776
11405 75709
3118 71071
35081 6240
99913 10549
77313 80976
63569 17038
49447 66899
85991 49171
45455 96308
92661 23088
51474 29055
82467 4277
43310 52104
30818 47062
93187 43813
61957 62251
85623 10416
66915 34448
75124 64006
38007 56166
31525 67722
51456 61809
40700 66499
86721 41847
5487 57849
22818 56103
4598 572
3309 41424
35503 61661
13618 6374
55835 28051
72995 16288
92766 87736
90713 67932
4194 77034
95309 13594
83444 11338
10112 87453
97318 30080
50803 54574
70636 53429
86000 97304
22591 38007
59167 44173
79997 44921
94001 41215
49638 4528
92473 36040
23393 24183
54606 55683
55157 99660
30667 45264
65872 99088
96655 49332
2532 97803
40702 90902
33797 35367
80509 47204
28044 99824
63482 12300
38711 60634
7137 30595
32262 47675
54984 74818
22016 88140
85732 83555
63372 51052
38770 62632
97304 58781
54159 27573
97302 31909
4384 68945
9018 57423
17227 1481
55805 76519
64636 19565
65565 13634
81537 76817
21467 31059
79439 32942
88027 45367
83835 95102
37223 92554
75329 93923
16621 71984
52288 62368
7132 63917
99355 55326
27435 27213
12826 17353
39155 46173
71271 23185
4240 31536
9906 20490
5251 40507
19278 84108
96115 91673
99473 10451
31015 62983
72888 55200
27853 58025
39200 70038
76919 86660
78926 93406
19257 92898
13800 30435
92428 29873
90106 66775
2254 80356
73907 25100
18752 1392
10501 16156
72679 15920
35880 7522
33547 82370
57975 26143
82074 5256
22385 25846
20390 3848
12537 30927
97091 66188
90327 70520
65514 23011
43605 30719
3385 75742
97923 49785
94577 63316
70740 52639
53047 14654
61279 12076
57715 64636
1022 35776
31156 53070
17810 89440
38953 283
22621 46035
38249 36942
21126 88774
66669 31315
54617 29353
27217 49727
24965 78833
95574 88550
27740 67028
61763 52898
21622 2479
48319 81939
75758 30211
9337 66362
74723 95700
37409 32700
77977 72009
40172 41637
2678 52623
1011 34370
48037 14774
72980 78662
28342 2642
4176 42854
27580 94907
90667 1789
12717 47277
22960 37001
47430 82089
72171 15724
31109 29043
43820 19371
845 17522
34570 71027
41189 2898
68126 76975
71065 72357
12836 89619
72760 98366
33726 67380
50772 47157
84400 88110
50181 34470
99781 66461
45510 38385
96136 71140
73943 83931
12 67913
53977 10924
37893 97174
49429 30672
2925 70330
48693 50966
71424 85158
51210 42548
44384 61841
4 78560
86641 96853
35965 45240
68158 39599
45775 21820
59827 36866
65657 11278
34080 33205
62526 95833
77596 91185
28773 73255
89952 13572
82298 69354
73288 73856
20460 78612
7094 60668
70925 66878
9615 42034
34453 15877
46779 11104
92255 65896
16841 54503
48683 70764
89897 30383
91578 31288
39536 87201
37589 92057
25912 171
89511 34143
99261 37696
70558 15230
58337 53301
77230 73806
42824 57989
15278 33708
6973 96462
38584 32855
84780 38354
36685 69747
22629 50679
15408 3497
34592 97224
79974 25797
62035 55217
92732 34263
22301 97670
79873 37395
9567 9437
28551 4273
97886 52527
18534 30861
35043 23867
59066 68104
96698 90468
31872 26469
80886 44078
61437 28749
21548 38692
68791 88300
58963 33621
80441 59953
82090 70291
73172 83506
80690 14130
6681 72038
73296 64111
58751 58377
53229 63591
52515 81755
35574 12123
67139 28897
80572 96691
61442 95651
46452 99511
95560 14764
94039 93976
62527 28078
91460 70149
53879 98523
54970 73110
34082 67981
41342 64421
97593 58686
42651 65616
23541 20561
20829 28409
13686 85544
50453 60390
18688 97835
1272 73665
5881 85415
6272 13848
97869 51180
14153 27582
83050 50063
80661 77673
45860 18214
39433 50994
56018 14511
50158 98712
47535 3977
56657 83709
27962 20344
90819 50119
63542 37189
72633 32384
97611 38204
84237 88695
55427 77613
60539 5885
14926 39308
70213 44265
2238 29041
48016 12277
85964 43161
95109 62142
33361 45347
28880 68487
44238 56243
78853 57367
24709 96114
99446 36214
99581 73068
61630 47092
6753 6608
2713 59331
64098 72436
10729 21464
93713 95823
30771 59278
69190 40797
29664 6050
88412 23039
14813 72696
60242 33240
53691 79157
30859 87569
91471 48642
13135 6709
28499 99600
77544 73718
37987 37998
16390 71750
99169 57461
27131 81663
95826 52157
25120 89884
36735 31205
48686 39133
55221 16815
58726 17991
62693 94721
68714 74690
5381 81893
93441 12089
41452 22153
32119 10173
23930 47616
64186 99043
18862 84416
21694 21857
91022 99650
83930 64597
4931 63909
72137 30750
4218 80044
65611 68417
26564 15771
12961 80645
62294 47133
31924 44599
82250 37953
97070 37703
65021 37049
64447 14249
87311 66009
83226 10774
29126 17342
85013 18504
90891 75685
87725 79489
70091 13999
74847 29989
58519 1859
66832 74523
62308 60300
39943 86352
60524 36631
75533 6068
62508 20631
92308 70362
55076 11585
92685 20412
96250 69872
97968 71766
24567 8770
69944 58374
53384 62168
71108 42419
15294 22234
85496 25315
68846 98065
40602 35010
12562 41324
23477 58082
86247 10972
25657 69558
76365 69719
22905 53717
8906 19288
23275 20254
3399 59005
93868 50670
42097 92200
4698 68331
29081 27071
77624 7197
44469 35501
10349 60687
32477 65342
21733 66131
30702 65703
44910 22811
63787 62299
67069 46977
61271 4439
5415 3360
39676 19223
62856 92568
11463 69886
43775 81358
12521 89395
35472 18441
51927 25598
18145 53238
3211 56879
68445 37542
99714 4536
81812 8235
1564 5998
32665 86174
60959 37003
81282 42908
16404 65039
81100 77348
93545 78139
98133 93946
5837 82452
7616 72040
92182 32294
19700 5176
57662 10206
81981 42107
30658 7151
92266 66693
68066 96142
93133 58254
55813 50390
85278 6706
12850 52229
46265 81522
17751 59133
33755 19281
85701 50084
38409 1849
73778 36932
30217 81171
8662 5324
91814 47250
57390 64525
20336 43209
5053 52861
35962 76848
76358 22328
24827 7107
66003 30970
50477 80259
34961 61894
99665 27155
96049 50530
5641 45020
15401 56633
74653 61737
95825 51639
23543 49804
4615 9297
40742 76823
95115 12443
79103 76324
11459 1135
61591 73710
82009 99629
25610 76437
34328 26517
96856 59870
35826 53199
24546 90929
35037 66915
37137 97913
21297 28641
1040 61928
37516 75835
33741 16784
77742 61254
85500 94730
92861 47549
84788 70355
36482 93406
19056 30346
77323 13706
45487 91412
75943 99177
43220 62201
41645 47012
88070 6244
33557 77481
37233 39174
12541 17291
18628 18707
37797 34208
25137 77379
14963 32705
52049 35987
96816 25741
50429 86210
87594 28006
35766 79924
26672 90354
59389 95698
31961 63643
37787 43400
86877 90512
69019 16998
94810 42338
6795 54624
81776 58600
9183 88782
80518 17307
54702 74701
94051 31098
60403 14811
46165 25352
66701 22463
32398 57577
1727 55935
25761 89769
59409 87687
11818 22645
37421 66729
92739 84863
29091 78648
40400 73854
55109 81963
68308 99980
49099 55873
1593 93062
80561 80759
13357 18416
26932 90131
82431 98478
53561 23165
89606 49132
50150 40384
96506 42039
9895 80142
17689 53634
53802 14393
87108 91522
7523 11419
42687 70258
74537 89935
91892 11216
5559 22069
48817 49086
91628 3570
24901 96930
42379 1037
75015 34374
37852 50420
66127 47769
41481 58997
3387 23660
24898 43429
40172 28885
95642 24253
62150 17551
20199 24247
52659 5144
25478 95605
93089 23603
16244 95035
5471 34308
78742 43536
75396 73558
27794 72385
89801 72984
5556 39806
21033 79707
33194 33275
14376 92918
39464 61713
81225 38819
60965 26522
90903 56639
42492 58072
2301 3085
35244 36686
46158 98868
92057 59877
99678 44829
52809 7913
53926 48054
47495 75882
81252 93009
20323 45948
14137 39109
1103 2967
2633 17580
75108 45079
92734 82020
63995 97757
21702 62382
76725 53260
70736 93458
46868 23405
78643 5017
57439 1195
95080 18545
59938 50680
64235 58637
35243 74950
26877 72515
97102 3599
6821 88812
46531 31118
44490 74663
70403 1796
40283 91478
66894 60276
27687 31423
43559 60326
84037 11564
47190 29064
90990 78412
33157 60872
24606 57936
93284 56955
43094 97998
55910 88634
55517 86434
19809 79584
40858 46184
88338 81229
6940 25891
18935 54502
56338 62362
86739 74770
2515 65621
16653 6046
88088 78052
5649 78938
61373 4888
18797 74843
1028 43112
63926 78263
75953 91502
70209 2188
29711 27688
59466 85625
28681 21527
54736 84386
67186 27843
24791 64080
44574 76756
25476 11407
26214 22427
67141 84943
29480 11463
67783 97828
30853 30161
97214 33126
50690 17
9472 54962
17863 62085
96970 22534
37539 47729
27322 74633
76742 15450
38195 38113
18821 73834
11676 47226
5561 4176
51265 32198
224 29724
83312 66840
45755 18471
17502 82632
9743 66473
48736 20658
97476 67041
88114 41782
90185 15153
89395 29273
98189 86208
12807 59747
68808 37878
82260 19584
27376 53987
99877 58943
86916 55480
13354 19062
83365 44620
27062 92219
51832 49848
54528 43148
23205 35740
20931 4169
83163 90104
16957 92405
51722 41395
9971 59384
82119 49912
86348 78047
28683 28628
65106 30843
65268 63290
2356 73374
23235 35071
78823 43777
66301 93149
33504 77441
3691 50164
54395 67581
36889 79781
56792 1850
3098 35157
99224 19423
51170 28240
40868 10169
67659 76932
35207 70712
46257 70881
66287 84688
19446 55232
51728 21338
44447 47577
35809 33072
37972 59499
87356 76724
37444 57080
91394 93481
32543 1126
61973 14136
52506 97951
39133 35501
31247 29234
19684 48376
2650 9616
38746 25133
95709 17839
28625 35236
39324 14731
66369 84473
59458 87264
14598 94157
91579 78481
55165 32259
5688 39972
21835 81220
96718 6372
27286 55964
50327 52094
17769 6138
29263 10724
51764 83860
24376 61005
43178 58785
3094 44051
11970 51165
85652 75187
11767 6568
66686 60145
53864 56743
72805 29329
23256 96578
23358 79967
44719 14404
387 96840
50903 40991
11024 24095
10752 83845
60007 29497
58620 56848
11917 79985
39235 22395
39914 78373
35025 30758
28717 41654
37635 14390
95078 74924
55550 45170
651 62800
91368 40551
39315 59089
11277 99909
22078 6464
50235 30945
20747 60435
20966 85009
5503 49349
22725 10771
90693 50068
69555 82950
71817 72994
47951 39790
69596 46518
63900 48820
76275 15672
63490 67492
69768 34936
43723 29678
78391 24999
98727 48198
92482 3420
32968 67940
25326 23152
74599 30085
97956 35810
17789 56328
28593 1621
15851 66641
32294 83565
25490 18473
50136 14390
85884 54460
1473 29181
53361 94553
11101 40692
19011 68054
23950 90066
87779 12842
42905 63761
4937 78193
46279 26351
92047 78924
37253 22477
7319 63902
91940 63379
30561 81136
43577 11402
42870 4173
93822 73216
74720 52103
40400 36200
95631 85680
11503 96375
19893 418
29537 99496
17835 60856
28622 26905
20266 78930
52901 76332
63763 25941
34102 74567
73352 55849
76407 42100
60304 6905
11072 44514
18391 37687
93710 11618
72811 5557
78051 12746
20224 62060
1444 49974
59757 95097
29786 89986
58957 763
30674 85137
45567 28471
49373 96617
14567 84340
34704 49493
18123 5343
63365 43394
9654 47944
12441 20194
99864 34180
30892 10988
46691 36553
34820 26298
62192 91604
32394 22153
56856 88006
39947 54236
78172 64867
39704 84058
27390 1394
46022 47884
81061 98304
55951 95008
96285 36157
54160 45672
91733 94588
89353 75644
86815 20695
51712 89588
26963 69674
68126 67054
87276 51572
96336 81550
63401 66489
35367 7897
18670 69762
6297 77881
51136 18362
45246 21692
91981 17939
89971 27285
65954 84640
89178 24826
93362 38936
77464 45028
93398 18170
76342 8466
28296 55011
68641 83110
16550 56889
81739 774
26069 94500
11079 86620
96412 12399
19888 59223
95045 44396
41603 43080
78943 14061
19168 60134
16606 88236
23533 93290
16154 21348
68083 35284
61548 40981
33247 22980
2388 78436
5122 7393
47445 99736
36978 90422
95831 13086
60519 37360
58373 31527
14398 62817
95341 4805
346 84736
1123 85873
56350 19239
31517 29896
85556 54900
42872 77161
27465 28456
18258 59288
62574 19339
26030 49535
18201 47366
31571 30696
29410 2087
16173 8164
45830 29633
82443 78311
17000 43593
89599 57897
15755 27898
15681 19782
96633 63538
88332 66719
56575 46547
66880 97784
73998 70435
79326 53112
72284 63532
17327 91019
44513 12316
1310 25603
28411 95686
89497 83507
17130 30816
43348 19699
53524 45923
60037 5535
18722 97934
23049 3608
47649 77060
95486 56513
54083 79753
33703 77283
18715 47688
37484 233
73188 69776
31287 59909
76795 25650
40855 98025
46400 33605
44705 38863
48890 25187
38986 28082
38320 4809
49166 92562
76368 50523
19917 11092
91755 96061
67400 65760
26487 32571
64520 73665
95532 3330
87288 58665
36040 57572
7078 15626
19595 39129
58278 89182
13883 85144
67727 59839
49698 52194
52603 75951
16747 20920
67307 18642
22312 6880
79233 53040
74415 66148
57989 32500
93304 47730
5761 26575
63201 7229
3845 4373
26666 36378
25699 95454
6106 93252
63380 26279
856 85593
75281 44239
10578 55035
65274 90810
82361 92848
92371 95121
86307 49443
32514 27744
90472 66240
47923 12951
51910 15676
22708 81930
82366 23370
3321 60561
71028 44135
60537 72169
76338 92495
33135 1296
94789 27557
65210 4333
89439 87376
25789 4262
436 40568
40223 90119
64925 67437
91021 81314
21464 35712
15347 48842
77765 81096
94311 16406
12906 23455
87742 70213
82193 10627
83701 36948
94597 25077
22729 60361
90809 75293
11359 94764
97056 3972
25981 20296
72854 89784
77359 47087
72661 6380
68451 73747
60769 98389
64525 53742
99357 64462
43492 31579
25716 74421
48771 40602
89873 67756
93225 12112
45990 80248
93209 93220
24137 1702
42043 63460
96083 11329
80889 93054
40511 39901
37219 66855
8369 88336
34411 75640
78668 60563
41034 82155
37915 36581
75993 55746
60233 40264
13177 28449
60745 99522
26924 13135
45934 37854
5113 17977
75444 69512
79564 99567
37142 76789
56659 66181
6837 57273
85346 93588
86584 48430
74992 44630
23078 82324
55224 93645
54861 35435
25497 53212
15231 69594
79767 91180
11344 25164
55671 60713
11129 62670
77799 40227
95512 38515
2195 78798
43758 25072
52017 47234
10751 95904
10135 62811
26550 84512
53567 14810
32798 31476
67146 29954
72778 39265
71962 39196
6574 44273
32918 79027
29251 48946
86858 48729
25255 97975
14276 1185
43707 12565
78008 23810
19715 58151
97245 99546
95721 55019
85870 79241
65947 46083
45067 67570
937 28277
66197 29149
67784 57132
26069 29496
17809 8564
56309 68849
25890 86145
40389 57565
44668 24873
80280 1589
34851 14821
65764 4788
26530 56117
62918 90394
72260 97113
57916 58732
6428 11160
17896 21969
41246 381
90196 55414
42499 90101
83401 91884
41801 4626
12310 67781
44593 77131
53615 90586
70399 25722
99467 66696
9246 92188
19846 23598
67993 65685
61 60720
86371 7689
8692 72439
86448 65188
36211 29359
28154 4979
25925 89384
43773 59401
34136 27702
71674 44795
92319 79729
71672 30084
23187 37302
90175 66594
81838 71587
32347 92855
87566 36095
90335 86665
63512 24304
94175 87714
73267 14274
78804 2192
19785 27591
59132 3174
52841 31634
21368 84570
66759 22235
66893 63781
22235 11678
90339 98982
69758 47163
46633 27519
34128 90487
72047 83318
77525 2394
78186 48885
22067 55280
60147 6379
33941 99528
3657 47849
96107 48472
21066 63270
63112 71894
96990 42588
14467 39488
88620 51432
78614 33526
74275 22765
34434 27931
92179 76146
51657 56599
84305 43584
99891 31383
62231 90181
7370 50476
42049 14515
30109 34184
19217 24929
41857 61220
63563 681
70571 88797
71162 13769
53015 92690
88169 56514
96132 47368
41611 70588
54614 62022
23796 72224
32339 72345
14558 2780
74759 2417
46789 59075
81600 19778
90731 48906
69490 39685
36853 21260
32147 69588
73771 38055
95808 20465
48156 87293
5527 45887
38072 78772
4411 3144
28468 78263
8724 98965
45066 15858
39884 9305
9366 55417
42258 94791
82522 79074
69371 9239
59739 12006
27196 43045
35201 15716
41169 55346
55483 42239
82330 21377
60281 14075
60568 90683
26128 87299
78996 20172
56762 38822
81369 81187
49875 39094
40021 17238
73853 96200
89052 6140
76029 95510
13413 2449
30395 95872
48203 77621
56838 72646
48269 42189
63566 85520
622 41505
60232 295
68790 19164
54094 27641
39375 65872
55196 25144
95528 28783
23828 40988
51606 31251
13979 92220
86030 11287
99258 2809
85293 38203
50910 67188
89328 89988
60983 88627
27900 42297
56349 18560
75095 42471
17607 97865
15212 47998
23666 34145
94476 58387
15200 23806
58408 76796
10486 41209
68472 24503
14428 67089
12823 10211
4225 50248
27268 9476
39253 1636
88226 17251
23213 44080
85944 56300
44579 68536
13907 14543
47380 23344
38303 9728
95008 86190
74194 59735
54252 47660
39745 89649
18083 49703
32073 92749
5233 73154
3143 33359
31047 92900
73056 66528
66714 47125
90746 8492
62532 93093
14017 94242
95714 91814
23651 68568
51316 72269
15188 85317
33151 95989
97035 68997
56142 75003
6627 53113
43981 77059
8091 54276
73005 14898
46103 20783
34916 48689
90044 63589
51817 37553
15800 10328
18908 20193
70423 36026
62844 97594
45423 81317
43823 85908
44246 70644
66206 78574
20422 3847
66262 38698
28928 21731
53352 19118
62629 39280
91849 15844
12543 56761
84339 18906
55158 31216
1794 8067
64124 97255
76408 26485
63458 62775
27610 29545
3456 62973
46833 23615
54065 31800
76074 79127
27252 31277
26902 26744
21133 87587
6123 43852
35745 47303
20929 68098
94046 32233
88661 43884
39408 38014
19913 95774
269 92636
45090 84597
49323 24352
70153 22254
93636 41995
21451 4842
75673 86209
75833 27153
64588 95497
77193 6059
1956 83440
74739 64712
71757 95718
91508 84730
42901 76926
33614 59926
34257 85331
54246 7319
81846 97246
38757 7803
17888 57697
95096 77668
93166 69663
73136 55127
29379 43713
21763 67136
83047 48338
1513 93805
85413 87940
91199 44143
73963 51178
49928 79164
24204 28571
4391 64943
47841 75414
49062 31014
66691 7064
46226 67683
58131 87079
8188 80780
42291 98987
28505 67244
32075 74159
44547 95247
31716 38565
47127 69514
85008 51679
59925 10608
3008 55255
79651 35102
12300 17832
23146 23344
8463 96114
30455 24937
58025 94010
15675 81168
63675 90887
55180 10061
48366 57190
34338 43728
89005 32552
62907 19979
59238 49503
11031 28243
24908 55716
58940 33283
4120 15412
22707 27736
44068 34222
62537 5974
29359 31094
87055 70945
19516 46454
83035 38917
35442 59672
58757 83439
47037 59661
37579 62258
11435 169
57357 33828
79537 70916
42737 87742
27108 95930
68128 44382
80000 51212
6439 15592
13477 37214
30072 60673
17652 7159
83590 64211
93046 56611
72076 95309
2358 6676
52327 32544
67106 82045
30455 45186
89741 74902
52450 34191
84592 25819
36433 79555
62469 92525
20434 6433
48811 22767
26772 97007
32869 43786
42542 20952
20538 95529
19288 72041
57750 49854
23503 37396
32936 97723
40950 59216
14530 92666
78480 90230
87901 35030
30951 88454
24178 66639
58216 64704
65889 44522
2565 96332
60078 55887
78001 62610
87263 7657
55047 74306
20352 970
43332 29486
9119 99652
70409 88075
71792 95761
81946 44436
77673 73355
98657 28839
58759 71925
32427 82821
55880 47056
67530 4342
41647 231
59441 7779
52324 58148
18587 27067
74321 12536
81381 33166
76902 67799
82512 34965
26581 377
71744 36392
31062 51291
32223 47462
57861 93468
28538 6833
9727 70784
17315 63407
98761 53840
65325 31114
49769 25592
44788 40465
69259 6504
21810 63637
73405 77908
21227 67277
61363 73844
44578 78962
58628 43877
92001 48355
67690 54437
79254 64771
62022 75515
25584 57878
52987 26445
73222 5736
78574 96359
60752 66182
49292 29531
19532 63138
54116 55996
34586 22707
2985 32065
23169 33107
88529 75529
23688 57983
51320 92177
91709 66875
56318 53119
90386 4235
91365 44251
95995 22619
3284 6608
14929 87448
50646 22576
21138 87349
26012 55597
32670 63975
24759 10721
21884 37801
24959 92199
81331 47513
42159 49375
593 31033
41862 63310
32904 4431
88455 80828
5644 44421
95290 87764
33494 90218
43881 54727
38724 23535
4708 99881
79158 20938
43645 92883
97331 53974
70637 81279
56802 882
34861 23439
74865 40766
222 75463
58322 46913
32962 12590
97401 46149
15968 59281
27487 44185
92611 93280
53314 33358
85628 11151
88163 635
62524 63671
25254 3002
2491 94898
51125 25640
79540 19522
39198 21960
71814 8490
15344 9761
55540 57171
29314 59452
14790 18249
55501 51591
55014 59548
7916 14612
10692 88416
37603 51386
55955 909
97142 54227
40425 51391
12525 27165
52739 79415
56022 50105
40831 90168
57123 36111
68735 54507
24104 64584
87789 77627
52094 78035
36785 56538
3619 29920
28861 92763
85816 71816
77538 28757
44097 19331
62392 26758
23369 13360
90490 78542
33659 25073
43335 59248
33802 12236
23075 46516
82346 86795
16404 15496
46900 95133
52069 6330
3910 47987
54374 72447
54369 3
63561 73456
86473 91145
17287 97032
13545 86913
986 70215
33580 31918
13184 71602
16101 61783
93982 94032
4648 63620
71579 98638
95406 36005
84288 47965
60566 21547
26431 23599
21726 30157
70697 27677
77134 35109
61302 54244
41805 92625
35681 39843
42922 82098
20618 47806
58452 39632
23762 85086
2882 12820
3202 51343
38253 96236
4452 56769
5201 5994
60744 96712
69104 21702
1089 12572
10894 25720
76966 90
60694 4862
29713 15072
5459 14076
12419 84085
69560 16599
43966 21503
68921 55161
17642 49418
25072 39409
304 1512
31193 14960
53730 29068
86518 41004
35633 8398
15147 29952
91061 43306
24035 22410
32426 21952
61897 18764
57613 17942
28016 14029
10690 3857
55916 66741
47409 83808
20599 75604
2661 69873
79469 19547
77644 27898
25328 97025
58202 12305
72068 44575
5477 96244
43284 2325
4586 79875
60907 70083
17959 22401
78076 32624
21343 11926
14427 9255
91577 23471
22370 71029
56257 22685
91437 32365
11878 57330
35966 29060
62362 54311
49978 5333
15606 2585
27241 47549
95347 92807
28410 3040
27761 58870
39133 84131
37172 27149
9159 53487
32962 55673
17969 37397
25190 72586
61754 19525
50864 48116
3776 8117
62835 12848
79691 92832
88550 96408
37539 64644
95876 21454
6516 75971
76748 86197
80049 36867
24545 44375
18126 48974
67114 74877
19429 39347
27763 38746
81170 88931
91243 4513
12119 29620
56196 86762
72953 60706
63639 79313
96513 23337
41917 14839
13275 94636
84118 72639
31162 73809
44454 9362
19602 73891
36051 35004
46493 80751
34441 83276
73303 43015
75382 21496
75682 43074
69294 14967
65219 35354
72712 99269
88163 61228
72639 50242
2094 78716
75282 87411
54199 45774
49124 45344
21075 74382
30300 88916
98361 70601
96934 15201
83337 38738
53329 35769
31490 55646
28144 65142
72937 82568
98393 80371
73673 88814
72040 47120
6286 10578
84349 2738
63817 36185
27930 9920
62351 93327
8358 29415
53658 85602
17164 91415
70278 73347
16957 45893
4597 70024
5162 87111
85580 79212
57578 76635
66356 31534
44890 87264
85721 63310
16216 63578
33134 9459
12200 3570
56328 99975
6383 67572
85759 93817
19130 7888
60752 87002
66168 30906
74429 97377
25180 79562
4491 25319
75708 79933
69794 70572
1173 42994
13457 26320
51812 49869
55464 23130
38478 12439
80285 48661
87449 60796
36200 21518
47665 61612
47078 61463
13092 7578
19449 38791
58694 75264
49574 42488
43694 61401
38134 12648
35479 89510
13013 42360
9312 12138
45591 20368
78540 49870
83470 54457
64547 28285
91157 53665
25647 99721
11048 63451
544 67460
28713 51420
41993 43784
19965 26559
74304 73232
41325 31842
75298 5340
77222 56839
23788 96785
62649 29332
81379 65623
58459 49363
40301 69561
69510 22579
21462 58281
9079 14341
25997 98521
41742 89024
16420 13282
63761 74461
50899 57473
8713 83515
29269 38133
43810 81404
99817 51747
96752 85479
69490 23026
16517 41028
37624 25391
79388 14019
52645 96586
74161 12245
45929 55928
22567 89553
47479 74095
73760 25617
60645 30700
29896 5778
84176 85712
34187 52632
51894 83231
27867 59367
93626 19456
41451 18731
10979 9632
4022 8497
46237 26031
2040 42444
76086 79425
94548 30897
46210 6670
97389 39931
15352 98418
52300 18215
77876 50990
86944 3801
31827 17637
77786 52950
71321 48288
39373 71208
76558 41706
74292 90269
81276 52981
14700 46440
20883 93908
95285 37695
40934 70495
34005 89403
72716 59282
1973 68027
30943 43757
6018 94593
65440 23221
73805 44883
85777 75954
26668 7451
30649 35823
31255 71944
63428 1502
50411 66507
81313 47281
76906 283
95554 60482
86905 30897
73855 29420
4865 22061
90067 24879
336 56303
95582 72656
22517 16606
18625 23670
14822 64997
98245 68910
44861 21521
84020 66569
79703 11828
76702 44057
49172 9957
37878 5431
48826 1630
58803 24832
76754 41789
7759 21235
88009 46755
56715 96213
9905 18136
7529 8877
59549 19301
11217 91656
92488 29784
98925 61046
79407 86500
73100 24107
65490 70270
11107 93919
3735 18337
35335 7534
54599 15691
93236 4985
86576 37598
8009 85220
98849 14080
40650 28150
62160 32923
82941 33563
93816 23869
83885 90181
92755 46681
77002 98631
42853 18981
79367 34457
80497 95130
54651 80727
54081 86871
84481 22786
2530 89151
18808 34365
13221 41238
9987 60977
26336 41575
12073 41737
44267 33793
49270 85271
46852 39477
18649 36781
39275 68346
74404 78629
92582 36138
85423 59610
83070 34690
55158 45645
9345 76166
37718 61152
31934 58874
72116 26654
77932 52170
51030 41009
74563 41635
33447 19051
89600 23127
73399 74846
39590 34174
55641 7652
97080 38384
30756 94039
50304 4747
32147 52122
68139 77715
83845 33166
70667 28301
11069 42206
96148 29731
44835 80372
89919 48931
63009 48737
13481 23936
9830 36441
84597 79407
38983 82612
50406 54796
77017 13743
79334 31251
31288 16649
80643 2086
71748 50950
63692 92942
58335 97168
84632 65650
78160 31408
3423 5921
86338 4857
12255 22735
11174 8510
61112 19471
65708 78391
91984 27422
66286 31041
21457 91672
85958 43866
77222 28768
27731 66281
87297 98493
67000 15764
120 4951
42781 10055
15587 33086
76620 72756
84800 14724
70773 96046
36304 52542
69322 55180
83799 5766
29572 82349
93375 68508
92188 47950
90038 160
14483 45685
92203 41466
72650 10
27413 89331
66571 45240
91308 53145
15614 65265
56366 25727
89813 28967
1340 20506
87489 596
88474 95205
59738 3795
80210 91966
51898 22980
96305 88775
11202 85228
76393 38054
42293 53043
7534 66373
5464 30052
47449 58610
37785 75760
57736 50752
38244 98411
28892 5925
36911 46510
17817 32698
18159 9683
86313 89502
74049 1372
88922 13459
71971 83725
27451 20031
82231 47277
16963 81997
39431 51913
67306 69802
52539 91185
65870 47080
9349 23257
64688 47902
24950 7066
37300 81221
75430 22798
34181 46013
50096 27159
2638 24646
35251 12856
31810 25607
55698 74298
70740 37035
85717 72745
90016 41791
68582 39349
77473 5846
82069 9586
20088 59141
45237 29080
23340 65127
7132 8579
22212 95993
86823 14356
22191 25375
88819 76110
37180 37246
12005 48474
2562 85280
59203 88387
12250 81683
75641 71611
59008 44810
64150 22965
43701 21338
99212 32424
36896 64510
80403 76978
96264 36372
3078 94227
19899 10526
56644 83310
21291 52738
48305 7755
47948 17163
54514 60056
75800 73445
35253 7427
1835 80804
50375 37570
3078 32958
25467 65227
24720 30380
96298 45244
720 84558
67021 96820
3989 61284
75077 86232
93326 62037
54900 24783
47666 79628
1025 17894
15546 48374
66904 97486
85538 57573
28584 44729
17483 39856
13251 44576
66556 14897
62625 89024
14428 70373
4669 90200
84634 2416
59414 53612
69766 20374
96784 14213
21909 61635
96657 77615
5504 3236
61828 83066
42437 48556
38393 26874
81285 4336
94691 999
64965 20651
5816 55742
53613 97979
49365 30301
56012 48834
46904 30475
84241 78438
44836 28782
70259 17329
51616 37906
14827 52849
87192 28297
85461 83865
89179 52358
8531 66495
90683 97345
17577 39100
87504 90646
90562 14479
82165 30341
14826 40634
34858 20788
74417 24611
40272 3592
7566 74325
89808 32688
57018 97852
30389 34426
13393 38252
75469 58236
5749 40795
1707 53164
19850 18691
34824 30792
90267 85153
86494 56304
69460 62169
17516 75079
13125 19791
46165 89525
73446 40879
76576 99527
65069 18438
67993 17710
1241 88422
86639 23420
97387 82758
61588 49642
5480 6592
33280 40085
35800 54034
83343 67900
79402 32957
10846 48580
48270 49321
96850 79636
87929 75167
84497 86969
65733 23437
51750 5635
82862 29606
88033 68550
19094 28959
1909 19707
18817 50548
80761 78588
75290 57984
67880 76939
38221 2632
20288 95947
72427 22033
97191 84262
58217 64006
1729 9637
2976 8275
83835 75419
90031 10892
51940 58395
27156 30151
54638 81789
77111 90813
8850 74525
79520 7214
2953 22172
91164 60858
79667 99453
63611 47400
16116 13673
95477 25858
96402 73452
51648 40631
15993 67317
61628 16729
50679 89498
12360 19709
3616 3154
64201 85725
9899 44345
7498 48057
82258 27983
93239 45425
27126 52825
69697 33709
49882 703
30013 91926
93667 40428
58821 51162
92574 98066
11701 82475
29274 94947
95471 59521
13737 70457
81496 11668
48644 48559
8984 10466
89732 72133
98590 55087
16938 34528
50042 71200
58231 36039
83169 17183
2580 89351
80781 36506
59212 39920
20058 31780
66701 75607
62762 58227
16715 61106
96578 23168
94237 27967
22283 12874
91550 58717
42866 47731
85901 67472
39976 75873
68397 74145
35522 98431
49190 10748
13498 6585
24290 59857
46348 41379
3089 65076
1306 18931
81797 26749
4521 52547
68279 10633
28066 42864
72352 41783
82386 47453
21729 56139
91562 72145
84316 23086
63711 15668
28472 26604
31435 24566
38785 93813
36810 82729
30917 82204
22270 41442
23352 30907
43468 79932
86769 96973
95325 1428
91787 27283
1566 1998
5573 66224
63136 56047
63522 32557
600 48737
26538 79957
92000 70162
25895 14714
39220 61749
49161 25998
31126 68959
62211 71307
37899 81067
72683 70988
62844 80727
26718 78098
74870 9765
55897 14943
12714 76859
62529 27134
69198 9699
59260 58329
71449 91019
53238 58978
31467 14982
53469 78731
88067 63754
81958 87181
93735 67696
77830 29861
23456 34904
92313 92818
80379 66370
19710 4121
33001 58773
87960 61281
94111 70748
69423 183
78871 36227
92589 28108
33742 77631
9858 95794
55428 28804
79937 41410
86271 62316
63904 50680
23560 62647
4188 89493
85452 71173
46770 43261
90812 88126
24423 90903
14029 54122
34050 92976
55129 4793
77645 38904
63517 90749
48183 72643
84121 87723
31988 94089
86963 50782
23323 84422
40276 1172
16039 91899
19561 2831
57815 15819
83363 7956
84399 55295
42039 12495
94197 58338
56511 22734
40052 92838
76728 36098
6844 46078
77602 72673
82848 95554
59011 67142
47350 52206
80900 2095
75643 88226
6770 3998
55405 64771
40734 22490
50607 89209
75358 68139
51944 71567
70218 55137
6180 78903
57823 24749
41073 48419
45280 53701
92836 30157
83120 71301
32434 68528
56345 45897
23639 80396
52424 52628
53458 2054
10606 40397
42983 45381
67297 23804
88764 11190
22681 14929
46300 57642
59923 24446
87415 40467
2897 86296
9824 99754
985 91226
81358 76364
60658 25825
24315 88600
298 50929
25608 60019
21874 96782
52631 43556
46144 28292
89072 67960
59980 15297
49692 959
3059 2741
84941 54413
51000 89049
80852 7834
65726 80677
75050 28866
34927 94999
72584 82342
30008 37395
24654 22154
18634 98398
63168 67957
74363 13890
64196 51411
10691 5390
94949 65270
46015 35763
75187 31441
43634 97896
83201 68060
43135 87014
22598 5331
2832 24300
39421 70167
48434 50716
42340 13931
64151 46108
87584 86520
38866 6071
53848 41481
9886 90522
65974 42192
40440 68055
79242 91199
72960 17221
40966 4944
28541 33597
90274 79166
25014 67519
39449 69930
15577 93899
69547 51030
1783 54505
97242 14093
81926 46657
75949 78905
87038 10659
11407 75820
31133 4641
17776 16376
19523 15792
40771 63031
92022 8875
6623 84227
99551 94032
58879 62687
63884 79168
27234 21196
95916 99971
21611 3765
70166 91714
47649 32452
78754 88364
97040 79690
26862 99857
33447 29243
48122 42794
23833 86127
61708 5199
67772 67971
82222 37951
35852 89910
38763 18268
74377 52396
64053 18860
17620 15823
51330 34233
99126 68584
59306 55346
35450 30890
91115 6792
55054 84680
71397 60722
81734 94650
81759 74345
17849 55965
93504 53421
42530 86095
33654 68222
27648 56631
22931 43907
3126 46427
24842 47495
94540 7271
17751 9783
4684 50061
85813 96293
22854 1408
82277 53928
64492 89688
31277 1242
33975 6865
23959 60056
99392 65899
86830 95078
66439 60331
5412 89480
74000 45433
42703 70794
38337 14272
39207 74170
85542 33810
6186 24616
91021 62881
20313 32908
48586 55399
19096 43488
11316 21055
38545 610
1062 9929
63026 10292
33151 17834
50186 80892
31075 92426
69968 64228
33559 57172
12316 2427
65992 34393
94700 80722
62501 96045
10273 29695
64257 43529
7103 829
38706 41639
88305 66475
94997 54249
61506 41961
50983 66291
39140 3646
58765 52044
48685 22324
33773 16897
59382 93626
98003 11906
52219 48321
77197 91619
19101 99776
50767 34685
86979 60273
61872 89482
55028 56369
84523 52460
53182 4931
7680 9350
39539 42286
54384 77922
66567 14555
75620 63305
57523 51736
19846 55662
30485 70679
95686 75204
91598 9839
46902 96835
16290 76986
29103 44423
77435 99318
77354 92689
15783 74789
67560 36612
95542 8204
49003 77929
6108 70679
56890 43915
92949 97940
22849 13756
33916 74195
77870 48047
87442 71533
91542 95291
6654 98138
74030 96862
48647 91673
52850 22168
90748 39532
71425 18572
2060 72889
89790 46178
89550 73354
14161 74152
58939 16654
34468 42732
90255 37622
24615 33892
56267 12505
66797 1958
60694 97776
88237 65936
36599 36250
28737 52961
5629 43769
27306 46014
78776 44052
73258 12110
11997 25811
41064 73054
70309 14662
34832 13599
32974 55839
98480 95235
42457 35378
15293 47939
72586 44636
29260 86172
47404 23706
48697 13485
84586 51117
26371 92730
87575 27709
87246 39308
80615 31315
9088 20335
35796 64381
97028 29651
69018 56973
9482 89932
64474 10619
85509 73138
51291 91711
67435 99650
44740 17303
9689 94586
91652 77671
34701 61057
52043 74676
98698 64125
30670 40904
34167 58362
85286 97106
85216 75114
41265 45699
83188 79040
51344 53393
41573 74612
19688 44535
7755 65282
44097 26259
85153 79626
20746 1768
39526 57906
26195 71738
96126 33887
45329 97780
60527 34176
71197 29733
62276 90339
95957 69758
83437 79710
49082 89494
24765 56487
96913 16870
59499 31196
24130 82862
87794 32797
17276 46158
10672 81997
74959 22414
68395 43156
15824 70390
99367 56383
13592 53590
67441 45663
24678 45760
71064 85638
68600 52137
84974 32045
33654 81644
75979 62449
97192 80742
67338 69553
33466 57979
96043 83730
68127 24016
88879 79035
77259 95791
51007 93049
17720 74086
4166 24092
3714 98056
29362 43288
99083 9418
75927 87366
5368 84007
68844 50368
75601 52477
33355 1192
65573 79662
9621 41538
23332 87520
10796 36533
28579 20381
23640 80845
11644 62580
25635 6428
11147 87446
85309 57685
45554 58361
70104 54800
91157 85977
33964 58313
85759 370
77685 7809
3612 67591
22704 23739
92509 66463
58050 64352
73975 59810
53265 44604
59364 72704
6248 7294
66528 32170
51736 69500
87341 6359
87537 87245
2992 98081
88109 5805
19921 93829
1670 33468
93631 50247
96027 55743
42218 5643
23887 13982
2663 16541
99114 90468
54480 29354
79606 80451
40865 34085
76995 72269
35420 57571
73763 70876
83974 26367
21391 87883
42504 67927
20384 25978
27790 8173
54294 91438
90315 88486
37077 8654
62516 97518
52163 98343
47968 24915
57356 73802
57071 89734
61918 33065
89056 99165
29645 59613
15896 56532
42768 70499
97890 25575
80482 75802
31690 16761
53922 79526
1633 27568
46291 74384
36380 32214
96989 46885
23797 51034
15242 4914
21608 58765
12394 98830
89847 50374
86415 67921
58631 36158
84338 58741
55585 629
35980 86012
16946 45195
20606 28617
68075 77703
5833 20357
98369 25908
52503 40060
6926 76415
13616 22590
7054 21402
12198 84830
94915 50940
426 29942
97490 5247
72852 37697
22276 91585
78879 86144
63462 35811
52138 31478
20841 25613
83192 88012
6178 37384
18609 56654
51531 99714
41407 58251
32449 2350
242 51033
2500 7809
44348 26414
11610 64598
59062 26952
5035 46667
42041 30599
16934 9186
3334 84653
71835 69825
78335 7557
63520 44978
24971 22457
65709 42692
21014 72859
29855 78856
24014 53757
58872 81365
26983 49560
28797 30212
33912 14377
60727 20692
56220 77423
56467 8423
62290 41007
16354 70948
80670 33104
70362 11123
27078 83488
19634 17764
22901 89709
90986 85384
81755 87788
84801 82710
76970 84373
58461 43752
61051 30948
44167 48731
58696 73402
1996 40659
69039 38491
58333 74356
4885 63950
47856 20330
12224 68640
84380 674
94588 59937
70721 39567
80952 40933
9022 94982
13190 72644
9881 39714
82686 14874
34203 33472
24283 3048
66705 52228
28764 86801
6348 52275
65413 22750
43490 97719
19292 23515
25963 8126
80460 73495
77860 78555
87365 84040
90447 2852
42746 10405
89137 17586
70145 95402
4243 66084
79575 36183
17634 3356
39834 26321
90032 72480
72077 75136
63280 58586
23063 85039
29 249
2052 82416
99924 58574
73986 44405
14677 31888
22918 11320
25574 35032
33445 8244
58672 98918
78075 74569
59776 2970
57767 42460
58279 34235
93517 53204
96699 93044
44306 36575
77588 85170
96292 31723
88303 28231
3088 24781
25743 30698
66090 72605
38615 14165
16360 62680
99121 13894
94503 509
10954 4830
57541 9361
65875 6661
25893 58587
39874 2436
5806 88136
21807 74281
83820 744
90551 78663
49326 35087
24829 76563
80038 98869
62980 76968
8524 89206
36374 63364
81500 44755
47456 96713
49491 62960
77459 51901
96661 63316
50469 31882
21162 57260
68270 61054
32989 7463
56812 87052
69820 50683
67103 4938
62363 19327
61517 17841
25681 38479
34655 70177
77624 45036
41954 78650
68177 45721
90952 42051
86302 6047
21476 57286
18439 71849
2098 95282
30006 93417
30572 14296
16378 76849
35222 86799
98152 26299
46003 87889
3733 91458
52525 22683
67773 53767
39089 78513
15936 89069
20784 36471
63775 42332
52800 41209
64579 31650
73817 65764
87447 82573
58809 29771
84297 37394
35296 67523
99885 41290
8021 58471
95322 90575
64959 26484
875 90980
96140 78
91390 50634
78157 33786
7385 97260
10232 44930
17504 13460
12101 97716
5024 46675
18194 22467
4104 92573
30047 91588
59626 20298
63091 94067
33759 71703
50101 46252
71968 44387
9363 32850
35917 946
2175 64779
99498 16206
89548 33185
9789 23073
86454 16067
83698 9371
74647 28130
17463 53458
37139 33972
43456 72381
6605 50901
44420 11481
67759 9569
2398 67780
83111 90587
1005 73445
61924 64746
98548 28738
3389 4662
10683 8679
75018 79
92588 22822
63529 96647
52758 9234
96058 37619
878 70339
91524 70285
90249 42581
60430 90197
48996 71720
57030 40683
64380 90017
8350 29975
98678 98504
50153 6274
29176 49225
4899 44442
41006 43763
31143 54418
74054 42043
94742 31519
40020 41754
83446 48252
87791 34763
43217 59111
71506 84814
98514 88546
76092 80680
17612 55027
27760 55457
15538 83044
9750 62052
86784 85443
44344 62370
31633 68835
96870 57199
82630 36890
6547 87172
66757 38273
15349 25339
65848 80151
93864 33143
79146 64894
56044 5401
72910 49820
20515 47947
2040 35004
76180 75258
42657 55755
93739 15284
43271 57051
3958 50510
16522 98179
9609 73120
93553 48156
93787 16230
79427 45446
41671 86881
96943 41825
58668 86004
48036 74549
91150 8681
9753 74730
50450 63241
11270 41104
70822 98311
60553 21081
65495 37622
55747 79162
36376 69262
11448 43470
31810 67083
34067 80050
56270 87470
50591 74634
7421 87802
69807 42107
6161 97816
38775 21199
45425 49396
27152 85652
9737 56285
60440 60029
87879 8585
74832 50367
1151 55534
43004 18997
59400 26442
16647 22845
91325 98109
65788 92281
17214 11146
9102 85231
65964 65625
18865 41162
29776 53080
85342 68598
56020 18933
22739 23079
68040 2662
1713 80915
74559 84513
49948 1683
28815 87364
78783 67175
10741 47470
94693 49679
70607 27044
90817 79826
2752 22541
45959 26459
99215 48183
38832 75991
98280 1616
94938 58136
12057 44845
42374 78581
50710 44422
87929 29960
76631 45688
95067 61294
55061 46626
22331 35659
29904 47048
39432 72131
73547 98099
76217 50050
86510 55567
69063 54005
74436 49388
58606 57871
98843 16414
52624 8197
29030 31037
49457 31410
7230 87334
44476 34196
21341 17943
63132 11949
77729 65399
8196 78499
95023 21324
85864 40960
80622 37251
37730 22994
7656 76427
59150 62348
6252 52602
63213 15012
82287 37639
49958 71987
27206 66510
833 26392
88653 52911
63786 45397
12035 71152
57076 67088
65004 42710
69491 44180
30958 38096
61697 64333
6996 17740
41882 30128
94862 74304
63039 55056
51343 61986
80631 34698
29870 21456
46058 2586
18437 30954
73860 14180
93909 7827
44984 85932
28960 81587
26842 34846
52814 16952
37700 16583
8937 74896
68466 2041
62912 7568
38918 5195
43368 52304
76452 3895
15542 47853
52983 38715
40774 40838
53611 12120
28728 3968
59824 31478
68493 17602
18494 71998
6958 59513
84075 73214
39174 62773
98998 79945
97315 45098
73440 88693
36121 3217
7502 31195
69758 95716
36105 89146
58831 99973
16157 51987
35786 80312
86045 36846
42066 23428
60669 2837
61487 91798
45687 78132
43275 61981
33511 63935
92181 22159
40783 99116
81922 11267
28916 98484
63623 11925
16766 56791
93440 83302
11420 48533
16685 15801
6238 59221
37072 48215
95737 92354
14992 80236
48263 96616
11512 71911
84676 9660
12600 2750
40018 86514
89155 52424
20118 27268
32656 51777
91545 51154
41690 92553
75143 81052
48128 31045
98643 33578
35237 8605
78833 96709
41873 17821
78267 97915
83918 74836
62893 9278
22699 70167
77609 54758
23325 88735
71188 89195
7865 65639
35735 86891
10076 80175
97631 18506
25251 22652
32989 24621
42867 72661
45990 64414
25426 1255
10836 30443
26252 37411
36067 53031
91503 50683
50133 8872
90927 27784
33519 96007
74659 54631
12089 40995
39366 7319
68354 26750
56791 40924
53338 37726
78457 60256
10295 57614
32948 30413
61040 88378
96754 58611
81669 90647
57955 23496
45205 22040
89913 78212
93414 17562
61292 66657
49632 96825
25528 58785
30578 3992
87514 93479
44940 94590
32887 35196
48068 77939
98229 94092
88657 52583
15424 69287
15635 3948
84838 55680
64009 46519
62267 37617
54425 12131
3926 68245
63275 47149
49810 79181
42126 92825
78190 96764
47954 53708
57518 2699
87373 67856
68216 13990
84503 6611
26519 48956
35437 1832
92763 87235
23633 1380
90742 49489
5352 95554
37985 93220
35547 77184
6197 38620
1015 32224
49459 28539
58029 7304
27133 23340
34386 68738
36090 40377
48640 14973
26134 69332
63251 99018
18879 9999
16558 48351
25033 84419
63188 41207
13803 51885
59374 59601
77120 6220
49387 25069
73607 9349
53595 89042
74052 19519
82004 89995
13148 33992
84910 67204
44093 35790
26374 1650
14068 88166
37662 44649
87092 89544
23067 24099
78614 68432
42982 10848
66515 73183
8140 41280
48236 80441
94622 25483
77635 56229
95858 18281
38719 73136
78912 9163
11884 40810
20325 93536
48313 56743
58915 29536
31832 84415
88991 47781
72257 19918
76002 17997
35727 10293
41465 72570
61089 35991
54710 90610
68059 157
18124 21855
30050 21299
65174 71887
62980 50536
77456 67221
29870 97938
37789 76294
18707 87112
73984 52989
32332 54278
87011 77176
7731 43468
26675 19033
92550 39487
43969 71
52778 6055
9954 41578
98534 76495
95216 64594
39620 49225
14440 80976
53267 72391
75946 11002
73991 62915
97084 29740
67287 17880
75751 17890
64031 48230
97336 87872
52188 33170
33473 40490
45906 84035
87125 96300
80201 40711
38287 19538
98892 23276
49580 58993
39209 40487
22860 8093
57555 31824
47093 77265
47715 69284
54832 74634
22483 5474
59498 17100
88194 92719
13749 16347
22579 83026
39140 38403
26189 36600
60850 30642
27548 67953
84028 12760
85647 71761
70498 79342
56824 39440
62474 44012
37743 73226
79037 19409
29935 81120
73832 78366
54808 55286
44445 7739
14763 17715
67247 72337
29137 80644
87929 79343
12469 43896
21464 63622
34469 42245
43788 40813
94997 23362
99900 87101
28571 23755
82607 70133
1044 64385
30419 86551
24670 40071
35833 95433
90684 1414
54839 8758
63286 92361
72261 83563
66902 4578
57345 73146
44011 63107
12651 24794
45578 83590
90825 87268
68840 15046
69860 82968
53153 2916
67593 50902
76436 34499
35050 25318
37 74827
52826 57040
31770 2538
61237 3781
60191 88430
51221 31956
41090 86988
22398 58549
3799 61693
58899 81218
21493 20411
39550 18105
68438 5449
74092 63740
95451 17320
38479 28656
614 47491
15770 47201
21535 27204
6409 63933
82864 18396
47670 96405
61129 21183
42341 2655
47164 1669
31065 72854
95009 5355
79900 34840
88436 40528
5531 56007
22514 31480
18728 11209
90368 99437
80311 19496
74564 87449
46977 13523
67370 93996
63428 45563
43520 93084
86496 89175
24762 7840
67739 2592
14927 30293
2335 66902
85562 19225
37847 46425
26906 20915
469 97584
45458 9481
70959 53030
52905 28327
27325 21416
54988 68095
81213 47688
59783 8836
11600 38557
25456 92558
87226 38113
12988 69209
59685 95697
77192 61637
8286 72529
1713 74039
20567 70726
8572 1399
1156 97049
2799 43857
17086 59771
76374 72692
15971 23515
21695 2773
36947 67474
57662 58989
85813 90232
99146 87319
10416 66923
53598 53043
90674 90959
96121 56838
49005 55113
60318 22808
58325 21379
70837 16820
21027 85068
83400 99947
93653 50069
19527 15473
89611 48500
46532 41343
86060 69541
74264 67759
87423 39556
1404 2756
85266 63988
69841 89919
99767 77915
78937 29962
74594 5475
26811 25714
81612 1563
21507 6149
24947 87956
89279 90936
54776 35301
98531 90179
72895 54760
82342 96898
99218 64154
71875 82006
31519 38527
38873 42754
34101 71739
47307 58832
17451 39610
6977 1257
69914 14569
9061 59008
7774 65786
93159 81352
76824 52804
54490 95769
35759 11073
82484 43503
12042 46511
93490 37163
79735 73232
58226 4592
77160 2601
11799 30375
56209 9670
34536 39324
63499 53397
79921 10494
75956 41030
46624 58947
39469 59730
9257 84033
87194 72753
24675 3862
43014 38722
47721 57794
33404 18151
87066 50248
73903 45574
83514 42513
78419 43817
94575 77000
66337 10943
47428 39326
50967 33305
9577 14440
70294 71950
59953 89564
70883 15863
55090 95224
67302 31827
61833 11483
10349 96356
21395 46634
61610 92977
7477 29772
40977 79778
38006 11663
19324 25095
34752 10497
4711 40306
7810 40599
19315 52120
60688 62985
24199 96915
56641 50004
45002 76131
69840 80055
84043 63496
49117 39670
82202 24266
6665 28858
11212 37522
56029 52367
13082 94830
11939 14053
22850 29648
73067 4144
71173 83632
29128 11336
66471 14694
91409 72970
11603 6225
18624 1876
93780 32210
71286 44973
15357 16593
42197 94171
68322 99863
17253 37515
70045 45235
83472 58188
91146 28406
63461 26388
56459 59382
46680 79130
2276 846
50561 5914
23456 24733
93433 98709
43594 90563
44960 69678
26997 67335
35002 43437
9813 93171
39789 37376
97604 60150
99300 81077
8990 95553
79407 84130
84645 34283
96897 72894
94877 17485
59825 36
78033 16871
9177 88055
72237 29049
96410 59001
68129 36331
72022 68978
83268 19685
46805 368
69167 20087
41537 67137
99614 53043
87369 92122
75347 8046
25313 64435
28947 7427
71649 553
70822 32367
43586 33339
80539 93302
81860 33422
57058 36733
18347 11785
13104 36238
51005 45881
50751 49687
82309 78798
79339 14827
60852 53757
94166 30175
42234 42748
3780 47662
69649 81576
26464 10902
90035 30658
44982 35769
10239 97582
53558 74877
27832 67187
91224 91372
54310 44286
12530 92981
13075 72286
4899 92713
55822 59689
15628 97407
30092 87478
55826 56976
85986 8097
41374 57883
27820 8587
58364 32258
15338 64855
82783 84716
19997 41678
48284 7393
83310 56732
83178 85521
60392 97169
91944 86541
53689 70208
3159 52716
19669 23747
11004 65960
90995 36597
62400 22910
99502 38262
85456 46130
34437 6443
38428 41128
78843 1372
15356 11724
20951 28853
6086 49579
50310 71397
26746 51192
11508 11489
93303 47528
22519 63394
46242 12406
16868 64259
60582 57120
46103 82052
70095 60840
43504 85866
48718 98611
67793 50652
55000 70254
68385 14023
7975 53508
90411 59420
60183 86281
82176 24397
47242 8498
21457 26451
89157 70043
45718 5067
75281 95904
76969 6388
95099 45956
38187 10034
23156 65741
21663 35951
63665 58885
39690 63605
36908 14427
57914 22708
11265 72832
42971 94306
62130 33451
60739 56951
80452 91285
9127 61645
26400 74014
88260 67398
4018 58566
99351 59877
61293 12180
93445 75699
77158 59923
69748 26236
59509 94544
20176 22544
68759 61565
16615 50658
56174 14578
141 66220
5439 70086
76857 17897
54099 59578
43846 35162
70583 13551
56019 11618
41564 76714
92836 21866
53655 39383
85246 64478
46882 79331
21775 81261
77209 37057
10691 13325
2750 26182
22640 61844
83382 6126
4939 8640
77034 64404
67633 36721
35111 25181
63840 79242
13502 71342
31450 66739
98948 80722
42889 13369
87283 48629
16821 19309
14856 35819
7024 97921
32035 85002
3147 5230
8170 73259
17438 52433
25542 51437
43844 19561
54020 1106
53212 51355
58133 44001
96425 32366
84686 38978
90867 84304
97257 89893
30596 72367
80515 59867
73036 37504
14908 18395
5310 25915
37018 47135
4753 68572
6406 73508
70655 33092
80364 29038
87817 25623
26048 35137
68273 44156
65972 80265
97694 29728
60451 82611
92732 15635
5226 57298
87705 88745
7785 71643
42217 97562
26886 81449
20580 16066
97194 41945
57955 89762
33282 39439
31334 20573
3711 3472
97648 12828
31286 60806
83721 78859
10177 127
8219 89945
89885 95502
14070 47100
4682 80937
60429 80715
92462 52905
18519 2754
75026 76749
47406 24705
1155 32407
84147 27917
7794 48461
43688 77134
85173 2201
62356 66607
96260 79402
69475 42594
40444 23857
97124 88985
12768 50181
1545 54286
44531 23743
3562 35932
64479 93087
7298 80579
74641 75589
47153 10248
29658 83960
89624 4242
89967 26339
88128 33039
51050 20467
72659 23661
38888 59706
31681 40929
49673 83407
36989 11331
71923 63148
28510 97360
83855 50607
65919 86599
16267 96377
30558 21133
71926 25618
39840 16457
58022 83139
43916 45608
70389 1658
81036 15418
98208 21098
2895 81011
81927 68104
50858 10475
20784 94415
786 77502
73157 11485
81347 37229
61073 31380
76956 77596
33702 26490
70145 67890
79162 29209
25976 68668
60229 24544
24204 69001
36292 95840
42702 80111
97594 82031
10862 39461
39562 80488
75142 56903
36638 20074
60016 30070
46019 92757
44907 76501
49514 14384
12858 56365
82185 75909
60964 54025
40920 98019
57589 43195
65973 13467
74204 93270
86560 94596
42987 41905
46847 29848
35259 84170
26267 32500
92933 66241
71778 82076
83305 93049
27171 59156
51371 40986
72245 37672
61169 93362
22128 76389
81766 61583
93970 42750
47227 86822
95515 92648
85345 70928
96305 62110
88975 77287
92157 7197
80386 84942
6925 66025
34360 26150
37840 67815
26900 68698
15517 6625
37278 8852
88684 84357
88480 87749
68859 85094
43849 75233
67498 21657
6158 48128
4159 63706
61156 10975
46243 37413
44456 52573
57924 65213
93687 95902
97489 16360
38646 37324
6529 7056
31787 43889
25292 7748
39777 61149
6416 91829
67945 2214
56141 53593
99540 31875
970 58700
70873 19025
24142 75306
5397 20462
56615 41302
3366 58625
37191 61431
13744 85168
65985 53493
56824 23367
80561 36384
83691 66168
76593 79434
60248 63446
19749 48584
59122 10009
82288 48852
13007 59837
32124 15214
68555 59458
91351 81558
73734 81165
18512 95316
6946 58310
88318 25489
50886 28409
85561 7451
29117 3445
79999 80005
37144 12207
95185 54084
68072 25344
21971 57331
17381 57603
37423 46192
37706 8120
59571 1981
51222 96676
97294 11744
67116 18255
3895 56995
33204 66020
32518 92500
34936 16852
79801 57510
39464 78387
16625 76463
65078 43866
42386 41832
62043 32771
99206 17232
3376 24561
37083 45161
26838 91685
5856 29593
24686 51850
75820 19179
95554 78890
89111 28044
21850 68534
36671 78574
56456 55682
869 44552
28381 62182
21965 44979
57617 44254
31778 77039
1279 70507
16527 47964
40166 19249
15751 72802
27817 36311
37630 67721
86960 4169
62509 14785
86181 70681
50066 49468
49528 48346
15342 80367
28284 57124
67781 54261
49703 49139
93313 65803
55542 66440
54992 14165
67366 11622
98305 10232
51132 89334
62443 22718
4479 68612
52519 82325
32024 15103
12561 33072
85753 74301
32522 60292
29779 60180
63449 5069
18686 67266
98469 19366
89237 97095
88989 28148
12407 14694
31344 23356
60872 39464
86549 99817
49613 82424
32165 11719
71892 5319
80124 54026
98954 74378
60187 17480
8098 7575
70537 29755
45877 50476
973 65792
73917 40040
59062 21402
80408 25872
83443 64015
25451 33035
10779 65066
56445 4455
39303 30520
37431 23250
35443 36971
70187 34657
66849 98938
3434 1772
29109 51135
84716 56016
43034 47575
66540 17996
87259 60998
90538 70052
95051 77584
89191 52289
74302 78817
53260 43695
99277 33766
73923 85022
26902 36914
81180 57570
76378 44442
82506 59187
66238 61497
30788 44782
46122 83949
88004 64914
32461 17112
8779 22051
74167 53632
21179 81738
37949 77679
40475 20211
35128 64915
34455 79053
63206 3871
35710 17806
93128 59945
20226 48141
48227 63466
77403 17382
86943 31137
3653 24314
54699 78608
18589 36556
99286 18749
75847 94436
88888 31027
25707 45360
61799 99870
39348 53310
63618 88723
46064 6308
81738 52901
33779 20409
73924 67441
16755 6616
38808 75955
45773 49892
74741 72495
73439 13983
15403 92969
98636 91793
82671 49677
41499 64136
31258 50696
62680 49522
33354 53324
7602 2884
75712 28688
65851 51927
22689 59022
41676 98725
57686 40036
20830 36624
63467 96211
59601 77148
12435 49251
52457 69520
92034 85021
4108 5049
79506 44271
79909 96583
95231 73452
33924 26351
42571 73066
35100 71047
4123 12610
50884 7596
11607 1875
74583 23199
79630 63647
42932 64484
63472 72428
4926 90050
10482 81124
37372 60518
45134 82997
19866 24447
55520 45202
68551 26531
27882 13905
45557 87017
90832 36043
84477 17677
4221 17760
8152 46832
67421 98960
46310 49717
24321 9154
6347 29669
15358 73153
82253 14380
42733 26361
2296 24346
58925 48543
98650 64738
31837 69543
31495 67486
5666 70891
90326 95689
39815 77387
8225 20643
87928 14439
79881 49521
2246 8807
20689 83003
70950 92500
50494 42221
22354 68572
47773 20438
57190 77425
97053 64075
32964 65035
2129 68805
43057 58530
48143 49151
62869 52692
17651 35833
62719 94245
39773 85272
2879 39866
5934 96035
43658 125
65040 43527
48506 6429
16107 44309
78891 80170
41744 93247
69343 22589
68210 33470
5499 36558
77160 48015
1256 13276
29485 39921
19571 30729
32 84936
13613 52091
92804 84862
58283 26909
52001 49277
21319 90395
17281 23158
79453 91402
91444 20156
63343 14941
49773 79274
13634 41841
3234 70425
15871 25026
6031 51851
64499 93364
12212 10883
1263 68235
17363 22538
40936 49619
88723 15628
4248 69305
95328 22617
41275 86127
75304 13764
30739 34348
10591 62087
27909 83210
91740 69438
99706 60198
38234 41095
59551 10532
21976 54504
46597 38185
67897 99273
59489 21727
29861 29142
92749 14868
8934 82302
78278 14203
49900 17079
29164 64009
9674 63991
40773 71609
72982 99772
89977 88553
62893 84998
66551 67067
54028 66008
47759 35477
87736 88794
96663 63649
66327 52569
17319 48334
61717 41926
54076 16909
10913 50419
35000 16724
12557 26810
73664 33535
13393 48373
54973 71818
47112 88614
25372 536
22961 83153
22958 47855
76111 4285
58248 25786
95498 82712
65988 94405
58732 78032
90783 15781
35301 57466
98521 38542
40264 7470
74264 31098
36683 79913
77189 66505
43435 7785
43533 34395
8806 20149
14913 4120
74431 90355
19638 84905
6557 47504
48838 94172
51948 3388
3182 85763
81562 64395
57198 39381
88251 12949
11820 73260
47686 79958
70513 65094
82870 5295
63754 97605
47403 76771
80232 57583
52870 32571
57377 59278
3504 86883
28365 59504
74771 38794
50313 28840
50495 97478
95095 95659
50311 73678
35388 14453
19938 92446
78177 30370
29002 8310
86035 99317
29664 66331
95268 95444
47398 26101
43047 92841
60547 79823
15671 58883
31811 37691
99985 51827
2965 65931
23157 51664
9451 89369
83433 18067
41181 9408
57558 20059
35558 71232
5961 13963
96741 26782
83955 39719
14142 7617
46218 65531
9495 74615
68774 42548
65467 17614
57988 78468
87482 67707
11335 88866
55271 75862
33074 76744
9945 89308
43599 94771
66794 51180
70507 72103
61531 43083
67639 80745
62542 31040
34793 98722
8075 56472
66009 54339
96060 72995
90916 4059
38032 59957
37357 94659
77595 65478
82583 54579
23829 50227
49228 46730
99191 7258
44089 80585
96737 46722
559 19000
22647 84625
28388 20641
43871 18164
65328 9328
91172 53018
54513 89881
76598 56793
26343 18898
46888 78536
58552 62900
97361 57315
81421 74142
80684 24491
94867 91954
48727 82371
98396 54870
16568 30452
27291 91189
85939 94057
59435 51836
94901 33684
63849 61021
75917 50504
437 26895
98509 9436
58038 93483
64941 96590
17491 90001
69321 58014
87738 37921
82590 82735
36636 67043
94481 47369
71983 47424
328 50522
89451 23526
9582 51152
14030 17895
27731 36256
57432 85498
6826 72579
9871 95193
22410 68532
125 75170
7150 82227
28013 6039
37653 66340
71249 69085
85762 26897
76191 26016
45661 31396
64975 45934
41968 82222
76543 6968
106 59875
19375 66676
23616 60539
53606 73085
54119 50067
80651 67249
88827 13546
57324 22258
7068 78820
5210 17638
32620 22475
83819 50967
13170 62665
5815 15668
94105 66414
28380 51822
35857 29776
31131 66780
17485 18438
97112 97431
27684 77677
27389 2239
25009 18820
70583 82676
52595 23471
27064 52989
87085 67991
17044 17221
25351 57575
59524 60537
34571 61393
47526 91083
5065 77512
78650 45746
81555 16228
7910 68936
39490 16481
53556 28618
42255 85599
70767 68732
30747 90563
70121 4355
2183 50741
87224 6664
57949 12321
56597 14108
71301 37782
57691 40782
58192 41
79886 97495
89426 45427
83921 42575
50591 53423
21519 20564
14197 71133
77427 32138
32082 76642
98223 38486
67610 89766
50649 21154
6226 14484
47242 57725
82088 29149
4797 72632
34856 52117
90294 15689
26024 24053
26904 91948
29053 94648
28462 53021
44324 52862
96931 33247
1210 58347
39882 58808
84900 48457
84374 92370
42568 802
53827 90972
92210 96871
80044 52103
37841 59948
68306 59338
68791 26121
29212 85599
48348 36474
42865 45411
56027 14368
4575 49146
58195 74207
35192 11400
98311 66078
87440 72601
54463 90281
97312 77242
32837 81938
29414 65181
89769 14604
76803 25241
98590 78543
34459 33320
76506 59447
40921 22056
7066 13765
41768 14939
8859 16508
38139 1222
47202 21125
21638 62645
25109 20140
75554 29398
75072 320
35053 61082
73394 43607
87592 29751
76637 60135
45719 6216
47161 80879
74148 20107
29409 34732
55517 28546
34676 9380
94002 52083
54453 22495
96184 1576
96620 47624
20232 35568
76932 1296
86080 57180
16714 75340
69569 73571
30196 6706
11631 27518
88504 71520
95637 13164
71600 29685
10814 59184
39869 47478
98877 30350
3745 16426
29766 72017
58275 94943
26290 9192
51119 78435
22303 22629
3092 75947
88942 42909
9732 43247
14275 39466
10871 56556
59177 44428
48136 64673
18155 99139
33270 61298
9308 94199
23717 21801
17712 50513
81115 27919
98945 12447
35171 73943
15115 87380
89773 22900
10703 34085
19116 68126
81844 21229
98742 63570
99649 746
3656 51663
97221 79901
42400 6617
52560 81710
73057 53625
37623 30694
52370 88155
10067 94868
46463 54574
78978 50633
58903 95880
37157 5819
53804 2784
14401 73829
93526 76018
86686 14246
95888 69727
69323 95870
9818 67146
23480 91796
34421 9083
63898 37394
51594 89568
80266 83207
80803 47271
53190 44612
29905 41734
72431 83520
10148 42356
84746 45556
32118 80877
7263 68064
15873 86449
31965 69348
62692 89605
40244 99400
92834 60688
82905 93236
70978 70496
36838 17688
21424 83779
5879 9062
17979 36142
20814 33235
62037 34202
87343 23578
4086 44737
46629 31544
71226 4165
99995 47697
86526 28458
57764 56362
99974 26167
80948 61197
51130 72345
88997 37448
2501 81761
64467 91982
42389 97665
27552 15348
57438 94418
28305 90101
99607 33552
71598 20655
85627 93756
88902 46500
79912 9434
98377 74234
34372 62641
20588 34523
6611 88782
49033 5142
62274 14080
76252 37276
89440 61373
54247 50500
57919 6844
13167 40135
71447 72186
63740 804
63652 90677
88989 39229
30627 51091
51938 93465
87129 16028
74080 73536
30572 29564
38257 97570
98535 56739
39185 2192
11003 82980
98146 3457
11641 94905
8041 48527
57304 64477
81390 69079
51253 5425
73344 58173
85198 87992
16975 51717
55686 35706
42320 96027
19109 2117
19997 47628
19221 60519
46290 88011
48646 93877
35153 12237
87658 42440
54335 64013
1978 28827
4101 99305
12015 31950
39375 48483
1673 47750
24912 7265
84076 88298
73245 6413
37214 1928
62509 30837
35019 53454
28032 62828
2209 87761
33365 77575
67764 44265
24146 96578
83579 8179
45407 23257
72977 28334
40907 18511
37621 10206
76966 56170
97034 24973
78245 76756
90488 65509
3650 1692
55433 16727
95162 92563
6573 11287
45485 7248
18294 35997
97248 41452
39805 75269
82622 44039
53531 3760
92755 27425
75569 98753
38576 26049
8417 15169
20778 69778
43570 67100
5755 68065
75631 90850
23712 45313
23401 99014
81625 24935
60689 64930
43819 86413
21247 54034
1281 88851
86030 1556
43943 91578
89565 64558
83790 48967
40655 86792
81644 22630
68844 82510
61048 36292
28542 22319
2258 87828
94357 11809
67993 99884
38500 82522
76371 58789
85985 20600
21225 62558
42312 7611
68744 76216
65401 57958
13409 90267
72022 71361
11977 96465
72358 474
93882 41062
96757 42687
31408 85070
23697 71461
68941 55295
18286 24645
44854 82322
77411 82457
95028 72166
41163 38051
99540 18557
73894 29383
9863 88446
49941 49004
25635 45553
98785 53312
56768 63782
18612 24209
32379 76750
75614 80116
67094 74272
19666 29281
91734 60982
48774 40597
99972 28141
93271 24494
39533 46057
95746 99731
63394 67278
99404 36650
82361 71112
39068 58240
91882 54980
18139 5477
52082 71285
60699 13037
58835 64624
70733 39952
41106 7376
54697 522
5176 83155
67786 84636
39346 346
8143 39465
14545 90349
87420 93210
44715 98453
17335 7131
23064 10049
64331 47387
99189 27937
73864 49616
26789 75694
5345 29553
38571 63680
69580 45658
18097 20630
22790 41611
83172 21938
42797 76489
1237 61914
99204 23932
4985 33177
52914 95600
62570 25755
92899 16692
72005 70708
13189 31869
68490 83098
10093 46020
60671 22247
60144 42212
91469 11384
57578 7901
81921 560
83962 20724
72812 65270
95140 20656
7268 4754
68686 4191
9761 38484
71683 46223
83105 97581
26835 245
52868 30613
89361 67849
24432 7843
79700 48200
31342 8472
88054 15025
75531 66708
20184 86633
40024 84895
72156 34871
2443 32098
5737 36040
8284 81771
74667 15532
18089 27437
65457 18007
44498 29725
93709 85377
37149 45622
20759 65671
24115 64982
17611 88615
23201 30015
2118 84232
5625 70039
30221 2768
93582 97480
53382 50156
24603 73793
35004 81867
63933 22611
77023 37763
21236 27924
22434 99883
40038 25311
28700 88031
6908 34867
37575 25312
93476 14768
93412 50993
45485 90429
53653 64315
74606 35428
61058 87658
81055 44564
66389 65869
20381 67647
6206 69594
92491 85081
63375 92487
10124 36959
99040 72754
15082 12173
79660 8187
27378 1351
32627 76581
35638 61009
42006 40408
59305 14135
10590 8514
70630 19174
61174 9649
19306 25425
460 32762
41750 51277
90676 29014
32334 91541
77253 89184
97692 51814
2138 91832
11949 45060
57170 6306
8179 93396
44016 84712
67745 54688
8539 38516
13906 19926
66655 3223
32803 90857
36523 35269
37365 95663
76145 96662
9420 833
92042 42375
81938 68446
89263 73495
99796 53000
30689 90923
34180 38661
44897 45610
25909 97823
24344 25953
14179 30021
32049 24160
88680 60168
57786 27930
5032 90590
28295 96489
67782 74147
78479 21385
94380 54483
57773 18521
71208 72721
70720 42333
40745 63844
35371 45950
43654 13620
85590 12296
76727 83889
58219 66762
98490 4141
58938 16154
87663 46077
63925 72047
38397 51003
30676 12229
50059 7271
24083 25884
56071 81890
19663 89913
38051 88593
61453 46948
73459 41856
13779 8265
67408 42844
24717 56663
11480 76248
8841 90308
65387 97225
39899 21798
10544 99274
43354 2043
52814 51513
64929 33698
49171 98584
29391 4000
73905 92013
91655 93821
4156 2018
47505 65540
80781 39237
52439 92774
59170 14729
38889 95799
2651 93796
72250 30128
73887 46287
13376 34284
10965 62569
55000 68043
48107 66868
11743 2961
70963 26135
69146 92456
85537 53594
34639 88282
90510 11533
38538 28696
94488 76897
72409 32726
98016 56173
41008 6700
67402 19210
91238 2006
65536 47608
86454 22069
22576 21079
58751 34989
1929 93775
24421 74981
84034 78184
51246 10602
3380 87698
57541 1515
80634 40575
50138 49502
37400 7716
8127 49306
95441 63932
88365 74075
67632 25477
76765 52194
57248 39552
13072 35378
70740 96117
74824 15284
13632 76205
92364 26516
157 61974
42280 77441
91209 13507
46314 29745
72869 87561
63751 49499
92821 46052
17172 67163
47396 56944
78541 75089
52573 85743
69617 64738
96755 33898
81347 62742
91066 65704
35435 37080
36587 53752
82643 20153
74020 38893
26379 22478
18918 25597
70150 4845
56885 48322
25307 45396
17404 76825
70980 32354
6662 62981
514 80924
72774 93292
56183 51753
78960 14521
18314 10295
13085 88441
86023 7444
81547 16222
60156 30421
29435 13183
39678 75154
72402 98358
52418 49736
89528 66848
53540 10518
21692 63073
75331 28000
88461 95005
93923 59984
78530 99712
66697 75984
12692 45079
27363 26512
28447 59445
82462 47686
80677 30607
16750 74793
77194 44640
33513 54038
65561 9062
36364 72140
44093 99235
149 20943
13193 92925
97703 52008
84145 41278
68265 52131
23567 36180
71 27727
38879 82194
91631 64226
28291 94638
58966 42387
96575 12673
95121 84894
63070 59722
65788 9540
33611 42475
66230 91016
49113 60170
73283 11154
5820 86642
78441 2256
27374 27439
13427 3216
11339 11990
83025 79016
48757 62266
8758 76559
51216 31736
62905 29793
8775 27756
15637 19326
69765 49722
520 98923
91357 97286
64183 96719
90051 95932
14313 42360
7281 42249
91016 21236
97827 83327
3971 94808
84283 13877
7695 70557
19869 28005
28833 77437
13812 87117
96725 52954
63532 28655
23691 14712
21462 34832
4228 46558
29703 11004
56137 81754
22072 45793
51429 93338
78760 85775
19110 69779
89205 10015
93184 12541
37863 61225
56970 17876
69478 51372
62270 22009
38206 15626
63837 95056
71682 43945
68681 41792
87590 53875
31882 96278
17860 99350
97706 38689
88792 93861
29721 55063
2788 43670
56905 48655
55565 45730
71538 59494
40380 21129
4624 37882
66845 57451
37152 47793
67811 77775
63751 92851
53186 82048
86891 32172
43092 13515
22711 28460
27509 74434
81691 93606
15943 62140
60906 4980
80847 64114
81147 43793
68374 23172
29001 85758
72360 1298
75315 63358
14776 83076
91036 17497
53595 36195
56620 71805
61128 22589
59725 90328
86111 9061
1007 44543
50335 26800
52996 6635
91693 10297
69604 9911
88884 29821
51083 98819
15712 82624
4918 44788
28578 81831
80618 48145
47599 84604
93101 70568
48705 73646
30443 98503
48564 749
47186 5763
22986 16914
42902 58996
74408 26933
18894 70551
30039 71125
57429 5835
32163 63764
68554 21908
70751 18456
18544 65756
64544 66604
8847 15117
17885 54524
85649 96664
29334 27805
28038 86993
70602 42594
91648 34960
35583 78024
2744 96273
73661 91179
28295 21909
69523 60879
97134 30751
45073 66488
96462 18584
41165 17074
12849 40876
88126 83914
69759 50475
63492 61810
9770 7304
68158 65569
14275 93661
89330 35409
67362 76774
53385 28480
17986 70849
75695 14223
5538 41044
58743 35046
79461 81287
64182 37934
70867 67910
59364 21685
34934 87232
45470 21006
93438 76779
10438 25998
78749 28349
28353 75664
43212 75380
24632 21650
21636 31952
73880 90422
14022 49748
18066 50466
72244 65480
92859 13504
11253 83898
33741 69471
92469 97624
38565 24848
67842 50839
56387 72617
71568 44912
50573 35302
59158 30141
65644 76483
40911 65120
90316 62275
3674 64957
66849 67404
3131 54172
56285 19497
5176 18312
75131 87687
70876 98002
94295 91896
70615 78734
11123 20851
59323 51828
89460 6641
79457 56065
8995 64018
49378 44500
53357 68406
53983 39793
75555 66629
99610 12961
99899 33192
31546 22640
52525 70893
97611 90606
62390 87686
89980 94831
473 38026
60991 69035
67065 71347
39340 2782
89599 14687
4606 58921
31930 14736
74964 25967
59611 16876
82418 11545
7029 43837
75837 45971
44099 3281
56291 54284
45602 27419
6993 47162
12242 91408
75227 11892
27417 57836
42999 77526
66688 99307
26466 80448
4820 38544
11161 57303
92966 34177
93185 67139
83884 51400
42369 20816
34334 87060
27523 32461
62873 28086
54518 86511
10303 87941
50446 85071
59061 37306
5859 29736
17828 48820
33742 9114
53273 86614
47215 53674
5382 78788
30602 52831
57214 2186
72516 55399
6492 78005
80395 26928
42077 22039
56716 72975
79425 65063
73115 21212
58798 14879
87086 6036
44365 58460
63170 9622
53291 66530
57333 74727
54298 3254
88138 24302
23437 47234
16808 75352
4287 40564
84315 80053
4845 58910
30642 21465
48887 76728
6143 32188
29155 87322
17754 20411
43994 40675
43166 85876
9129 63285
46475 29262
45442 64373
85410 19183
3128 45168
21292 28772
18215 6417
72052 48092
60873 10604
50248 58637
4289 68599
41724 81710
5173 61931
59910 3035
65068 39367
65347 8309
47956 95213
15825 77023
89886 78916
93139 26018
30880 56756
26193 72042
65650 22093
58261 7270
53362 78016
66734 52620
90528 8356
78417 47634
81666 20563
54515 86230
47489 85034
36976 65624
94091 14060
72296 33819
15279 28896
79164 1127
97028 40111
53301 48330
33218 3271
69758 34578
90278 19194
66245 73812
40851 91871
85406 76521
96428 43312
93824 30892
55579 94347
41061 33821
35213 73682
65550 37152
85396 72362
84158 51263
24196 9247
74138 27396
81398 19359
49935 59328
48103 19099
90540 63463
33434 81705
7651 33170
34322 39620
21037 88731
537 76586
94563 82468
57213 10717
39749 82225
59661 59939
20663 13129
74496 56231
62431 52409
36686 19349
6921 8881
55189 49601
80739 78308
49109 29985
38561 48492
38388 92590
30170 50149
60540 49224
34089 9998
11960 32687
14541 78187
26586 99210
2409 39749
1816 45348
48965 85896
32778 12138
29419 50819
34510 91726
64266 42604
13445 70727
70231 22618
96435 44463
82247 24905
97442 87940
65911 38713
77216 42791
73764 23791
47132 57152
15443 16531
72333 4920
83978 84465
96971 46365
75221 37656
82996 72481
49186 97022
5224 92124
63749 69465
63022 34246
88085 54375
46157 31870
88781 70407
12435 11845
42348 39518
58194 8195
18837 21492
11198 1537
44112 75636
59120 95534
4935 96367
76550 22171
38250 89529
23425 24606
24491 15595
24229 25971
60099 50144
92892 85718
96971 96984
18356 60458
89508 50871
44028 32021
18352 27207
99179 53697
42326 76146
96345 97117
9890 72233
67812 36827
19938 92608
46605 27247
31690 82127
74712 53814
25425 19026
144 20748
75602 17770
832 73589
18572 81115
68571 12373
26787 36364
34164 8408
98268 35050
33959 73131
90949 45316
64623 34112
9994 77424
94125 11983
40833 10309
20776 75567
19808 44287
95271 75873
80897 95999
23737 24422
3749 51656
52621 60451
38126 69859
42458 292
41507 79132
64569 93911
42672 52482
70021 32301
51843 7883
13442 44124
5040 4430
11412 46047
58638 33447
54339 16564
88152 2294
46237 85213
34478 18368
1908 78112
92689 28109
15612 8807
33194 2984
59855 44705
22755 97890
54409 26111
84300 67440
32491 29624
90776 61640
34428 16197
78205 48744
30499 68165
96664 65391
26991 1755
35655 10818
32015 66059
79565 72840
25594 23488
66385 24175
44233 17897
35327 19365
13752 68056
67589 76319
33512 95810
99863 45365
80512 66145
589 964
71399 45813
20320 51243
1612 92958
47440 19342
86143 23204
2400 11735
78165 59888
99128 53552
79111 95600
1091 54377
37331 52311
91247 97048
4570 17338
73999 48532
59297 34644
41180 33882
9264 31875
3408 3657
65046 22952
75433 1093
32514 27755
41484 62167
85803 26389
4032 90763
97706 36277
75855 15952
55067 63836
93992 72956
1152 10240
43488 50598
7549 88701
22988 94922
89181 68911
31144 24969
17900 78681
87027 62310
17210 94337
20401 48618
71838 21937
22632 544
53297 75384
82371 1274
20079 40967
83602 19050
15034 16757
77768 62730
59222 93596
67996 68853
32622 8665
56904 20395
14542 36559
2317 30801
70566 49093
37933 19054
70478 98211
95184 24944
24636 2457
93088 99429
12687 63385
16844 42466
91912 79832
32585 71904
93036 22065
56396 40409
16483 9281
56177 26063
35996 31884
54455 72326
37223 47799
94370 7269
12345 92972
17784 11706
7788 89657
64517 53843
74812 1393
22647 34373
88043 49769
26274 55912
57853 96668
83036 25624
76797 69640
44962 81014
12023 97039
6162 89094
57468 60887
20495 90959
56737 36202
84929 96702
8767 17303
54098 85378
16725 70703
21041 89393
82913 21385
56435 93730
93867 44990
31693 78418
51355 60141
91099 46495
67070 33816
21501 61744
68836 90310
3028 39786
84805 34207
83753 35068
27351 85331
87751 91189
10170 61395
82748 91368
83404 68950
99004 33167
19509 36406
14590 22565
34173 37264
81757 3179
30769 21288
33944 86308
46722 69603
4626 34776
53093 33514
22163 31957
19764 77677
88005 8553
68715 42494
50871 89193
15180 29362
80542 68046
2844 33828
1039 915
87235 52914
32551 92280
12496 62910
2531 58274
27635 55150
3432 6680
71105 87084
87228 23624
30004 24870
34059 83936
84840 82735
51779 75893
44735 67036
6008 16191
89374 94057
97697 14843
8654 62834
96729 82440
19900 36634
63935 83530
35321 98343
70998 9515
60058 56515
86469 78069
92729 15389
69593 73241
23602 91718
43358 66027
2631 94421
5034 42787
70909 1475
12434 43133
55453 84816
37715 11706
56628 78172
26378 48733
4883 3119
956 48047
38479 36561
11055 1916
38018 32242
90159 31348
85736 46404
38122 37643
35875 51164
19508 31096
29528 72276
25060 89626
10704 10412
11349 10446
57016 25605
64486 45402
16385 74564
76859 17606
70080 16597
39193 42846
559 86950
44462 61073
19914 19911
77606 23413
21619 43057
27479 60768
17871 56316
97047 99184
64071 78759
85792 1093
63880 97203
60947 10498
97315 8
76338 63407
23758 62896
71268 55738
81632 3639
60596 63857
27929 31185
14195 25225
65016 9780
56338 47419
50467 89241
87881 99585
48771 11999
43699 16798
23397 73384
36047 30195
67994 26075
48321 57707
81655 1536
41422 3696
90518 66183
5636 72723
89716 1281
70864 18088
14481 80165
38565 32199
8691 36045
86076 23245
64579 98646
6382 62329
26894 59332
37244 91727
13701 44187
98760 69624
97757 55047
49241 86272
17904 85749
62075 67351
13211 20696
67516 90737
45694 67269
18609 68358
28223 40823
76655 32562
82727 20812
74834 12790
80675 18245
46713 90069
23396 60778
83047 35192
61823 83236
33028 39083
78 73154
93563 9789
40398 84212
50010 94052
95295 15059
23444 70455
78951 24855
64674 98450
85455 21567
27326 20533
52836 34285
8582 16741
82327 31239
88831 35210
56158 89496
31824 4112
62385 24300
8578 35974
51533 53975
15847 91201
68757 84111
18704 58
9804 5486
1429 60204
26236 93329
91729 67863
27666 12795
12612 63584
35807 94675
11887 54830
47449 31681
88475 66991
1464 72597
53267 26897
60857 37921
37221 37897
22238 74170
76324 33391
40461 8058
87081 58720
55757 32289
15214 50779
8716 99119
3538 42053
9723 82092
48856 98917
87664 97697
4167 58824
88515 47996
33675 80734
74417 14544
18387 91643
66748 6386
19953 78327
73962 98909
52893 31823
44642 46351
61618 42945
53810 19018
93584 94868
49803 80148
32376 11822
59875 98871
75059 66524
21042 61090
8268 56525
33141 32614
69841 50295
83727 39737
24118 57233
92131 86039
10673 61591
45851 76380
81631 81962
55908 55403
33918 38093
6512 2378
17681 56201
45970 89508
47295 55114
57957 35589
66580 39199
87206 17890
87135 99774
15733 94702
62162 91581
65016 75654
93318 95450
63961 25414
40500 20405
58563 60850
92636 3281
37352 82734
42786 84470
71614 22374
84524 35282
82749 84391
77062 80339
2147 8452
18750 91470
36720 658
37640 53276
67594 70092
36090 55992
73434 32559
61649 43938
15502 6687
71531 46207
41013 10017
24619 78774
31174 16703
87289 84820
64985 39687
15135 95049
25740 99724
87693 80425
91967 82756
5141 3629
64952 68488
35055 26447
33377 3063
86231 49297
44549 14099
41610 98007
89622 37794
41037 83048
94922 62382
358 75825
81945 59366
11905 43458
99169 13531
37548 48750
24226 46820
41083 96784
1635 47994
75877 5185
21963 60540
41252 21667
20776 97453
23289 62649
31052 26481
30663 20364
78346 14515
77171 66344
66270 28130
36746 93852
61954 66832
37371 20094
38330 68434
95833 61477
13225 34658
60410 94893
28410 28192
28122 44502
28056 97389
38073 79877
84213 41998
88217 42882
26727 27951
20353 1977
96294 85885
36093 98201
32784 41099
37819 46104
4550 5902
36047 87756
86860 97409
63952 54707
48556 80002
67609 21260
80660 47859
96233 66268
81715 19514
27395 10347
96256 94081
57039 51492
34323 59030
7031 26680
80170 46956
9227 66908
36134 68441
74013 69894
95179 35094
64198 57716
34211 88386
38975 37093
9884 21823
20585 47837
40485 80148
52486 30662
60853 10825
65117 73514
51493 93102
60602 65018
18641 93076
43595 22090
46490 38674
1956 11698
6886 13089
11804 91790
29471 86273
16910 71967
12752 85682
81145 64137
34220 38844
3744 1267
63495 19911
37291 73418
30010 60515
3588 54781
54179 49250
15995 450
26403 66841
13347 59344
45918 49315
4818 61219
71198 57374
23973 26748
53137 26923
78554 81470
23270 28562
98131 12370
6868 62748
46170 15876
29716 59863
17976 45251
3586 31990
18236 75493
25887 27407
81722 71617
58418 20667
37417 98963
96514 56185
63268 46811
11102 58763
50282 92190
80821 92151
70975 55140
88158 33703
57033 75224
34066 71177
74259 51595
54733 6449
55885 54706
82384 17522
49770 76067
82786 80713
65344 75772
42250 31282
7852 84124
43671 26896
56427 87176
17273 53353
62178 61896
965 21320
32312 72263
54420 33402
19638 18166
9092 12753
3214 36489
51638 28452
48497 86616
55502 38061
39991 27264
50615 74313
54683 51200
33692 94364
4509 17212
10832 89291
19038 40862
70727 50719
17415 48592
64219 21321
20738 70530
56648 39096
75551 99626
30127 5028
27441 25983
50839 57671
99855 93214
16967 5951
56659 47718
85294 38222
28958 75963
45756 80186
55890 76006
45606 52717
44183 65107
85381 39349
25078 86417
71063 84869
81473 34198
47101 31347
35945 85529
41212 63736
64806 41878
29596 84371
22196 66414
94412 4614
88976 5316
34204 7863
5630 77953
76033 33329
69350 99664
25236 1217
96307 4003
86963 47609
73331 34764
71807 17712
30746 62885
48317 2527
61278 53417
30261 28325
1244 66264
52822 78885
86866 24375
90096 39587
73923 81453
78648 61323
92662 90888
86087 5706
52503 10902
77596 12306
81781 32300
31125 31803
39042 89027
36506 22268
63351 37909
37427 10966
67213 90756
58092 61930
48388 28660
23064 63517
92928 16236
78731 87931
75943 37402
64799 96018
20804 22284
92720 23378
10055 93527
10656 79092
64835 65427
58324 60496
5167 85756
99700 85669
70918 43827
22255 75541
97927 1052
27925 78310
7733 91166
32059 33538
25207 81446
3099 97047
54265 60164
16337 75161
7338 69003
11199 18235
70429 26741
60809 83578
66152 75614
17114 47634
86887 5764
74654 40006
76730 6350
14086 73084
85570 14337
30375 81215
90184 7468
21275 67260
67255 37822
81950 50693
86205 5610
64114 33457
37134 45738
5660 18362
91457 93113
8420 28029
34129 56120
79225 81821
27229 17258
29291 81409
77576 88663
91023 12274
83545 54349
14911 71038
64540 13882
84279 88344
50528 45395
92441 33397
44184 9137
66698 62544
89402 99951
36467 99559
67906 51149
7392 79227
8208 70096
92740 15412
74022 32991
30580 98939
46699 42440
55399 24255
20650 3833
69309 23121
58388 52871
8373 38695
36762 17898
32948 42076
8499 22655
62341 10958
89244 45861
18932 84959
6771 63840
28210 12117
30076 31130
33204 59675
75164 53405
58772 31710
79328 86202
24718 22000
16407 59173
62404 41447
26900 1910
91835 8223
44269 17033
90684 26292
30943 66655
67508 98346
19399 46171
34836 47621
92970 16934
37201 16401
9582 1932
36421 23163
78207 97917
56780 80565
93803 54445
25192 76630
358 80467
33278 26648
96327 54574
24695 58809
38089 85051
53632 23130
97483 78784
12042 84995
23504 49509
8810 54461
16416 93750
30202 36246
71589 57186
20023 71809
63535 82591
99361 92979
62833 56099
95390 8743
8929 6668
72598 38299
2140 15002
79448 73681
98047 26352
10388 53647
1551 81590
54528 33983
18355 51322
97428 70544
4372 65802
75533 38355
40228 62107
67629 19774
80724 54150
79993 90637
70140 837
83258 70012
72951 41947
88381 69390
60164 17033
37107 57577
70726 33466
29970 54104
79269 23160
8465 56232
31915 59668
52624 27947
44488 87138
86574 12888
14415 46554
82161 84456
82871 88793
11362 29115
98778 98046
50414 55921
38585 20557
12710 26290
74070 26159
35488 94503
26584 22128
25427 96894
59051 71712
30687 99145
87645 17811
84163 86111
96002 90401
30405 56858
64369 23398
66350 95896
72262 87779
67851 7259
31294 73275
79277 78377
61917 80951
22826 30540
61835 46339
53114 28082
12434 17870
6458 59022
58434 87438
69516 41205
85902 58394
94389 68483
10157 47758
52926 71892
90361 17706
37588 6219
22675 45203
22953 89678
88733 57361
77808 53351
24190 57648
69636 68709
2338 33599
3138 56089
48088 43763
91594 6554
27250 79237
59778 62401
2664 63600
20467 35181
83413 35380
80042 64929
99641 93142
32024 55297
36981 53149
53555 92633
57970 56919
14867 26582
70874 39378
69173 56842
68157 96739
34844 81644
89742 38306
78987 80406
87780 88524
5900 72517
1850 54304
79436 64605
44206 99651
73404 91875
41061 6684
17714 87329
6502 42904
35334 14181
24795 40807
84629 1346
63763 96733
92002 80909
93699 20402
88272 65569
52352 61891
96425 64956
84806 31694
49050 87456
29524 39098
39444 10643
20558 32557
24909 68223
65786 86324
94333 60882
8387 82686
75170 1439
28281 74433
16156 9340
82351 96148
65169 59138
26748 35251
23530 72624
77979 32447
23444 31240
72267 87643
15265 18673
25615 5904
78244 21139
64238 41386
76633 12030
77556 37688
15514 47619
61904 61520
71723 83321
55444 46312
64815 91834
89304 75870
51728 24611
70552 26674
8507 48823
6993 84071
94849 99965
37000 4165
6008 88766
46691 84954
19480 43688
16301 9844
92287 50829
24214 15912
40653 22628
85489 62863
54377 9031
44373 78436
54682 47860
32989 85351
10382 70765
80456 38365
92886 81079
80601 38381
65800 59071
70136 6084
43292 35152
16943 3282
51984 39262
89613 48203
92228 41086
36711 52008
22815 4299
12914 32163
46568 24675
66570 72414
973 7912
30383 55581
75136 54624
27011 37575
26996 5974
92141 71753
51396 94422
91800 93875
90381 78068
51029 13720
23952 47942
66645 89235
77649 54502
31023 1629
24474 54001
68448 76664
40728 55562
67558 38279
26685 1143
98532 92819
8445 40803
71234 2280
10513 35675
30794 81429
83959 12977
20652 11856
4783 49948
61626 1072
95776 22614
43277 91505
55249 88989
62590 96371
40432 72722
7886 28827
68847 69821
12351 43985
63841 52103
36888 91041
22050 81406
36292 95066
31789 68180
2132 63474
8387 87809
42265 27615
69322 42077
63371 61119
33100 56039
48676 43281
24180 23776
81734 84890
20085 61840
88401 84162
73410 24704
11181 70356
54679 48895
10503 1665
8943 62046
45675 2750
53611 54803
36271 38017
62225 56954
19145 88168
13803 51631
20275 17138
88420 73909
11854 98403
48367 95154
20987 32389
42048 84337
6276 91010
79216 87966
41617 77291
77885 91694
51540 63956
54279 91156
14270 39029
2101 82733
65319 31178
78062 81301
77738 8820
31745 3664
55910 53175
92701 31042
62142 70458
46073 60823
99674 61034
98285 2908
12484 70006
18711 79043
37100 77556
77720 59876
1093 4603
97812 14646
86437 51943
91158 69786
37929 41689
73033 5777
28526 65140
22176 47073
58969 83969
9007 8980
55409 20972
42351 73688
9919 20548
48190 19936
44437 56127
86909 15105
40420 97748
66576 24086
35044 29279
83970 57213
71088 85600
99454 88472
20487 89212
44183 45453
24237 20251
18529 13894
41383 32072
25941 87410
95075 41460
4369 94946
62894 72404
99478 90349
34139 83582
31976 50220
32835 3120
86066 44862
18751 24809
30463 83174
77360 98382
71106 21896
33528 1127
86095 13392
56318 4031
45087 94986
64846 45639
85712 66027
55255 68371
89667 85255
50955 36379
74397 17848
18754 69852
64486 42110
2711 30293
11277 60953
36041 94986
48865 89969
27516 83749
1817 76207
12566 52848
90926 44961
61090 8924
56828 17114
34672 10140
82789 85519
24051 9195
58829 47451
41154 27426
38943 13052
56503 98659
19110 39379
88723 16209
62069 13000
97688 2997
96032 35332
43917 60411
96385 15126
71422 97778
54036 31375
57274 41168
35354 84901
59795 79212
50234 20404
4481 92354
55515 93656
37823 41171
76588 73908
12493 86082
82333 22830
24236 47128
56675 8976
33093 33760
62551 39241
57283 53548
9688 23786
21876 51246
94084 3146
52332 39040
12899 28035
84609 31677
13277 35090
3600 4613
17630 17210
76727 3101
31353 79618
5913 61868
67138 62194
89213 44192
71795 64666
90895 84679
90760 70860
86142 12214
10147 35901
81020 41350
49128 28104
62753 39601
35778 37803
45577 31322
35933 46183
30065 63234
12681 19044
98238 48692
54526 9419
20758 20250
54866 362
88932 40101
77700 18708
41784 71625
62549 4478
92805 73470
66218 25283
56002 87520
99340 40481
72074 67824
82695 41210
14492 2066
6862 32436
1819 21549
79605 99801
59054 50414
51382 38648
74529 74341
52429 89058
71875 18789
64348 46510
4294 61672
46024 96757
99555 48010
85689 65014
403 49545
55678 42419
89270 51916
16135 52435
64400 30744
67017 80894
47239 72636
3486 22052
89831 69767
29122 12374
74494 80812
32055 87531
51904 10853
83106 4541
85284 32077
43435 58474
53828 5029
8513 15379
57793 91088
61940 68192
41278 85558
24217 62169
75712 741
4906 62703
32244 20683
59459 29617
60233 5182
32582 2647
36721 50356
41368 69371
41605 58635
75778 62747
79038 79650
36849 82137
61181 72542
48054 57435
32963 23590
47430 74443
82937 47688
15099 53303
30410 54162
32529 60978
81444 86137
37450 47922
71739 33461
36331 47824
31302 63299
87708 19563
29952 4226
21228 28613
26952 17815
68971 76068
93761 15881
83759 93042
32019 71365
17295 23486
93544 37307
39723 78649
26192 863
89666 2106
99614 1257
59546 80891
51336 51861
60955 25465
55242 83652
72500 97335
77284 73433
98261 56668
78168 24829
84116 55152
28205 31964
19720 30851
49743 38822
91345 54279
35532 58607
73134 88497
63768 38382
32965 51003
96938 87106
15454 29189
34237 21544
52072 98928
66416 43846
39027 51105
98150 15076
59029 59268
19591 19342
6150 7783
72541 59603
76707 7066
90200 83305
59054 24854
87147 18630
12876 32435
95148 89800
17862 54416
55608 57967
59401 55759
19084 16158
66790 26133
60013 95261
67730 74895
33601 13146
68967 64456
27028 60579
47553 82516
84084 77357
67843 52201
71766 38705
687 93152
92079 90441
30257 1944
74395 13624
78261 91988
40985 8895
79084 58264
50284 10857
8492 20719
88572 52416
29229 6280
26035 21749
70124 5332
98945 83356
2763 96714
68089 50093
99503 54436
92593 92741
40481 26431
72806 63203
19310 38367
13621 5099
52455 30760
81955 26278
66018 35462
65303 63488
5335 67078
94843 29289
37027 60379
86302 13909
14056 17914
80180 17116
34443 25918
46708 88410
21717 59845
86905 90832
22227 48848
72547 62081
11030 98567
83123 72246
48756 42739
67890 49915
96133 47011
47306 11807
3142 19176
48075 63960
47386 43992
93384 92765
57924 2862
12439 82346
23982 24360
27061 67679
95525 78824
10240 14177
14810 37012
19675 37272
35650 43735
87789 90192
63863 77597
48994 86712
39734 90522
67561 83237
21279 31428
14548 40336
2200 74485
89563 43828
74442 35338
34585 23569
83458 73286
34413 75020
22098 95856
62651 33068
845 77808
62281 77727
66894 58070
94882 12627
49874 54484
78806 28925
79289 60927
17752 11094
54473 62929
42271 48248
90187 13194
3045 94789
70380 38923
92331 20193
60285 73593
35827 60979
62260 99008
86693 20520
38025 68301
33643 48912
93306 86995
34548 33855
94375 36423
42836 96237
22038 10308
30019 27991
35120 36328
51994 30620
15970 33301
61177 75008
26590 66705
26820 78252
9591 71366
69313 58924
78376 78595
54171 72623
33550 97721
12930 68555
1289 10814
3081 33559
97055 96398
95111 77999
8858 16837
39319 25140
10181 75654
91927 92905
91058 58231
63661 87
44855 25859
42973 38762
48844 4470
68340 59857
88783 94853
31073 91554
86304 37604
9494 52723
38821 22765
61323 19970
32071 25536
72860 84911
38803 62781
90726 11229
68475 13419
3918 58260
47346 8885
63162 78338
93940 40008
63797 10197
25499 43287
91983 22306
45035 34135
18683 76162
70599 50403
49936 62448
98969 45849
66729 42188
96334 99610
19973 92443
60216 60270
51623 22180
63434 63358
76022 4052
79264 44312
11390 68411
80404 66543
70222 28845
97802 88569
30585 36067
87653 89999
98837 41303
71631 11600
17086 12267
22549 2334
87892 39555
13769 15135
42680 77830
86335 19805
64212 8577
55536 74151
81008 15716
10490 43246
88605 56739
67933 19401
51150 80886
5631 72753
47514 30969
29577 46789
2972 11917
84073 74600
62387 50485
1166 50718
56994 69306
48111 35379
68657 24776
45316 10995
51754 9518
49995 75859
11517 15714
60549 84807
47292 10747
75286 9354
78144 94453
34856 52089
53890 18128
89288 68248
57699 64946
1672 46507
77316 29312
48860 78654
74990 2313
92541 61438
64908 40411
54345 48318
31532 52748
56480 18451
92066 88370
2409 18168
98213 91819
97067 86859
8560 94038
23732 41614
30754 21560
96758 34951
72927 66713
22149 57376
26316 38948
3066 97543
17398 23754
15411 43631
49420 20256
57488 19822
92129 892
49240 79965
47339 56988
24338 58395
61223 24127
31980 79530
8178 27913
60984 80721
49105 43044
35210 94264
8394 27354
92379 89103
91593 17276
66057 81959
91260 41918
91989 18103
14072 99224
48803 27640
95249 74150
22077 8362
58693 47209
7025 13165
19059 34373
36494 38313
24508 43361
40267 79270
16777 83498
71233 35797
82884 32431
84524 49253
11453 76230
77773 40686
55302 35366
11915 33738
83512 97195
26701 23319
11596 98198
19521 69974
51331 86090
73145 45039
81663 98384
39113 44523
59879 58388
70026 68152
10503 6693
25530 19177
74381 88473
45786 92084
19246 34791
44430 93458
98463 80107
20129 40930
49340 13189
1566 68326
90308 9050
2680 28420
10778 18770
68163 41798
86086 3416
12216 88859
56914 44701
54997 99636
68846 65014
30331 23079
63597 58969
85935 79568
41926 804
67385 1387
55859 77366
24647 48059
92565 42836
77291 9094
90414 40038
80921 73719
59717 13943
24843 52283
48454 472
33789 46820
34240 82909
65360 36585
32741 49694
38411 93572
80269 18328
33301 42194
27507 11658
98237 32887
13974 8472
55219 68440
6234 4204
58252 12926
66693 54288
56609 30458
21122 84437
44240 99355
43713 2222
5018 36857
8917 58998
14467 56622
71156 16230
92214 81432
30619 82176
8734 82777
6920 74919
78702 71799
64862 12740
53882 23900
5316 31107
61308 75094
85062 8691
82096 96056
78099 19786
14168 41112
86717 49887
90520 48495
19292 56046
41915 77308
11499 46136
77868 60609
98537 99968
45726 28612
14586 79919
79461 26640
44036 52656
46235 4850
98162 60853
63100 43804
81332 67504
94698 92165
80285 74011
59817 80838
36196 77905
84740 60287
49732 13938
78470 22864
33788 71523
71970 86656
2255 22571
47308 1402
72420 57496
70430 84843
90023 39384
5396 91717
81191 76608
20176 51616
28150 96681
1783 40947
364 23661
61617 83807
52004 90831
67117 30949
27838 51792
67195 32906
41339 38107
46480 282
24804 11258
45029 12643
15236 23198
61337 6517
14217 5339
63019 65129
42503 62153
92800 70231
28309 73668
49155 1182
28749 15661
37951 28576
34608 77448
9575 78403
96480 71644
1520 99313
21733 74198
78065 42169
48105 33926
13993 43948
82780 84607
58937 15264
13168 26299
23462 85201
11549 1046
22521 17883
93567 99790
19326 35041
55955 63466
4584 3081
87422 22319
37260 41342
72326 15468
71521 22861
27190 14512
70662 42568
76543 27406
57980 30342
6130 70592
98888 8577
38406 52577
60339 31478
22360 72530
6186 42537
31654 918
95741 43166
6323 48885
49380 27905
76871 4925
86453 79999
70508 60348
8624 2827
51186 34504
72276 23162
32043 98359
38470 7783
83472 16295
40593 51152
20538 33623
70017 3286
50953 61292
31527 59009
93249 57965
58744 64090
14536 72328
13102 2032
29610 55083
10341 69428
89429 4331
22815 48572
9533 32224
8417 58819
54617 99463
33140 3111
11940 26335
1733 5034
83293 33133
1349 30675
10311 57560
28521 90602
31146 68813
40107 41535
17008 93724
31047 56259
10505 70521
70655 74029
41351 93660
69816 83190
52131 417
98139 59485
19894 78505
43828 85669
47617 31159
29014 76530
76005 11188
60598 30576
81420 72652
27692 55020
34238 18511
12661 86840
43373 38737
47539 5867
23306 1450
19755 66463
64973 52982
69030 45714
37169 33013
78737 24325
18037 14316
54557 94144
26044 16451
73311 780
25902 64838
73969 59223
53269 97348
34671 97268
33057 19955
74331 58296
21668 14281
10394 26878
80663 95940
82645 21124
37747 83460
1337 8652
50521 92140
76023 51132
25867 5188
56324 52670
33232 59514
80314 60737
64500 15708
46102 5110
66341 91967
17656 61939
29079 764
89222 79764
3361 86957
63209 16117
14558 78805
48046 58681
45358 46101
33414 72870
96402 29144
12742 32999
65267 29352
92936 24905
19323 64982
65800 64990
86682 81910
80969 92317
27299 37888
93454 65567
88268 49041
39680 15108
6066 36648
65070 88748
63922 26057
10921 42719
23825 30717
56068 4934
73750 93744
20570 59055
22250 76082
66887 59308
90527 41079
31662 70357
15046 33687
37650 80545
9111 28430
14941 39729
2157 73885
48380 20486
28103 97991
71616 63878
76169 58581
79422 7643
15609 35763
3152 71059
75682 98800
14003 23489
26068 69154
81255 50683
71394 94016
13874 47418
5858 60454
85661 20349
59313 36692
80117 69958
67405 40143
37067 26843
8441 6047
99477 62758
84316 13904
76491 63286
99138 39665
89994 19996
40857 64343
29748 52463
1494 61211
14767 18568
40238 56408
65858 84070
88605 66638
80155 83820
12226 86498
98155 46430
97281 45276
64903 61064
94432 59655
45033 21655
30058 56916
54990 11645
48175 76055
97206 1137
18402 51081
69319 27853
1753 6372
83594 98767
78353 53450
27692 73816
40488 64447
9503 89200
28417 85578
92278 91584
5731 82712
46764 65462
70778 2201
56382 79045
25941 3905
74412 67842
72422 10952
85340 744
36261 61291
87991 67605
97326 77001
53003 22603
66110 74438
73735 90000
601 59563
90690 34958
14439 22916
12116 51091
43059 77665
45818 17234
83563 87733
18039 86081
23235 37274
41646 90137
47730 42475
33001 70329
48690 3113
46421 67651
84772 85015
10691 22014
71370 22494
76745 60306
80268 74058
62431 39887
19860 30122
9123 18054
29009 71156
39445 20942
73656 51710
24379 49537
34846 44966
61406 79612
89759 57772
94060 20226
98395 14675
54612 33242
66579 50083
40877 88269
17584 91146
87471 38825
18173 63222
33880 43456
31400 89212
7656 29897
18437 20949
92101 7166
49995 78876
20120 75229
73173 77617
56463 32200
35297 30361
33273 41221
71797 7931
16877 13470
87765 82532
86115 69793
53166 26436
5785 1
85871 23727
63759 91667
54858 65182
22187 78546
29880 32395
34806 75228
53874 99992
62 7539
6361 27913
58482 51453
93358 67109
97065 15877
92890 11577
54587 50071
24328 99157
3174 67879
95398 29965
25546 74667
90792 78393
97198 16893
6181 51445
9177 71770
90904 33538
52665 86213
78368 50339
94336 20292
17152 5121
41057 67650
70464 23688
52376 99116
65898 6791
71711 95892
3982 70708
39578 30257
75614 8230
82956 37117
86226 90617
18847 86966
62406 73293
82273 19517
25911 50376
2241 64154
91498 25359
41686 88086
10661 98737
60664 21791
83604 6684
28293 17320
31109 72550
78174 47078
12140 60837
68103 56692
85088 49879
48138 8400
51420 30556
8437 94331
84255 59350
44247 7421
59212 81776
23847 61344
98027 15604
7357 11856
60582 57395
28087 24801
38509 18434
43574 58409
81235 63639
894 75521
23342 84944
13881 40008
14875 62636
92501 73920
79959 71727
961 71887
56807 92195
36020 56864
23121 93170
55462 74591
7969 98317
36373 73441
38213 66056
2434 52921
46801 94683
30161 90404
33564 770
35789 4574
59841 28318
44705 84683
23135 61171
92128 75407
89178 29256
87422 7702
6167 16010
10612 77645
31812 33768
10624 87527
92334 65848
97474 96857
92616 1041
49761 65374
54219 58639
27076 67507
16784 26227
90714 69724
3416 36256
39858 77598
59941 2047
9731 69795
88222 36540
20166 10617
69967 1190
26487 95859
91334 28787
13815 92934
42519 86330
24717 19053
9209 54999
63424 97254
41031 49642
69727 88915
95905 11608
68889 53594
88904 84009
12293 68613
1381 8744
90428 40163
79874 37191
60186 2853
90767 42968
81632 4482
49343 37684
74677 85619
4136 21272
52320 63863
9191 59139
32688 72945
76698 91354
76500 14373
72740 69349
25251 5791
67052 84175
12694 73835
39454 29737
88489 31518
33672 78759
4990 68492
24639 9025
64441 53839
56984 30932
70181 97031
42447 42623
53325 83029
19299 8742
12836 45598
14679 22931
85630 89070
68915 8176
44308 26610
16834 82638
97828 60829
18994 4513
77263 75076
72118 96353
73146 77698
52295 55018
78669 66773
44671 94493
86007 47071
85468 98557
53191 78149
48772 71603
48245 52404
76411 3659
343 56279
94958 20916
32812 40802
38635 16772
37077 92330
48679 53778
4343 61451
79351 1434
61882 65985
6167 16029
84269 83759
30630 76542
30815 28379
63432 24294
49960 26095
30467 88608
61054 8154
72610 24958
37728 56429
76373 4850
89871 96703
5871 38326
97264 32330
90599 31781
47723 11051
94583 55711
52687 53381
13312 53097
91468 4255
55492 50026
30519 55874
24747 86416
5257 4988
90431 67561
85120 72543
47119 13258
7421 53570
77488 48908
15621 42719
82071 61641
4896 78932
69536 20868
35453 10370
57771 80478
53004 61073
20569 35522
71746 138
97139 80346
40153 35643
51332 61399
21549 31479
81178 62157
15680 15923
84073 79540
91094 59402
40935 19656
96506 19194
5585 68906
48312 46629
25125 84542
23937 79857
28550 87883
20746 41000
84988 63102
40300 12953
1041 34535
48806 49077
23316 74329
87351 78003
80154 91502
84644 59980
83672 81378
42936 87647
19786 59539
98975 75759
80240 44008
38506 77440
21452 41287
69838 32669
25413 16124
71300 37717
28742 56441
11755 94298
50591 91760
57090 19840
24803 25819
15726 45444
21129 20853
66458 80739
90412 60287
63026 32254
92651 57436
14471 5757
88425 28148
33742 42280
59950 33941
90465 15664
5220 66157
34236 97604
33914 92690
6977 51516
79845 16698
83413 88690
89210 29827
2816 19940
65910 51884
82673 24052
73654 26746
22328 97928
47071 91412
84042 63370
77111 54600
93121 93160
25738 67972
52217 54293
96774 96765
63828 56679
62527 18123
2711 38103
58444 21259
74443 32964
62888 98012
24989 62064
38386 45859
69086 35329
96621 31047
18883 58913
40033 81269
95782 16255
11384 5597
16131 6316
60642 18259
69308 54847
37585 43855
16534 13426
40957 63885
32218 46722
53250 91214
3445 13202
83101 10933
51096 61993
81747 56683
23832 63535
32106 27324
77807 54164
88750 25624
54361 51210
40109 95731
99224 40678
29020 83301
71025 66723
35119 57290
72813 74302
58724 41058
26777 89563
55449 63378
3558 79966
32434 7394
95721 54035
14421 35582
41244 1352
38637 54453
98747 55757
15402 56125
1801 73211
11838 69645
76392 45066
21634 35968
34596 51353
98895 46457
97577 23274
84230 5850
39080 83267
54345 60523
8151 13550
39551 68858
17422 39865
63124 88309
97482 93911
16630 87217
5549 53598
2009 79335
39836 29671
98644 55441
86368 22737
39170 45138
27206 76575
52034 12075
91199 99637
78616 69351
96480 24062
11913 55760
99843 52041
79587 663
63237 54151
8531 45680
37766 1583
92172 13523
72556 77307
68455 54621
45088 57640
50077 43725
22959 52666
45103 38055
98794 36885
90687 83188
34374 52229
10548 13472
29 18551
99194 20667
25452 98686
84640 697
35155 85711
68696 32466
76664 61797
30394 54690
10244 31262
75329 11178
38980 75451
81676 32909
91305 35908
37855 97972
28553 14946
34815 70379
3580 9988
92634 93217
5023 39291
84029 1676
56180 25021
93819 77315
28864 22917
21517 49378
66764 68529
41709 85865
50117 76675
83673 37694
86460 4257
57622 41286
57991 88886
16683 85936
97726 67406
75938 38154
67455 606
84298 93418
37162 37305
67767 45798
71781 19868
79680 20924
43097 42339
14369 58923
1971 68561
61079 29048
47044 33709
73446 99243
97122 98687
68406 86063
69477 87063
87794 89685
20874 88327
48648 15665
31732 43012
51084 33404
19302 14696
27828 70704
91914 39091
92061 29071
89005 88326
55173 65757
96672 1990
81391 71553
97657 39423
80002 44712
77136 45246
60554 89314
7490 60310
29910 71299
41714 13180
73720 36963
34755 65163
28072 99583
9727 64033
60065 35542
62355 42368
16611 85036
20528 51502
53359 54442
55372 85653
50926 75132
92735 85764
48299 92242
23975 74668
70644 67583
85028 94627
53661 66589
97788 31333
76860 23879
20504 54542
8046 61054
62469 10433
54961 48229
92181 24772
22888 56869
9979 89634
42075 51786
1458 45255
57652 97091
51223 96488
45474 36998
75978 96729
25242 75657
24242 68916
96017 32938
52502 95161
99683 94121
77668 19752
12527 20937
11661 95657
99801 44978
68327 70436
92103 71666
48714 64393
88453 4407
22100 50186
76001 310
88197 20860
22863 2696
51619 14586
84326 43560
17784 98498
5728 3190
67247 46837
5694 65527
12346 65947
75234 22322
85679 91421
81012 54388
18278 58665
98302 27149
57501 54674
43184 5297
7188 6446
72348 64409
56434 88694
539 82079
81406 59657
77350 20229
29574 1001
95037 62159
91163 44092
36 39236
66291 8076
85697 56305
31078 23432
14944 67078
65778 21185
8015 37335
57656 10190
69858 29628
96668 47560
58928 44145
65992 87342
5748 30071
56873 16771
32429 85137
76849 77259
29982 45160
75988 5682
72942 86984
89195 452
80714 1920
38452 61878
62750 72774
8527 88540
7360 49073
84578 31121
25221 78621
33303 8082
48522 61483
83929 15587
38636 57118
73082 40936
20176 25918
93712 40461
9500 65561
15796 23679
5660 28349
14177 28561
38654 85280
94299 71320
95126 20152
92997 38383
44379 67299
49001 95924
2216 60129
24437 92457
25756 98900
86008 3220
2650 1511
59881 43679
40810 34468
83137 45049
50614 42844
64923 62834
65038 96292
79707 17091
19044 31378
49572 43940
36849 65220
40513 36308
93070 78457
96381 52598
41244 65589
72011 37742
93533 90498
21246 33383
93048 30282
40114 8720
39801 63230
95554 15418
31374 8466
74927 98204
23307 84702
98144 37808
15623 70302
76444 34483
41917 95219
9681 5736
60012 43905
69105 182
28408 51759
37392 70054
21510 37002
78183 14214
14116 39649
6292 38536
50590 13898
31928 291
79946 99420
22615 37137
8894 1331
77628 95536
93940 83152
38386 38209
75821 90550
78828 70572
65227 17198
33406 57626
67189 27908
41409 73721
88823 91143
48563 83420
39231 41837
64469 99129
56865 90541
29771 55049
65844 12899
58495 74891
83891 49615
45823 97729
99517 61910
29307 52593
58134 54400
60744 52165
11300 2136
97983 60972
54578 20336
57822 81815
31504 61146
43046 44124
43793 53295
26331 59703
48011 91436
24008 92068
29435 52880
34968 69894
61854 68416
68190 68516
66905 38564
58894 83622
32339 50407
1569 11164
82646 32122
90261 94071
7185 72145
47115 20526
95256 45220
96807 9019
57698 7664
86356 66908
67531 94708
88797 37746
80848 67285
57781 7749
46933 43610
53744 72701
35938 47472
84104 31947
47201 99495
82745 64254
35618 57939
9284 86735
82936 6284
43760 85621
23354 99310
89796 64625
77955 59418
77487 45508
43857 64403
80897 67252
47401 73378
42415 27403
7666 8307
57874 44088
47094 82710
6600 3307
54372 14942
35314 84573
65744 24805
71797 678
86130 46726
35001 34949
39619 39234
93549 53884
15139 54268
76737 78802
98742 69437
23466 78479
41474 17520
22593 88739
37682 43015
91396 39743
36790 83092
82036 11674
25633 85489
59510 76205
4810 32985
5298 35736
99723 94636
50999 25083
52997 95471
3957 36093
90874 89482
77857 19561
66482 8872
13333 6412
89559 41338
7341 76409
59384 59668
55915 1253
31370 65839
30707 58986
67426 21317
74480 43272
32828 54105
88269 22240
22135 18412
88125 9783
99671 81577
88692 63737
26018 13114
15788 87828
27875 54928
76129 43544
71755 99167
41717 4574
25642 7743
3181 89566
45434 940
37137 70135
17493 52231
60272 28555
7898 65556
82266 73024
17836 35610
17124 46080
42867 55014
78216 94170
82233 89352
64770 60191
61613 76915
58996 62693
41476 36673
70819 58248
81779 20526
91575 14500
97878 71160
88127 68956
72749 74246
30475 24150
601 82974
72688 2301
80803 11116
46856 39774
55798 29666
62863 80715
1376 1330
51751 72219
46549 34294
96341 90792
79020 41513
71009 52239
48000 25516
40506 79028
57200 36738
15696 27963
8575 48659
25624 19184
89364 97389
52972 19328
22396 26398
85256 91678
77731 86908
30254 8351
19423 55133
1603 2046
60453 92063
13552 62105
9617 47169
21665 38097
10275 52680
36105 93198
88509 1531
44733 91961
92486 34088
93748 66433
58985 88797
61294 63159
80471 92079
29034 15697
58785 93206
60814 43594
65887 54895
22018 13184
15755 63865
65941 76469
18342 76377
83223 40912
33651 19734
49341 64665
56983 43709
80321 352
89952 64286
31328 76918
79802 13101
82266 33682
97979 42658
36692 52333
86584 65753
44793 71494
99182 39475
13173 47360
45114 65011
22553 69727
33761 69410
68986 44079
75849 43916
63346 21373
91134 24609
6974 64795
55534 35221
65214 55136
53261 56352
67543 53990
80050 17406
78260 63307
86552 82959
57185 26640
68510 11256
65551 79549
42568 7073
56532 47579
65723 70166
12327 17368
74469 44262
48232 86823
26482 37831
41174 15293
1208 38736
92151 17301
13548 46845
29076 90733
56683 67726
45721 30247
48563 93704
82490 66601
19590 3794
35081 40253
68782 50970
33537 9906
58835 35502
60702 23065
53639 75587
10946 25160
9083 74098
46770 63835
51783 16342
5879 54318
71654 16495
58462 30468
95159 12545
16120 31683
68349 34806
82651 75254
256 53848
90079 96266
171 34808
84129 90577
15051 98218
65539 95586
822 39366
93738 81815
71586 14921
4735 94221
90953 82194
32975 44903
74412 35589
94059 63788
90573 11723
19273 93957
8243 87152
58273 41024
54282 16068
29808 98831
62976 80891
38392 87338
45162 55533
72990 67625
95997 69910
25355 94218
98325 68439
55500 56625
66705 44819
21170 5571
32276 64115
54867 45834
65734 96611
71431 30996
49586 17938
27051 59988
1669 18966
84642 28864
67253 64998
62895 59185
62936 55742
39196 51494
4648 86719
52374 90753
55174 47500
17966 88264
2516 55181
63417 50309
53210 28848
23057 36871
19585 36931
37267 40063
72987 31804
48159 86308
60345 87633
39035 72239
61811 27488
92368 91904
63748 36520
99659 71575
7084 92238
12509 73979
4812 29978
14300 91959
70605 87191
68928 41592
74745 43510
99559 70608
59233 75563
55313 84182
60053 24687
98308 21764
65071 20124
45129 920
50217 37460
35053 15283
92481 58811
79841 92829
57308 32280
59771 46367
70497 75256
89715 74663
13530 74699
85543 22664
65846 69637
98711 8567
10570 68990
14953 16175
21227 27539
17190 77742
27861 65827
39067 60534
647 71474
51769 8557
34533 25161
80406 381
14741 69300
65802 69204
67330 34979
40147 48773
32061 6281
39953 61350
58710 75520
44874 54064
22983 85252
64551 39298
426 55827
50646 30
8158 75859
45030 72747
97638 19660
8206 96561
44073 79850
76070 14848
28051 45308
93003 71593
6323 13464
25600 81859
13595 55061
98056 27400
18692 52719
1101 82389
60647 8230
44636 54670
39300 46143
11815 7415
50815 56673
16161 52412
46174 76698
12517 97866
59468 7064
6576 53811
95258 11856
44451 84719
21689 90395
23106 81845
17440 94644
84983 64358
15916 11547
86255 25603
9083 44053
75419 60786
42544 10409
90065 29
66003 71812
62889 56658
1486 39254
52641 83588
71089 33715
31546 18280
8046 86228
51224 85689
47869 84563
87941 76277
27802 14514
58766 60190
29122 4597
54373 65050
26810 611
31933 29204
15560 11145
30098 11160
6167 37079
41982 27386
45496 32897
92421 55120
62236 89631
10538 46196
64282 43117
4631 17859
58991 7628
76250 28736
93273 28255
38274 59538
98076 77423
74310 20769
85629 30600
54494 70429
3689 47769
37672 38423
38735 43928
58244 61894
73826 92220
11353 87108
73240 10753
45518 52207
88301 18792
20817 93896
15361 21236
66452 93143
87414 97357
13227 7749
28595 46817
76239 44000
92739 31358
82942 50555
76279 33882
44600 47595
10816 41451
14084 53035
94582 31471
5449 18073
16724 98566
52469 44631
37433 99090
64954 68618
14184 47806
20140 8223
41737 86580
56388 60897
54950 36037
23616 49604
81103 44326
16704 14974
21014 57613
10635 80808
38228 37496
50408 38753
482 8870
52453 97291
62433 69051
62164 46028
51826 225
53865 41967
54143 83906
10813 47264
17232 47663
77902 97044
63223 41244
66076 85471
89029 88705
60110 2043
81906 62811
52907 16295
44857 90984
83874 10342
56153 1423
76930 53468
23509 22038
40034 47157
39157 23562
16795 13694
89923 24763
39048 43722
32879 68956
35021 24782
42444 62887
47021 45797
29904 26808
93011 44
99192 7437
7146 34151
23105 87404
39941 65307
15440 90269
376 77618
35820 40908
9820 31450
41502 6760
31023 59910
17016 76711
7154 2155
8907 94112
59625 4004
65583 73039
39583 60527
55519 38452
95935 74958
46362 6068
12188 77831
28388 63255
66442 10949
50274 89288
73634 5524
44226 21625
66882 82376
8081 62684
10859 65367
80450 72074
46721 58010
750 89824
5455 40497
73903 34717
62144 16380
67683 69030
22343 93250
80111 38403
40568 36782
19994 20895
75884 57005
12429 6315
80897 19377
24090 39419
9496 30353
83890 30343
36726 88935
65133 79340
4003 50096
59238 80649
71918 37200
22717 74499
38406 89579
62483 5857
1026 76333
5265 43120
76603 69187
19713 96384
19149 65728
58291 82629
83418 98265
88346 58135
55622 48713
48653 87602
44508 97966
15046 40471
97991 91338
75494 3241
64346 12290
93327 1457
30889 7075
14408 30299
19502 93112
13533 87319
74405 43573
37021 17912
95119 1680
12986 70808
86771 62594
99340 51890
44761 20138
42095 74663
2125 45034
51264 97306
34914 67368
1987 30612
40140 70062
94944 71648
67237 6987
3938 3664
71529 81840
38871 15030
97818 7796
30835 20620
89340 90481
61900 88493
17434 8772
44287 33401
32511 66192
65002 3189
78558 6812
85264 60105
33387 51825
23192 47776
34944 1789
1870 20555
44185 99090
56961 53342
22264 3879
43747 25682
11297 65046
64205 17346
38015 98269
51000 910
14654 35165
38884 3354
16655 71486
1173 68528
95559 41097
18609 50170
90591 6572
61891 38601
84085 46170
48283 96145
36234 20552
32236 79146
57891 39921
48365 60273
66793 21107
94521 19780
53032 33072
82479 2026
91347 11150
66578 93961
3198 44280
67113 60238
59363 99674
33408 2505
99262 33032
82822 65646
57745 71224
54157 48372
14721 13379
78894 40954
26871 2152
65570 23901
44351 70634
36937 8804
77388 30221
15879 56501
98738 25628
31170 21820
30315 81382
90470 53163
92691 89437
2817 50868
97036 35030
96359 15793
44667 1355
6575 23901
70921 24668
62835 94073
20898 17225
26036 56136
60889 66106
39381 25330
89027 13720
79259 12037
17175 26833
15219 41647
62261 94135
1676 43782
2971 55521
67769 34112
94257 84297
28304 58011
6719 10509
23277 25590
62770 77071
48 19094
43515 74229
28666 52131
19119 34953
1557 35240
70600 70649
71433 22038
35426 93336
13735 7009
66175 86652
29602 51009
38116 84830
22353 16563
43162 66749
49839 58102
99533 39195
75355 69263
52912 53310
97081 95109
17784 24816
90702 45157
81212 30848
57479 80063
95964 26175
73075 58663
63063 2884
8005 97909
10387 98217
57235 36517
91928 95275
13465 28696
45237 17581
10551 92145
82522 94390
18799 13017
70269 58478
27144 80764
32597 47845
50062 12618
85218 67853
90127 92695
61731 76859
95807 6811
62494 75466
58645 95314
72764 19863
25324 28700
20009 58502
84515 24511
44248 34556
76413 36544
22110 64962
93474 6638
75891 76841
85628 74999
20660 88128
15675 44337
81763 59168
78322 37747
13413 77665
36759 65529
76835 41794
69959 96963
19178 67365
43903 74550
72651 72784
76836 59961
763 65229
93500 89562
55828 65130
22163 24807
53555 39130
50104 5653
77336 7315
58429 50141
78185 97934
81626 67418
50190 62283
43946 84844
22902 96650
61996 84439
64690 65362
59331 66661
18389 23469
57047 71904
88090 6026
95378 30329
27869 88795
15588 36996
32480 57300
99872 62105
98248 43666
30812 68085
49470 14770
33717 29015
47407 37141
24489 26787
76588 84355
40571 68546
53291 89828
78962 42784
22308 89224
69626 62349
820 98977
83777 26141
56574 31300
69435 95240
40964 14892
3647 50730
24498 72695
63048 71524
4404 8775
42710 59545
12284 29185
21642 88946
98173 96625
5485 58651
75442 19653
15529 47459
13368 18318
54926 56160
84399 84194
27599 72233
74077 27260
35139 77658
29867 34810
37316 38196
71174 19646
38707 1178
12639 48142
94098 87348
28652 32117
31400 41008
72005 80607
80673 54268
19591 35681
38924 79214
13716 3598
24315 31868
47729 25091
66630 4196
56775 69532
88616 74853
37763 49212
69728 29156
3703 83530
99762 38441
26614 14734
88932 48287
79259 3352
93793 78935
18883 94298
95417 90181
31886 89577
87679 48450
10626 21280
97386 12712
83624 39100
43188 61721
27661 73729
44990 1145
32739 40691
27242 15727
68509 50302
7392 89576
10486 12207
5674 46996
32683 82169
34231 54823
89052 73105
6940 38233
82511 88690
64206 82951
66957 95066
10665 48240
31843 15723
4300 31672
55491 66731
20987 25480
63360 95396
81180 71436
80661 24485
25018 19220
71743 37215
165 74035
91038 36680
73424 23363
38649 7548
88754 28960
13879 94423
51974 6312
65446 5052
24331 97153
2935 99601
37060 44339
5600 61921
600 19658
91129 99832
91187 14869
74560 96555
68612 45738
31797 53518
89949 22304
15870 89051
21718 20979
13348 30706
26891 64643
14036 58163
59353 97909
3072 61638
4837 64304
31516 45011
75733 30338
84417 15114
88628 99513
93868 61693
71090 19435
20416 90657
20322 46414
54976 78801
82491 37568
9462 76523
8760 33152
31183 7472
81624 79347
2365 10856
59454 64288
96756 47388
90962 99284
461 93819
75646 57535
12069 72469
93233 95221
8927 48643
24768 12591
12382 51805
83392 83783
35660 27970
81453 89791
94102 46900
42055 96731
64590 13753
78992 52354
4328 99771
55407 92865
85789 16393
91183 80424
80747 88404
11744 6795
58002 55635
34645 21954
93528 73439
61861 96745
96999 78615
39819 11649
2250 39966
2022 45901
83859 36408
24025 48694
71224 30705
27116 18312
11057 31766
33801 40306
75740 79737
31232 23210
55386 42161
54691 17415
27183 19896
77579 42533
31301 68395
17937 72261
16266 33102
58006 87306
58797 69765
82683 41980
51621 34332
9354 22473
94890 19776
49611 82879
410 79780
64751 13460
74101 82045
58474 24062
18626 48678
54192 475
25160 17405
95711 44651
54357 2596
42677 36368
52923 25697
56374 79029
18702 92862
48007 13252
77287 69514
16854 58318
22116 50902
80559 45864
22405 63992
11112 90568
2673 74539
75958 55244
13935 2862
16246 16691
47246 57025
98789 15970
50941 48811
32744 23520
26323 9270
75077 40474
23528 54513
48104 47936
31354 36397
88416 82982
49514 6913
32511 90180
13020 25703
91965 47959
74043 95644
37909 67197
99474 63715
94918 13245
49300 82723
46739 70333
86420 54437
12772 35210
79694 29143
64355 71764
67901 47755
83968 43502
1858 25208
22830 65042
36132 7032
70691 84444
79370 80841
45564 47946
86595 66540
44822 87938
52286 63433
47414 19308
55890 33417
29378 91124
55128 66843
61222 35145
22987 44975
34033 5345
77359 62686
71349 81715
47016 92672
15498 83963
42814 11380
15947 95001
37759 24988
48407 81682
2141 45246
47569 14414
56236 70084
61249 5368
52901 36573
96338 99362
6342 16346
25233 93950
50544 8593
48212 70693
63976 71870
7921 49972
28182 10141
34498 3083
5001 87985
200 77804
69232 79489
41861 51074
92514 71989
35648 96727
63160 4093
65093 9788
68142 17866
38019 38021
71909 35635
23212 62538
9604 7730
96600 97576
34354 63781
13378 6558
58046 78445
73737 71057
58072 87794
31217 11464
31861 76541
21024 36592
58510 69564
33345 69273
63681 97153
81028 9111
90511 68804
76540 97058
74525 67997
32383 13398
34291 3562
32010 28756
13408 95919
18779 75327
12691 7249
43317 41120
21955 49594
12511 54883
15817 73081
88645 10424
94881 56191
34774 18898
13133 98178
43172 66923
53553 54013
30855 542
88440 88302
20986 53804
80333 43543
64285 57912
87587 40351
16817 64299
31086 32110
64159 35408
2056 38420
6130 71353
70541 17698
74584 10072
31135 55791
45444 91943
93602 44660
51567 37985
38817 11217
89843 41990
49160 44646
54319 8219
70599 87386
22694 82952
8470 62296
87743 43064
9035 79597
26694 23836
40357 38252
23818 16648
19973 27562
60061 28949
95568 25793
64663 50206
78286 22257
24116 45571
39630 12475
75697 28616
13504 69445
7731 88631
52601 40472
49376 96026
60915 99941
67011 91842
28618 99708
88236 1667
27040 11571
30894 58837
14873 17637
54784 86901
91616 47728
16989 61633
97281 34582
62211 34272
66477 16669
70392 43960
1913 22223
51776 82070
99678 21019
72104 71498
60187 68338
61695 72584
8686 64266
56311 49096
73279 36447
20072 63782
3862 90797
22766 18914
44128 43959
93830 93794
71021 35779
66805 24492
33621 48572
61217 2316
8814 59887
28662 69556
13592 6190
866 43638
91121 93648
61241 28076
49505 623
97745 13841
73520 99016
66695 31686
67563 58911
48281 2126
82211 57592
1834 16177
58477 15583
52834 5053
19107 46593
52683 192
71105 22033
76949 20752
85993 6500
41874 68803
29888 6485
53179 46583
66126 82338
63369 75691
1218 55052
65181 9764
23724 67195
10008 98506
20097 12024
17635 94408
13883 26642
27465 77455
72470 85242
71672 85875
7316 2598
78852 71276
41626 87025
18244 99767
62065 46105
39315 66547
9222 85793
80528 14085
8106 7725
41790 88948
75602 19848
98277 12077
84056 27745
84143 70368
27480 74761
43660 37761
86036 8471
66926 43528
79889 66404
21678 75473
87928 60624
93637 66173
78486 30619
37396 18511
72028 9676
40637 52496
24735 62190
5767 20396
46137 92078
67581 45587
22726 36574
46256 13657
67016 52373
77393 7094
12452 33357
52088 99878
50883 83812
43776 56777
41650 66875
1832 16197
19170 98938
74899 90783
79624 32842
21353 59398
12094 44057
69556 18792
84928 90042
75460 45851
88688 53922
12812 77590
35251 36044
2434 70197
84850 52054
40674 36024
99866 9858
12396 1828
5276 75350
32930 21280
98158 69308
20875 89146
94439 32515
21747 78752
67751 57468
50792 55303
42925 15070
9790 13768
28319 92258
48236 75614
1254 13735
1773 21353
65135 23439
43585 57677
10987 47296
4073 2836
48943 96549
21326 34024
85621 70987
17338 33114
16154 80356
76381 35294
96382 42119
37834 42220
43015 77326
74167 62657
29214 73270
54081 11420
66928 85379
22981 38849
89774 97497
5608 30073
46253 99556
44849 58640
98183 84689
41129 69430
569 50259
19074 98495
93155 46079
30413 69475
41419 60336
52578 67166
6490 4163
75196 61969
66077 85180
67322 79263
96805 54560
37344 80753
82599 48505
59700 95571
93405 18965
50945 71957
12932 99175
80407 79210
18204 37733
95241 62572
74027 63592
65837 99446
19194 27151
51200 92905
25942 46620
64992 6696
67216 21813
78064 41467
99294 86692
43767 93360
72760 2424
90881 94645
3771 33154
41532 21184
74954 22233
39357 6631
29064 65654
74137 96168
84703 89689
6252 85826
42844 71618
18229 10458
9360 45944
90872 92344
16273 57894
90875 89191
29175 35449
17001 20024
96287 21283
93106 30431
73771 99931
95241 88341
52032 20059
45157 99380
37384 28897
80256 41854
80270 48110
1499 27447
94500 34954
45240 12966
94847 30878
29374 37496
79226 40568
14841 79165
30927 56235
89048 1673
79233 20620
78285 66836
37110 86806
72784 23067
43189 50567
71933 4381
37612 89665
25937 19902
13100 67690
29457 9159
3307 75052
44995 59460
10305 15893
10290 61701
6571 76984
46638 24029
60300 12811
75946 77926
76071 58567
61149 33180
85862 98251
71809 64093
99190 80314
52247 30959
25128 68472
61793 64922
10802 18160
27335 22218
46380 61777
45011 79918
99892 4300
92789 25500
8586 61304
86623 59499
70036 59151
30569 37367
28092 10446
46030 86144
49389 13145
39534 57771
57625 30484
98698 512
70038 10667
26443 13578
88860 97291
41852 3450
79593 96870
21355 56997
56861 32052
73900 50145
96990 8012
24534 45068
16949 52879
59972 69157
78512 46558
68533 26033
3870 82367
32652 55095
75702 58620
98832 56292
26640 65603
61677 40296
97866 1767
83538 68887
6692 90077
66418 28682
78436 672
84035 90971
47572 15726
45889 97996
7455 95497
26060 49249
88567 62200
77573 9377
80178 963
59253 61337
49864 23353
56007 28505
82647 63054
49993 51061
47967 91157
76655 52165
36455 84651
79376 30565
78518 78284
2823 13654
66042 74939
22099 68347
35877 37279
34615 53597
20842 79360
86523 5384
35301 50286
87049 16715
24976 3930
56561 73852
14991 83195
86533 75090
6373 6315
26750 3945
90652 26120
46197 57986
77922 46451
61866 34496
69670 78580
14369 1963
92991 24884
84672 34673
18021 5601
89555 8864
35638 8942
1992 49934
63763 17296
82355 91505
9024 32130
67787 59815
81223 81474
77931 46896
52054 33778
66770 36910
56348 53432
43396 75852
93840 1438
98310 70932
96010 20882
3781 6840
64744 58599
56720 39786
1131 93651
85882 24963
8343 8431
74329 11648
23766 87386
1930 54880
5270 46230
79498 2376
33542 98153
4638 89951
1597 34526
14124 57490
48020 43138
71072 13489
92102 74247
56328 73072
97527 14852
97304 75847
53834 84082
43175 3923
29802 93969
4112 32338
79618 58657
88978 55115
88549 45801
63729 42404
85191 81236
94515 66058
26753 87535
90371 29261
53745 78285
66193 94624
70648 73475
37743 38269
73786 56940
56726 99968
56641 80837
80671 43143
93915 20178
38635 40984
63863 52792
56764 42235
79788 70433
43801 59548
3667 36859
110 15018
61832 18553
10025 18043
15852 17200
33919 67334
67782 62939
21317 59623
69725 24536
42775 15134
63456 29897
83572 10672
13630 15764
49791 16997
22926 46180
68256 56072
67913 41061
6817 13739
70987 31467
30802 15104
17173 42156
23686 41505
8110 18145
96724 60808
83837 71178
60022 83832
92305 5287
37837 62322
18714 7743
73147 50273
13325 35837
86823 5071
39299 45166
50845 98125
19866 13764
50987 44303
9011 24310
47238 5357
40850 34558
10627 36292
14722 97721
86430 17875
38638 63659
66518 71551
16745 78296
21135 58831
22663 60300
77614 7344
73537 47284
4097 71026
36502 21251
92725 76425
38436 41806
27198 16589
40179 61520
38866 92890
43466 78855
30446 87793
81656 63989
13616 1045
69677 58016
38459 53455
42814 70034
94998 1899
67012 3993
61517 93657
87357 27240
9614 19628
96394 73589
31374 36670
624 38649
64578 95754
39127 25107
49638 977
76206 92645
77593 19158
41189 13205
90111 85762
93361 87374
53214 41056
85739 57212
96033 43234
61393 96083
96024 56826
41316 74761
598 61474
66697 10136
72562 12629
64008 33181
24039 76595
35856 90556
8915 73889
16497 78265
36924 77191
22976 36416
4614 5360
86 4126
2686 45613
35282 24261
23123 17906
24562 31788
15351 34936
71966 94221
9282 1850
76734 9254
61295 88056
28094 98584
60926 54262
20881 66795
90256 17118
40491 23784
73870 10202
45414 29501
87683 82171
70622 71133
5565 50517
43829 89405
72848 53120
76880 60697
71251 33977
26263 1420
51424 93950
70329 76667
55160 56118
45254 67019
23005 40551
58515 58023
9815 13790
13210 90971
98832 83435
60727 30363
74872 19394
12716 11005
4961 80411
44637 21498
40355 2962
80981 94545
74490 59240
94752 77637
71075 42624
91247 77562
87491 28771
44055 34235
68896 39388
36786 5335
85189 97821
96156 11424
36738 8985
73399 71435
93610 4711
64519 79922
98644 79461
20727 62485
68507 47187
3987 12372
16158 74996
28844 3735
25440 94896
39191 47175
13833 25909
56974 55666
88099 92209
90061 49866
70974 59578
74774 49223
56844 81542
52814 31136
59013 97107
29086 75862
17189 50080
23186 22602
69097 71986
59677 44610
534 9745
1780 42856
84850 53064
72590 26314
1865 18312
59883 51867
62089 67717
21002 8881
27430 80247
37136 2821
31671 27323
32232 82742
46455 90704
26846 5318
41061 45019
65123 36123
10756 27747
82700 42528
12604 97013
43635 76449
50519 91969
19124 17266
50149 97115
78641 49961
70616 87355
49487 12096
98409 18397
73175 60372
55601 43522
93654 88488
81745 29070
7901 18755
4938 60008
22273 43373
93510 40060
54140 69462
76557 44860
66922 69456
84529 72923
64589 68080
32387 70833
51690 54065
76155 3482
48394 38096
13876 23382
41338 16465
65325 92747
35243 47065
71785 39230
16242 71250
36944 57982
20009 50602
56396 33593
56269 45236
25901 14469
18558 76069
34437 69177
97730 65848
7949 65105
29281 99851
67550 1901
9578 47136
56313 28978
3661 16477
10400 62983
68608 620
16858 24922
45723 49435
3923 32153
64187 48829
59257 7705
70114 60200
19680 73171
8437 29781
84255 59490
46301 60100
68561 66374
4231 19829
80693 15683
68420 6543
91023 30979
21450 72604
4165 97008
98608 91211
7778 47291
64054 72622
41366 92472
92731 43418
69843 85183
93477 4265
12498 36781
21309 26939
81261 92577
66128 18192
47810 93695
54703 72656
54390 24336
59599 72451
50735 31904
99114 90169
40505 64799
56541 67716
84003 82305
41032 68825
45919 94782
37073 86227
7813 30450
2849 49744
37072 5502
46981 85618
32767 53989
34318 53694
8886 62960
91058 58464
92795 60619
75145 54374
41849 47014
93616 45697
9440 88660
79625 2951
97571 75375
98553 15027
94648 95026
77193 45699
68188 17086
11366 44537
54348 78646
45186 52475
3501 14050
62160 68308
36326 60080
15531 33552
49185 45518
53072 40196
47405 41746
39743 92835
60958 55186
90046 17258
40140 43788
29654 32245
52848 12159
95124 60551
72074 30448
71337 77511
34910 1159
77771 3805
50545 38255
38866 31801
47249 25433
25019 54669
91979 46425
27337 47470
82003 2472
57631 49111
49183 59008
89895 95845
57068 17859
73614 73148
30392 38357
16549 89184
47782 13181
20162 43549
40541 51272
54621 94049
98089 94438
3507 93628
6585 683
90599 87239
72767 32495
47612 80026
38547 4591
65980 75571
32016 95722
78996 12470
68662 18404
2229 30792
12614 86854
63221 90195
40265 97500
48684 40422
37610 48342
16760 57234
22743 4167
90553 90445
54820 74313
62613 41203
72135 2168
78965 98304
27293 53330
16774 85911
20260 46397
23002 14910
45983 39073
30564 46112
22934 81642
46688 3466
65331 89063
17608 49902
42533 77134
42560 1315
30657 90518
30603 75682
20988 68827
49587 37099
58514 78493
2469 37118
77507 2529
58066 84771
26128 44431
35760 36002
94242 26322
52183 60139
47076 81787
78821 49680
98500 63231
6298 21190
30934 72468
64861 70152
94289 12184
74389 5652
22959 57194
2832 49131
7857 21711
33727 10165
13274 67758
60920 17627
99855 5428
63155 17740
63997 80433
61710 83288
46739 6362
10729 34584
9603 69957
93195 59556
12934 41551
65595 94043
35317 46073
62183 50751
14576 70951
42785 66710
19355 45376
75100 22474
28 66033
30931 90186
18015 47306
55427 42855
72658 7455
31693 18264
89577 24904
32021 25334
32251 42689
21093 1345
35299 60971
59082 65305
34496 87881
91062 72645
89333 47428
44573 62224
89066 16264
55416 72903
62409 54052
55269 89404
57121 93678
79524 33734
49031 53501
4316 90495
11152 7405
68564 39844
33465 61791
32346 55705
68735 26294
25792 20194
15047 71098
54137 96363
54743 5145
50145 95394
82747 24865
83762 75735
25793 69224
91312 40578
66045 94724
98078 67101
95078 10675
60519 44326
62263 88405
66166 22623
41615 64877
2461 8494
27409 62051
35442 8317
69317 95652
5838 82011
58997 4833
76620 81593
36145 52524
36400 64269
36588 510
46237 46706
73308 3284
58782 13255
2077 53549
80350 38124
49423 17134
73808 46120
92756 10174
64968 97893
83059 64490
93759 18642
93976 24962
64979 32448
83633 81722
61444 99590
96146 96490
46809 76670
57106 10767
4857 37989
61100 53671
80690 82686
21695 80473
87158 92048
29711 27275
75801 27300
70753 58602
70004 83144
62691 56262
71269 93774
8642 83186
26093 76077
29905 56168
71248 51071
63753 452
4889 8354
44963 66084
59923 91768
87072 19566
57265 21222
45730 57098
84615 42584
92048 11492
47182 74268
80982 780
46948 12194
85154 19445
32042 43395
67432 21849
85476 51959
64575 21139
6173 89917
73730 17571
99232 78391
46801 39150
33152 55595
58765 82012
77681 98947
48831 95480
73100 24846
81969 92244
81679 54685
31411 55490
74331 39142
67800 18076
17652 8581
38806 4252
86917 406
18186 77285
63225 45756
52018 83000
87267 25822
70769 78336
59831 85316
92942 86887
21422 64446
38677 2718
17734 24669
75412 72601
83552 25528
29855 73969
17889 7753
89934 26304
8497 53422
22586 96520
1759 296
88675 33677
76570 81983
50508 84342
5241 78108
10653 53744
58389 9389
22433 30315
78570 37220
20102 80507
19930 76409
76895 96472
77161 78692
39589 28094
89602 44931
96818 49902
10384 93114
98404 11179
89446 91278
78624 78750
69048 61161
75853 75507
50175 14362
61109 55802
12378 68338
83655 91014
31143 77159
54552 46673
21870 99124
86301 4118
35318 74999
26930 47670
16974 33683
90390 98708
69446 6124
75917 41081
82259 46317
35389 95312
35758 63077
32593 99435
17590 58597
48665 88892
63497 43940
77160 25821
80879 21819
789 36425
61488 66122
34522 39904
36024 18353
49464 56359
6170 15831
29009 96582
20970 42055
7885 57576
86370 72366
70390 88830
39070 52895
71547 55292
58048 91183
73969 89147
70156 26713
9229 64246
85325 15290
64491 90349
86159 96694
76042 59812
91394 66386
7214 46245
10974 66584
42365 69786
52345 30742
18627 9812
34514 79583
12334 10183
57514 3656
55826 37483
22470 98572
8101 42365
64590 14697
67748 44796
67057 50753
74669 73292
34463 8826
37059 5974
52845 38302
94062 61926
93589 66492
46808 25420
57171 85253
21296 46652
70729 23727
70923 66702
4636 45014
43582 41630
35572 94806
6853 32237
72704 86450
22400 1406
368 21776
68944 31962
91481 93947
7551 95628
84341 85760
55957 55046
83552 58161
47875 48283
49212 261
4668 22370
26894 4502
3223 88889
958 17953
51663 99136
36635 41290
73507 78266
77941 66133
50102 52208
88001 55086
28560 25965
35993 5570
23163 16386
793 22660
80486 52292
95587 55945
21158 87497
12636 27404
54608 76879
34797 8267
30817 14997
63235 54472
58198 11840
97839 82376
13236 49656
75174 53751
21793 1064
36930 9411
2121 14497
76607 9437
35898 58871
30783 88827
13800 23075
21255 98648
53034 18815
53663 6803
97051 16397
60054 92108
71162 60145
60540 39114
17642 39890
47367 94135
83603 11293
12846 5474
85567 13922
41841 98012
28445 95349
87791 9308
59554 96014
99277 83323
16323 40393
34550 23289
39997 83719
52566 51446
68877 31084
5086 78297
22648 78239
76963 47085
18660 3372
72191 81599
30653 50693
16847 49857
96913 47197
15667 92810
33140 86124
47185 17492
79325 78510
76881 36349
80167 31203
86690 62918
12689 8433
49684 32887
2719 68349
8733 53337
90006 80310
21013 17658
38308 83018
36281 59885
50966 79183
71083 91719
2431 39100
65104 58051
88664 9517
81 79199
95642 37666
49147 15101
2118 55936
61631 18083
40286 66926
35890 58907
45513 64922
50638 48148
4627 66322
93359 38975
63370 6155
21304 25011
90946 17630
12779 7273
35954 51398
6612 1184
437 1475
71007 70618
86666 74585
76477 70814
53781 7922
24260 24468
17179 28056
84204 25548
56810 70364
69074 38903
26511 62898
70808 44172
25501 59986
49667 51237
15053 54681
27292 81375
58264 32422
88784 69278
69727 4733
65040 84550
19140 95047
3154 59715
29166 90576
79534 92610
6761 41352
89601 95862
9379 58531
60557 17620
27153 56345
57943 49303
87496 74118
31304 60700
38692 62571
51693 97959
31268 4811
56983 91421
65771 28175
61468 79720
34593 96099
80884 18614
57233 95511
95868 49402
23241 41950
70743 65898
49692 65682
3880 11391
90499 21294
43065 21432
27192 39155
20791 96663
63577 88516
10579 17922
99083 41481
97442 68675
77397 22512
926 82921
38880 44071
89540 54117
29758 59140
98932 77774
51776 5661
86068 89437
87742 24880
15821 25458
71764 31164
21164 86157
33183 61670
57571 61813
5667 58678
19397 21045
92328 13431
71629 55514
56601 21114
67512 37430
14148 7187
48006 62528
92220 31387
55901 23762
40250 47788
36550 1418
15608 72840
10734 33289
44661 92755
70726 49655
32020 55828
10148 9181
95260 82616
56032 98441
41785 46863
8248 18926
54618 50861
39372 26657
54225 26538
79106 13661
42678 25987
62595 34112
87076 759
1308 84780
70715 74826
35103 8103
11388 1925
45951 15867
44176 73876
94871 34934
71714 25191
90116 8331
67456 24529
19494 35696
88190 23436
29827 54942
89778 38292
60837 64404
68761 44519
65527 17877
77137 62315
62955 10565
87965 26344
66359 37007
18756 92042
67603 34850
72402 77120
12796 59119
45590 13120
61525 71533
95586 97473
33025 43926
79119 66623
40874 37895
36150 57850
36797 14884
29719 30743
9292 77745
58550 42494
51626 33722
48985 16858
79923 88044
84012 32028
99457 94778
34173 85881
42200 32537
53728 8455
99835 43588
12619 97860
61012 90712
92347 58543
37520 5785
59950 31405
61409 70860
92327 45989
38042 84123
85358 68068
23223 21492
21613 5434
76082 62890
97972 88604
86511 88498
41333 92288
46801 91816
47016 46755
29762 74312
60553 10150
57583 55541
24021 65357
11018 42389
44241 26879
47815 52114
85251 77225
56511 52731
73623 59707
99664 86625
57563 68009
20314 79898
71491 22635
57251 24770
37798 74333
86228 2965
26430 68224
50523 94326
748 84503
61287 53004
82259 1163
20719 40191
29144 38920
56331 6655
58856 67198
14745 33470
38834 11328
31322 63313
97673 70376
19506 71570
41603 56817
65035 13633
7420 42076
978 22494
92820 31468
79417 61169
74189 67369
10644 93155
26382 27649
59836 76450
33955 8450
86415 98945
32730 18050
55277 27221
5415 59127
95357 84601
89153 86943
79238 72715
30563 9178
94454 88173
25196 82923
97695 2565
5567 18298
33397 80861
18628 11156
79249 2883
49957 90666
56785 1354
70930 90254
52949 89672
35581 55033
64420 66038
5695 4424
56645 82323
55953 17274
96998 22945
89364 50996
40857 12070
89642 89565
60498 7117
48666 49794
30506 36803
88176 57875
5087 47994
76602 20900
28690 86025
7180 4237
62823 2953
1821 19243
32264 51034
10824 82781
84611 12924
9132 75463
95847 3510
51532 34226
18507 75347
17840 82762
36616 34432
17250 26911
63802 46064
73650 60996
32482 63704
48659 8019
33159 89427
51835 7848
97552 97790
18759 65633
38283 76509
53205 41700
80490 48053
42631 10329
69121 77712
59655 5644
8233 70620
80158 14125
58816 92044
27547 69039
75207 58837
28914 5740
15810 38098
68026 25567
95452 71905
51822 6696
37248 99044
333 13228
52481 34177
27515 13299
46003 12291
2814 99976
3983 90550
93505 60477
33203 97806
31796 51076
87488 81697
7434 85591
20730 46248
2585 45040
53260 85027
81982 31602
32737 76466
88470 83230
50156 22748
7334 8959
90753 8236
37333 67455
2458 63183
73389 56847
64211 61015
54525 9667
8013 28571
44953 31924
90319 98357
19128 43420
26912 44834
19541 55229
8047 93926
62416 30811
84012 52453
89226 60317
14796 35851
23052 89840
29352 28869
80160 8516
25726 1158
70966 53773
34351 74851
48417 62947
80191 82551
31576 57506
91609 73152
48405 83883
83048 77632
33849 31393
81151 80221
77478 45389
74354 46561
31076 43931
52795 13786
24893 28091
54678 41371
96576 24384
5509 30714
73985 47876
97388 74960
24919 35330
8886 72028
43230 76987
67694 85696
95251 5714
64999 32674
69499 97136
54965 72909
95867 34208
2290 73293
24481 12916
5466 29815
74202 37982
15791 58238
23290 90104
22037 25023
8919 32029
44727 82582
82862 45005
58496 77063
80957 3277
32931 59318
58791 94885
98132 88847
33524 20736
17229 64287
35757 72111
74122 78712
8068 90503
11629 30641
38250 92094
38715 98564
10264 25970
61308 8303
49447 42018
19935 51219
49399 55602
67252 72568
38028 25164
46608 75783
67308 42810
12652 56718
38882 56077
91591 69728
79390 41529
46175 50418
41459 66614
35484 12352
66616 46305
38822 97766
73704 73433
42473 46918
20290 12322
92504 38440
56553 86661
99336 1302
50180 90446
22160 4540
57759 70765
81615 23342
53417 51830
66598 9602
11221 1153
42906 42257
87097 7530
60660 80155
71377 49458
87168 83296
51261 59356
24753 94759
53790 75889
61531 27291
27293 49308
24824 17416
79973 18447
13668 9827
16708 58173
42273 22400
38318 81917
92180 65145
90298 12141
56134 1006
73475 53261
51171 47327
26344 12224
11390 20020
96812 46127
55116 37526
43862 6309
38692 21747
18354 95603
86854 64637
66287 40654
52401 53932
25728 17516
10570 52536
98491 33739
61788 77823
43164 74666
90515 7845
97795 21614
8864 58287
31794 97727
61688 23175
72592 17864
54005 47035
3016 53466
63603 36350
33611 14057
92916 18598
34666 3694
92477 42828
27740 97059
17847 55055
34462 20938
40687 78321
21134 93639
21078 83256
3536 32961
64097 70831
70249 293
68778 10626
92166 19075
28749 70373
83638 3375
84044 75630
12588 68833
55852 45687
59326 9941
22838 73021
37193 86892
60150 86915
30698 76810
71903 91472
40646 93142
11398 80396
44099 20284
60867 54279
54221 51726
89107 53971
37394 81983
12280 7685
84710 99303
57399 60440
85888 42338
98201 39209
63003 93329
88427 22556
99190 4279
55806 41174
68757 7708
35751 16161
25021 59694
86752 66411
36923 83803
31685 66247
30 1689
35576 60362
48441 79359
75550 89839
33442 2409
73408 78836
21782 19095
7659 66683
8978 38030
47472 79242
77819 3062
8644 92299
81304 20826
5537 84940
18578 46891
55492 88257
58171 85437
81197 5597
64420 96553
994 28124
58277 94090
38604 88413
86233 97824
25752 50208
19839 60912
85047 12268
80794 80097
37214 19852
81842 65056
49831 20556
49265 80925
87502 95073
10343 87148
31510 34367
61831 61701
52834 18912
97960 6117
15995 99076
55524 94123
74896 8427
7868 93883
41874 85597
33970 70238
62548 43362
38765 47520
59281 13547
54713 83473
84133 37447
8452 87333
77331 91630
50722 79220
75262 42234
94634 11290
21488 56937
63448 64312
86678 32381
87753 5937
15873 82843
39393 48206
9446 28048
1128 44859
95039 71719
31496 26536
87561 69108
20433 6920
45796 31532
25494 24469
84598 54538
17198 3786
43720 63020
65779 14952
42279 77748
31910 95890
18372 6345
19017 87568
24661 9363
28675 44432
32946 45826
91648 64
35224 31015
6799 81590
53769 49976
41218 94696
48331 85105
95057 93620
27525 49198
88791 52857
95909 28979
45236 46812
79100 23652
18697 82885
25247 46988
33439 44959
96040 16186
23744 41531
73908 83072
21596 16333
56611 77331
52582 52110
51131 7726
59157 20408
85029 38446
29220 46797
88046 80279
55793 99793
41160 71149
93217 5899
61862 48636
81947 31080
31747 44946
37577 25080
68380 73727
44026 27023
52177 83516
98243 92069
91944 48705
11353 2743
70698 17644
81656 41092
56485 77921
78303 10736
17320 32773
59538 70148
12586 89122
49591 68396
80643 15335
94361 35064
45264 58757
97448 316
63860 8051
86903 76079
40082 92106
2941 30128
97236 74889
22357 94524
34535 55218
68254 99449
95708 37483
67163 43183
40617 71679
21971 37130
62374 82907
12562 9721
96081 81905
14023 14738
62474 43864
67236 28428
71543 3753
63138 97699
8097 45348
474 86871
4150 77737
76812 41517
69701 56032
81180 51533
95589 31665
84720 17794
15438 10541
47891 73981
21982 22499
39606 39443
65461 64587
40521 61690
67353 96287
95654 29840
69843 30685
30055 67732
59056 43206
45835 15019
32194 47682
52309 17820
25405 83226
63693 87892
50874 63805
38941 40899
49559 60891
9268 65374
32212 43821
62407 6939
58871 29995
73611 42007
71593 83604
61885 29875
46616 6250
81210 91539
68531 35155
38631 60286
68945 71065
77450 33985
78314 19403
16014 88588
72828 39386
6724 65971
91719 67229
4797 76206
72146 69677
11440 90905
54340 43434
39322 29237
61131 53780
88057 98885
5304 40466
24496 19826
29473 57135
85479 30504
25022 57240
92392 31319
66669 2623
21795 91922
37039 48091
44842 70867
26248 60966
8502 14869
36962 51549
52640 60473
93355 77092
74025 61890
82802 2112
57075 65657
22414 9530
34373 63241
8503 42691
47946 75171
90347 14378
86131 55036
26219 31752
91217 90667
24059 75765
92700 41419
77765 86895
5902 25023
90231 73658
18601 31017
81184 83803
38541 92561
25975 84924
9123 58756
52628 74700
87221 11763
95765 61372
96147 69008
22395 21666
65615 93652
97162 28762
46050 87452
85836 15520
32293 16039
82959 65399
54585 41210
16098 4965
72159 87164
66844 88852
38401 67130
46933 18803
52999 39364
31051 18547
8803 79726
25055 17963
8550 92976
33429 81333
52392 93735
45080 27118
69028 95442
40595 38778
31257 76501
24121 3453
84426 62681
63166 4323
32543 65354
77947 68377
33090 57112
49134 55633
5987 2710
17623 89346
4021 10526
74173 47974
29422 66796
38887 9083
90891 88766
23332 16099
71177 13115
81539 19235
75789 48360
4635 88519
59582 55700
28837 15581
39365 91886
38045 91541
30868 45385
56644 10408
89180 81375
75841 87438
13205 35243
64635 17318
14778 33933
17505 58258
14922 22122
70402 50424
60841 19978
22037 68226
97340 77144
66611 52543
88945 87142
77240 41280
14389 63910
11717 44796
70811 26002
80065 44780
83900 40900
81683 19407
19121 66015
96906 93799
61723 82212
56565 5115
79644 57054
45899 61587
49819 49751
11813 92895
80868 40288
49471 47025
92230 2541
89755 78269
74931 77367
35165 67008
13635 94264
33360 8055
99185 57010
9087 19299
51164 10249
78909 204
5288 55844
96926 91195
9211 38192
60955 12766
448 44701
18930 84295
44615 49055
53636 45998
54147 85358
25462 29131
29419 28134
39088 2172
69785 51368
74593 39301
37550 59767
47320 51531
19212 28252
85933 75896
26266 19843
70870 49691
98852 96604
85202 30533
16985 90650
24642 33772
88939 63799
36746 54059
80018 33678
32917 26048
71881 61632
48975 59214
80976 55952
58472 82233
33416 69191
17047 81388
83738 14192
76725 54870
73745 15421
7038 77416
50811 46208
628 88377
64844 67955
14044 91138
12730 14929
30590 56995
48194 61882
5481 39900
15554 70803
27917 10517
27325 15460
55423 79254
15610 69368
98360 44175
72037 89888
10678 75186
16653 61041
58938 85460
62148 78881
33385 85072
1250 48174
54763 94595
1091 37751
45935 16977
57188 93184
49445 34687
81034 13427
54146 73431
42075 73658
43104 99815
92898 21190
71547 83010
51503 20555
21941 93085
27477 24513
85970 55699
14027 29765
29021 91650
16908 9814
99970 68876
56983 5016
56978 24791
51023 72148
27554 25133
49915 75062
23371 63965
40711 15086
57644 33080
13282 58480
25412 58612
20862 89236
35288 58893
52436 30294
25075 49023
54173 22455
80033 41741
11385 27994
85491 3934
57228 55880
96734 35194
69180 6124
36859 85361
4757 39704
5481 93364
91077 90303
23335 61210
14272 16920
47290 10077
71389 10177
34797 21146
74230 18394
81484 73365
9996 52966
4456 94290
70882 58862
13046 75677
72541 94109
75568 64227
59690 95844
14226 10423
4312 40888
97566 25838
92825 67855
15129 25955
64870 67687
95755 77524
91800 76415
93091 81667
59824 5500
39217 25941
91503 7366
82730 55127
31646 93320
81320 48116
68936 72403
32519 7616
97627 96507
43241 33136
52683 72537
49299 44896
46191 33255
590 17772
51778 14343
62599 99511
10467 2365
66287 26055
92501 49136
22267 73894
36256 66829
85125 87715
18190 74596
59305 85839
96623 79817
65929 89665
13302 80948
39178 4114
4697 4033
68021 21314
46068 8721
5655 87857
92487 40808
23297 99270
78388 23213
22632 79852
8514 73324
94534 11408
82013 69303
15447 4484
6451 10881
32669 64511
21464 82786
49309 93627
22019 81142
48128 19222
58543 79742
55379 34001
86715 1853
41639 23988
95146 76475
91089 12456
34852 15270
14411 71547
66707 73485
61105 82400
70855 78275
85670 99724
40211 9378
76300 10427
5069 94533
80431 33992
25618 89260
58523 80888
94847 26812
79201 83888
5657 44733
69431 22842
12486 60666
61781 59365
33330 8676
35672 74050
98827 96015
89890 75752
82822 66516
8536 40720
88984 54510
79235 21593
14781 38877
71856 8805
51796 71878
64432 67131
24576 37040
40152 21187
59497 83720
95746 43597
85657 26206
18731 31466
65728 21478
99923 72785
1265 71608
59904 94172
92482 10321
99355 14952
59152 70320
92433 50425
67577 98745
4403 91731
81375 34837
21526 26210
89772 98032
18868 89651
80265 92570
45322 47385
63653 39271
36024 90025
70932 72783
19044 44062
66285 66990
39511 84437
60139 28069
58398 74866
2958 9271
18954 99962
59255 24173
69521 34359
79119 89075
12426 6423
68224 19865
26165 41325
92634 49522
31057 47919
74672 98264
50436 50102
2456 7910
49175 63457
38543 40189
34583 77682
5747 48064
73813 93647
60775 40311
89415 66946
82674 7184
44901 37818
14976 28377
53389 44008
51744 96520
51999 89379
452 147
85729 87716
52484 38232
25436 85227
98907 63062
49309 76184
10152 40850
31285 62290
47791 48660
38202 84804
98262 50791
8100 61243
12232 78044
6640 51593
36437 8295
1409 56805
40048 53569
80314 75113
2096 43460
65317 58003
62191 79731
70607 81540
33678 9839
34281 67236
50831 78658
63305 84668
56858 11896
16263 83546
61433 45153
17536 25713
83803 43857
22935 87318
25556 28929
59727 54660
39548 31435
58770 601
36108 21297
69037 32407
70884 56758
69617 75780
92712 83267
65972 52298
25182 86404
1838 18488
37585 80905
70013 6174
43185 58630
71745 57941
63697 94770
90336 67861
98600 63020
38243 42686
38417 79121
91927 66544
11562 68135
98062 53522
33529 64822
63323 74062
22722 45610
92761 7315
37426 68178
99045 13202
29080 94468
97407 73186
86438 41303
48910 50045
91892 2919
55513 69664
18014 31444
26830 77775
59553 61379
11486 40174
63554 59196
14783 83753
83591 77418
88457 3501
96123 70558
2682 88589
65358 14765
78866 91806
72531 94541
151 55003
98849 23964
43635 63873
79091 61721
9329 95092
93160 96361
24067 91161
11651 92371
67423 23034
95371 37892
54045 33509
89581 22829
87323 16525
19957 52224
2905 39591
35641 47478
24829 90959
12750 28139
89905 74529
96624 57184
78848 94144
52287 75321
90588 3218
9724 3613
64507 20641
73745 82393
54677 15644
79590 43037
34280 58068
97964 67293
98261 90495
82294 57681
77920 31097
5083 76725
28147 12510
63158 44842
92763 64913
82150 56019
59178 37017
67022 39801
23060 32734
93686 46280
70610 98992
94696 76976
76194 92289
93012 39908
96036 81798
4812 58910
21150 49305
16041 45593
5146 24954
53700 85782
58339 24233
50750 81048
46987 74990
30872 27048
32328 48658
33915 23249
42419 89923
94898 59492
69895 83924
41355 75286
92264 38010
84730 99070
26457 28496
91510 7991
86084 53620
45946 34724
75447 20424
91717 94119
37057 63890
99291 84424
37657 41372
36385 38004
76151 23252
70948 32572
42873 43117
72403 44690
36768 63677
16065 69871
87248 20061
84068 92048
73620 52684
35769 28340
73143 21132
22653 70016
68652 19971
65557 41051
45094 63132
94855 98194
9409 87716
2911 82773
41080 98669
86507 2872
48364 28814
21504 39027
55588 68192
33779 52291
74471 53091
77536 10535
37731 28855
61030 10947
89994 24196
69832 48000
25040 5458
56622 73066
14542 87761
80738 3985
77762 63923
19604 51624
76621 37197
21142 28777
66227 42394
48065 50864
91935 33527
17487 8539
1436 50344
19742 36145
24093 48690
6227 3831
1814 61631
96276 85756
66144 57597
333 98863
65113 31839
52845 80547
92930 24186
72550 71250
89791 61321
22864 66007
98234 99050
29798 19346
59585 84607
25383 36136
78692 97966
68662 21569
82903 61058
56443 36072
41494 89255
64192 56623
75868 38129
27029 21448
45195 68822
93325 59085
34183 53743
16575 4952
46810 47644
11109 3148
13810 99421
31296 45642
83647 5049
8690 39421
38998 24667
84418 7439
80400 22128
14428 62129
89771 84618
99055 86359
10440 55392
12589 58170
2027 27852
58062 54644
39071 98251
40301 24999
74031 35489
77129 64279
24750 54642
25478 26219
48848 23946
37450 64464
48687 83798
58080 48630
37127 77321
33176 48497
63353 42360
16869 76153
1068 54046
11229 778
52839 44569
97149 21157
16857 91371
4803 65069
81426 86906
50194 29643
55175 98832
37425 79979
14193 66267
79244 68381
78286 8110
27666 39924
52479 49375
52181 69578
61257 53639
80493 41562
37396 14213
20277 84709
6959 28283
48653 36270
32106 57967
47254 27518
91098 66540
59993 60896
11128 66302
99456 52486
64450 91386
87484 60962
42745 94675
39581 47470
91170 11974
60701 48997
41061 53391
92086 79431
96209 62514
82439 22265
19030 47571
59859 46659
80009 14398
14305 62480
25604 9024
76669 69297
36547 27691
38166 63195
89288 97558
91102 19204
92343 20315
58765 9034
31451 17912
10974 77516
37567 29870
337 84783
73014 86405
67271 86266
93844 83462
79113 30362
64243 80383
66882 29567
19599 39907
8032 63133
30186 5448
84023 67756
33577 85511
18910 16585
39444 49663
18895 9427
42938 80625
98091 41422
10475 98821
90004 76163
67612 55205
20018 72574
13159 34429
61583 69679
6952 23713
77531 5290
56577 29543
75784 91431
71415 28296
27758 77378
14674 55396
8649 19676
19265 48603
21910 79512
52052 12116
46074 15647
15424 1562
34939 77052
7583 45721
93508 44417
45261 48006
67206 32257
55980 91669
9138 85139
73857 31968
16255 68693
51444 58951
97450 44583
47828 5386
57905 95500
42801 88369
93303 39917
77408 81541
63332 95733
4955 17236
40354 15797
42270 77616
17377 29346
59243 23121
34163 77874
94823 84111
22673 44131
84411 88616
39828 15956
97011 59200
57980 23082
71842 71644
86445 1165
64989 91590
44973 58504
9083 68076
50472 15660
48508 3521
92652 12557
13823 1979
21453 17860
98730 30067
62306 64011
79589 55912
9382 98116
23039 1628
16888 96307
5320 18389
15227 33823
66101 61502
57623 13173
52768 79043
33814 47653
83653 99129
81000 17891
62790 40531
38655 64391
62056 65422
5524 21965
8596 53830
5376 8118
59415 23582
1828 73446
91778 63645
41538 30212
17578 74828
83297 45020
40393 78777
74316 45568
20987 60566
23476 8707
86435 66714
7242 57373
31107 2239
49990 22698
95143 16226
87139 36235
22459 13575
63232 81507
86704 33395
7136 44090
86108 91184
86283 37246
86038 35340
26987 3390
55454 6010
21328 37933
36755 26191
42092 98853
89851 34982
73496 7169
31903 83677
55597 56641
16363 93622
3212 67210
99027 46775
13623 8388
11209 76362
23925 70042
72616 74206
84818 8797
60204 39684
54300 81186
99383 14546
30087 9631
40046 33316
1930 82034
43162 76342
76800 28506
40136 55403
56553 99420
40329 90537
54662 33695
21427 25499
21888 23824
70590 27437
48929 52095
75943 5716
28089 39168
44240 87396
73403 50187
12126 71063
63133 17725
1210 48397
79452 72565
50577 34246
24885 73943
80884 79562
69389 99853
48697 92161
82027 39296
55832 68540
22424 4643
16334 38826
3910 24777
60893 36163
21286 62090
50122 82049
5456 62850
3102 76898
72287 95378
12646 59784
93298 68605
50003 74905
30669 86668
71099 21055
43382 74827
41654 48168
53432 49994
36449 88391
28067 70300
63198 25297
46922 67643
69907 44929
94403 74882
98630 77910
51691 96786
75368 62704
48512 61518
57959 76534
13157 11902
45817 10834
28513 66032
18488 50803
83648 6066
24865 6090
41584 8378
36084 29038
17670 7038
94871 13976
29623 64508
42259 37607
43583 22068
90901 56702
90525 31464
82062 35233
82421 49795
40468 82268
93613 93871
17599 91772
752 56605
24365 37587
22542 35073
84318 7096
29690 69684
96120 30853
77162 59344
74692 63319
6779 30552
1327 64626
55211 64749
99626 59995
19037 22073
38955 3547
22200 9480
18538 13955
67016 11402
70437 15138
19420 8883
86780 31089
94726 14812
8213 76840
72350 10527
29881 79718
89696 87166
60085 5772
10345 77564
28410 80674
79262 62338
34494 21650
5028 16220
96857 60296
64233 14042
95273 80952
97146 30352
84078 69048
96715 52598
20654 59393
89811 23656
42994 94514
43084 92998
92200 15181
98935 46006
55327 8024
50806 16221
14 798
2097 25386
67021 12748
77650 20011
75417 6196
57832 43990
13045 41805
37128 25378
24772 39696
39239 59627
54672 51869
10305 13009
73638 97908
34390 52953
6840 83421
66695 79211
40665 43904
94653 52530
25316 23886
35843 51967
71766 67702
77671 9319
40207 91888
55165 19104
63670 15126
95228 77160
51218 21958
25567 62462
62929 57314
55653 62759
80420 53711
94065 56458
56353 63257
78346 61748
33664 26062
10652 35606
32543 37823
77878 55810
29471 35106
4938 47473
26308 64146
41361 61375
35128 82669
23972 66317
26152 39797
53668 94687
17862 83984
87026 14876
7013 37032
90167 53009
63393 87692
9150 35534
32980 60269
10997 31303
43906 38978
77872 65204
75790 31684
75366 29905
27938 68595
33618 8863
57676 29903
7123 60097
3963 39359
12428 16384
90182 93294
5061 76104
40197 87337
7848 41353
87670 58562
89605 20406
74969 56272
55374 36553
70005 46125
28539 94653
26481 24118
70984 36531
62363 51087
7890 59598
7205 4605
50462 34935
81379 25609
44114 44537
98798 79364
79578 44262
20196 93661
94436 70128
17349 525
52516 75153
91159 49612
4081 55139
34180 17336
8358 86793
55031 14805
23330 46789
71747 42600
15784 74559
72123 71067
39104 7236
56891 48253
11700 26053
29854 12383
17748 85492
55397 29527
61171 99210
25847 19841
70119 68292
31579 19865
54029 43073
59359 6466
98562 50470
53845 57538
62379 96474
65393 46211
45486 81034
87692 40532
11159 30918
77988 51430
60980 95138
20633 19280
24185 60470
58962 81932
53757 59295
31190 663
81403 52220
66452 60277
2610 13329
94459 7914
52582 6631
53986 69986
78333 18922
56545 2538
28834 67754
41398 15604
16165 66715
6466 27543
99640 36372
85993 53773
24724 37396
28246 55252
54674 98008
27604 31342
65747 75303
99254 89664
60377 12774
18192 67990
87979 95716
77307 72542
63573 46352
72117 37865
35525 47805
83071 45165
49839 27333
98909 79333
45834 12899
82106 98511
1906 17591
5377 1389
78276 52998
6949 61925
17796 70296
46938 83201
762 8536
48473 63440
92848 37624
82656 17187
98646 94250
60016 70513
27391 9896
21613 38387
41441 38028
12866 89640
51737 68857
12218 44722
63333 78928
4776 51448
67080 20700
52960 87170
67561 10791
54651 35104
99956 34850
1367 24100
28631 27073
87829 54499
80199 96669
2522 19223
537 63888
31630 91392
49097 4636
6624 91166
72918 88581
75167 7353
43875 92146
81570 10682
53784 48112
60450 88879
25952 92079
76283 44843
92841 39523
54351 40099
30054 53060
57122 66834
67408 32846
48543 80214
6561 79074
50193 79792
4824 34979
77483 28712
4888 17818
90369 47463
19752 19987
4845 24732
12052 86398
61771 23704
31818 17038
9852 85553
14591 56029
66695 11330
44840 51654
71220 13674
70273 96618
89679 46537
13161 86636
94219 25062
56548 6293
25788 8011
30616 48336
21084 33383
25968 88559
82023 4811
19292 32868
13758 58254
30255 99177
87688 67433
20224 84313
25709 28636
26377 8852
89785 28519
88491 89631
61599 22546
48936 16162
91763 29445
72200 50408
71951 71504
98709 47874
72239 44293
76990 25957
69685 24537
3256 70471
4037 44999
82072 12806
59018 91180
72538 12897
25136 18636
87742 49245
30440 23564
27781 25537
80967 64406
52888 98522
3238 33912
24194 14136
62051 16453
87121 47151
41823 75090
313 68055
89567 98554
57008 16813
24620 28507
35795 12624
83282 66967
10464 6852
25188 29460
69114 29458
57590 19356
56425 55462
40162 7486
29399 7856
85828 61387
20915 58916
19774 58874
95186 54426
84021 20324
96489 68014
57073 91080
5236 28481
20673 1640
53587 35830
78229 16331
30248 7414
94722 43001
32922 57388
17506 83554
61044 35882
95089 26775
27526 61763
91889 80239
34115 6350
81095 85668
19394 31625
65020 91219
16126 49172
8284 55456
77974 48626
56698 39663
71277 4204
37739 96428
89163 14157
13158 82020
13658 35238
63050 74762
97098 96172
72216 52627
70125 45717
7765 73850
35707 21311
73578 79901
76432 24938
88452 21822
79881 78552
18612 40483
76107 99828
81487 52246
29276 70568
84399 86533
3496 20421
31728 71107
78109 82335
95508 8453
55247 65903
30752 83687
14869 95119
22141 83941
26442 1185
31543 99810
42861 87337
59617 9252
73473 20686
86864 48725
26030 26461
53915 23524
67998 55686
53826 20514
39969 88509
28164 68966
39529 20378
85671 36425
69903 18426
76435 4619
48588 90491
93655 844
68320 68196
33507 15187
58063 81019
93293 88075
31327 36812
48620 6369
48860 24169
94368 55304
88948 74469
49928 52309
22908 60888
28554 17794
71784 61694
20014 45871
12246 75896
8899 8413
1029 25481
37817 12945
7670 81338
7974 5079
25682 55158
55714 22076
32227 43759
59434 34739
49209 52759
29760 81682
80614 96680
28841 57714
3395 1469
58990 47441
20841 64310
21884 35507
76217 69560
57668 82653
89653 20875
64923 90586
36580 67258
48187 23734
35058 61270
88097 27941
62733 99924
80589 45501
47049 82474
29093 28215
59069 45494
17617 95570
18020 50167
15072 64400
16093 18450
17635 3032
23564 16494
95469 43602
28470 26488
90297 44718
55273 86912
80835 90589
58386 4986
24141 88598
67972 44126
66428 82963
49688 40393
793 80817
11047 88218
91217 14004
85138 32885
33621 8128
56315 82916
70907 57825
82665 39184
14203 86884
52904 28268
59250 21692
54759 31435
67138 72318
31896 32325
82832 78341
64883 75511
57573 80303
29779 7775
55886 99197
18295 82339
84285 12375
33411 12619
40197 58918
64956 8483
65249 91577
37200 55483
45070 38304
4556 93990
37676 11732
83427 6558
59905 99661
18862 35518
5206 82346
75495 38695
85400 91885
92812 7740
17272 98204
35650 47237
63660 76385
82896 19344
812 21291
29344 3019
78325 33483
14945 49580
29577 3896
72551 3625
6957 59627
92682 84864
96906 86212
93603 56913
4141 68099
12466 30526
32072 3759
32858 4274
93838 97555
78467 16343
98234 44796
18264 77086
3305 27132
34727 98395
20891 60426
74276 16807
68246 73248
72037 28029
5155 29660
10247 30749
47151 62367
45672 49483
43628 62993
93099 92624
59789 52219
42743 88792
88749 86155
2872 29491
17609 24820
68381 88405
70337 63243
53912 54839
80187 60555
72033 7123
30208 62130
76563 17195
62653 69346
95054 3778
7812 56417
9843 78145
51816 68825
57803 4948
15044 10329
99169 39307
6965 54674
22499 68666
14363 91802
39909 36281
60701 48620
72061 83588
85762 43303
86696 68827
84568 95819
24132 19204
42416 24255
65716 89636
76352 75821
76320 56778
81504 7268
41746 55044
58670 59221
48825 63496
87466 13111
94730 88845
34586 52452
58618 32879
35911 34873
57669 21646
91070 71322
25067 85871
46865 32395
62029 1114
1460 66040
43156 34522
91680 63246
2155 48416
44306 17472
96288 29089
7277 68611
91943 73555
25236 51794
7543 25684
96017 70666
7210 14211
63633 42767
36769 94917
91526 77350
82046 3521
93507 29017
90153 65156
21860 4214
99948 4831
14595 39824
65463 34788
75492 79805
38396 83596
50218 23318
79476 32148
95679 86714
92728 31514
27696 61899
86088 34245
9935 44175
24232 67771
96400 9936
4926 16105
30092 66269
73686 7871
36801 56423
97566 23953
46415 24804
98122 70839
91164 23568
98385 32877
18450 20359
32718 44436
47324 80396
34912 3407
12204 23398
87498 70279
66040 1597
32915 42536
56696 12289
39336 77314
90442 76452
469 62056
47663 58075
10800 97332
4011 95552
93294 58785
78664 53107
89068 73008
88883 86580
81959 7524
15710 17643
58820 50406
37981 31265
20169 71137
46217 89796
15266 31239
34496 87911
733 62090
98114 18815
64366 26756
70838 13223
83500 92560
38243 63709
16210 31630
66615 56931
43455 49795
2084 88511
74774 67830
19262 53659
45567 83572
96638 66981
9636 29230
38722 4144
25493 88534
72202 71026
73284 76389
47229 63012
18090 36952
30082 56901
88512 97518
3944 18807
13383 6028
83902 78241
55169 72601
78427 32043
181 36674
37751 31141
66671 43639
24304 15712
36605 26732
8871 79667
70547 9433
75104 13527
80392 65499
56805 72364
44759 80593
91652 55154
13279 47487
22828 41937
49924 11918
91348 19953
80651 19338
39637 74274
23714 72835
68235 62518
52725 25869
67671 75394
99258 46784
19200 68481
54055 24152
10861 41361
50070 79957
37933 787
31048 46717
11919 88783
52767 40533
66314 77198
14946 33868
80150 8862
62301 64561
72241 92786
39870 79223
88636 15103
43481 96312
17020 76737
70277 59055
43865 78196
82621 29820
12449 80282
60032 34500
59238 82428
66546 26895
89372 8161
43929 79432
9276 37848
55136 81825
25092 50388
78967 52876
94229 41867
92721 53219
61972 39767
33540 84065
87177 5173
87917 47782
64003 98664
51946 4662
3729 19542
51613 52283
79210 71498
85968 83199
56967 57265
49548 67539
27940 65501
74464 92523
39682 39333
11776 89120
27464 1763
68771 65100
32669 45876
95845 26225
25744 42172
24259 18547
95537 6655
28481 84729
40693 46889
18023 78992
76053 35047
89248 36424
93039 49580
76410 95765
8964 74157
16488 71631
40504 77029
77955 9330
86326 6546
58405 83519
16842 74710
13996 57177
96260 1751
13981 50089
42907 30239
16543 25115
4232 53596
2044 799
72007 90817
86147 17097
26106 74532
20424 6800
71141 25438
83043 82163
98963 66990
36429 51151
57071 98422
65190 57418
2860 29788
65074 94700
76414 28555
82679 51872
8383 4207
63840 96600
60683 44157
24413 806
97188 87816
9217 95492
60174 94317
20867 58669
84212 91752
23037 46209
3554 733
76688 42853
92040 44400
71422 36513
58942 66733
84047 78368
52154 95905
35597 76947
29755 44958
75879 78319
46338 67099
76754 21290
6644 58610
47747 70370
79033 27329
36118 43862
92448 10666
15050 31499
39737 81714
60899 66600
89561 71013
3271 29146
94426 35760
49153 32017
73592 46918
98946 31585
84661 17021
79194 92386
82773 32814
36771 79825
75011 88120
47927 25165
57099 36893
48661 39738
16413 71843
49376 69953
84497 47316
80608 64846
39229 48606
53183 92529
50561 91444
20076 6430
31579 72684
44604 73293
47059 2943
38276 9530
19217 51277
86944 51910
9121 99958
35952 84276
74710 20609
90357 91917
96069 51929
80536 3100
62277 39307
3268 63891
41238 91209
52583 23301
32630 82986
33109 14121
74829 55335
50565 42910
63939 20832
30674 54785
91621 99157
79451 31544
73028 73678
23907 9739
44245 1524
4049 66149
93106 51317
72786 63255
82423 52164
31698 9206
23430 76214
36615 86552
65571 33510
97094 56123
48953 82353
88907 99071
3860 52795
66646 98790
17477 94569
30377 80955
67425 67173
97867 8968
32066 79710
78599 15358
47332 33764
87886 46769
36041 4528
66449 53306
74678 39482
904 95891
85140 14433
20237 49246
61168 3527
31522 30431
62523 58034
30631 25821
87562 85229
80996 59237
22551 82372
9830 57351
97662 20396
13209 58807
25985 39896
60179 13645
38501 80837
69833 25414
20435 75023
66072 65024
35608 49082
39549 15298
58693 24362
57821 80498
15471 64651
48190 31229
28176 2410
22828 36850
52196 54489
56853 98663
41261 48911
27021 6963
41328 15078
33995 6994
48118 96379
714 87621
6508 91730
12265 79535
22883 80112
95916 33465
24944 23903
52536 81518
55213 39149
47163 89024
34774 40173
95361 92961
78189 66900
42432 56875
9143 35005
95533 31417
29341 21190
23301 63851
81196 7857
59238 11494
90709 40868
40594 31346
32046 41065
24915 44538
24174 93711
28497 76719
4437 57959
20510 21606
87394 90791
93451 50133
94107 46379
66960 42650
17257 54895
46184 75028
10457 96406
2546 86312
3132 40838
35409 99165
72935 19018
85581 31488
79316 36719
65329 95457
67392 76423
45162 73300
62827 4361
64302 5394
55547 75534
82067 34037
99641 17814
15859 96127
99346 71777
175 30195
56279 95255
76265 79355
8381 72513
58824 11905
48414 57709
86520 32149
3447 11021
20935 45485
66728 97656
36266 41248
71383 82504
64598 56075
61869 30235
67623 82604
27287 53011
44092 12778
29766 3286
81304 98026
23247 89262
99747 6811
79916 53577
40136 86636
986 91098
24117 29648
4953 12182
42397 70049
62863 52633
51929 8730
95813 2463
48866 4732
58024 70795
58969 68618
57001 69155
79232 85933
40158 43409
48735 24272
49375 99428
59551 82500
11625 39181
48818 81470
25215 40387
36265 40340
11972 4895
95580 51588
37762 26592
23142 36398
20870 89033
95463 74100
11265 97950
53984 62785
63497 4523
83834 81151
83990 16125
53856 56927
90213 64550
2272 44982
88856 49021
16173 85754
33684 41820
70624 10825
35074 1472
87155 53026
43824 93805
18052 55625
17709 98312
27065 79495
82991 70458
55286 10057
94097 77556
88072 55356
25389 38117
57245 14135
230 998
42762 62642
66818 90991
30180 33479
52424 6591
60167 81368
52870 96343
52306 8584
52749 98175
87401 65536
15507 77377
95282 39020
34672 169
7129 16540
60193 30283
27404 28100
62313 9885
38718 15516
74731 18008
82600 77888
40817 45083
3908 41168
66632 26792
46321 6578
36129 67237
85106 36107
90578 79965
34990 71882
22163 19741
60369 8094
40514 61943
79530 70746
34687 41986
18987 62200
24208 76023
8205 65427
38079 28886
83529 73515
82519 32543
61951 453
95242 99130
67475 14441
28622 45296
36939 88706
94971 2735
53810 79713
52399 69449
52857 21819
7050 15349
58801 77158
82994 93101
93137 87264
53488 63983
67030 9608
10226 17853
66046 71651
81863 53820
94028 44568
40326 4216
65224 17877
73063 13695
46204 33800
28264 10146
20152 63110
97929 81367
31534 80903
24688 52633
14422 86280
87399 22246
36012 28904
88057 5216
9069 45899
33560 88493
52734 28826
63962 96344
42565 96961
73783 30317
50701 98608
61997 70752
75367 88891
77052 28743
92740 72730
92555 77787
65372 85641
42273 33372
22217 14569
25580 40874
11916 92029
30366 77324
19016 89486
6634 93005
10978 76648
3692 63866
53543 46235
47774 165
76518 86874
65092 94725
16178 53695
21665 65908
64225 90277
27103 15983
2927 54957
78252 19770
33660 12506
48951 44186
2314 72533
69207 15288
96864 64105
15268 23653
63625 87592
40636 52752
90870 16964
29312 66322
12920 20503
59380 24259
80967 62652
95554 18273
84062 74643
47832 39760
27644 1889
99909 1397
23140 31117
3552 53114
29054 23461
37057 13742
8020 90871
35814 51490
98006 11608
13808 58892
76374 82336
83779 86376
78349 23916
39497 19314
54292 94363
31408 81101
77388 51634
29831 68735
53495 66296
5957 30258
84508 79514
24067 49909
27014 25768
16220 4857
54246 52726
45492 86485
21709 88316
17998 3683
78355 83671
49781 79232
12659 38726
29844 57904
21388 13357
58526 3031
49793 90709
19687 38081
21018 27210
41256 71163
25505 84860
49983 38935
55142 77663
46829 68333
19612 28331
1302 34900
53017 55772
97540 8685
1018 51634
70405 41593
15196 33811
68872 56189
68612 837
58724 8581
38521 32820
64530 90815
46756 24914
97582 68028
23607 96465
121 54802
93475 40555
4282 45692
3808 8027
17752 86808
58057 26369
33090 34184
67485 11074
46247 87698
38624 26566
38942 71456
63479 37433
69824 90913
71152 23338
99849 31974
15832 48974
97626 54630
33218 48702
93786 31642
14791 13077
3152 48737
78849 62547
51435 57630
11662 60957
23067 5525
83283 5978
90261 43153
36759 2103
68370 81345
97603 15780
18448 10743
57481 48661
45776 82152
24314 93795
23062 30830
35086 89096
36397 84169
10944 45606
92032 23385
31056 82561
58402 44134
40671 97248
47623 41849
374 22768
18408 71104
93439 34529
17955 14926
31018 37351
35065 3672
31658 15002
23631 42553
96790 96150
16461 68847
4552 63420
32962 32475
77345 431
72990 13797
53155 79032
62294 13846
50294 82499
24035 72861
19395 37536
17923 62827
85340 39939
97879 22454
44754 88515
21988 78586
22109 1567
50610 10099
84921 50324
24464 16772
12451 872
88654 85715
43903 89091
5441 14442
71893 12817
4290 47672
45936 80929
47855 40622
87646 91208
17769 72995
67731 8831
51413 94833
64613 48225
57627 6773
26609 78510
7018 69394
21205 74571
8786 41007
19860 83776
53032 96020
49333 67384
35973 46513
60580 75140
89736 92760
82320 25081
94767 34462
57035 53261
7522 38334
36142 20574
57257 20373
52050 89291
11024 36583
31031 74585
10410 99801
97665 17391
69483 42901
96214 16346
42669 99113
55393 74922
80524 67464
92050 42707
55690 61927
77180 90157
70956 93569
94070 31349
43258 87092
30331 95914
78179 6018
79530 25392
56343 22321
91814 28400
88299 51787
69590 75094
48601 6239
98854 34994
90141 14622
49765 55704
58297 50559
62149 94720
52049 78715
10463 48582
69936 93201
7180 34219
12706 13347
77740 29746
21368 99672
27811 12868
18887 12248
61943 7597
87817 24115
91892 97148
11194 13242
49000 37703
52188 85284
34343 33509
2099 97707
80072 37970
33226 24588
57190 89166
12813 13963
78751 53054
23949 3628
58393 49130
77951 8827
48216 44285
29213 837
19433 79625
54467 54845
31707 10208
82259 74648
64417 55419
50546 32241
89553 65591
47848 61542
31847 18388
77796 94169
62787 20692
59894 1296
84550 10242
44212 76469
84474 6664
74997 84118
74759 20631
74265 12998
36414 67203
79775 16634
67442 16709
47916 33070
91898 47927
89387 10238
83857 60827
86856 3725
36950 2869
25076 62113
21165 53420
9188 29188
57307 5261
89266 65189
45165 52520
43002 82965
22834 15377
85598 26763
84189 19328
22947 5472
80708 46002
70578 59220
72388 37125
41816 1127
49306 27136
14982 56352
92971 28233
11985 1226
48381 84717
46259 8370
65564 15355
50408 49995
60374 13001
54354 59946
16127 59502
3702 23721
54286 87878
17117 61096
26398 30994
1812 45256
91534 25909
46956 88846
23201 11128
32698 46886
27007 47750
80376 99229
1938 57809
46979 9574
17674 70507
81755 72151
83386 49134
41510 9449
49176 25461
25740 91771
78721 98336
2300 22382
59826 30772
48870 79274
56272 23545
10816 41337
20289 97882
12610 9223
44177 44968
66345 98600
46863 3320
14903 79218
3501 37824
5137 68894
79043 26654
13632 29931
65804 60465
3601 82715
56679 69406
44821 67605
59735 79756
35554 34977
61188 61032
96687 86479
1912 73346
14204 88144
42755 78062
21864 60763
45496 47973
79513 84042
3821 88417
31992 8090
36895 97444
65234 70735
42636 62257
11160 74445
61463 41394
36351 71744
12231 27217
14785 52277
19176 84990
33307 92543
41768 70191
49325 78643
97211 24315
78493 51276
35032 67391
73588 46600
77722 85593
98719 57480
30209 11824
2927 17748
62638 19817
3162 58677
61898 15891
43992 59610
63935 90525
94374 72883
64573 93498
12102 79993
54615 5988
81885 50692
17540 58038
42356 60723
9374 66417
62392 74184
69190 36440
99419 53385
22302 31668
10512 45377
72045 60272
43986 90908
49055 54269
5598 53198
92227 69168
11956 81965
29707 5439
25434 28499
44399 54792
85625 14429
27178 70539
16030 81134
32923 49866
96090 53005
45670 10608
85155 69858
61521 92455
70865 25757
93383 54784
59425 79024
14584 14544
36470 70512
40855 18957
96723 19191
26011 65813
89154 88613
79486 23591
87760 2170
49249 83815
69518 36414
24710 89438
89938 51706
33109 12697
436 27740
65880 86149
8497 55415
13918 11161
3084 25472
17948 2125
26568 13458
5671 39675
66895 9835
36667 60069
8750 78893
61559 79502
42742 14910
94079 45567
2333 89640
32633 84452
54811 2618
18256 64365
25198 32869
26644 55214
93046 97919
71288 82303
68217 61764
10291 53916
100000 59280
60736 78629
87608 54406
50750 11840
45971 27532
7312 28978
85380 95948
68253 49130
40358 85653
93649 1687
98870 53913
63899 84844
55093 43436
9517 45123
68967 50283
6847 56919
73942 74930
85229 55464
84079 6245
27572 37019
99971 36872
87161 31032
91592 51271
99362 54858
83830 18223
39706 10658
85035 46675
67121 2005
40423 9800
42234 17817
2385 33097
31660 98156
83952 91827
66946 79117
54994 2634
86811 97857
81032 35539
45210 31823
82440 40056
3399 56421
31306 25767
71404 80817
25228 18835
7352 87144
60366 38962
85152 48770
64055 74237
33529 91900
35182 9171
28703 17045
30721 12630
12946 97233
96705 40556
10548 71737
90724 84063
91692 12345
52802 5278
66085 90753
66041 96666
43023 40453
18986 55754
11421 18749
5369 49703
17830 86309
14416 49008
16837 75102
51196 75687
3449 7851
13423 20147
18085 86197
22973 2332
44049 83976
93695 30194
68359 11380
24819 2823
58263 1196
7705 61296
85779 66474
54167 21735
90516 70729
16791 27212
54035 94282
21092 70528
72081 96816
17969 21320
99727 38212
59153 35856
89527 19089
15744 92421
37937 96169
14840 58586
18319 20798
25149 7972
81762 55722
36882 89534
73761 1192
36098 66694
78089 90424
70904 41118
73208 61951
16646 74028
14930 12388
20162 47194
26364 87125
12645 3926
8900 66912
78954 68595
54678 62234
15349 88039
18600 37851
69769 69835
40591 49952
93713 31262
95912 22504
60984 75074
97456 89944
71153 5278
17196 69303
24752 76026
1731 71794
85582 35046
81118 94041
48169 64371
65167 19136
52513 40440
72839 80607
65693 62286
50302 50771
1956 27573
92335 69691
76740 4429
43001 66267
69839 97438
17823 35260
99257 81008
4713 69354
14651 78963
80545 95541
12947 72505
45879 58769
92546 4343
20446 53270
67756 49800
21548 73120
6332 2026
63646 37711
2333 38558
83153 61225
93922 22828
1642 15924
18367 69565
71663 30460
13677 83871
17452 81811
95914 14053
47696 40107
94231 24932
46445 61758
66008 74968
10395 65255
13815 73053
47029 27303
74594 86390
50586 20320
70153 52457
76653 97341
5473 24288
35062 45129
84547 28489
31520 22355
48205 49560
38169 77296
57984 35392
51572 5721
45184 46558
51722 1705
57720 21326
92244 39008
13683 21395
77811 48099
3460 98419
43209 39801
1727 38329
25565 25487
71389 67378
56219 93941
97660 85936
79698 20223
25757 44810
48596 98438
37028 93146
27193 77092
82012 25341
16284 34299
91664 7671
46332 40207
34419 7980
39933 36615
37561 91048
93349 67408
79612 52472
32223 82362
62680 5487
25147 3321
25391 63586
12140 28325
80805 74828
73096 69786
14757 5771
13900 77177
56474 97153
38550 87013
94519 65460
36073 22631
91408 13358
40108 85899
49854 43741
1579 72289
70464 40948
53397 47965
56404 77225
40348 24694
45826 91381
73912 86859
31953 18263
97604 91033
70704 20625
39008 24262
35727 39113
47085 32154
13155 64234
19924 54913
45189 22273
93216 33418
20276 61888
76767 16875
88334 65598
78148 1210
87163 38484
89544 47669
33347 78945
24741 86139
9010 40424
65018 54737
96635 55917
19498 30623
74994 92348
22940 48880
30993 44514
22716 21205
96884 50769
4473 86723
36989 86112
98053 54992
27824 5961
10040 31194
26744 48650
87694 24960
13057 97701
29444 42343
50075 59871
36415 94358
37886 90212
38885 21530
56224 32034
44257 75779
84960 29929
92291 56517
6911 97394
97118 74840
91458 77589
28841 55353
44017 74961
52927 96039
82619 50632
24926 21158
36080 41312
556 85823
48837 41699
36333 60030
3124 13151
66926 17075
71257 72871
86622 38802
70006 10065
29039 3379
72944 24119
68506 23314
86575 38134
93272 86960
21698 80785
61993 18352
53081 71342
9425 98299
24617 83672
35766 42525
91660 76540
9028 63141
34334 45900
21513 49449
72929 95
64697 49696
49818 27758
69162 95334
18193 81177
11769 59259
35221 87744
35396 23844
95126 10027
71534 26889
21769 40739
18783 32629
64680 74934
6913 50330
74639 88119
57924 39594
1056 25467
70522 191
74304 42973
73500 15123
17976 45051
94435 97513
55221 84214
76720 60738
40712 81558
22308 22185
57446 53316
61192 18920
51785 84495
64871 64912
34573 75304
24879 51861
26068 12421
5204 58160
97347 63585
19469 87835
91778 61626
3765 70136
7744 62034
93771 94219
32237 15471
24146 37147
92735 71484
94482 86261
98445 2373
30389 10249
7287 54431
30827 76971
70940 85981
55814 38643
10593 25660
79807 98398
56849 17336
90607 98410
84504 8725
88279 92062
32999 81623
44985 4896
50419 53258
94780 24797
53046 25851
42636 13732
65741 33692
77687 83787
57048 14916
57297 56329
49949 6605
46545 62938
4004 12565
33842 86399
70940 83421
4499 44955
31317 23917
42199 52407
32197 686
17766 31774
71491 56206
21418 77250
47375 40608
13907 66005
5576 43129
71220 96273
84916 47828
16707 85969
40028 87791
47837 8949
15501 25388
37151 18818
7064 69521
430 46624
35410 65608
21360 35194
64853 9536
9521 23137
2013 51434
29663 22954
34028 84572
26542 50507
73447 57938
86198 62562
35191 96296
65712 3726
89385 8129
2236 68180
23406 60771
81757 4699
4380 48793
85819 92720
80651 59472
41344 42275
63768 55418
58620 90664
76069 37390
90882 99640
69175 76453
65288 76269
1271 89951
79179 38313
73874 8092
53960 24912
2329 23652
28996 45449
40450 30912
40838 56225
91941 81726
89879 3879
10911 86576
97801 33009
97426 79853
7021 56310
40803 1519
75419 1779
65467 64980
74286 42598
76647 65886
34277 79766
22136 24371
74212 8584
19748 46461
40017 66283
57571 45514
20695 8942
60402 83693
38342 27300
25268 20123
12881 45223
42380 54480
33006 67762
14852 8904
87418 3782
93193 93830
30003 82694
41260 85584
15836 72443
71938 10480
45340 49904
28357 35477
5343 65910
88914 50544
44467 8610
66857 11960
75661 83946
37328 48486
93058 98380
73200 21081
66094 36648
29974 76564
28656 54016
87188 85211
97388 98431
25885 75930
68616 16591
46348 67614
17423 46337
73374 13529
33649 62314
76051 22530
90689 48448
42737 93267
23990 2689
88865 937
69098 39340
25104 4616
19550 51717
96975 42485
15892 11638
60116 44250
37204 30857
85367 38309
95239 77807
24758 42504
97663 76604
81329 96987
19117 11112
43438 40566
79690 39311
76694 87512
50607 99090
30614 21027
29692 15796
90016 1788
74037 80510
99463 99568
48928 27676
12518 21834
5800 85726
81274 6590
28381 52920
38979 15394
48466 80258
62311 36271
83326 79448
72176 66116
67643 39962
20905 57667
46314 95054
89956 30291
54861 60505
50487 30140
74764 98314
46234 23470
79409 27536
32618 47098
3596 32062
71210 70455
91471 19726
47421 96191
95698 34427
8429 72815
67280 76485
42247 51146
28105 87505
52157 35351
57919 7719
56418 54911
48665 74098
25810 90864
68866 69571
74311 47996
70730 27791
97893 4122
40484 82092
7631 7044
15047 65688
56239 75480
93070 58482
31314 61624
94008 36671
60394 97225
78216 26022
53866 2871
96005 4053
20205 60080
55771 64858
59056 51621
57337 93130
26388 51756
94770 88061
79421 29184
79132 70640
54869 50367
36627 85858
77833 61611
16023 48663
24363 48170
29065 19928
43919 62791
14834 13617
44942 32270
16253 98674
49509 68787
9176 46479
10775 16076
71159 55424
17031 26034
57393 95009
46111 17157
86849 21747
60621 11205
29830 41273
25408 62361
35683 81116
77679 8044
57344 71400
25426 11691
72359 34125
519 32008
96616 9470
11342 32602
73205 80821
65422 41755
91495 12557
39214 47753
87095 82087
9372 78181
1029 61926
33802 79127
30133 55027
428 83848
46733 55929
78235 76230
42969 91434
58869 32707
80999 68696
31994 8695
99467 7549
56017 40058
56188 40180
43361 10315
4341 94781
23192 93835
48533 49533
58728 49282
45408 68123
2085 34457
34971 98309
63176 96031
53651 2889
91375 98949
20183 74012
36154 37697
6906 91158
39472 72495
87890 97844
64984 99883
66428 95029
60288 41240
92373 37790
52794 72636
71522 30102
87386 78978
27145 60618
95289 99222
19254 53290
83765 50701
73751 37930
86543 66426
36672 48834
68651 88826
93608 20783
39219 36937
53034 6160
74933 58059
90790 47369
42080 96804
85053 53507
78027 5376
64984 31370
11183 59244
57473 29294
40328 23578
28488 2083
13719 31138
77183 44929
12803 92379
4031 51652
77971 86598
18273 68141
80213 57572
39750 28063
26555 35323
55984 32227
90489 25973
34502 4388
41640 36480
16116 65460
73254 12687
35272 99109
79028 61975
24823 32689
10742 54835
30358 70771
35479 32129
78753 44172
70338 10467
73463 51455
60554 37631
38939 56852
74595 81375
50005 22009
83686 37522
75247 39068
9937 40489
4217 16914
97669 66299
41414 33652
46182 25569
17869 19965
1311 60410
33800 77485
55323 43241
8024 17993
95981 80626
68063 79064
70441 81312
27204 54439
66121 66882
59795 76518
90345 15306
27450 75049
81706 8077
1614 33897
80979 35557
25924 78816
39531 8882
42264 48144
93793 78292
69993 14589
2756 25715
61563 47726
42316 79576
77555 94256
30959 53489
69983 41299
35468 61681
73228 15691
36196 97357
46126 15536
26203 72992
69307 61566
15804 73000
19408 53718
77458 16582
99531 26907
61488 23298
62607 74678
90154 78437
41187 30963
79578 18942
44851 79394
71260 78558
85006 99799
20626 29307
58086 33577
71136 37937
30867 13143
26481 3228
73360 23678
720 53215
33660 12548
59024 87872
69883 37265
3237 47177
63571 22705
46665 84617
30031 80691
49560 56721
2655 78701
83892 12152
55926 77749
42913 96664
97643 74377
38634 34318
79001 71784
20250 97437
6494 74103
86724 98092
71392 11902
79292 49667
44227 68072
51964 12978
43636 33766
47520 59755
57122 76557
96906 20867
77951 83891
97215 55701
6691 39190
63655 92382
60681 26645
56273 73026
79857 34709
13229 43974
40892 89757
20432 16084
86835 61114
55635 30682
5185 83196
45909 44395
97940 56183
43828 38428
4032 71651
47032 65960
76956 27293
7625 96525
71842 50212
73811 88237
51699 26140
19305 35566
2033 21358
37440 65690
42180 92134
42927 85088
7638 50068
39797 87345
39991 18604
57203 96196
59193 80550
1262 52114
20020 73758
5263 86394
7140 88981
21090 25566
87046 15118
23642 18853
34719 24626
66187 15511
34549 87501
19727 42308
15987 44366
53826 52605
95658 44779
93030 36985
93610 77339
48000 69522
5165 58938
45081 58886
94829 15112
39229 52982
15529 4330
92639 83786
17028 44136
48212 30058
21382 99565
92435 90534
95705 74059
45404 72816
5197 82228
49198 85245
45844 75906
70766 26344
88550 45935
62055 53455
7071 49182
48389 73492
28764 76624
82201 97469
89346 15184
18136 6996
44727 25192
28444 84647
58311 9577
34625 24617
78112 10471
55369 18320
67926 81595
29977 50965
96320 54111
35418 62263
48857 73397
39992 6840
45664 5953
29638 10206
23768 1610
99993 37587
18793 61405
20009 63654
92573 70282
59571 20872
18084 19781
2841 23696
50128 44838
95328 29303
94138 40682
86929 59229
45691 47663
42520 90914
47156 38140
48488 56846
33318 58455
10262 393
82971 7917
90202 2947
99195 31021
4401 79886
93592 42733
19069 58463
79779 50948
36643 88240
69652 63342
13740 14817
51910 99628
5700 55251
2648 49729
37919 37387
91949 83638
94927 89653
26189 8118
41423 41663
3042 84883
23771 29049
57628 73855
82069 35548
94477 2580
50114 66656
69966 1517
81067 96100
22200 38762
45821 2505
69292 30960
52489 38647
79916 27431
71364 87544
67999 69498
8072 94200
3569 70234
3154 33707
15568 30972
31362 13351
13808 89206
93278 61893
98760 60422
55375 96900
45139 53675
98626 47047
93776 47146
12968 77362
5603 30826
2358 66000
94738 88632
33350 71440
33864 73668
18868 78979
69397 43170
33507 60320
38571 31275
374 20737
20419 59929
17526 12099
85719 62990
58642 47018
41381 33454
73179 33274
95410 86848
63204 7839
24068 11793
51336 76102
13447 49008
81315 6274
62954 95987
55704 35048
61215 62289
55626 63891
50782 37767
12131 88257
8002 19347
49968 78003
15818 68508
11042 1777
21338 22344
40238 52708
50136 36771
99790 52411
1711 45855
15327 51526
55951 23086
33 61726
66891 18602
12858 35035
13753 94798
9395 86492
13398 31451
11065 94083
12000 99668
4797 60566
70938 85858
70037 25696
30315 1936
22169 80045
60095 94479
85510 20017
89156 97620
37662 84226
34895 53718
76966 14266
88853 20848
67783 9398
57170 53253
70351 43577
91749 14102
62893 59242
41714 20046
35191 24017
79230 59607
30631 28990
39255 73218
58010 55491
91978 97188
4240 88917
42635 16659
76015 70862
39952 65741
7296 72494
3254 50673
60784 68566
64635 42403
16913 19691
52770 12973
42198 86521
97746 22873
47450 57357
84823 3288
64698 23962
17472 19870
51190 86261
29023 18915
67380 66009
68012 56931
93405 5540
6659 76927
96479 14872
8193 97818
8681 48859
85226 81021
49074 1111
43654 116
15378 96027
86112 33839
57446 23032
14694 84802
13617 71524
26092 3269
53974 16827
6249 93332
31615 11225
99159 944
48441 89505
77047 92636
67189 90265
75819 24832
54665 89452
61691 37738
44653 51654
37905 85865
19679 69148
36764 28272
95711 74529
99057 75289
95027 36050
69413 13279
2692 84364
4724 14914
58528 76240
11486 59527
80886 4709
97668 23638
92541 34326
32399 86202
36845 77616
58826 78149
57603 31046
50723 62057
6434 67501
15854 16671
15789 91424
14434 60708
23502 80669
72729 83447
37970 66501
92980 92989
71851 56704
8246 3581
5645 35351
18692 2565
26897 40056
38315 20035
340 15030
59706 92844
20249 51623
87267 8152
93635 67044
48959 80228
43388 89932
43175 52687
9778 64225
92955 67773
50580 24553
3199 90199
96057 22222
95321 10377
67321 90239
75477 45251
95954 78637
1921 16025
37476 33583
11249 6435
34037 86334
47868 99453
57647 3385
29949 18856
74621 20291
64883 89863
55889 57568
74401 72643
7841 5627
88367 20264
6661 39587
91943 34630
38139 85034
58168 92496
32260 95205
16919 55680
97028 2799
16345 54257
35589 581
36955 14596
9525 45579
13914 62812
72899 52805
36507 84066
27398 8927
11780 49473
45238 17382
73089 56235
92049 93901
75488 62386
5272 9225
32597 75312
86479 15349
46743 77408
80032 67503
61697 95010
33816 58169
9714 4603
8393 87225
9837 11698
28807 27257
58970 49941
8011 48551
11619 6354
87795 67126
57016 2846
37440 35484
89452 36977
16758 63858
36021 50376
54495 65015
53487 38818
40041 2541
27802 49444
97379 22875
50232 40437
15620 361
88208 18626
14436 65511
97646 54843
35009 51110
12352 22420
55804 73661
15546 9189
46137 91301
52147 22155
43011 11742
26182 8229
4453 46184
37714 55095
7058 3979
39419 70410
88830 67823
74406 72778
58018 61284
69921 19047
25724 26428
82329 76981
48556 3596
6465 27180
47705 93999
59186 58312
84010 38019
64133 89898
31630 57353
68859 58965
47476 79625
25366 39282
22227 17932
38109 57900
42052 81408
75964 30261
44675 28184
71489 46751
88113 35114
58208 13828
47029 30959
51856 62719
84278 80038
39340 12721
39907 17425
63764 7485
21515 74838
25001 91915
88837 61215
10036 56745
13162 4955
89727 90565
69430 25083
86010 29876
90666 87733
81240 24847
11117 99333
14351 79089
98150 27111
95420 60730
15524 59422
94525 46735
49814 16976
14773 38679
79315 3016
93803 31807
55892 13811
20427 29495
80053 771
71939 35987
31384 82191
74279 15340
23425 94513
74671 51164
78971 10758
24564 7045
273 34194
55062 68683
22166 42426
75448 18581
38302 94407
10914 34384
46978 21066
48799 74604
37568 61906
19549 22013
66841 55607
72079 70171
75346 89683
48398 34178
71219 66084
67668 3059
96939 26316
47071 9682
50345 77521
6548 85861
66821 10365
96826 61723
14485 37374
46811 1827
89368 46055
93766 66353
21775 59310
99120 71388
10718 9388
61742 40387
88368 7552
18236 88259
10929 23180
62905 16098
99569 2454
50665 52392
67463 3049
8818 79809
50380 19282
32351 73404
2044 34019
84704 84207
39577 40275
49224 67760
44424 12795
18478 92221
11153 4218
9740 15829
75651 96083
83331 37213
15470 5802
68085 57181
75399 53419
778 47872
52967 81603
72396 74551
86348 96580
5322 80471
82743 6726
9465 76950
64269 70016
45774 434
99158 97203
88645 45930
38273 41568
63742 37827
7486 18476
33626 54628
89282 79043
71426 55290
35367 87443
55201 38613
38057 86892
2149 29993
51146 15719
24962 61358
30030 96668
71054 38305
29824 60106
94822 88385
72172 34451
71304 32274
29827 6717
59159 349
99354 50258
67387 47118
92458 54816
54206 64181
60562 15675
84623 18662
36465 2326
66531 54009
67852 77166
10063 38058
51726 57375
26383 84538
9667 95180
68643 47244
78332 61915
61996 44073
43022 67479
70420 53501
83346 49581
29475 11415
40263 68815
89962 94253
8780 36340
15260 27702
9094 48374
89200 12590
45408 36402
46657 13941
74406 73356
45966 27504
67561 95016
186 98759
57214 47570
63533 86053
5407 7671
96017 73692
67336 24650
44725 38654
22139 64224
55758 32325
32637 61908
27825 40459
41590 81636
72731 79507
33077 88369
32617 7134
55018 83715
36640 34135
58090 89891
89606 58440
86671 50400
52167 17890
61877 51627
86897 27065
68926 12378
2584 89062
77007 77320
2451 50659
30705 2419
52093 96306
25841 1661
96437 34263
17920 19501
44094 7897
4659 1355
69760 9317
15908 69031
71077 42891
34863 85394
30908 55935
86454 72131
28410 28729
72926 23219
44084 17142
66608 70561
84903 33396
1881 47824
92432 7226
83562 26404
96340 12686
97080 28905
60153 51197
92221 17068
43915 97078
87733 37343
34648 14927
48130 9689
42132 67391
73865 91636
28982 28770
38995 26606
33657 92281
25325 42472
92860 65575
61960 29706
18499 10197
13337 78429
62163 54702
37626 19887
11546 64740
63975 29459
30917 24937
33251 25918
39815 20183
52976 24203
94041 65961
12730 88408
43636 55039
56269 24231
65689 75646
84250 99518
84554 82414
11639 87975
1966 32890
54300 7217
96849 84595
54854 7661
73537 27566
69303 53137
49234 91585
56980 44825
11387 28394
45734 72769
60215 81480
58906 60076
89637 32832
37313 27520
59593 69977
57712 75112
59688 57184
60321 55153
71472 46117
22001 24973
49838 91836
12096 33331
45589 89566
62740 5660
29950 53349
73782 28520
51138 15731
61427 86615
22146 32108
68988 5457
77792 42007
33350 53727
84067 89217
97675 65455
85783 56377
56328 71955
41962 38197
91517 84611
3697 86220
26896 38230
27649 51995
45098 69037
87798 90080
40824 14409
99759 62658
70443 56560
92303 86407
37145 89420
78974 1019
27641 24651
94887 43056
83915 74528
10904 22617
21454 85568
47428 41293
59944 6503
3172 62794
13026 2161
90290 86352
17865 34017
64812 58850
69198 99229
5879 46121
40007 84623
46906 9616
75756 838
20799 20265
48250 83123
1397 7942
58324 57901
30192 75585
20541 43885
96103 26100
3967 43570
19574 56450
55207 62719
91418 50509
51270 77592
87031 93437
31762 44873
85045 72159
803 71103
53247 45699
98070 47884
8451 72510
93486 48391
23380 14406
66254 32714
70091 56153
17536 15026
39618 38806
75537 23459
30200 40833
11570 65922
16816 31012
82969 73305
96529 47081
21182 53782
79783 75425
27358 67468
70433 31456
49692 45104
28529 97950
6587 67805
86415 14647
11589 44977
32342 30860
47879 14734
95430 73216
35154 4794
30592 860
97116 69311
78861 14284
67741 39755
89336 44352
8819 38641
91855 21068
92478 99719
15014 27656
59076 80614
66035 63344
35566 29837
81427 45861
93897 28926
76036 90730
40679 80992
8393 28008
61563 97819
93098 70026
35360 64479
88049 33794
34739 78525
18573 59874
21812 32844
57427 87300
71434 90822
1848 10147
38684 66280
43288 79743
14008 31733
9970 69213
68751 84
77834 1029
79799 78030
34214 91074
63688 35441
8210 99302
10112 35887
71452 2275
42751 44927
68472 57842
7979 88795
52572 47440
35662 63265
75013 49884
3059 88947
2865 21435
43660 31799
10627 59828
99215 21399
16291 59541
38516 26561
58043 41132
26841 94792
5403 82926
46750 15425
90869 58291
26313 11847
85345 23384
34148 63448
40251 67580
76122 4566
27456 90787
91837 17511
23125 40566
86947 41654
19872 2369
88676 53007
40173 48084
54334 60838
7594 39235
44273 27025
91787 26822
76516 58538
92775 85849
27550 92174
57625 64029
68973 10400
79199 54421
75523 50854
28319 62570
91764 21387
7325 85832
68825 84988
39878 74271
59728 35019
24649 95938
69817 40943
62009 62283
12890 52386
75884 32437
18205 57058
5215 1825
94605 2992
6031 44050
54812 82836
41025 43313
65376 60759
15675 48873
47345 46279
41577 92332
50733 47159
56601 53868
39733 96796
90815 1443
32557 46417
22706 93260
43391 31092
7821 63815
50809 44646
6223 70905
49770 28847
46587 1481
73193 87672
61241 89957
47054 95792
91475 7163
34551 30408
57145 80448
21637 10902
47101 71916
35900 34230
41976 28316
99911 9604
85955 10063
561 13283
22527 50250
32812 75353
80462 81492
75822 64945
51703 23738
52496 6711
98054 25836
49838 12992
14665 34302
8393 87039
6516 64072
72808 36497
82078 89959
98002 78706
89538 77754
73301 54438
77535 46277
60483 31825
63576 2417
98544 42559
90421 44586
34485 48541
10720 13408
95440 8702
43657 75143
59458 95511
40611 73623
90895 68450
53700 1260
52897 99199
79657 27655
44294 38383
8016 96139
30766 59256
5404 92033
93422 23556
45716 92788
4767 77505
30212 47638
66463 26690
76090 15097
56974 61916
79434 19159
97203 62794
56427 13835
27157 20490
47608 53014
14787 13534
18320 53435
29132 812
58551 22050
66535 32030
80403 10041
51597 28131
30991 55950
23354 40684
22875 10934
81648 57648
14954 78282
59603 76200
69714 12613
57453 39987
36304 6087
66156 97140
96833 29333
66304 70959
38922 68150
33566 25840
43282 58679
25119 59683
29411 89544
65 9661
45996 89790
4837 15218
31969 73615
46671 75644
5881 11160
29130 70459
71279 42650
23361 41071
34147 94777
96007 35904
97974 94076
5712 20631
30929 44944
57750 45218
65758 549
9941 89684
2733 35791
77358 16386
43601 13190
94024 8903
83201 24230
63978 97601
24343 18192
87971 17298
39988 12616
23747 70495
91962 98357
15903 81109
5329 71939
91792 17151
84803 57028
44116 3441
60575 82059
65004 42560
90137 72048
41437 50536
69353 86799
23407 41093
31112 24776
55985 25370
19318 19872
63795 29133
8887 58207
85322 76904
75440 60369
66639 84762
2223 32901
76768 51060
56097 48081
57822 12173
73498 52171
56782 23679
52144 16689
60600 93895
4608 29475
16747 90664
40392 32931
21175 12201
53739 20220
85073 62962
85457 26328
14163 38867
14948 3401
18201 10526
98451 5153
83812 85608
46546 67385
50139 41228
91961 31086
76710 65640
30433 6975
91249 56253
44042 31217
75055 81107
21464 70827
20372 35731
42929 39386
46778 96587
7936 68334
98109 45198
61974 48827
1663 51441
92227 69177
20901 99183
47009 48165
66487 98214
93674 59422
72580 89752
85181 21096
72540 66795
74173 93420
66036 33641
38705 54358
358 22401
82950 89622
57134 99812
64456 12256
17198 32233
73485 3148
48555 63849
6378 88950
36013 67075
35227 17887
39715 50906
91328 12458
86621 7954
90778 84672
8048 23478
65522 37709
45462 28405
10803 57184
14507 82144
29963 1135
52945 23406
57870 10161
44205 53753
27507 86434
42183 92415
76181 24706
93710 83233
41235 22966
62450 45031
19696 33094
12776 56889
40467 27773
14090 75976
85352 15213
13588 78243
85150 57800
13448 45058
17256 22600
28427 12191
63644 22887
95782 95160
97622 25416
37221 91311
70614 92940
17915 37002
99486 67038
45213 30195
88341 73928
40866 45688
97030 83931
29866 20940
67554 54475
24884 19141
35354 41393
69637 71100
26374 48679
93320 10352
49664 33199
5641 76771
29097 73997
57849 26939
74596 65480
1229 94882
82166 34157
23359 28103
44588 78220
86539 99483
50197 44057
9907 96213
24516 32748
80380 14223
94639 2882
68975 9574
74419 6010
94937 63901
38989 82392
28971 90075
29314 15557
35354 70056
72184 78381
9280 75092
35739 67839
59769 16849
52953 81809
13960 82420
92518 91866
52783 77784
26521 90390
82842 44666
9837 93126
97429 75198
54593 95149
1873 4552
22905 51252
93507 4068
77338 27142
91877 12064
85585 11253
72820 23820
9229 22163
17616 6433
1057 24058
47359 19959
55491 48965
13066 34541
14096 17876
97949 78085
59429 84012
87660 60261
10791 3829
95689 16919
78813 62586
63407 68937
90704 25228
91930 48782
7122 49408
10252 43132
40948 50156
67306 42828
63342 98830
10525 34109
56667 44517
73618 45810
87482 30966
82426 99087
45966 35880
43115 52351
85119 13960
86013 67569
28599 22534
86349 14550
43878 9942
21789 82501
58559 59185
23602 12984
18521 88049
12789 4940
85742 42680
34515 88165
49983 58474
2333 73703
41070 63150
17609 60990
89858 16497
18095 4023
78599 43074
81004 12453
82667 70071
58050 21085
78370 61671
93142 49914
79556 5967
6289 34394
53962 82541
62304 28382
78324 40200
32500 86254
83909 48390
58787 46291
34053 94707
52965 70652
17598 66529
82423 13402
75744 74819
7291 44995
47294 1040
10934 64114
66415 97830
80625 64581
91597 58917
34361 21086
249 9424
8896 68963
55957 55024
13657 31135
13704 24816
86495 1662
29534 53026
74991 12980
56294 70104
52393 24823
6642 94700
88851 40257
19002 50744
57558 10639
46393 88959
40575 47236
22959 50915
44447 13447
22813 60780
99692 13696
60172 75975
77054 22463
64166 87844
64499 95702
63963 72984
62731 76282
66782 82233
74636 11717
98310 81733
16863 46903
1262 69819
48209 76049
17332 21567
65075 86232
3293 81019
72315 51544
27248 53305
48225 84190
21495 58666
3267 63005
13921 8482
3457 63146
33091 10233
86817 50048
83378 45515
75532 4445
8138 49785
87023 62467
53290 79238
14363 35448
68086 93787
4678 73926
38356 58500
58280 25820
88719 3185
97119 57707
24920 16790
64875 24873
84863 55819
98770 82130
60062 45356
68701 69474
40591 17786
37306 3324
38929 8184
33720 58438
11047 62287
7246 68779
34936 13482
55924 97431
74288 28443
47207 35583
17982 77332
55018 3511
9300 18959
13984 8889
87659 45479
1747 2693
6396 49308
77488 83515
88519 24179
6857 23106
59440 96724
8433 79269
12061 78218
67267 66289
52121 20135
77724 20153
95765 90909
80316 21266
69153 92165
60042 1719
54103 15644
70061 78598
11569 17729
25363 62656
85902 59609
3533 48845
78257 71179
11697 70454
2434 27173
35575 41129
86667 86453
9149 52441
56059 45840
19747 23420
25287 90958
42064 2763
34404 54444
67179 15013
52463 39369
27938 27404
11749 76777
64615 17958
16459 10133
51117 43485
4519 90681
76400 23712
36228 35333
59818 98400
62803 42733
7711 46356
76261 31753
2578 32597
64433 50421
62317 23010
43380 35410
38910 7902
22412 39139
30772 61229
65437 6193
26662 90683
23756 99176
26316 22228
9862 49016
87332 70765
97242 19508
49454 63546
31259 45782
35697 86262
27807 77081
43956 55838
67938 45278
82661 87862
70788 84808
47478 85506
43559 7648
98458 71438
34418 28977
28941 56839
96304 66893
746 26400
53618 77574
25394 81326
2697 42166
63947 24396
78381 75128
16927 29848
57273 27404
68697 29204
45772 72727
46188 36102
50921 75040
25131 29944
13176 9397
11570 87736
27971 52740
89468 54585
15770 7714
94570 75889
29903 44200
72387 32313
13019 81744
2414 89168
84183 19964
52569 84505
64516 25840
14422 39032
39075 79603
63673 16952
88190 66162
11931 68200
50621 95293
21338 15097
37234 61352
50646 15778
11918 32907
11030 91197
37673 47363
61441 2375
60734 55919
54886 4931
55628 93267
11860 88472
63030 67864
15810 92846
18308 42794
456 80694
26208 53817
43076 30751
24538 88249
33015 35681
49765 49346
77829 45206
32503 47440
75097 21564
55565 35556
13086 26676
32580 96929
89831 62054
65633 36912
68232 86363
84075 98556
78426 14433
96395 96183
60315 41643
4915 25811
19212 63183
92020 52266
61297 69926
68710 29559
67541 4079
98180 35387
6051 89388
54381 26905
71790 22979
75589 64889
93322 67326
73233 29353
72336 59404
29535 74615
14878 83422
86844 52952
79189 59530
19163 37925
62873 97228
38581 90553
341 51648
46467 79284
89492 90761
5286 31483
94633 31598
26912 58197
59208 20567
3576 19119
58218 5748
41946 76153
1229 26870
48245 74984
4146 3604
187 72274
62334 48104
28356 65428
70425 63951
83499 93775
73426 56653
27567 31655
94936 25159
33620 72611
88258 94950
73216 5392
72393 81371
38750 90910
98825 82197
65182 37281
32516 80044
66451 53809
27230 89914
45204 37514
69890 49309
25627 60749
25499 90487
49385 47582
16924 70126
8320 62852
35289 48844
91079 91851
90476 45567
47914 44869
4561 45306
31736 7429
38441 42099
32291 84611
19195 11299
55171 77755
71983 5193
61139 59437
73521 59911
34803 98430
68532 33092
58724 80374
70892 81096
21039 46913
61299 56579
15615 47822
47237 67014
86498 53651
32547 31272
9612 27590
38452 706
5907 22053
16128 20884
51252 84592
88851 16414
74157 34985
33088 36647
1985 35867
83195 87930
32343 50544
26110 73252
36027 73530
65477 45752
10076 45003
56722 41195
24236 33404
51785 51799
23715 97418
62069 2108
36381 12980
38338 52987
86551 99135
35840 89721
26934 56690
47879 66978
32704 88602
34605 43876
32032 51783
74673 34671
11782 59757
81972 26012
57061 8580
1595 13379
80564 15305
15247 29571
22638 34491
21532 38942
56402 2110
30037 89850
99587 98619
17326 69761
95176 32670
34177 93186
59789 22007
61610 52398
62753 98746
26379 20507
76950 47231
33001 95813
88613 97282
70060 62312
5991 92068
1507 91847
76124 15656
35006 83304
79368 90135
55410 8630
97393 83805
29689 318
66275 39977
36751 7634
87692 84369
13302 30057
89536 82476
34963 26717
53910 48598
61647 60619
90984 70031
96438 25495
3959 64924
93787 71237
61958 77733
71730 82305
51194 41493
44117 63992
24192 45694
19328 59709
21863 5618
83989 98117
21249 96491
83545 99851
34119 8355
3157 813
36338 42749
14294 172
78755 32955
98445 24720
4667 1893
911 71778
45732 28808
65558 86609
91878 70964
69150 86766
70994 99038
55305 49359
75227 83740
39068 47119
82680 3691
17984 33228
60740 77069
11233 2312
16638 54051
10738 81514
47849 25047
22184 2426
11213 53877
95258 55592
85172 51949
15016 68133
37934 55059
11057 60872
23918 64735
44283 50346
52394 974
15502 96522
71902 86591
18105 82379
20618 48598
17228 75217
18992 56252
69981 70792
15991 82397
24259 19837
2251 40456
59422 73794
92090 27251
51693 95758
27480 72597
73078 14299
24540 39498
24161 19239
81889 46067
29 43667
47846 20691
18266 62375
44206 76243
60590 76204
57409 46462
49745 65456
41513 29254
29600 90886
72758 20605
32989 19011
42555 9437
64813 46242
55086 6401
80537 21345
40812 70345
90766 41186
46162 31802
37629 19947
24261 23804
49179 29126
29899 76890
80130 39042
66064 81957
30287 8912
6082 62098
14722 89830
64374 62711
18497 71584
40769 49074
47380 48026
57919 40034
87370 54455
76463 26860
17107 95581
84532 26583
54085 27447
89270 24272
36760 98354
14271 76231
905 81152
58975 94960
61594 52824
50185 88708
81104 64180
33075 43389
29460 38449
27258 44989
883 74962
6044 44872
83902 40158
62459 11013
77419 46238
82497 65281
75538 11456
98199 10508
39728 22006
58988 79193
29287 17560
4948 98018
32764 77981
81542 84835
16824 14630
22589 52058
88168 54292
9145 26958
82878 97453
92955 57797
53485 13019
86412 1899
17072 2060
64374 28754
19940 59667
66281 56045
71913 36454
48888 71795
99749 44318
46874 80450
14913 80538
96105 77562
29706 28156
16326 574
92657 23370
47955 567
67404 52206
66327 51184
53106 81047
26494 56027
55075 41494
35575 38826
21118 95746
87028 14999
47689 35220
56461 76380
54637 98988
65309 28092
85719 43082
79779 18681
94681 50389
5827 81275
55782 4344
4803 97519
65785 3072
52590 17093
31631 67455
80628 91826
77800 78732
25608 54060
5450 80097
1889 12849
54174 26364
88953 59520
32113 93758
92529 69565
6165 2703
55851 62578
50397 52504
97775 97993
87268 455
60391 17459
98631 10959
58818 19140
4518 59493
82356 36692
42343 6436
83189 78815
79795 75402
54398 27878
90039 12377
28527 41228
3525 60183
66060 70458
74608 24590
41083 21084
77555 66892
615 78690
67051 67492
39072 85280
95928 56204
65401 55566
11233 7069
47881 33224
64077 99958
2795 68303
95178 49945
23005 89926
48649 16941
87397 78710
55360 10586
27079 86410
16487 3568
10256 94228
81500 35264
48943 48134
25023 98305
62806 78458
15030 95533
35293 65419
51530 95297
50176 32601
95464 705
95068 92169
81186 82417
44726 57155
32203 93853
49588 63218
28927 92530
64993 89768
18616 82690
79501 15031
20026 74213
56011 42136
2824 6674
90162 27656
38636 99562
27293 41638
5555 14318
93931 72535
55535 17156
43359 89859
85619 38998
21952 94133
13723 22322
95899 40382
98945 35723
69916 97138
11337 26390
82809 63913
42934 48142
57383 74240
74002 57905
28610 42294
33706 34401
79274 61967
70256 82212
33504 32724
50680 52005
37870 69777
99227 51984
16956 24598
2583 69049
86587 9495
40268 67222
57470 76268
39520 60641
47452 1681
97373 96055
90192 47623
27502 51067
71737 27794
37285 18100
79834 24
90840 84810
15035 8936
69343 65517
33574 96049
51512 91470
57675 48743
37828 39172
4348 56609
7047 21129
69138 76413
88651 9499
28614 87675
29725 80731
49977 72766
70447 20209
66284 70863
69525 49414
33609 76921
18728 36360
31640 62766
31942 52298
14730 69824
111 93153
210 39913
33322 61384
47943 56900
96030 22013
76228 49969
44025 53185
53640 78005
47181 96476
76887 31959
74510 74936
53462 35781
81045 15585
88563 91853
43072 41931
90266 81764
70959 49548
18721 24355
84681 38013
6141 15748
75477 95165
3115 5801
48001 68622
34568 16694
87135 566
32409 40146
57827 83040
97156 75434
57222 5752
38997 31566
38662 63603
60250 49586
41060 52068
18408 90671
90468 39208
54292 45119
50704 9467
55514 61604
22614 865
79545 22081
60293 97182
85844 91711
47380 44510
34419 92330
7292 84718
52320 88882
17241 59553
6219 61483
64332 30604
98951 95245
19772 29546
86474 15412
29328 70328
56497 38273
25718 88122
97113 25847
74560 51669
58567 87647
42178 11891
737 56196
46261 16450
83539 81912
25623 94197
53516 10957
82889 56481
44478 65117
72048 79105
35649 89251
6964 1811
9872 36800
77891 23289
68778 39415
43151 17945
65234 39952
79020 94109
86480 83897
10899 71924
57070 92960
47298 73615
93052 28378
14170 84037
80877 28832
83648 60367
54776 99949
9948 40781
76599 97665
509 95455
79403 39681
42770 89804
18646 91028
61458 19999
73695 5703
15414 36228
16626 67210
73722 17840
94494 11026
14367 52311
28629 17973
71628 74419
59407 89776
64360 98020
12423 64644
19618 81227
67932 71605
34602 72301
83090 55978
85045 20022
7983 81392
62204 38451
23646 98551
43293 55671
57807 13907
23161 73015
94229 21500
884 49422
47110 94958
99353 49466
56095 6154
27572 69533
18942 26452
30517 41084
39814 83539
76371 6340
95486 72115
98023 16544
6322 91302
5709 76644
3825 35679
28327 65957
11053 10294
27481 31199
80798 9159
98670 44302
39903 78738
68465 78549
15728 34844
96021 27898
43826 6189
5550 57287
54990 6289
93046 76203
48494 58423
36681 88887
36515 15605
47273 994
31805 31841
99514 35686
12566 61785
89319 49216
2728 68189
59580 77363
48402 40751
22217 96614
65495 74906
37 54978
77406 41544
10185 49045
17395 61803
70993 75729
46469 20501
33887 56621
31078 34303
9272 61347
43694 15590
88292 52241
32632 79593
44434 86584
11108 53805
56242 26368
81075 45689
78553 72530
96302 7450
69121 32092
6528 64992
69862 74449
57015 28383
28394 61606
3399 20463
33649 9942
88679 80589
28742 21279
15537 5560
63637 97635
43302 81044
9102 69000
72233 96970
361 69433
63551 19942
90940 43042
50645 15736
11366 82679
47642 65204
13288 27822
99360 8754
21223 82240
5599 70382
79596 15980
81683 70249
23139 67381
59193 35654
68767 73087
61878 12686
27637 31029
24656 56269
55868 28070
67602 87282
84755 12100
78285 47219
20731 31267
29970 54023
52601 8320
64248 34506
81814 54296
15676 10364
37439 20716
284 31362
26437 29956
99579 33796
60093 46216
66753 87085
14496 66345
90040 72335
74733 69078
17008 1564
86115 44039
65819 17550
75015 9718
1170 39967
49412 15777
2254 94514
57638 55114
65455 553
18878 76279
22073 50892
46593 51346
54290 2536
58121 69801
76902 64557
67186 81007
5027 15472
94142 53658
15677 52743
51090 92611
25291 35280
85783 85513
35304 22250
93370 15726
7475 96697
70060 1400
4943 4582
92834 71761
8708 55613
10582 26504
52604 5710
15428 84046
7719 71757
36814 39546
44791 82802
44729 54086
58149 19226
30894 6671
24618 9860
7129 46488
17607 56212
14894 79720
36446 50035
84223 93191
28918 21581
21927 58181
93882 70865
28834 91540
62939 48373
20658 28937
14090 95792
3612 24191
33535 96862
33321 14355
21781 7296
41958 31497
5579 55257
90660 98342
12772 23250
75672 30003
27944 11382
34492 18273
19873 59671
4556 59135
21151 14663
77194 21254
7860 27104
10811 52814
24793 97533
80904 44726
93031 79710
28926 92544
74655 53544
78254 19410
23299 43107
21966 83126
38202 35322
97045 77210
48464 55006
55011 24209
47891 93796
46999 13521
3447 85826
21815 52051
36435 52694
60556 31350
52802 49599
70851 70813
23428 67458
46253 21868
12122 98918
54783 45806
60909 27896
2419 40946
61703 27016
32358 82410
14872 3146
56600 61866
75603 79831
76495 51407
30958 35209
33844 43158
61798 53122
12820 20576
99064 2822
91680 71028
48649 5116
88013 77693
87904 47889
42005 60904
48998 18869
37685 7144
84173 75995
68813 64690
18822 53021
58211 41185
71209 82807
2944 26419
94097 91783
33393 2313
84445 25108
86439 3371
24753 5348
4151 77410
2355 72067
14779 59997
62990 63011
80016 82541
5330 66839
89974 49224
93394 58326
70707 61257
92676 77951
61712 34510
34213 56911
71162 38489
67955 88108
87746 59152
84465 29534
14142 82654
83494 54384
98502 37519
10654 66452
151 48952
64615 18556
63860 29804
75222 95426
79872 72904
45376 39617
12229 47272
17793 59673
46672 72015
81368 49999
80306 80516
44457 7498
18720 9583
17242 65143
980 41440
88694 76423
29195 81929
30829 41164
24933 79455
74930 5023
44072 34268
23515 33117
59453 73664
6853 56421
59602 6028
70670 67899
29366 61605
31769 89065
13727 86647
58701 8665
96999 2287
67158 73148
22891 35904
24515 60550
46795 37567
294 73935
14062 14983
77431 40435
70555 54582
72562 95251
67648 56590
24244 29138
4462 96469
49762 93146
35291 4853
86530 7380
79647 59965
12063 91379
58039 65662
40585 45130
9542 94414
26259 29297
84911 89513
37268 96612
87452 75435
42566 88868
32410 96183
22026 46292
45242 17747
54690 93725
74674 21642
68182 58730
78810 34056
21488 7181
79600 53058
80415 7064
40724 23724
10392 30885
79212 21440
37520 64335
81890 52414
87651 51062
79841 73382
27281 4991
60539 12352
20795 37266
22438 32596
51242 35578
30010 38418
55849 9097
4213 11948
99302 74001
64663 97143
61877 92427
3654 30414
26605 99316
99819 55951
82217 65867
20116 34523
23784 87413
44944 44154
96941 11194
15126 81461
15903 4101
18878 38170
16234 47431
41286 89148
19005 96980
45774 56209
91658 29636
2044 80530
33098 28596
96537 25822
84790 60995
22195 20055
89551 3541
90649 6467
52150 25139
20162 87724
82452 89129
41574 73665
99732 38759
74691 97011
50148 14529
51193 13497
98904 99727
21263 89516
33063 80846
61516 4299
71564 72188
71198 81945
94374 67680
65719 80346
98296 56256
86794 45754
76906 3080
79603 46086
42694 59722
65804 59856
91452 24569
49977 26959
17854 83020
80445 83549
60964 34338
54178 89399
28714 49432
27766 25665
25101 93716
34760 18911
52178 59454
95375 94077
70335 86465
71491 46056
85056 14415
75554 19443
43139 34234
25933 5715
79228 94012
44968 83107
34210 37872
12573 60545
3440 71510
79834 2927
44709 21427
2286 66643
4068 20206
51088 52023
12277 82453
95256 13642
92322 94230
10084 15133
69211 3494
75541 2598
85907 33182
72463 31232
4416 39192
70556 67433
52703 80662
78666 98980
12141 29244
89256 44725
80431 63377
2349 14055
81867 7170
70418 24873
50221 20575
29490 13068
26467 54076
34353 3239
30209 99890
42674 80020
63902 37211
55744 71696
21 94777
39494 19358
75749 3183
91095 31493
97650 14598
27431 11086
25122 13386
67023 46375
68096 61931
87341 81538
98876 86525
24322 2454
39400 43704
35154 18237
25949 13336
38759 90293
62772 50078
9775 81439
59950 85229
46745 97027
96845 9582
87932 54058
65560 32908
17 40514
81755 91929
75572 17790
53540 85031
24710 21396
50727 71696
70702 1405
47292 59023
22771 19288
79196 44613
25700 45703
89159 14773
97008 87856
37408 32167
9262 72093
13359 53833
89015 68317
85310 60777
6887 14017
89341 30076
98559 30335
76703 36187
84646 82483
81434 417
43875 42969
40907 70062
84869 76404
19920 81639
61787 58795
43628 83443
64444 11942
24678 35199
39905 43861
30954 95995
85414 19081
48774 12252
39469 99001
15375 6968
8474 44543
22970 82317
89464 48633
50627 78394
39602 11848
99753 94627
37275 46612
40464 51089
72487 22149
70845 28208
50095 96076
3742 95248
56881 31608
12608 30789
7438 95650
73911 25479
70379 74658
63641 50739
19664 77942
34915 81991
39820 386
15987 36906
59887 75467
24300 24898
74862 44475
59957 42971
89634 93185
88986 11879
90537 38541
98953 78937
8996 79064
44599 62217
29368 73946
97433 4499
17773 978
49259 51991
45746 81410
69804 72858
52694 16721
78368 18212
79185 5543
26381 31425
20569 10644
2910 10240
54541 41
65411 76055
69838 83549
29455 61532
39649 17033
3577 37581
7438 70349
87900 93354
80868 22537
59606 13558
59571 78756
28300 82585
71152 58057
30533 20352
79252 54725
47979 12924
17277 96235
32813 20767
37324 82864
2112 5186
76454 17742
25081 8770
29652 27077
78036 77310
58754 1462
74993 14075
95491 48902
82225 37248
21035 67809
83997 36538
17364 45109
58848 91161
68762 76498
42440 39761
94815 62833
15177 54235
71432 61450
81690 54065
30141 22876
50805 35285
93773 50633
24635 92938
55848 599
96238 33017
51875 95088
7062 7566
81304 85827
16157 33721
14307 80993
93875 52206
87334 66464
21930 39685
45957 36092
71578 22202
98859 25169
56927 36558
94884 36898
94262 61668
57377 52021
13636 80357
1847 26197
55663 39997
94112 98607
29602 91995
61816 51797
30669 27541
30305 50398
98883 92962
84031 29220
94235 79582
22301 50244
99056 76841
97095 13666
5409 15400
21870 36290
29361 16195
74567 52112
86152 14021
50860 32665
84592 85312
63353 91248
48409 84166
32304 20490
52277 16625
95542 88642
1020 15836
58067 5622
82666 12359
53430 13319
26844 44919
27567 69469
43895 10547
84756 45473
25441 69288
49980 52578
18374 93382
47911 44081
34356 51330
56436 51300
12191 74642
78120 74006
44606 57748
9006 60869
1036 94439
83890 81875
74600 60303
12261 44103
26837 30581
99164 4169
72955 421
22225 14345
5156 15183
22240 9112
48960 49383
49227 97165
20993 94789
25879 40769
97696 36518
69325 75955
14422 15817
42746 16486
49956 38578
78671 84446
11531 53386
90273 41095
75189 52381
60970 83214
19306 56218
31110 22085
98684 19991
6263 9571
91996 76971
85282 49538
50370 79858
44208 12960
82568 14093
66638 75422
55088 32703
39789 88708
34938 70225
93218 7803
49103 8334
2087 93585
7705 48552
1177 77849
1896 52241
84536 24264
66606 20675
90826 90777
41188 2425
23031 15722
29603 62963
49358 35357
14476 13078
60255 47320
71649 12778
88096 35557
83465 33882
1993 95283
51536 1496
33623 87731
62180 77398
34892 87995
9401 60397
95693 98023
69190 54330
21603 18483
73254 78972
46363 93474
74424 38072
17862 81466
65568 88917
49241 78374
85572 33248
90414 17715
88431 61993
2402 91091
34705 7781
52693 65021
7516 94922
58189 18443
67625 50037
35987 48858
65073 59719
44916 36013
58581 37220
38241 92651
50775 89171
26511 54941
83614 1377
88952 72017
45814 52542
93849 20889
7950 63741
25074 72045
80920 62136
42601 70181
61420 19627
87655 65471
25797 77845
59449 93023
15362 51962
35472 94922
67591 7843
34914 20650
9817 32379
21991 37197
15142 67988
11612 38950
93019 88833
73955 60843
95915 58777
40705 42869
64239 72763
51711 48963
19297 42404
38282 11159
28959 71482
54420 19511
92270 46949
75280 68237
16501 56976
63161 93800
98014 61357
26988 49689
44056 41710
28361 37751
16311 72621
30390 54331
50067 78949
56412 59557
31525 85206
39592 36885
53837 80933
53579 44306
28174 79737
29499 85703
40784 57471
35536 22977
9950 72872
24359 68306
41958 14214
76579 84593
67516 91346
13703 24152
43702 69801
97277 88261
12625 522
16690 11097
18251 68825
98007 17724
7399 75744
59362 9431
26412 65961
86379 48184
14534 57477
31983 46738
11492 90504
32721 24986
91960 94378
27732 55595
30266 18439
5890 92227
44997 80672
30568 74948
63001 42233
96695 55156
87543 15609
54981 84477
96872 31788
12010 36621
39415 33796
14788 82583
94514 27220
38131 64401
78285 44820
92573 2868
72094 24096
14987 81407
18754 72281
22410 96853
21239 98018
74220 29114
33568 32292
63428 99801
56901 62538
51149 58977
88912 15910
86724 32291
59056 45802
83433 27478
18970 41328
96995 83380
4675 33363
55865 33978
50759 18963
82393 51756
8902 87285
82516 24942
57185 83489
67488 23340
64577 62498
72661 52403
57905 61834
8369 41365
83423 30699
37428 36938
57567 24319
84868 92521
44968 49856
22443 4979
21236 26160
76340 86441
11620 1971
15153 99281
16218 77009
34232 52437
10206 28181
48577 4931
95194 67792
15274 82766
9950 97014
86643 38123
30332 70079
6307 49493
55501 9832
74817 97450
29930 26608
24059 29132
24403 6907
68354 98657
77708 91890
56268 7636
97403 6721
79345 71089
5164 33400
92399 75693
62125 32299
44455 5819
3762 84594
16317 55672
38578 4938
59355 70208
57768 56433
66574 16502
19155 7982
5640 53185
88822 87079
11741 69001
95256 14568
80006 97054
20518 44515
34689 32017
28684 10219
93774 4953
27264 18551
40595 22928
36791 13542
7834 99604
71726 32053
34702 94694
87682 52906
84162 49518
99224 74381
94697 55093
29110 79337
21215 14441
69832 4688
26718 63645
95548 53620
17066 66918
39014 14191
92774 85983
81757 15836
48157 12198
48188 83643
15642 88957
42370 1745
28335 68681
86514 63557
61778 8151
50612 85445
37084 64594
30898 58911
89544 74574
27004 4616
67642 5761
90020 75801
70005 27972
64835 89868
40452 45814
4914 90339
55282 7577
83314 43842
8818 23571
99877 80752
49815 28143
9106 39290
29789 40121
76453 89456
74463 35078
16076 77734
30238 63370
9787 52565
48929 80415
43081 3703
95823 51717
11889 74318
65142 47932
55026 97181
13768 25067
77872 28781
97305 40701
9872 56970
82626 1151
960 78468
28065 74084
40652 98159
9975 64353
11946 57923
26728 33585
10992 65052
56031 22481
30520 68219
44455 74405
18755 39587
7891 53266
98387 81853
25207 80578
31375 18196
96844 86691
67363 23738
85360 2760
48925 30370
35172 75494
33201 75587
38380 28984
50582 83643
16498 62108
6055 86058
72452 23028
36548 21395
87154 31622
50414 28350
2385 15997
86414 25945
71514 62949
29070 46770
47211 68050
15038 30494
39045 30298
93649 85046
4396 87606
71293 68597
93771 69606
17503 3419
24845 88778
19061 81837
26949 20969
65953 91570
51079 10286
55533 34775
81516 55974
21218 28493
85266 22115
45807 22310
7610 21212
85928 89019
57064 43307
95140 16969
9127 65677
71615 63439
35234 99078
72662 41393
65100 25882
65229 18520
20377 21013
21612 59888
52355 76964
53822 90761
27046 41914
70097 25079
19299 27884
85176 54002
25697 54357
88588 84567
22312 49203
22471 82596
97316 61704
37703 33920
48776 32666
13265 15313
87432 78323
76172 79267
73597 93601
84994 18760
12965 20311
79106 54611
42497 3243
18400 69020
78870 22166
82356 75359
50764 28183
3767 67580
75698 96048
89609 4056
22680 97447
49102 97115
73171 67526
72012 61745
95932 75292
11726 67721
15538 858
25284 99417
28755 15063
993 21783
60423 97229
79036 70209
14773 72505
61711 54263
77228 25150
18043 42268
90076 92035
24162 69560
81818 39505
8780 85688
32384 78774
61155 62541
38634 61828
25654 14665
34042 4946
34394 56965
34612 47898
46340 70814
29603 41434
90224 4211
11602 9331
6557 90281
80660 63565
69935 56327
66397 74865
84044 4570
73799 3277
11136 4434
87278 75092
47417 37187
10932 38075
33227 66470
66078 48989
26284 43893
49780 3352
51865 72530
99653 31118
84272 45408
11649 88165
89524 6697
68733 648
45293 28150
10803 47683
5221 40762
83615 68490
21195 91816
32387 21299
67092 86712
81156 49527
9301 47782
7082 88309
17834 86867
34436 15184
35059 48322
30434 37932
6737 69564
96377 43444
92141 66765
50467 98871
23986 14308
88796 71239
3086 9687
74790 62425
64373 157
57382 89255
15518 27762
88548 92561
76132 45590
57679 12631
93990 51918
44951 46561
72295 82946
47793 74008
37327 16765
20599 55690
52648 7505
85765 67465
68353 64368
40317 99725
37487 76180
46340 42253
32071 18392
80227 11722
75270 16188
13927 84133
809 46053
53952 66404
40021 60346
69510 73841
88176 34600
47024 33466
32293 53407
72699 21682
11781 20116
51945 92911
68641 96477
20543 25034
18737 50808
28869 84162
18320 14052
842 36313
25213 10245
98654 51989
65019 88324
82166 38913
95633 32333
93484 61417
94092 65104
54781 13729
90936 29537
96553 41759
46507 24
9045 6813
58714 27954
38476 57336
16002 35950
29882 92499
79040 30384
32016 1077
80729 57377
79907 54278
33363 26509
56973 70454
56378 17859
84203 88119
20604 99897
52157 99870
33549 19366
68040 87270
75140 60870
20567 87596
19196 69146
8982 67572
43124 38661
79766 94051
79056 27824
81485 62338
39285 92934
89586 12578
97169 81817
24293 17266
90448 86523
1221 18347
83144 92550
50200 25029
84623 66549
7271 47263
57759 30472
51551 98363
48985 10340
93137 46399
350 49265
32018 99957
59064 78586
13628 37259
19727 88945
27019 25236
59125 14984
73505 43942
31579 68536
84099 90586
69785 84446
36666 26256
56490 85529
31091 15752
37517 11726
28319 53705
62790 86116
27700 60157
10810 12808
57898 61427
19159 89066
30 89021
46729 97823
21458 79855
1062 4861
43243 43654
83396 36417
63506 47359
74813 43628
65140 3355
79538 78498
34274 90146
16741 80810
62866 78908
67581 96849
86492 55929
51846 56039
61789 90187
48846 21503
2871 69607
69738 148
38255 38728
44783 63423
2478 34668
35673 6786
57121 45109
64807 26720
72537 28424
94076 56002
85580 8241
83616 16627
97042 2206
6846 99269
82600 30816
52164 74187
10801 43565
64933 12508
43664 68704
9690 64887
96143 16887
38652 15961
74139 43220
35340 15016
8325 82237
6668 13388
96418 94045
87172 81520
69996 96800
11741 21030
28320 67099
64681 80032
24382 2913
377 91736
8140 89039
74725 30985
97587 58817
34184 90515
74016 9722
25186 7675
82436 1153
56852 69480
39509 49662
30631 57863
34635 86593
45318 51305
60644 38204
70719 36896
20864 26372
21541 98565
54725 4948
86225 30709
40732 81897
39741 33711
59922 71111
25960 71095
70136 51922
88405 3287
52996 19414
29195 71321
57198 20832
97398 34894
75220 24931
30628 83818
45814 92469
7402 25445
7226 21967
74493 36827
33865 19663
5849 62637
68720 83769
39390 43839
94337 39922
4653 72696
62063 73092
11471 72228
30613 7646
80111 67669
74832 14033
58747 1758
3712 32275
85830 28727
6987 81216
32713 99132
36634 82420
57502 28910
14395 96370
21028 96656
10493 33088
89662 45451
12695 1705
33107 78154
64449 62202
24271 10239
10264 84933
29633 1020
39743 55937
80987 91899
48825 21223
94934 89175
55408 55479
71435 85168
66641 53329
37594 13963
86606 51133
14919 52656
14490 54595
64728 24970
95120 43059
12889 57387
37101 4383
20408 27589
73810 76572
48489 98290
22307 78533
59490 46732
51146 52248
14784 34070
26516 43094
2657 64209
54547 83335
14504 74120
4378 63252
71997 22341
81444 66444
4490 10041
31374 36895
80191 86712
54425 77926
75438 70426
59657 9881
94895 61884
7656 84183
63102 23773
62787 39106
10648 70465
52556 54976
6978 34097
58934 58331
93634 8505
15869 81986
59140 65993
23579 96614
36822 63349
56724 38750
78636 42805
58603 56227
38205 63558
4010 10964
20419 80390
29279 46516
59775 30588
95001 47111
88596 23598
76687 50041
71111 55560
52249 65335
98725 79100
71701 15667
46365 34333
61955 64996
12258 91330
8298 59204
7434 69546
92721 97680
66417 54066
75206 85388
15991 60320
95099 28316
55678 50652
49700 23340
67021 14705
39706 51113
82223 43857
21787 55302
33941 7406
44071 67224
40848 22082
89541 33722
65976 3880
60 21418
81928 17856
87194 93834
56223 71215
55953 40352
52192 42685
60533 98774
9043 25397
34399 26939
56066 72
6573 12128
605 84138
75775 52059
3414 436
35772 51239
70470 76640
5803 37443
47398 80624
53978 82767
20375 8136
82235 80658
67611 76847
28610 62358
6329 46322
10216 89706
15132 32641
85579 84191
4533 84144
61132 98572
83669 7992
21871 15691
23796 95347
93598 35033
17261 8707
62567 89785
59519 7243
80921 16850
41869 26516
63755 8909
42335 15306
88438 59000
29951 14525
41525 54437
43613 79553
30188 40363
10924 56494
86847 96548
15458 89120
38902 66702
81276 82776
41663 82634
54168 5049
87084 8224
34616 85484
93969 64281
43846 94940
44167 60324
14794 29851
25068 89169
14422 9852
75841 4985
88795 71862
92138 81428
61649 29223
81170 78977
36691 91599
61924 33570
14400 26193
39955 42877
60668 80725
915 44316
91693 36745
35133 34254
51550 26811
38863 99140
42175 87904
1098 17684
99810 8977
79538 47610
70464 9097
39538 56274
44787 47784
68117 42751
58649 76499
54734 89544
82423 99505
35089 47829
96084 95119
76279 54902
21817 11774
56831 51164
54904 74448
45063 75518
55394 51870
94423 93366
75663 2245
93366 47426
21466 42916
51475 26179
57251 36895
73053 80737
27275 30591
17419 46693
97787 17904
67702 14237
38269 65378
51642 83899
56993 96489
58105 59671
16218 9117
73847 43049
20863 76155
67423 24207
68746 17985
66492 90925
75612 51670
56609 10056
20375 13984
75874 57546
50947 11243
25113 48194
47497 1417
55842 64929
33691 31725
6559 55037
99018 28143
87444 98353
62574 96843
13836 75643
12707 17121
47570 65693
31238 29079
3897 83646
27099 9778
58485 47078
89354 31393
67424 47557
52798 62610
75606 57132
27013 10779
83353 33554
78899 50418
42605 97392
87422 1237
48989 14438
34115 7108
2484 8148
73696 9122
36357 98913
54136 73911
53796 69080
32434 15472
73931 85478
70042 72382
74486 45982
48287 25907
89159 37365
73363 24744
39491 1574
77423 88410
10802 54734
28044 37960
78275 56497
73482 94647
70982 52404
34029 21262
97200 9120
29691 79578
34778 42086
56223 12203
62115 46262
18601 20853
4553 83430
43372 54961
85748 26225
67391 49721
59212 71029
74845 98863
8861 54708
28933 78774
314 3860
23514 29848
65367 7327
32963 62686
71182 26788
68076 89371
51387 97524
93956 48802
25152 70021
31741 79499
16450 66323
43408 97554
38506 93978
50518 56920
50980 3229
93551 24704
71203 48642
94207 65235
5371 9780
66636 88765
38150 2016
70850 22925
84672 7768
59055 74617
26283 66515
46151 50392
54284 81099
96513 24870
36268 75613
4216 7875
6743 29677
17035 25524
79456 89663
44093 31937
86876 93087
38197 29109
59746 28154
95903 4898
90930 58435
12906 40826
72907 76303
88169 49367
87410 96601
71762 47636
39410 42751
34657 37649
30583 16227
2390 11923
94226 69066
37235 45185
22264 64640
76223 70760
25667 92083
41829 73304
6703 62740
75926 2086
61118 89241
16323 9896
31861 57117
96867 83772
79965 24863
30515 99617
41474 16479
6225 91099
98519 6756
90049 28499
93233 44568
18152 88213
34152 72042
43091 20753
97785 73579
79953 89755
15302 84754
98293 73643
79604 59032
57813 18910
76843 74461
2702 53363
81978 93569
24861 64974
83249 86283
32679 32280
99910 45094
74834 413
62001 61375
81066 30637
35535 73000
70397 19803
642 11768
30015 78369
51567 63785
15111 46874
63583 12697
8912 61351
69310 72649
7385 5099
71200 49409
46181 82511
36151 94186
17436 20798
4574 63730
42600 86602
61713 33292
34297 22309
35474 71501
25218 43241
4806 89648
85177 40657
75190 19571
38235 14909
17423 84760
47749 9170
53698 39909
99228 69016
10212 34852
53254 26
16015 21604
47759 31370
9888 7478
95782 89722
16727 53265
4189 91011
81274 42190
86380 11874
44594 64876
44846 99222
23147 46637
93346 13060
3321 34936
99403 47347
76622 63989
87569 42288
63909 87828
28318 50347
73018 50854
17186 81145
74192 8258
72048 4720
88585 10690
25214 75597
50641 1155
68617 24913
91188 45897
91471 88448
868 5528
23763 42657
89876 66204
33020 12577
97567 28898
6102 70640
60481 21565
42799 35522
24573 93026
18779 78319
7894 55180
8625 8403
63253 2296
70637 6351
81257 17130
54316 25478
5603 75879
90610 56225
37174 27993
62087 91851
93533 71950
63989 14326
41941 84249
15596 13045
35294 35056
91359 50368
23902 1292
5125 17843
47998 12364
22680 14510
90987 42130
71321 18166
63222 932
78634 35763
53973 77868
44914 42064
17728 55449
26621 89823
20916 22684
42810 77842
34259 79148
63995 80899
44322 2242
42456 77325
68458 64798
34540 77104
90297 86208
90711 25073
53726 58831
52666 17015
32847 59638
30078 82767
73478 74594
8077 1194
98592 67301
65303 80122
62941 67830
70863 15608
49123 33199
4172 27425
95611 7534
68168 37204
49234 86196
51780 9398
78266 75881
70050 71278
198 27062
5738 7273
81937 30345
17798 59447
8536 96949
25509 30988
31611 53839
94780 6848
29920 16306
60480 85551
47152 85244
18573 30042
79033 80463
19074 31333
42314 75409
69443 12887
35193 30060
50614 1340
24129 6510
83206 63238
52060 98890
31043 32328
38702 9142
8128 35034
40794 91339
71508 55288
2474 37896
52250 58723
47179 6448
49745 11326
41262 68615
78204 49650
65705 10072
62754 89290
26964 96786
20399 33496
19629 69446
6098 5614
4756 24107
4573 6470
94351 14171
94440 33307
455 44147
11087 63950
3274 95607
4399 66561
55399 68363
98125 99711
43285 80283
50863 14386
32236 15732
62528 93260
38185 54856
40400 86335
57679 19823
89778 61029
48705 81953
17117 76472
87465 94844
73164 33851
60916 91844
24542 75247
65300 55358
36310 30559
35389 32404
33820 71477
96104 52756
83130 51394
75858 23473
79455 74618
57694 11264
46688 23029
59407 47741
36722 30576
59279 97412
93233 26730
10252 17047
90237 48007
28917 64447
71352 1265
78369 38019
78665 52465
83944 80178
14971 35226
84488 70208
7071 75519
97249 60352
62821 32632
8121 11951
33575 30626
22394 43753
64383 15579
71567 93233
12364 8874
71754 7214
81297 43413
61825 55048
41974 26312
86540 14863
52101 16341
31593 97717
93518 37839
78073 9327
52515 87725
16640 58807
63293 56526
41544 44589
73173 16975
5311 33297
68844 14038
44020 87275
71139 63147
70558 39972
82372 79705
81749 70794
919 14770
69687 71984
47726 45704
3589 87243
85882 35925
63747 76246
15763 56692
32859 30767
95027 57253
9818 28088
9659 45613
43186 36439
6766 5556
88855 42870
89777 62533
35490 2275
94066 89329
17105 26289
64413 32556
24677 57206
74248 60591
77954 3243
26696 61492
19410 49455
90106 21501
52771 32356
2780 35182
89028 76560
57264 64206
65772 48638
91936 97674
48755 77787
39508 87666
59159 33881
65406 2298
16345 50767
48911 52891
99677 85334
74111 43823
82126 10382
74985 73720
63959 73655
48396 59385
32875 23480
12171 50331
19741 88028
21166 84394
11625 90000
91007 59926
88618 58759
11310 17107
66273 59286
1358 94105
95957 22808
68597 85188
98797 17482
5760 99509
72088 23632
74252 73551
65029 6639
23454 83931
98251 59089
7420 85348
74947 47684
67666 83580
26793 58843
69775 39862
45726 29323
72645 39913
56201 63183
92844 7827
37233 16709
48703 51988
68708 99279
66045 97583
19604 30931
2282 31116
57781 84060
44715 33689
3489 77686
24462 53924
92308 34229
10080 33539
63983 175
23412 84652
23065 81245
5603 39773
97017 22879
49254 79285
45342 57013
41310 505
44599 88134
22541 54864
66683 36573
51962 45287
58883 43783
53361 77231
43787 42742
40097 83002
4180 49857
99548 34881
80549 14146
97530 44769
12197 2550
30582 79833
579 98721
60047 18029
68271 80455
53385 99494
58942 6580
67690 38608
67433 20213
99165 30747
61230 79069
96786 63259
71598 52033
95100 75848
54542 98652
31953 96703
64054 1740
11822 81150
79189 68595
16497 3916
19962 1623
86717 30383
98204 7618
51769 99955
66260 50882
98289 9994
81598 75498
67796 46599
84028 47760
96116 89186
24786 91757
15369 28919
4267 80640
47534 40614
90483 98987
19971 82613
87098 21588
99113 17961
57719 63174
41289 31409
17923 25805
26286 83547
51354 69245
5670 83069
1470 58124
70116 44045
4787 52436
68705 35753
70052 92882
11671 54577
32765 68938
93733 94472
67534 8352
78062 32374
61967 21824
51257 16936
68374 71831
89106 26479
36834 68663
33064 5789
67796 99735
45549 35115
29265 36497
56921 57302
82113 55715
41832 87037
38803 85486
93719 78725
151 81786
62443 98229
89378 61808
2026 97434
75854 88510
40447 64420
9175 26167
762 84327
3487 19184
51854 71004
67786 98437
95890 57405
21475 10033
84385 85452
43702 73497
54393 52268
83636 40802
24640 83495
54322 91351
72634 2566
43785 47396
37940 18268
65400 82621
23389 44828
71805 81816
27911 52446
86464 21742
10443 64670
86153 23583
49602 25565
2085 60427
6444 21246
86980 1977
99757 86890
62846 66003
48171 60077
77001 51880
60818 67638
52741 24810
54928 6683
64049 87918
88121 27507
94354 59598
65764 71738
17779 62410
23595 31312
76288 50786
66767 96634
33354 8126
22643 72800
72838 88647
75484 24717
85422 85899
91863 33075
5502 98780
44755 72868
56344 81266
2402 10138
61185 8933
42685 42896
86721 57107
6909 39750
82951 6656
21091 32929
47011 63761
19216 96168
54026 94448
94381 17896
89910 61547
6085 81745
20355 49429
36486 43448
85203 32132
59108 51539
19083 69393
98326 53920
29588 78523
39223 76830
56539 54532
92134 12849
38577 35090
86118 93282
16459 93104
81919 55197
99011 66218
3419 66866
79093 10676
53802 25141
86435 44580
75614 73758
74546 38836
39568 53674
16299 47585
97593 16568
28155 28334
24602 27308
49203 94850
36565 36463
64360 34405
46801 67021
67444 64199
60826 7382
34419 85626
41918 46013
38471 31667
29553 43420
78645 50477
51466 10254
60646 28101
23684 36500
77255 3199
78942 22769
77929 15360
28859 39662
1281 12978
58851 78358
27209 19843
60352 90043
66653 28870
8898 12783
33503 25648
5564 66636
51604 68444
45508 56429
25253 92072
62583 10963
20383 73558
37234 9504
84147 42604
32026 31583
22807 21076
97397 55834
40098 66780
47375 72099
25556 92919
98006 44908
11276 46651
19679 44526
14160 16353
39327 29094
73833 58345
51346 10131
82820 1747
49975 27386
90866 37190
88049 60258
58824 57581
39208 92280
81280 29684
92230 94957
61975 75440
88123 22515
27469 78197
23994 49699
26952 6429
67449 29913
42033 15848
41109 6614
21845 24918
46219 56286
97093 30543
95552 18424
75606 43835
55579 11153
2690 58954
80294 32345
60518 68046
16848 33252
79842 63772
58157 76714
33148 52079
90004 82823
3389 47045
57184 74972
88050 15872
88016 140
51148 60901
31688 66528
5312 17984
33838 10755
61288 73759
90157 20359
90209 66579
73429 64735
67083 7570
7865 87523
98316 87479
84879 91759
96205 35552
17460 87267
49467 10063
38310 69444
98279 94603
53864 58970
47047 58300
59937 78192
44947 25170
25949 72216
16424 13758
53546 51876
24649 15190
95357 74862
78649 46582
74475 54577
3618 33178
1488 54989
63377 38373
9227 86215
68087 9438
67104 50726
93610 39213
37429 96631
82658 91298
78805 7275
33340 93295
53104 35220
80538 18889
9465 19499
99298 98699
67655 2349
2299 31922
22868 42489
75763 73506
19105 84372
80443 89375
47600 60389
15049 87829
51625 32153
45365 40498
41301 21664
32860 78310
39718 39534
97825 85098
69549 43707
95495 75414
2115 88611
440 71912
3521 44359
94529 87972
45031 78443
44339 89487
39865 27926
51140 40819
82973 66228
40012 95615
46142 63319
49416 50500
95372 89138
34299 61113
42234 53853
83784 73943
77343 17236
4345 71165
86038 46008
85659 81901
88861 71276
74144 26253
81849 28633
11643 81544
18417 73034
455 98219
15119 91185
87617 13480
81603 85856
40873 86870
32447 50129
27814 26286
77051 49727
14175 99792
20562 85259
52578 20284
31172 54583
69600 14746
24723 14190
74927 76626
65414 96058
56839 80884
74632 8173
67910 60818
31945 69817
55340 44385
64540 31800
62207 21020
75192 20324
65640 22689
91000 47456
31829 90577
82619 26189
25397 33172
38052 79638
21407 98803
7802 64261
98603 18109
2825 8939
86615 79842
45184 65884
51523 59611
87986 94160
74901 91840
76821 16740
47415 5424
60613 44311
62516 92045
3778 81037
86494 85277
33037 8304
9387 17482
23535 65769
85011 10019
74355 39787
65300 79481
52583 58953
11214 67075
40607 74523
41896 42266
64306 23166
96809 23742
61275 9328
46911 17615
85337 65944
25468 52500
69519 58716
19379 22616
357 38984
73088 70248
79621 19502
55326 44662
69439 32353
74190 5593
60421 60057
5334 90059
17072 60818
99296 20201
52377 73900
43063 10455
60448 48236
9261 27001
93865 97146
74072 4379
51162 69985
57136 50379
54879 76083
41363 14905
98886 47938
51042 78109
24995 13832
35361 77265
15021 40864
85050 76179
20959 17642
45339 26437
84856 11787
89843 3213
69692 8651
19609 30485
33392 96405
57829 38700
96673 91130
46261 76227
72414 81582
84074 38416
42170 2602
30824 20782
35499 94504
8538 30204
31086 93354
60491 94970
68224 83028
76013 87535
56102 5101
89686 56741
50278 65986
68671 44459
79724 62755
81124 36818
46182 69700
52486 3633
83656 38046
46604 31938
17481 99883
46077 12994
26884 88237
70151 94228
91225 74343
72508 68223
11305 82083
15120 91596
63933 47946
15836 21129
30463 73679
7550 4296
90399 69797
70231 36128
10287 68548
46411 83051
76968 61416
24292 74631
25507 91474
47632 40982
865 20005
50399 60541
77540 90922
28293 8520
42227 80812
96606 19525
48794 47837
57221 29540
79335 25040
28699 17694
65967 74812
52903 97227
11911 35295
43120 31178
60907 56473
10501 60477
72634 83565
85173 87530
85175 85251
91319 82651
23018 68969
96420 80191
86813 36685
2328 69447
9696 68773
42900 44234
99846 69831
23231 67553
79718 87537
99616 96491
20922 4866
80006 9034
57379 14271
23425 64549
83107 58767
85670 66212
63393 57055
6574 15351
9033 66656
60503 88368
49897 2020
88930 90403
90390 12004
90579 61005
19269 87645
13333 13643
53554 71246
49811 67262
3260 35867
73024 19854
35751 37421
16624 63460
77337 22256
84861 36526
76701 13652
58947 93918
48899 9421
4131 13836
44606 42451
47364 63408
84292 74307
72333 68840
50066 42235
61965 14584
53766 86850
65556 89061
79459 49790
54199 52121
9648 30651
15343 45859
90521 46251
83482 22420
27725 59745
28441 41058
46782 11605
60593 49064
26532 65603
27850 58308
65914 12651
50579 39161
20415 22195
46012 24843
36215 97056
95354 90181
97320 54721
18406 28662
42749 36196
17630 53263
78758 41375
77027 68007
12406 7784
72730 90647
22980 56541
89547 58079
28523 50974
27173 75455
52329 87182
30424 5119
21188 5333
28089 48583
75136 59488
71681 50503
26186 29664
87407 1457
94769 52487
50753 73850
89223 21294
59679 10941
89380 45266
19697 38391
25027 27218
1187 18412
26436 63251
18888 16737
29320 53948
66708 54976
67000 1978
48385 19799
23935 68477
63275 24889
56235 86585
47828 62235
35984 34695
4545 22520
46309 56193
49338 87470
84996 5353
29870 53375
62094 71619
20013 97233
88517 89878
48140 58254
44561 37294
22245 33765
23836 16445
33556 44935
92758 96278
50939 8842
23025 45617
30558 61450
2341 42666
35880 80835
1198 80162
48549 1560
51113 8252
36838 24272
81691 29857
54432 37235
1994 77885
12941 54321
24385 19039
3465 83899
54225 76445
53558 75528
9994 92494
16121 90002
2086 71086
62714 45430
58879 31357
86568 86136
820 91616
57715 6652
13256 44639
64400 58894
54819 56837
59737 70043
9519 25316
95466 61110
39836 93742
18789 95380
29884 97853
19151 65968
87688 38764
61361 44552
22425 78331
89911 81790
1423 90959
67284 36791
7470 25487
20797 67263
10972 48296
29961 88772
80933 72811
20024 9879
33975 34858
15049 56526
9382 25342
15297 62885
5001 73668
88139 43928
20507 31515
77875 77514
54043 32359
36490 42881
9996 52273
60133 85799
35510 18534
16766 5163
7267 79123
59249 35294
36483 2831
22272 43063
82856 16722
22352 83855
63691 74646
36554 53862
91045 32861
23067 40028
22455 65866
58612 88728
81026 59110
44234 44965
70928 50077
31991 87696
63113 10655
55703 83275
4287 77535
32140 6093
28707 59511
50843 82256
43085 16770
30509 14866
83864 56065
14223 18644
771 44599
38258 76670
95441 58317
29451 79961
66794 98927
37652 60883
47864 96972
11242 53279
85931 38554
5421 5682
53941 49455
87555 19687
62991 40425
25108 20796
15730 51304
25327 74579
33503 75182
35204 3826
72888 86118
36681 91075
90148 42010
51030 75573
13295 25148
48712 41913
22855 49918
24833 87494
86176 2681
94022 60117
76785 59946
95936 33893
21717 82800
46204 81560
44939 50032
85451 5205
46647 38577
14275 13764
40863 64577
10267 43957
19918 25678
81971 10009
79284 41709
82186 43175
70819 26358
23782 98841
74612 72101
71920 48652
43809 65691
57781 31012
73320 69340
87142 9093
98926 1551
88665 85307
2393 22465
21701 51955
13429 42562
80874 99680
88017 52550
83879 67223
88671 73893
74850 35891
83415 80891
19812 80305
28436 73097
75450 98005
3125 94098
43221 96708
36414 44927
48715 11016
37205 38492
27828 367
95557 31736
67853 93516
74174 95209
99736 14453
81171 11718
11226 20611
12762 19339
69564 93237
20688 45080
25355 76781
53235 19922
61849 16849
16038 95201
43545 70699
45552 62736
76454 52874
17213 53777
47293 15327
13211 30774
60318 80577
74143 77561
25295 45385
85374 33941
13465 2615
86900 44586
90505 44875
43328 21885
45072 93452
5318 2389
97380 29541
85579 64288
6557 15491
17277 69420
23544 43480
90825 16206
80696 34075
47011 74974
82112 40966
76257 48153
14970 89111
94208 51582
34035 35055
61726 11794
50396 19766
26718 85884
52843 89877
72839 71593
16568 71802
37253 92617
38720 76568
49543 56848
89990 41284
12575 98038
27821 55001
25573 34071
2079 67893
81045 59892
74313 88026
89548 87825
88444 34222
18862 14677
72878 99323
34115 96429
8151 98031
74870 46664
3093 73149
56117 59964
64136 13083
57780 22176
57110 38914
71786 21936
59624 8946
85009 1133
70539 48235
51050 43738
85937 89940
80023 64256
2253 5463
57536 5930
36283 28067
28687 59338
94037 10089
21715 43826
51711 83424
81249 13500
50076 30146
4718 94979
16502 65324
93974 6472
4154 1762
17465 68078
68697 27848
74648 66717
89257 16458
12828 42467
52162 28181
80528 80718
15266 53820
14786 11987
26473 43636
52102 65803
87038 6808
47955 75216
64904 65573
87108 67525
5333 50303
28727 4363
47414 91499
21138 92493
53345 97971
59193 63285
93646 57957
2585 85972
15323 83220
2913 63774
23688 8341
19043 27787
3452 9316
94008 98904
60478 11101
65657 35076
1852 33059
95110 31859
60680 65276
13027 13231
86517 5330
35766 73698
5375 12628
73579 35260
25376 26355
94288 14195
85564 88069
18585 33918
52630 61318
39197 73882
78360 70002
24471 98565
57168 33740
49286 50982
4493 69275
12749 67907
29542 96615
2676 91944
2099 86912
97285 48071
46034 86520
33551 32723
86147 80228
91463 86180
53965 62494
91874 90102
47063 38982
80093 2153
71919 14428
98005 19778
10375 31080
56431 22249
87442 42035
38993 60394
53356 42571
33191 62260
19664 89059
44127 7324
91583 27056
35149 96347
47999 9005
42920 66092
40122 76024
74283 30511
48411 90355
72501 75113
19381 30052
79337 75746
23771 82485
59663 57925
68617 29300
22833 35331
84570 95028
35487 40624
13295 33707
74252 66181
9742 97554
43470 15356
19361 45608
47585 83192
12051 3951
80485 13114
88119 32941
22076 10188
20225 39405
34349 6875
58634 54012
76324 95445
6576 23372
46511 6831
10483 83412
33346 39777
78522 20397
38996 76295
51212 90391
7616 52226
92536 71730
79877 46773
59053 91910
21927 57130
65154 62459
91595 67370
9327 62337
73855 54120
45426 11530
58352 53495
39052 68875
70033 31119
6369 30943
35227 95148
80316 3363
63943 40239
28584 15707
16534 36347
65112 25068
16682 87481
94752 42304
67850 81237
74809 75909
18818 33918
94945 70798
54336 90282
34169 4688
49976 6223
1189 29222
22689 32747
34960 20814
35222 73502
12165 13034
1687 38763
33559 48064
57253 84954
11354 58587
24553 72473
35655 73703
10317 35286
87900 920
69953 88359
19002 73220
73016 41186
34245 66500
88648 30917
11560 72824
10478 76463
25070 480
23272 18085
31882 32003
28217 7214
57392 26444
60200 76504
43641 19240
99041 51313
23235 88073
50226 45838
27471 41990
63823 79495
51810 20665
90896 70201
49764 89375
69166 80163
44132 82364
7209 13513
14865 916
87364 8180
66882 37011
43431 99920
1680 77382
69853 53165
53047 99680
45332 55103
36153 81910
85631 26654
69722 81443
27063 66375
83749 38085
54262 18424
60453 9438
15418 69240
37133 23252
53480 96813
95249 73425
59367 33572
94443 45955
45985 68844
46231 48669
18565 5595
27926 13653
41768 51624
99151 96004
14559 23759
49162 39305
66726 81744
83 37958
92444 49809
64765 91297
965 95031
33852 31941
65319 40753
65546 63006
10861 24877
89155 50785
83239 50113
28136 58113
31624 79459
70304 91931
90215 37873
69331 17163
23934 25067
4941 12821
76782 50580
47649 75869
60377 29524
4739 53711
74631 83065
88205 85784
11426 74481
89819 810
84665 1617
37743 68924
8609 71889
36205 58984
27183 10062
13504 24204
93375 77383
38836 25769
98097 91265
14393 23623
98406 46083
37831 79855
47463 68410
40212 71439
53023 90006
33695 51162
62492 95115
81065 32870
20914 21522
98775 52140
78711 31941
99218 46251
84424 83238
91558 28868
6595 54841
92038 17887
84683 71237
37062 77638
25768 58263
53312 34341
67492 36414
58640 93712
2894 83600
20344 61501
12091 28004
74845 86117
66048 83478
48007 16328
91417 46055
23749 8710
7366 9530
41863 49030
39529 3256
65762 50483
29833 18573
43504 87769
74481 59624
66221 70765
72081 54463
58395 44195
55676 27305
82303 23765
23625 1442
69890 36067
77779 16842
87152 13197
30329 12102
3612 65755
47326 5470
1370 93526
75210 478
80900 16428
42055 69909
1270 98959
10564 2104
29618 37399
63414 43360
79549 45372
7058 91592
84960 13756
68501 81808
70888 57595
51804 605
92998 9054
18380 62358
57775 83855
53099 43304
60221 56604
41157 1252
95052 75992
86600 12124
25822 40473
79528 9161
84408 81720
81212 24616
4002 40820
2047 51384
80427 39887
44144 59613
37891 24111
94258 80353
84160 5023
28845 6574
31801 74283
31979 74964
88398 15944
22684 42121
36478 29449
19282 93349
84207 92395
42053 34626
95561 60042
49233 9538
63131 14985
66003 67496
49109 41615
2544 91293
39821 63044
16718 66701
88794 88472
31193 72200
72892 66333
75551 46081
1106 62664
61844 81490
48930 95924
79663 47318
27860 82014
33995 17454
42551 57610
47047 45661
21307 44189
79687 11148
56214 37473
8049 93127
24576 75332
62704 48317
31670 83385
40852 20100
5946 77717
96879 16402
42321 84083
24602 29605
16324 8273
21934 22109
46880 42641
73420 40732
50966 72921
77046 75149
93179 25683
81779 9562
20969 57934
65775 49525
48764 14811
4696 96432
47223 49584
87618 46244
15101 95784
29508 14478
17047 91330
98297 31501
27092 70878
62112 42118
23172 94115
79325 61440
47005 43356
83189 72873
42615 46389
34198 57039
95919 96515
22317 15783
39239 20762
36845 70985
11812 57780
67567 16113
623 62065
73228 48288
16693 35857
24613 8314
40487 220
92188 68454
47387 58842
40600 57489
52137 27548
85733 20267
75118 4081
61042 86280
15948 26737
5841 87744
87208 80374
58618 3439
87147 70366
91976 23350
56546 16811
55386 91960
6815 31107
79284 40926
48405 94896
47003 78036
34463 1408
24989 79849
51257 77382
57671 5011
28710 60663
76652 53801
63849 49422
59589 31399
5388 69897
11148 18253
74012 49738
53983 16896
16074 12760
43555 32456
32171 74075
26975 26768
10969 4387
80477 6282
90577 73089
88396 3848
25491 27275
47328 34148
75589 10077
29072 10809
30704 18387
18456 12807
57025 43153
43317 25043
95722 2971
16907 84708
36766 64605
50530 12200
73880 16899
30149 56685
55829 88258
16258 62792
60053 62638
50060 48657
20766 8034
60764 50341
25625 99355
72556 18275
28979 6909
3035 78512
27262 40748
35372 36947
5357 21364
97670 6233
68027 96547
57429 87026
97733 43721
33160 850
57035 8799
63505 9553
61171 38365
68936 4715
49862 64642
23112 46625
13425 21135
83697 3735
21446 61676
97092 49204
34072 80610
72714 14853
10594 91840
85742 64601
52513 97207
97246 6502
74421 31166
32910 75107
16517 18446
57492 16748
1368 64166
23693 65282
92252 36072
35351 49448
18850 74426
22677 50663
1184 29959
9583 23850
22286 37500
80015 70883
78986 28139
84996 12420
82644 52971
10723 36135
22674 53333
16705 79111
56685 16361
6362 645
16402 24839
28237 25060
57587 86999
57310 22636
33411 77889
14579 29323
59678 30262
99640 49615
45054 65413
39483 51533
28871 78246
66384 49598
64444 39987
49646 30908
35175 72202
14895 89930
99125 44589
49300 14665
42040 82753
41983 21348
68451 81106
46616 88037
1074 2350
12905 99581
48255 72838
73058 61152
15470 37712
7957 24774
7778 49735
73722 45196
48901 1641
81357 23537
132 24184
4843 33465
18225 50362
51225 89742
49568 46265
36669 84506
29450 23844
47043 79117
56781 67756
91097 41789
22377 85192
98067 67201
65732 5553
2984 65206
55976 97831
51667 41018
30272 16362
8851 45876
36382 69921
80875 24394
46424 3351
63746 33832
79462 20281
4069 32608
75494 12089
42048 2181
94393 76686
73705 94223
88451 34034
65813 70586
79566 96482
16705 68646
47911 4962
11402 38648
48000 74583
32629 37528
86253 59498
46056 24274
23303 60204
64815 31957
99724 80524
53944 82486
78748 66307
43031 17390
64734 45577
48771 68152
52249 40156
45367 77076
91259 78752
82194 55143
29718 6330
30967 79001
99742 87028
15790 91637
68300 65277
81217 53676
79454 72678
78304 98290
30452 79205
91229 4832
597 78870
25169 55216
11848 9429
20085 19781
7771 13605
17130 24704
39456 56332
71922 33227
60235 45588
85396 65555
64213 8716
86876 12870
64540 58501
81176 18489
14241 30678
33020 3588
6184 60601
53599 61635
97883 45099
76028 41463
23432 17872
32306 69987
26206 50508
90756 40305
2676 72939
70106 59082
10755 24922
69406 92961
18151 13387
20608 46089
43649 10517
40339 79610
28856 66482
51821 27248
71123 24288
1387 84268
61440 91393
27435 76689
48657 61978
10416 61256
44762 14359
30497 24509
51572 8390
35146 72031
96253 59159
45337 48740
46006 94083
38594 87458
23395 4834
82524 79543
90095 39603
90466 57731
58693 12952
67059 33481
66936 88599
85331 73938
36220 47386
42536 98281
99818 86384
9789 26943
54208 90186
40578 97449
12767 53599
3850 75389
18828 8744
76619 13849
48687 35844
7938 57916
38614 27733
17420 98443
34835 72898
11566 11725
13146 29267
6799 77296
81925 25880
59673 72994
91344 2563
98107 80408
54588 61193
74825 52522
89648 48484
95130 57845
32723 95316
42409 78104
52692 82297
47606 24343
17955 77243
16098 23963
31125 20835
3478 42544
73507 41311
18812 2150
29099 43937
69700 20433
42830 46209
22049 82121
52816 10679
46890 33707
98300 67042
65881 4053
77021 90595
94863 38766
62758 96290
8654 15516
13963 31592
7742 83564
13350 95364
36745 44941
73491 65863
45406 36149
20340 73575
42353 86267
93133 61695
30650 97403
49801 23086
31826 79382
9331 71316
49049 7311
49790 24120
55923 16750
82014 50532
38982 56353
69645 63143
32669 65654
80647 43282
93512 42883
65742 31868
8634 98783
40294 23902
61994 33221
53690 66872
18258 74264
74902 16266
56947 16634
45226 29564
12367 18835
60173 44950
81934 91665
58232 41960
93882 14146
64583 95204
31330 51355
26588 52959
14554 35796
64316 97140
26490 43658
13615 15680
40315 13308
82052 50087
78269 74991
53067 32878
26820 68778
61113 76063
83286 58138
54312 27304
72158 29231
55252 84252
9293 44702
72223 78800
82067 72381
79309 92575
18570 49705
59689 60103
19884 49059
19871 65866
11640 50767
52991 90606
41457 17108
23233 20445
70431 22271
96027 23110
69420 75679
15852 19290
6247 36970
48213 43568
27941 94679
39771 55201
34715 35650
91367 1068
47589 45196
59173 3283
68259 2008
12744 35293
7382 35119
15173 98162
31527 22429
14611 14978
33089 92690
35793 33150
23634 92385
76736 11997
44878 8612
21029 24249
43788 29046
46633 78415
20583 96599
91129 52547
94014 60268
92805 76345
54356 4797
97477 39133
83504 98486
52239 9276
51295 134
66595 38441
34765 386
75776 3769
42288 86019
26571 20071
24733 60164
111 47313
25808 73317
53272 41529
25257 2539
70615 91044
13322 10461
27585 24031
99482 25480
81296 27637
94244 28445
98304 14266
67577 24686
99859 32707
83818 96532
24910 59628
63855 32972
4602 67985
76930 68757
14948 32597
55844 41075
86525 19262
95672 95504
72634 41654
86307 71862
31605 95468
99347 78453
4778 90321
26004 96355
8667 92860
4956 46072
16013 71270
58560 83182
97225 86383
78205 38215
94491 59959
45936 72166
73622 99781
30974 70580
65199 44100
24749 83741
48158 11233
99817 23761
50432 50862
49024 76739
63479 96291
1318 64749
91496 71383
3058 76170
4156 2091
94431 47547
54048 26016
3852 30499
82405 69979
98333 41515
53056 20680
10071 57791
43947 35988
17992 48910
8578 68466
53852 62222
34791 44343
55625 37173
88671 95711
34884 69441
73171 91621
66122 23346
93040 24046
5753 33515
30535 5855
75539 64852
42157 50723
60546 9498
58172 92454
42638 19374
33105 80476
92073 76130
89228 94427
66724 431
37043 95932
49047 33554
76015 82078
51005 37802
45901 93827
6325 85180
57310 48658
47106 28783
4151 32979
49836 17073
42642 78262
95709 10736
18892 57996
69669 40321
56421 38924
25591 54460
23779 92432
97034 1981
81295 4789
72376 31365
75061 28159
81250 19320
92009 37426
74858 38653
70109 82938
71927 70305
39916 83076
27701 56468
38035 85891
75250 6890
65714 74188
69250 91707
17263 52666
85917 37507
47315 4426
13628 75779
70507 92864
38911 12926
49896 55009
79401 2141
11487 59319
25762 11564
51818 55824
80148 22170
56678 75103
50127 27389
99187 51162
76710 72044
38487 34554
63088 36451
97883 63806
27751 38434
86892 55304
45196 74958
59035 25534
87393 91439
91230 98506
41709 68656
11277 10939
17948 82595
11429 92866
19613 8250
95337 62806
60002 62351
604 17488
52867 16509
81416 86448
37627 12772
35994 63478
47594 26473
96483 45769
25937 96755
54648 92180
22073 92912
96307 24036
63404 8814
23441 13707
91386 64802
72146 85184
22998 48388
98748 30909
94679 51313
55736 29408
96664 92968
49844 13386
1015 24494
53951 14275
51801 61546
463 11668
40613 39401
60318 83627
93477 10555
95145 18139
99560 27444
3280 23769
37795 16076
5625 38112
15275 64415
95246 36590
22652 60750
79482 67141
37749 77213
14351 48107
42906 71475
21891 11338
8657 7933
92910 92945
389 78858
50893 44529
51111 9360
99459 50656
97383 13158
43283 79321
31839 69448
52231 58267
69449 48823
74476 24422
95652 7254
82387 27169
13427 4302
20306 13558
2525 94826
18337 20788
23950 98620
11870 60684
76885 19799
37289 83093
11972 75954
24168 87337
9556 86091
63172 28517
13854 6242
78923 63917
1026 98554
37772 28421
28452 61083
95742 80249
47690 61811
43705 71510
30591 69264
48155 10127
98356 36199
41124 93209
12794 86769
27162 33519
80712 8520
62310 80878
1691 41903
13878 96730
6577 35911
30361 55576
34701 34107
76550 40626
13015 84085
51125 97014
79417 51174
14788 42935
11970 97762
6131 65802
74439 84097
91816 35243
70589 34144
35692 21142
42721 59742
72333 44782
74928 13567
8314 22937
20239 71661
89962 88769
99172 42386
63957 93301
63738 70046
16985 40198
63938 66471
6710 39210
1325 20900
82419 46013
9074 54034
48055 7387
11246 73615
93616 81447
96639 89410
21104 6152
76489 40369
81034 97094
55665 36936
28090 3473
7460 25977
33050 85979
21649 62743
65582 86809
38443 62042
21081 90021
96584 25086
47077 13791
65700 26499
78688 38407
35263 49422
8985 6501
38011 60967
44199 23458
37951 79578
21762 47468
44118 43830
33576 90518
721 11632
76474 69301
73985 84801
22556 17988
28766 30660
94520 37217
81475 75033
11516 19182
26927 26437
80791 35217
87141 50704
61600 64980
97357 53989
91375 80933
49681 67509
73058 19959
20257 88180
13786 37120
68687 99483
27259 1529
4884 29572
89071 96097
41513 48914
9988 24570
9231 32742
66441 18282
58311 36491
36213 71132
32219 40747
43264 83261
24499 42167
51336 3391
34145 9475
53070 89241
47030 21479
36950 95140
22186 72063
17259 22752
41240 74828
36248 77069
42271 47154
59280 27955
90050 34264
70375 45082
15145 10570
16470 18834
85758 14618
76219 30349
30449 82363
92919 2144
96629 79109
33646 230
86816 14260
59754 78428
10991 48233
68505 42438
48799 53767
40522 873
52469 1783
25460 44015
49752 20933
92560 39334
39505 68192
36346 93473
18578 40990
65107 13845
11148 29269
28066 81630
5655 83011
66958 12055
12750 86120
16166 99205
20592 32743
30585 34125
3521 80233
27358 31066
95718 33177
77934 29368
48429 52936
20229 41883
34819 13099
73988 1561
29627 54392
56722 69932
6766 95949
44406 15857
96694 1161
16703 90571
87057 5361
61052 52064
48868 68300
52868 7483
8822 10792
97328 41801
92624 54579
98108 56060
24868 40866
48714 1355
24707 10317
48414 29296
92389 59089
1411 72840
17477 96717
77348 41815
1667 50245
87540 10945
8864 72770
98055 82994
1605 48496
82038 51031
65660 89279
43743 67107
21301 97955
8387 10859
76643 61172
52039 27946
49853 88719
93683 73566
96925 43731
2294 36713
20100 74596
43072 5553
1748 65099
44710 15616
54964 43572
43873 22596
57168 24686
6895 3184
30359 72047
61105 85754
90907 4462
12236 52955
62484 11911
51240 78290
75774 72987
91764 90977
99830 36557
40223 4174
4864 29093
417 92900
91588 94449
63856 77167
75629 79871
34251 41540
30857 10181
73363 27286
7276 19258
49677 90658
19500 68473
78401 65956
31846 92741
63454 83200
78904 67584
80372 18266
78213 32306
81560 16254
67604 66441
86115 99001
70993 75795
32211 47709
53323 63397
49705 92065
85204 91224
65162 24895
98469 91526
87679 27637
91991 67665
47348 37668
7210 33277
18332 78164
86818 28081
43307 49966
16229 65274
81915 26656
43358 77864
45736 74109
65597 37424
28692 89499
36085 76552
79716 83699
67709 62637
83392 73828
23312 92896
71703 40656
99085 10117
35193 27421
95671 30819
72699 64789
74485 10311
66327 17702
4051 5664
52969 85923
77568 72772
40723 39906
89774 59626
87385 22876
36374 4622
84518 83761
14609 21841
41702 81153
6431 982
62058 883
8964 60646
12487 77970
74214 90029
46102 65994
88945 43835
65750 91376
37811 28067
6758 26488
12992 69983
13931 99804
89231 10122
91760 51164
87706 77572
96449 36664
18690 53426
95279 43128
63850 57532
11439 42309
92503 8846
90875 82541
54614 63063
97295 60674
81750 87244
59341 75260
7690 65190
28730 26515
1128 51104
63038 53893
65964 186
73512 6454
78582 87161
39976 25963
36103 57796
67315 47342
44521 17384
64483 52014
47684 15766
86420 20123
43497 76992
28008 78574
43147 91391
33412 38847
76033 47632
83313 77869
97030 28242
70172 80794
92953 21321
54 44620
55325 83007
25332 45358
25114 66942
77584 46956
14138 58647
50022 44507
60045 41725
68184 98222
39142 98411
49643 16898
42107 5818
25032 91123
9544 39980
22076 28581
4557 64836
57496 68284
70092 55339
58641 43588
31820 7917
51745 62858
44953 10874
13444 19680
18561 42437
37372 10397
95288 22920
4302 76251
59861 99903
70979 82231
37139 26728
648 81397
91857 38249
33774 38810
95538 35882
45130 15024
15454 83127
75926 22821
95487 58591
78159 63084
389 83512
48565 71674
84131 79576
47758 5674
46223 72701
87490 24986
50246 72007
11136 20108
26149 14137
78136 43462
42513 6267
90368 77842
33616 35930
83184 89087
36718 50599
46949 64670
95162 91092
45953 21893
40134 54523
95305 46928
30058 84118
1286 30139
11777 7463
88997 75081
9834 21426
11671 32480
2504 52446
30961 36555
55651 45465
86413 22614
29157 15089
82984 1814
87582 38875
52194 18463
85569 14959
929 96843
92388 24746
39662 49722
35876 36874
98966 46892
43455 39958
38602 55561
37944 40180
77055 48122
61622 99313
30959 5485
78341 45949
66295 30836
54291 74540
81079 41446
7124 46774
19221 16125
59263 77303
21434 9559
44079 15024
56499 60534
11332 33092
71921 48928
68159 53884
27498 85471
46409 57732
88502 37441
62732 90091
43474 36985
53560 21671
53120 23612
22528 54191
46757 47046
50971 84223
94762 57555
8067 68631
86652 66342
59481 34780
95981 84581
82847 37846
74832 20570
58076 59344
19200 86740
18204 35580
64602 73860
66286 43692
93406 8321
59140 74618
83154 34052
79862 37921
93023 10860
72095 45985
61138 10588
39166 38047
58396 13944
89175 32322
92019 5036
41616 93560
26735 81093
87220 11887
11117 88341
81427 61948
79024 50963
56576 8087
96155 73305
74194 78333
76504 91012
41219 91469
82644 6232
46356 75916
86624 70938
64103 7649
95346 66515
56036 51737
76322 48436
88661 51844
69869 76012
83817 37526
88054 81108
59412 79623
17760 66852
64686 39060
82517 47771
27440 61851
40098 9658
15482 7523
77496 55977
91952 49042
56205 44242
93592 22773
86873 38209
573 83867
29146 19402
97903 21722
37072 80771
77729 81833
34369 5349
38698 84292
31478 42159
17605 36044
73052 47299
72208 62084
37669 7911
2225 74325
14756 78310
5708 45674
58772 96397
96430 18581
43186 2670
28358 55753
78046 23392
77446 65341
14207 53116
65638 82863
40220 77410
29474 72127
95107 69202
54295 4688
29829 39956
30186 4298
47576 44753
25121 39835
39092 24567
73895 69873
78967 97208
50476 56289
2113 40683
13763 24004
99416 88074
10403 30517
47846 97203
903 10804
24182 76520
38606 90021
47258 72782
33403 18
63272 82737
49718 65637
57016 45919
43017 68239
1192 22345
26275 23364
78168 81381
29689 17020
85583 25806
94240 1172
60884 29378
74356 93739
47221 5027
56373 39749
30403 96215
97957 98092
80212 31048
85803 88298
57216 91429
76978 39439
56837 78303
90634 21489
9828 79277
53862 85991
79713 88328
4093 65902
36902 5456
87114 67877
7840 36453
24460 41168
10401 31566
48678 95320
13565 38742
46752 98280
13997 26506
82244 65362
73455 48604
4354 53449
23267 55939
98060 26277
93455 66073
62299 83586
1213 21051
92744 77216
47704 28013
89076 41668
37074 18932
46368 62166
55777 83577
56086 78850
10142 89773
3294 32343
47172 48223
63465 94602
38295 968
30507 22100
39546 98464
92888 80880
72728 33957
83374 21278
79516 11771
42379 15171
11736 6087
18931 73415
82210 71795
34539 53589
86131 58958
28385 75870
71590 18345
80737 9302
3711 86682
94657 36342
80897 43549
31094 45401
62615 55854
51133 92191
69292 32368
27187 39884
89811 95049
22173 89418
18303 23779
24577 18883
60268 41933
70955 12360
46261 31512
1290 65677
67899 33723
45008 52746
33189 13104
82005 65339
20090 3572
94804 60801
28584 62923
77452 81984
67777 14809
76928 88159
57977 37418
41048 89866
2025 79563
58846 76211
13231 79662
26018 21293
26956 82954
55543 60112
30660 80569
81363 85144
58978 65593
64563 62086
42769 62156
10996 30205
99108 3511
81563 55494
1007 76678
56142 41101
37899 27591
40921 33697
19894 5291
61099 88696
16561 31272
7638 54152
96320 94873
39026 22512
77485 43772
39802 85901
2278 27795
83309 96453
35195 43684
2830 56064
42977 60825
83941 15561
32945 75809
54845 16561
96425 67821
83491 16269
81930 31956
68173 30675
59032 4911
45617 88449
19838 5341
20265 13142
74311 42273
91702 92631
8102 32991
93818 34955
49071 18082
6492 53888
63867 45945
83912 94756
70184 26294
13613 25868
11927 142
44253 35344
53516 11835
98096 23661
25842 47645
2465 31714
81972 87284
26191 5811
11301 71304
40830 75306
78681 37890
64916 83440
76266 29264
50588 75928
94836 66501
83750 88885
97592 76214
94501 41663
98589 42782
65679 95987
45706 80635
14945 71664
52430 69550
86425 21306
23705 53535
16954 63546
88608 42455
90827 17756
21884 56165
44728 75247
41579 55226
2704 22185
12270 89036
64389 81345
3850 35382
93967 44275
69671 90583
64745 18240
52308 40175
94259 87915
87489 94757
26030 45436
5027 14499
84131 78785
49971 8568
15708 56168
31983 35541
19946 33447
44920 28881
94621 63029
65427 28997
78511 40206
48424 78449
9242 69394
65638 77781
39133 62982
22205 37145
26267 99505
29986 44549
89915 78689
95119 86601
16009 29668
56320 23287
55028 64847
55191 78436
41806 97467
46104 76331
64687 57922
25646 95305
55635 2438
40836 51842
21783 76459
78477 41531
927 50840
1565 75774
43059 65018
3694 86073
11070 34242
29564 89599
12654 56450
50857 28357
25687 16147
2746 37414
60112 59985
11063 95744
18132 44701
31535 68853
11585 38619
80018 73067
56733 10418
30709 64588
99276 65391
88658 73191
39195 72257
67493 27053
50393 38750
52272 4021
6232 50621
88408 81304
38768 71643
36165 26901
52509 54838
2822 206
41020 93780
59275 98218
54194 49085
76041 68529
59621 61661
37402 60467
15648 97444
48986 31169
72852 64773
27723 3858
12434 88090
80626 82976
81873 93886
55703 57192
3758 9810
7689 77614
13607 2265
34680 30934
7199 88987
83065 44364
26750 93318
7302 30845
64110 9000
63131 77980
37855 46198
98074 13726
9315 3209
19944 35742
51 14140
45646 74874
26536 58127
57656 35636
85602 93255
23353 53618
61893 875
74182 31710
13431 8873
8502 9350
452 2287
79561 25469
6490 39442
52734 45720
28685 19978
18811 79187
30452 5204
48648 17642
46922 31343
5364 65024
29966 20735
39791 795
62691 2062
12558 74309
93841 63270
40203 40237
46530 15416
51971 38500
97190 88472
87478 43169
15823 34014
18697 87709
68086 3718
33159 35736
35508 8337
26620 20978
48234 87362
76345 34610
98138 67458
75443 15075
59595 49181
80548 77650
9864 6499
52457 23442
44770 967
66434 18808
16106 52611
43924 81918
52056 68595
31402 94980
6663 9301
84560 96971
17942 33583
22231 61528
20744 6793
62709 62839
51653 55567
84993 65525
44247 63280
2139 63013
62542 99170
36578 68925
52029 11419
59644 78870
90586 33241
68146 4271
14241 11164
24849 51049
43506 20359
41258 10892
57391 7330
6578 65570
91135 39867
33571 40215
94350 43424
97689 62335
9002 84614
55606 36592
15975 82118
59935 64451
46396 52026
66301 30039
60932 89348
33693 51054
46111 8200
34256 49103
90862 21965
26188 83810
94682 47553
79465 26007
461 91794
9892 1279
52695 17429
35967 9649
39211 56066
58975 49383
28543 246
44557 35166
25648 14351
6102 39546
92379 660
82443 31231
91365 49451
76162 97081
87221 46977
20915 81717
42068 57414
33883 43558
94388 25198
67388 72673
39174 2193
64315 87617
578 99467
59937 38372
64835 15325
53691 29995
40680 61258
99770 93374
26677 78363
3540 93862
97552 26140
94337 82098
41732 49596
1822 16562
32001 62321
53262 22847
48122 63794
89876 42257
30149 31611
33338 94407
15199 88876
97453 98819
8646 19466
56350 91883
23997 63069
61282 33866
70475 7601
7923 21804
90620 2421
47950 4869
86494 71518
2035 79851
57126 97189
54440 17688
55465 87461
5398 38793
6435 98270
48618 63137
47923 93941
66421 91079
47709 42097
84589 85539
42055 83712
95754 25093
97852 5648
89802 74046
58764 42166
46509 49094
44778 59786
32953 76628
66189 15017
54391 26729
55375 96882
25140 4485
5553 9226
66305 24304
60917 74840
47188 80691
80738 1577
66213 25276
86244 66829
45138 76510
39914 85112
3387 94638
92198 15714
90630 75175
57136 82120
49340 13831
47428 81928
38698 87312
89183 1097
92290 51144
59078 35665
48375 71385
45919 99309
72644 91922
59541 39468
5894 52196
13080 15684
43869 79109
38299 5836
19439 22096
25717 39456
4869 80388
73504 94209
11661 26817
26077 56978
7990 96814
77006 87580
42903 39637
45211 20779
72648 67109
57582 87886
40454 53776
32567 32763
91508 61450
91080 58984
87029 29872
60697 1779
61267 38654
42053 12572
33755 16984
34092 26886
66079 50658
66639 66009
85778 33832
75511 44387
18671 22199
79791 71250
95667 23618
20869 83739
55839 6878
50509 80567
55159 38918
65246 28417
27909 45687
74451 65081
6518 74549
56011 57699
5308 74501
61801 30089
38442 77553
75476 35157
30075 37895
8120 43672
43468 74490
63812 10406
43550 52800
26122 5495
17205 35058
32003 47112
99099 80847
25064 99768
63965 56313
17210 5132
78669 2326
56986 27051
68638 85104
79889 16706
64332 67862
55754 1665
18129 63193
64691 48603
16785 93327
38080 74410
17615 25844
17256 90410
57941 708
71846 71130
50609 30050
57625 72638
12754 91253
69220 85759
63535 37573
39919 33257
43072 77506
92804 70923
42947 12958
41075 2939
11800 67406
23726 37360
28262 28620
77549 23910
41972 65432
1324 73917
29904 52435
57736 25370
41420 86946
90278 16005
61980 22225
652 17738
32825 26029
52390 13048
2945 15529
23074 85285
47060 93530
81044 39015
63097 2331
92339 93916
94551 26442
74138 74723
67484 16777
8840 30497
63578 65214
37280 1726
51461 28339
7242 89989
96118 57846
84784 41319
41387 33626
51714 50264
88868 38485
36211 39441
80104 512
38489 99277
94334 42330
69297 19596
35732 37637
41944 38770
80572 38696
7667 43881
2186 73291
98440 55579
17687 62814
75299 15993
19553 88914
42386 26487
31017 56318
13609 59917
67667 32891
65023 41943
4841 46985
30159 99350
49657 26472
31608 50222
61202 41504
90942 18438
1547 65369
72007 15275
29181 60163
67710 77964
96707 21680
467 97663
73569 16341
92504 73915
5082 80077
64710 4956
1017 71798
50934 7395
20329 81841
80873 24019
86205 81926
48321 79221
66921 17886
41829 19509
79334 30119
39905 83074
11698 41844
37251 67026
35854 93242
50496 57180
69406 33333
50381 96860
90509 29953
38822 20242
17702 27296
58666 91523
60636 2395
58588 20951
53027 20569
90020 47897
67668 12649
86956 10714
86093 13854
34436 24015
10575 87054
30687 5102
15902 73651
58196 78389
1221 58794
8541 45795
50607 51798
23579 25949
68271 71997
19024 37002
76153 62666
86531 47544
62566 87946
18208 49109
54644 53167
71477 70550
80900 21296
93559 66963
38875 41063
86459 41161
67521 9489
65757 54615
82213 24274
1628 7521
20566 85838
57692 11057
18603 84401
30914 18321
87613 98728
72572 49553
26728 87814
32151 85767
1294 44512
14087 60234
42579 56209
76258 66039
70050 70007
13029 73677
26566 36948
9550 66576
56914 4910
24832 28841
78138 61775
24034 72452
43384 16069
23104 22576
38088 38883
17256 31395
37772 41727
80975 26644
42952 55122
10890 4191
35079 2523
13301 30949
61300 60252
21135 13641
6530 44027
9404 81043
94245 10115
32994 26481
35063 81248
87660 26289
97076 58375
23274 96553
15550 50475
99919 50896
70201 73833
97906 65794
64944 19997
55118 31103
5966 56203
9921 38572
91462 53943
14480 6896
8300 30413
93346 90649
73914 36346
77985 2901
47020 50416
11900 29689
83972 97094
62504 41246
69510 59446
79418 45214
12189 88510
494 74491
11733 85408
22372 25273
94623 61921
75997 86207
85744 18637
21218 70395
86689 91314
78526 81563
34929 58368
84831 53588
93950 10384
34809 15038
9936 9274
38819 84501
22767 34173
93175 29146
62887 2555
95190 54289
68171 91194
13090 36929
68591 82276
57763 25399
78957 24231
25091 81474
74497 65718
66770 73592
89037 96583
39618 62736
18678 41555
54251 90535
42565 79194
57801 45339
94822 38748
34265 85298
56300 34720
82464 76852
91467 53745
96100 32621
89437 52636
33296 22221
6366 32979
57684 54151
79024 36653
87107 20693
16536 88739
88244 10482
83775 73301
9026 93631
72529 71779
62476 67199
79105 22165
46613 14074
36484 24596
31749 42590
2961 69230
22694 41913
11176 81878
72392 94816
97832 58721
72669 47948
1430 51498
57725 49272
31741 51630
37924 94468
34985 79633
15023 13109
91403 65592
12195 10674
16088 21005
62630 87913
86538 48447
35844 97768
85981 53694
88555 69988
97587 60579
28623 3253
69201 98694
58727 9592
608 34470
78478 15500
19660 17445
5283 85781
75016 78537
84937 70653
64905 10877
75112 27182
22086 93421
68586 23097
46975 42702
49151 72914
78867 78835
55065 19505
22344 38905
24177 62386
37798 13052
60256 48694
35356 97408
51975 98624
69306 88137
5095 89497
55766 5507
53386 46957
97031 46811
53496 33868
90701 19427
62723 51337
77287 97522
22332 48542
87739 14786
9211 46119
79986 23281
23355 91330
6104 87168
25083 55637
42976 64119
18110 81928
15263 99295
61260 98023
51309 19878
29007 9025
87239 22815
94967 95084
39759 60991
13270 78206
97098 73569
3333 29237
22113 40515
18845 83889
91905 30471
58751 54005
24123 22899
94317 60297
54436 13649
48782 25819
74486 74704
51470 46457
20142 7745
23355 74456
37484 1914
45481 82897
57878 27703
92719 67742
83829 5780
97704 97729
2293 9940
54579 85822
31850 43261
40500 83773
59270 26778
79889 90537
48132 7416
70261 27955
90496 37673
48272 75343
22428 16260
16116 5557
37277 91938
50554 99330
40620 42531
84699 70069
21334 19015
38648 71730
68812 4566
93427 85986
53060 54937
96947 94801
22998 84926
25188 7951
13279 54775
12565 79696
5250 99739
24984 10444
56482 99684
9093 15231
94344 61040
43607 85514
1251 63041
76077 59728
41412 79261
139 25082
31038 17294
60630 92340
22924 6722
61948 80461
47979 19148
52874 30971
68987 72737
18868 7509
93250 31101
93744 36855
49033 48444
29819 79201
64253 94785
90706 36984
14031 85362
46138 74020
71989 25369
90330 92881
8871 90469
64988 46382
83522 91719
61967 22256
39496 88150
935 18320
80254 31435
2780 3625
13261 74309
76839 3835
62978 91271
89576 26827
14575 84949
58307 78656
99431 24571
90877 98888
13157 8742
73988 34961
66534 8
83493 57456
36650 20312
64564 45917
3031 54320
75367 29845
79510 46413
94907 30295
73748 16787
93486 7496
1315 63751
70211 43791
2774 18163
88001 81849
64488 38053
53684 28470
64982 26639
42251 81498
10496 59273
60120 10557
8236 51499
16915 10972
88387 50420
72151 15157
18706 90342
3716 46799
70955 28774
23035 60912
50977 45505
25797 91269
73488 85666
42029 7389
36242 32061
35617 44430
52266 79080
14133 30671
19646 35676
29599 82300
70869 1560
73692 74902
80733 41982
92234 79968
89063 34709
79212 17411
97705 29989
9290 88171
54427 8286
96846 74055
45659 33137
3463 7917
24393 60661
61002 75475
86603 48964
89388 28695
97866 87867
42313 633
75956 90173
96865 48572
68984 98641
74645 44264
14381 91008
77230 85771
82699 31768
16087 79411
52655 71179
3198 34933
61980 43952
61143 44362
27125 21313
90297 40365
95524 13020
98046 92094
94262 86691
94951 50465
49789 45851
54007 85056
53101 33168
73107 87941
10943 92592
37928 70369
43568 93612
88101 60264
67747 53146
7644 10515
68315 21077
60806 93596
90370 9243
43644 53957
80646 34894
4670 87698
26486 39348
61424 8042
79369 7928
2744 51002
64439 91142
93250 22706
65502 88274
48252 74437
53854 94834
70970 68621
21533 81215
76275 36070
15781 75737
6242 97999
66881 36992
92262 31116
49091 4219
6114 99686
76545 80565
5374 47401
5523 46491
81220 47140
90999 52159
72323 43629
11630 73176
27824 50843
6428 87200
39360 10634
28139 26805
76016 59322
32937 57624
86269 46992
91845 68049
26508 7764
81494 30281
61443 14194
44596 17454
13198 11897
18333 85138
84635 26623
70097 20429
43774 282
87095 52087
47502 81352
22678 5615
92518 75368
97372 60406
25509 55487
51259 77780
32174 75093
83431 90066
69833 45717
64345 11903
5248 11280
16079 90380
28387 30874
1162 56079
22596 38092
7534 15844
13532 8577
52709 57383
73252 44217
87325 29275
42813 99352
94053 1286
72745 72552
73140 62002
96399 82259
49186 77486
26459 6282
83213 36780
12091 45089
26454 57728
30979 83376
71937 12775
80522 40723
13081 41725
6155 85163
29769 72806
88101 38012
22980 41702
87324 33037
5949 59497
56949 5099
51184 87612
7070 20101
11736 25265
19363 60049
27862 65696
58746 42502
9937 2144
8825 75232
79728 94962
69338 22624
23490 20887
71774 84041
92918 58548
81063 84804
52771 35349
13148 78365
41314 46984
43593 19107
750 36574
99484 38860
4971 74221
53641 41935
47357 87280
76263 85416
40268 29701
71729 57591
37030 88302
391 53665
17597 36593
53290 59822
91525 35416
65411 60073
55448 92242
16476 71395
18610 24496
2789 84593
6484 9129
36881 68137
38437 57078
95350 92681
78860 77206
96529 30256
50168 13644
83424 67619
75608 25404
69670 56649
75267 84433
23754 18928
24338 52026
16120 75110
35041 90217
79678 40864
75281 2483
11920 68726
7593 3698
17894 4421
6864 8262
72345 97068
98837 36047
457 11183
70312 32341
18937 728
71934 85313
67921 60017
38992 82145
82204 14634
71868 49160
15528 65625
29251 16107
80488 53525
96298 69253
92405 47771
52921 59540
51561 51274
65055 39865
62466 22278
8747 94876
76869 46264
64692 97158
30585 13708
61267 87718
76264 58033
22372 67661
37889 25597
1545 25777
50329 63879
9638 45070
82021 68651
44742 6944
87617 70026
99477 96330
57356 53703
71075 30962
31338 25099
6343 69794
47553 28577
10522 86409
67452 11579
87352 1912
6731 72427
11875 86982
49025 12171
82591 5069
83061 66006
22519 65034
48609 42572
95159 19104
60326 72818
36847 61942
78502 32431
69079 59284
79273 92529
11173 2122
54361 81414
19544 2570
38725 28131
33873 97129
92738 38753
42741 82242
96933 9274
54284 95986
85418 11216
49125 93181
61520 46951
98576 31784
1851 85222
45698 26685
31793 46203
25365 77866
48958 52756
86245 14690
20272 46598
70644 23162
4283 55337
36742 23469
20789 87449
81542 23513
61467 51991
27936 16160
49451 5959
4549 61128
41448 65296
41994 95963
43994 49023
51272 84680
19147 10019
4190 33472
22250 43954
3530 67866
3852 51171
19444 6191
31654 18355
29444 11646
14708 4896
42567 3049
62198 54353
24493 4023
88013 30763
68590 72528
42274 38077
67040 82948
97920 21462
24163 17124
7445 77161
58837 65255
56725 11760
70590 8423
6071 52230
79910 2369
71222 54892
73242 84345
55633 57029
17611 21524
13483 15001
11502 96891
32044 64918
86461 83806
42462 38186
9300 31183
97776 14730
41781 63587
28535 97551
8997 3605
89576 52724
44844 58243
30528 97753
66137 44015
83772 85507
25180 23999
62177 49113
16330 26397
8821 22057
40413 52151
85540 98177
84625 67520
66684 64566
88008 99309
22641 93536
83079 98394
21946 99292
99863 40931
60594 63305
20709 73611
12312 2251
32450 43864
76943 98252
1059 78644
27902 32022
36802 78126
50482 16154
76667 43191
22903 47052
80208 83942
56131 78404
92294 34196
83883 7198
1638 32929
60364 35643
4829 25293
6467 83582
94428 42432
58805 10640
30712 44258
45256 37277
49483 96131
27624 22837
20593 57749
40195 59852
88044 1581
19021 26233
68129 63269
41821 80667
36825 31165
83374 25231
93025 66422
87455 8955
57962 24725
21396 49639
89961 34022
4434 64223
65432 50167
12615 71346
35059 15960
33247 34838
82012 5474
89104 4641
38168 75469
81840 64945
17040 89752
55609 65958
42609 68196
48076 33923
60428 61529
17035 57424
94199 51297
96701 44795
61065 95336
11309 9650
32098 28546
15692 93514
97089 15845
12587 87356
91884 92234
42882 43202
41100 41488
67820 62559
22382 88153
200 72308
76643 54412
12442 51596
20448 78161
55591 79601
41055 29080
52861 5396
46493 3218
85545 34281
81658 40182
14526 10120
3164 85854
26165 94734
94796 77415
74951 63962
95063 32789
85717 9680
75694 79596
33249 10521
84870 14104
9554 10657
34745 58950
32116 66264
90756 24137
11669 49810
51623 11414
92778 29287
49928 60680
17128 60019
99280 97469
96491 8343
88076 95926
18258 94198
37517 43995
52640 84761
58312 93845
61 73100
75703 71347
33588 83262
82519 57061
87379 81669
26568 35140
6765 504
35792 77448
89883 32659
64024 17936
56247 11126
99309 1022
36383 10438
55360 32408
76056 50187
52551 14761
44745 94641
93338 72349
2299 28839
58774 47400
78208 69538
20830 864
2953 23035
57205 90111
34510 90317
42693 64578
92074 83096
22267 27148
78333 46689
6728 20356
53544 25391
53346 13010
60308 51760
31841 86630
87692 15378
3746 91634
79614 42250
78791 53739
34109 22704
62294 71979
34018 91297
30230 94514
8967 93724
90293 86368
52459 47174
39300 59741
54545 19366
377 17362
38816 7785
4300 38637
34244 49599
23322 66657
60492 47996
11813 11139
78634 12376
18643 24110
59798 63408
54347 13056
20075 7330
58139 16155
96777 16469
49908 65125
41777 92335
8076 93256
67308 45757
379 40627
29797 73550
73406 87479
25290 21272
51576 81386
26479 48338
26668 23272
13674 72088
97124 92525
92696 86603
69357 59516
97143 6798
55801 46747
20970 31882
85915 21685
63896 33451
22766 67702
31245 23808
85103 52723
51224 85183
20190 3327
5739 78014
55553 24183
1375 52859
45762 92151
84493 42070
47404 38979
7573 10066
70865 12959
15227 1175
56327 4791
17701 58771
47110 91320
14111 72948
6220 81845
98295 64239
78329 53795
35393 1949
4947 13629
1683 13017
69251 23712
33610 27587
70519 44752
43748 49024
56798 28850
9540 32823
60175 40112
50962 45365
67842 72760
55768 65418
15189 75837
46982 36874
73128 40373
18158 81326
82721 40601
86888 32944
92298 95144
65104 6354
93326 94052
88675 4760
49119 4819
40774 31785
95315 32319
59999 77138
57634 2391
42778 33955
18442 7084
45221 54543
68107 45653
50612 40689
92684 8459
96574 85314
39220 6509
44893 26628
93105 49054
85170 43482
7093 91362
43040 40781
6707 95908
68332 14889
91559 75091
20387 46877
53451 65409
73204 79967
13603 91171
74354 36070
85234 34323
27731 64686
45923 9233
1395 2231
55937 48318
18354 51110
49118 13119
87634 88131
98416 33216
79866 89946
31055 8238
25078 6458
86585 94748
18644 70617
57551 70783
61064 15629
48533 87250
66473 42484
21685 83219
71986 30509
87901 11428
28066 66589
50396 3851
47260 93100
33417 2034
36808 89509
89372 28007
57232 82905
99987 99389
37316 96637
60047 74250
12374 85799
30164 85127
34015 11093
49324 89235
34968 68742
34789 62928
90338 12382
1262 2181
28863 1767
25502 83866
45910 76843
24526 41727
38899 29275
25050 91685
2884 67499
43523 60963
85661 44435
75663 1970
76149 96751
88264 24914
64615 50912
93945 22147
73394 9194
64501 30157
31705 67316
88336 59416
9668 86155
19395 88884
97181 16638
74220 50771
17076 96739
43724 61706
38204 30961
56487 86644
42955 2244
52871 45295
41310 65149
47130 94908
24467 93695
26031 86627
92428 37587
97181 67309
72659 549
72477 59336
95601 56324
10635 72647
81333 3558
24808 95008
30995 46594
95611 2380
32802 52404
4107 5514
8957 76796
28231 23708
93027 47903
59870 3976
29560 92197
19911 65080
68738 47385
66395 38010
30796 5292
4438 80194
84774 82355
41753 11139
87555 96452
73675 78682
27385 64861
92787 71971
98437 59677
55264 29473
28868 93737
46594 73722
85659 84617
34606 19577
21905 93320
43997 6731
44751 38743
55053 77346
61031 53034
88639 72853
49034 47289
50487 55102
40528 3041
38080 52634
76820 78977
997 30061
86102 48957
65785 23196
18647 32319
16976 36112
3040 81361
62372 88442
35355 65251
93521 94345
91960 69387
63800 84725
92298 80480
77152 15640
80328 1983
61616 82608
82412 57575
18647 93439
85079 43388
59429 96619
54027 99207
8175 74078
65680 59476
87214 51238
95183 7570
13760 94934
19418 8407
57126 87204
23330 9402
8197 68937
51391 95735
80261 32612
26445 91151
71765 30967
17801 68869
30661 1832
97495 3266
89994 5890
18111 76113
71517 74034
89836 9188
93340 23434
83084 18861
27816 41825
55507 70886
59174 50992
1367 64842
32734 10294
75477 65273
76639 27414
5739 37560
84377 4692
10876 48782
64897 83900
97455 5353
62864 74299
75280 92343
42789 15395
76366 4845
87582 77356
86459 76708
9251 70285
21776 33558
2556 87559
84934 12581
10741 86875
87997 46549
10241 65870
99129 40141
39796 48044
75328 64251
5672 31491
92893 37645
44409 10403
82656 35672
17257 73189
85340 93620
53213 31777
680 1181
91645 80598
54943 75892
71288 16774
63520 85565
39038 94903
54446 52351
39268 787
21200 66983
75044 87304
63090 74309
71642 87946
5379 45420
60712 5964
88662 2486
71826 43179
95617 27839
55235 31747
11232 55461
72263 83703
38675 98671
26159 5037
10235 38850
93040 62288
73793 51021
24644 60653
7312 69151
5671 45142
71862 59371
89531 88834
40999 27563
60517 48491
12282 54554
46317 64302
39146 67833
30082 70478
19894 49739
35860 85330
94209 92888
32248 50947
73138 39086
52616 84335
6197 86107
73760 17417
81433 16884
1186 65990
69713 80978
68051 12833
69811 53808
70652 92984
7323 63694
61481 12044
3657 92337
5741 49733
22943 38784
27133 84588
63428 88873
65616 91568
81219 40698
95654 31554
12205 69384
47550 12536
47315 1387
67453 79309
94828 54016
96142 99871
45141 95174
26557 3664
79052 83905
21243 82246
81685 44059
80925 29164
91733 4254
2653 14351
29689 4859
36183 51585
62864 45318
55437 42328
4493 61655
29604 64720
10694 47850
56549 13733
39992 60800
64157 23675
93888 32476
16925 76470
49251 78855
73146 86786
28903 57677
96590 73708
67000 29342
87669 37446
29284 34030
9649 17383
88927 14996
43559 21065
3648 46511
29184 68874
31266 25980
95913 66731
23844 1313
72787 19604
6121 85990
6675 36782
58361 28695
5635 69063
11422 85891
85024 70930
40552 64448
95754 54692
38762 93124
39943 90680
4570 18541
18687 35596
42165 8955
50369 51746
96728 80849
57789 98432
23880 39351
99913 62576
83276 37403
28989 68961
61421 73099
59862 50500
56861 2652
77910 50287
1229 12199
54306 96030
58837 8870
20067 23181
3216 65404
5862 18879
56445 73386
92444 75674
67711 31995
46459 91881
8670 90457
15386 77273
33092 2709
1465 29468
71969 227
38743 83305
39848 32123
65178 33689
50704 59194
1995 45420
25619 40287
12279 62946
54610 26030
24175 22531
55343 66768
65737 1592
94065 241
34780 76943
44964 57953
52584 15066
41430 54484
28876 8752
86459 68098
58990 66667
75530 3847
97751 31625
48095 16836
36308 4236
50935 26972
30646 11194
65302 72312
92467 54429
54180 69508
18179 68707
49835 87503
56291 89119
44155 94159
23349 30694
82311 97819
97918 92212
70470 84431
65351 95877
75154 7787
80285 2684
67884 78612
37202 21215
16342 12274
81273 19832
36631 88945
96525 24758
15323 94144
28459 14218
32625 66196
69587 20235
51371 56486
51083 3250
6465 94545
34908 13662
47118 13365
91027 97810
55986 32695
33121 13586
55598 32990
63132 2410
76619 10552
73884 93895
76435 5555
37790 86619
52214 91652
28357 65917
19975 8387
85716 69127
14141 50285
90037 61974
63731 75553
72533 32270
97351 44036
97093 34356
84990 11549
5691 40370
73759 37721
20143 59446
95380 3176
39998 15859
70924 59422
90859 69342
87388 15891
90713 3730
66969 39780
33266 1709
54655 71535
55427 89585
82413 98971
27581 88068
83655 69902
6838 89680
39123 16501
54278 21091
20284 82111
89515 48816
77970 23586
17317 54029
53480 26645
10042 51667
81941 45780
1011 6081
97876 63872
2557 44633
91460 90908
9194 13090
84936 30417
48877 47172
83495 7627
87810 86127
58733 4665
60899 62484
48585 45841
8596 9738
66125 31689
56760 85003
15505 35935
43801 11444
35121 26963
46212 31176
57258 3304
810 54030
73601 19110
56865 70319
18396 39099
60545 44025
17478 66389
55752 19870
24015 71017
29974 72885
11370 56912
31762 16536
54862 77893
76707 7557
34550 26216
70551 44606
62753 75294
16607 25640
19410 77230
26385 92688
53873 37317
32901 32641
16328 40627
1497 93103
98694 33100
31789 89455
44672 94601
74760 34684
44075 43684
53425 15348
70947 55391
73878 9369
26856 34302
30345 13841
67644 47784
97501 27175
16070 87690
79949 80551
62929 1396
41590 92229
55726 91353
36089 9527
35214 80244
75386 61047
71272 38142
98275 91298
66585 30425
61953 39099
65183 13928
59302 95880
25693 70964
42726 68692
9403 72073
24090 67116
43875 22998
60864 72322
75717 1265
94776 30253
58675 43473
95881 88039
57254 38354
19514 51374
5143 88468
15065 87491
47399 1212
91576 62638
71640 7794
29546 56504
56113 4162
12395 92303
23613 1883
59734 63141
73293 62099
62956 61138
51090 41280
83 55854
45444 97408
48981 10328
11421 80146
6013 94161
86399 46875
75934 43201
45098 36419
98475 28209
93350 2005
5696 83568
32384 96450
26744 7535
28708 81151
18228 48036
53704 39298
90778 86379
81122 72585
21844 53536
66284 49363
11149 87622
41127 58212
12536 41827
49652 2310
96169 13922
89565 38051
18585 50639
20458 25900
49894 32383
53741 57301
71536 52933
36887 67798
8510 34558
47392 55499
77239 9478
40195 82773
31274 51617
13951 87896
84870 80403
96343 37723
65858 32168
20307 87147
76662 82445
61 67799
77760 56660
9445 32117
92065 19381
95902 88700
28573 97639
42846 54824
7679 41515
14466 99514
35858 37090
19591 36405
57737 35090
338 51298
97016 93765
24810 18669
56056 67241
86040 40613
6151 21489
67950 15488
30854 83570
20669 31637
46905 81191
83965 11776
42347 71502
85001 89409
41703 72489
76512 1437
46528 15198
78406 27196
80714 50359
67136 98505
63454 29731
10140 24213
38362 42483
47143 44757
6047 78462
12820 66719
84337 29789
58652 83857
7227 80559
16568 67082
94664 44055
78217 21615
89195 75161
5009 94600
21400 33601
79991 54784
38664 36283
83495 4104
63641 24988
93360 16116
57644 4664
13380 90396
79174 81993
38971 54045
33071 8175
66480 31990
33654 46474
21986 76651
29258 85922
24821 85318
42434 78784
14991 65041
97687 97234
48027 13053
94821 98379
62089 92989
28494 26528
86092 88140
64726 13420
76923 99875
71944 173
65968 2596
94991 52132
91596 64082
2430 69529
62801 81462
51465 50709
39910 96892
17226 7719
74231 38355
72797 21920
58419 5745
9667 34038
44236 54029
56707 7461
79258 5539
73508 5065
63256 75540
57013 50501
93158 25187
26310 46015
94629 51225
33196 71969
7550 62017
23232 78426
73884 18157
38273 31835
18221 10671
22701 18427
26309 13249
1516 87732
49690 28062
41766 81827
42281 77702
26535 7851
32240 23550
65186 66963
78066 13101
33195 20515
11286 82849
33340 6763
24392 71336
45777 12093
31095 40439
42924 59278
46005 5895
28017 40089
14842 41234
39787 33052
92482 64763
94182 43608
14474 50083
39122 46229
85079 117
66279 15164
5487 8251
80859 54971
22077 27942
84109 57477
56625 81674
96190 23855
53406 70783
8595 49876
43835 3041
83413 48338
21219 1329
4848 56491
26549 24915
76535 13061
45812 66830
97150 9450
455 72559
55807 90953
538 51046
50166 3795
3196 68838
80389 63039
7967 52969
92881 96294
91196 14027
83490 29415
31596 30890
74183 83204
84719 55853
20368 7204
91753 67129
15858 72335
92384 15133
8167 26197
74400 42504
95947 88967
21079 21613
93472 89532
99513 36262
83627 25806
35421 4494
41940 94683
37405 65478
66538 31844
45594 62641
93437 4497
4503 11031
47042 41866
36473 71462
18547 22336
77613 8556
39724 85602
78882 48319
2319 38184
26986 15285
38593 65900
83038 5644
65387 16140
41815 15427
22874 34282
64182 82783
36447 53292
53980 91879
85583 47964
55442 55913
60868 65224
40771 78195
8410 69187
21021 64698
51379 86819
25428 98038
20820 83681
90079 12260
15525 58460
8185 96931
91349 31254
55809 32216
71348 66869
54042 93354
12792 27235
1388 20614
7128 63311
86785 53148
18772 53962
51817 95520
68491 75819
9815 60074
88291 28780
23105 4438
51428 24106
99907 12549
83677 33896
80733 90394
86334 79629
52785 17918
72957 53953
86118 87293
90417 91540
39080 17831
35962 51736
8165 53968
17111 48354
56017 52655
48302 57676
37891 74819
27431 8950
63190 61673
99409 62657
32617 20231
66972 85138
90367 44741
66366 6805
48608 93551
60591 16664
65974 73172
90348 85387
25041 28586
94487 33543
59300 54567
82357 44772
49989 94281
68623 77185
28849 12848
31698 43104
39685 53503
3407 12262
37382 57118
62651 11296
90138 75451
88400 74169
88013 4324
97034 9765
83117 20974
92076 68634
11023 14002
58296 95985
90248 17898
49178 7561
84212 55129
58014 9221
30034 82880
18741 5289
43141 54378
58357 71584
2357 4097
54358 57337
52684 48214
52917 39461
8378 64029
59988 8187
49106 32046
69848 53141
98538 39366
80778 19440
45119 53700
89335 79280
62574 68780
40624 16601
83420 6951
5483 15095
72624 41825
42944 15447
83828 77802
93548 47884
73879 96982
66001 7947
17229 19229
27476 60591
95821 23355
46814 59222
23026 95633
2140 41249
7548 34146
13087 63256
7500 4535
23037 45636
78891 76028
88270 58836
55491 61056
2575 39545
70212 3577
51011 72873
8993 63006
50029 41151
50928 66091
57623 72025
73838 64896
9038 64121
48633 57986
97507 62277
17972 72473
36459 68776
36198 63761
22432 44334
63163 55289
90431 11787
43426 77350
87016 94997
17357 12209
25793 58086
31348 87509
15987 36027
59250 94258
87307 823
26342 88205
49787 39713
15956 54029
14774 38657
46626 12128
67991 52423
86203 72660
10299 71045
80303 15902
90498 21776
83441 93783
20690 42178
15320 99481
56212 86075
6462 75910
49589 28540
18852 7234
39910 42378
48300 14804
15773 66833
62334 62697
27602 93566
71844 36625
86627 88420
60237 73568
39664 47704
43053 60814
99935 59861
21500 53688
69433 6489
96243 86269
55883 57766
63730 43841
64583 30754
98109 93869
56736 96023
9914 78029
80753 72436
86740 43184
63863 22250
1819 42380
28402 6223
40578 11096
61448 94271
95840 24656
72483 15286
49968 34101
86446 535
10160 77226
99963 93480
60934 81080
44960 21876
7958 72107
35509 33639
63629 73746
23544 31286
81530 76291
27817 53685
50287 77396
32846 36702
5636 34467
30832 4337
31413 44048
56860 15086
76287 68606
51812 28604
53895 60181
73531 41510
21747 75043
47453 38329
622 95222
14436 42888
46600 61251
52404 37704
70292 55939
5712 99892
41769 81649
19426 21770
52386 56429
68951 76843
5694 99580
29505 67839
17728 27397
88979 7503
95471 48693
93257 69577
24023 45788
31869 63840
61767 52206
9203 56458
96498 83908
39854 1280
86990 2456
29464 5441
44567 42604
37278 92911
35629 50532
36914 3824
87217 14055
60328 82190
9293 40642
39993 64856
33097 28997
11331 45631
26774 83524
27174 32634
74471 67863
51944 92994
31475 9690
6066 4182
1717 46318
96082 81881
13292 58934
62583 47183
37755 80123
11288 27108
21098 10697
52109 88388
387 12687
35284 39396
6582 36163
78702 18744
36277 61308
2271 73563
14553 64854
92017 98506
80347 95345
9457 4073
44508 33363
85265 75996
12989 38241
83173 4815
31591 11274
43398 47
72357 86140
41426 93423
60293 26989
48361 4804
90811 62771
54546 23497
68318 4204
84820 79772
41065 7383
3133 3455
20507 14009
34303 74808
39864 20314
44302 13649
88549 76133
54979 2488
82479 73259
54172 91008
39525 91937
35033 39647
53530 52093
13249 89102
86308 32733
30235 90124
96064 88768
85909 19675
64235 17194
76577 23906
11978 27941
61907 65033
54819 76507
33828 86080
33986 57885
45554 87352
5525 33087
34398 58536
81713 23161
67436 53129
7306 21223
73190 30651
83230 13418
90970 31710
79340 62150
77911 17594
62549 84898
64180 67095
30626 48683
27850 62566
84349 41104
57173 80982
87734 16647
67990 17791
26175 48103
39348 47035
66673 92748
48406 16136
44933 72695
68874 8039
23996 17899
44546 26368
43512 29265
90898 32156
30944 13717
92307 60361
8256 76102
483 16538
34086 49818
72387 41797
79687 11048
75191 48579
37368 25868
23818 76371
61781 63878
86631 57943
11197 70779
76353 71061
90835 35955
92268 26775
3551 57113
35649 2732
3915 79838
82462 98981
10311 85463
97540 67160
13478 3994
22744 59969
57567 50501
64098 12476
99724 26711
74832 8780
30318 86133
54484 58615
83303 53127
75458 40392
95134 95896
35860 9228
90943 18265
44358 59253
11385 63358
34649 35578
95870 23615
10548 72437
4454 88249
70366 579
97804 19115
98662 77064
40719 45337
90172 65609
31539 56237
92021 33007
30878 71601
50826 98539
95003 71030
57945 25868
40890 99663
98499 35242
65742 2743
41836 89695
37997 31559
99583 59401
86804 20545
60519 18794
99617 73928
29879 78280
4951 2501
68259 33613
41181 11204
4197 4583
50879 532
84217 34697
77004 21227
14593 7017
63926 31680
26753 2048
33845 64655
97572 75373
21124 82105
75829 22354
6818 81537
64455 42485
10835 70448
84622 56193
35645 66929
26244 82275
35435 92534
79973 10477
66125 3761
55859 3190
52694 87484
786 53975
38525 60754
33773 76368
83165 68755
79759 31745
19285 43844
15691 2705
7208 98060
8981 87275
35933 23737
97479 39612
73056 95801
26717 6006
19584 20801
65017 46993
16815 78442
77088 58436
91077 34670
74842 12688
99613 76240
72854 18198
48503 86801
60132 98011
14932 40380
18105 76171
82941 72315
10798 58260
48253 32383
15970 38566
99234 93308
50932 81658
68224 60426
24553 83048
86126 25381
28396 36943
57638 58254
90792 52817
5385 15945
99632 3444
35353 8669
81689 49794
44990 69047
50714 76778
38626 80839
20242 36765
90453 63296
79138 49489
67177 40796
39535 59586
1814 92759
31426 67148
5016 20431
615 7826
84876 72011
54289 62938
23575 21328
14165 19279
22079 3405
47850 23422
53871 93201
30991 25817
53208 75663
42757 92055
60491 28321
86961 29810
54303 37474
91676 63687
82097 65171
89075 52538
68063 39127
44806 16431
98060 46358
95693 67858
86464 80702
92862 47440
6789 71517
21561 16860
57547 28489
75229 42027
1668 53624
71567 18168
29001 27144
12858 93281
80083 91768
71082 83591
4578 12653
32944 77874
16666 85998
54305 68907
85889 59529
9751 38945
93987 73932
96558 86245
80142 7116
40616 5485
69366 42433
39786 4020
11890 10632
76925 63864
27133 2784
430 67739
5174 86478
7598 22532
28480 64121
48050 81307
22467 44046
5012 69200
40329 14397
84976 44916
49858 42490
64392 57854
90272 81501
64129 55495
39612 91938
48964 41198
87375 49802
87229 74998
33498 12984
84895 41283
50878 99989
1119 58113
3973 6765
79253 21917
19831 18160
12894 6281
42726 96370
21372 30620
84131 68523
82036 85712
51814 46487
34639 1635
8010 79990
48826 65398
99854 30381
18150 21777
90869 22756
66600 89661
11143 47111
88154 14152
39118 77349
47352 13893
10010 75156
19140 42729
20349 80970
38179 80335
82768 70341
99902 6645
26124 53413
16898 36413
60306 65453
39488 23053
64388 44197
32269 54095
98377 18459
92547 96722
35533 25853
92223 23591
60030 21248
95361 11972
91312 99069
20399 2661
80154 26830
34578 2950
10039 78710
21559 52490
27143 82326
70831 63799
58539 49497
46383 86872
63404 79209
82417 2042
12148 98199
91729 56239
4115 7479
96562 16718
2716 32385
60311 29744
9989 23666
24169 89397
29963 72649
85143 5085
25355 49450
11538 22736
8490 91806
79341 65943
14255 22193
82851 71808
72035 75603
41136 92637
24152 15160
19959 56550
37503 92056
45531 16210
32624 62479
62854 83138
61574 60190
40421 51735
71808 24520
51593 54615
36162 72150
41447 32972
12530 31732
27289 67172
52251 73297
3036 67154
8781 75875
72304 47724
69211 11233
1851 74507
48571 70471
26534 96270
98378 70997
63230 85623
35430 71664
58548 17708
59346 18784
48030 15863
68661 57329
2484 22983
68987 56626
90931 15117
75314 7448
39773 13600
56399 92252
47128 34841
32263 30009
4843 35735
88854 46191
99844 65117
41595 50627
22772 23535
7066 80413
57776 81817
94713 76328
48146 13032
13251 34133
24919 80718
36264 23896
18751 8546
34171 86730
19888 97950
90642 24389
75763 18432
51722 17771
15989 53001
18049 73344
49992 64673
82842 96011
29023 3825
69308 51449
78741 89095
15411 55610
21031 17430
85806 22146
38357 39251
52575 43753
27077 63897
14974 44812
41728 75750
89383 56106
35636 18108
95991 21031
83536 98753
62002 36908
88043 63135
81056 8261
92669 58948
2412 59714
15075 95043
3108 20438
19136 28274
65916 2203
57047 52458
61259 78380
53106 95242
13099 62666
10110 69748
71197 84600
80716 16463
4195 319
67122 10947
92837 77899
36136 52896
781 98571
32044 10967
46986 2805
5662 98559
52561 47519
86564 51858
33719 91207
78407 11853
5304 67725
1653 42803
55700 80884
85661 81419
68748 13924
41174 29182
42601 66507
91064 63898
64054 75863
81665 41233
42689 91197
70705 98522
10398 85590
83726 7471
31652 97021
40161 85742
92142 62482
74904 11257
19130 86906
8066 50966
95502 70140
57782 9679
29102 2757
51724 11730
69479 84197
66498 51474
96328 23536
51928 83652
19427 58623
40724 355
1073 3468
5439 76813
19083 28441
79591 39172
24242 48458
61115 74190
15207 69702
73330 30166
71379 63162
30692 60328
20385 1654
76623 1912
77407 7406
34931 35612
9569 1690
33975 94254
89214 24150
58690 72747
39473 64739
30050 84854
3321 1604
87593 4149
24921 45858
83530 15027
73625 35753
90017 4733
56195 70696
74568 31237
30503 90997
21635 89698
76439 50407
13301 10830
48811 29178
6536 23879
70367 32878
46762 44014
59984 67945
75818 93675
66563 33552
77983 46727
71902 39634
76961 90800
49997 90461
83694 80185
19326 93095
12295 7927
89893 77542
40400 62405
46969 39864
76211 85729
2901 52221
3102 15244
67576 77143
9632 20750
83717 33969
84976 56913
93796 27125
63206 91649
42271 60756
14016 65874
54566 86787
69791 50618
1228 5112
31847 62802
90887 7025
86082 81945
36148 32749
76414 87313
99248 28464
62506 91968
16896 48100
68669 36433
8458 90931
95407 20848
63130 62766
97950 30066
74910 1545
73035 43882
98282 62652
35610 46773
67061 4803
662 60143
52570 94431
79146 25756
61432 83508
11913 56480
78387 76905
14247 36519
37392 7979
7293 56222
4893 50569
54441 58008
74407 2137
33899 47754
2561 31154
13866 98895
57476 5264
81197 12068
21545 852
16867 47565
57649 32001
93243 24111
15678 12640
91372 70996
28215 85597
54063 97546
11144 19079
27616 97860
47871 60916
50304 87255
11568 69499
96182 67230
13874 86328
99785 49911
1216 87563
96392 92964
7706 34745
41122 54795
9473 51786
31694 43638
77822 94313
94309 54356
40731 97768
64227 78518
22120 56121
79817 52211
41944 41845
37822 67172
52673 91705
94921 79112
96704 88612
86553 1122
44691 90811
41917 88918
50045 33894
45100 95056
5669 9232
11487 9788
44599 90314
38994 71663
3329 95304
89031 43133
94584 24290
78530 21664
69969 57269
13358 62712
66600 20384
6390 96582
86812 35015
38093 5455
41392 24564
45927 2783
62124 68593
55101 47779
99451 50831
20621 98318
63595 87234
23448 78517
95247 36738
96579 19411
10848 57835
73846 31654
29496 56030
88288 73968
4437 50206
28624 58070
2653 45716
85758 89477
55892 6572
92512 42920
29895 37077
18965 38259
12964 37669
1246 36475
92064 82899
96544 16412
18512 50075
47843 79474
57712 9630
25974 6784
35679 57471
60040 80620
83137 74311
82545 81312
59996 94177
6535 19883
34779 64063
84777 66366
3086 55923
29720 99536
63912 79799
8281 51931
30144 37190
20340 1052
61584 8416
79736 23926
47673 4874
50005 29392
32061 48907
62400 88531
74660 5937
57746 9709
20600 20298
36937 36016
15400 85323
10470 3219
95945 88237
96526 92112
2864 48938
64969 37509
23961 79685
95974 38035
868 23935
82773 92866
43922 28995
34731 11899
44332 7451
72930 68332
90333 66872
47382 57128
20659 21038
38601 34180
94818 51829
43711 93467
3296 9065
73955 11627
11818 95531
73729 80150
21886 33567
21738 2274
92607 57004
95027 75737
57365 99455
77589 86058
77866 74984
48559 9894
43789 74650
55968 93284
80211 69551
44525 52637
24145 93667
98689 17840
50307 49428
17640 89376
44489 60553
55635 36561
39813 43272
6295 87022
5822 26813
79213 15078
36351 14138
64372 68843
408 83569
2859 21649
35132 99324
57431 1557
54370 88918
76771 56628
40933 49664
34971 87727
3716 39613
86032 20558
82082 62165
69623 34297
20231 43702
46186 95489
47037 65166
2821 47701
72947 14835
78890 82477
59134 80347
42654 56355
83795 16420
62665 98485
42127 5453
66746 75941
47055 57211
74401 54777
79000 95349
70387 91291
24976 17001
586 92345
17539 30501
71746 47334
42367 33790
98941 55096
26104 5804
57440 92968
389 87628
96020 52853
69537 90045
94150 50561
96363 98436
25351 67410
27174 15560
70796 14962
53274 92502
14607 44848
89809 38750
21420 60253
80987 79444
56805 20656
31338 59856
18303 86275
61686 38958
13731 7571
68571 12559
2046 57507
99766 71414
77825 64602
30284 33164
47521 97824
62371 65917
56376 90629
44007 77753
43586 44571
21542 25652
7841 28279
54133 78118
79034 98868
35112 59979
51990 76367
69053 26723
52994 85996
89330 14003
40431 48879
19083 22179
82258 19172
80046 96607
9701 82713
38694 32726
740 84926
52003 31262
93618 39852
18967 50542
45585 70779
38267 7873
12877 71498
24200 49530
89778 2171
95455 34203
73649 72980
60130 43116
41600 99231
8536 76219
92791 63594
50317 72502
14835 71240
37647 48658
48278 33295
71026 99784
53765 7544
45517 54226
56329 62658
59131 67987
34479 81872
71515 12044
53608 20134
91953 31080
23081 34767
6658 62193
48204 59834
77404 32600
63790 97560
52844 43729
57871 10784
92293 52404
10517 58892
64704 77662
66409 9273
31670 75982
376 3531
43176 48744
92595 91462
97368 65045
16047 70742
27309 14337
74342 264
72787 95868
40405 88559
96985 27962
73244 31424
58481 20147
65473 31478
4083 91235
70221 14767
39962 43531
17741 2764
85669 60398
52242 34965
74168 57365
78994 97619
62616 74188
62757 86453
84915 76418
17032 16972
72278 78893
46205 37902
47252 73348
70281 97910
21926 78659
28309 53090
30790 56394
36206 23028
14002 27615
17061 65298
67247 39207
61584 35783
47332 11121
96071 91935
16091 11147
3624 45711
79203 97419
8307 586
80880 43655
46286 20749
97721 79453
92962 59956
20506 3372
55196 10562
3664 82105
14733 15934
78527 64716
78123 90064
5391 55696
88046 47336
60459 32950
66387 77528
90593 70866
1245 60341
57637 53853
37327 10553
34413 93489
72051 34308
76086 92752
71382 90103
7934 30718
76873 47511
16584 11650
16418 86000
88379 76105
64953 47631
85027 48771
52651 62055
77423 71460
70459 16589
64113 43748
92620 50748
28577 46208
34312 16626
6042 68055
29596 71249
99868 29805
10457 57919
10984 58059
69013 84966
12711 19709
21800 12213
7844 17619
49872 30269
74317 29856
54637 12372
50742 26558
14597 34230
80853 35400
77825 19007
32327 35743
63982 98578
66442 90662
17854 26101
54273 28774
3204 10899
12596 60331
56731 22488
21805 60452
36896 87417
55131 41255
61427 50858
46483 39850
61883 1157
73610 57419
14975 52714
45628 43626
83981 31833
17352 73290
36566 89914
51762 11091
82736 38869
16224 94483
48531 53498
49502 93528
79133 54971
87034 25623
85774 10733
85480 66473
98540 31435
16447 53641
42337 34387
53721 14711
97592 5734
37879 97176
6083 49740
95355 23091
8024 50414
46093 27509
5839 72122
72791 97134
26246 84835
72521 7250
32061 37503
31285 43802
48603 45543
30548 66464
45575 40858
53695 19846
24303 98202
67894 95664
67812 40045
29501 48549
52124 50397
40666 96210
62543 49305
36889 74951
62235 19890
9640 79224
22113 14911
55611 45277
81477 15065
97897 63954
93457 17567
99853 22616
33010 81012
31398 6802
80794 71996
27767 56169
63837 84835
35303 63177
93428 95765
51491 99617
33469 77863
98391 20487
59416 21165
45049 4306
49771 90466
79358 2526
46048 40067
995 35276
77730 4884
21829 75615
48195 83577
32233 41023
6585 31902
68725 39898
41789 53744
4405 99038
36682 85314
96695 62145
65188 45833
75023 11001
84238 68992
73812 14084
30834 21029
11489 30466
33150 5466
63285 95157
8353 18789
82323 68456
69170 11568
53059 23717
45962 95754
87727 73117
14372 6435
17415 97413
57636 36532
27933 51859
46253 54677
69418 2437
83946 27621
82695 85882
17574 91175
66837 23990
34164 87679
48438 90467
58631 54776
86449 45451
65915 76129
70738 383
62187 90891
25063 179
76760 9677
56228 93951
56489 33889
91328 69279
68517 84804
57334 93076
45018 59257
2373 7298
70298 87623
90577 21680
65913 7479
82367 50635
85264 24983
80605 63714
12893 29177
50711 73643
43681 88340
10883 97661
46368 68898
51127 37012
77605 13441
76237 55153
24443 40466
46182 51735
43317 29949
10564 15151
62599 40011
21070 39493
65770 68458
20752 6376
74652 55789
68376 89358
65502 83850
75226 64078
83828 12282
5421 79684
89352 6236
79020 6608
12872 73426
71382 15255
37732 60034
25327 37313
51921 43638
15869 98777
28456 55869
83787 46705
28711 51144
32297 27291
75247 91565
76714 56944
90404 83944
90084 70317
82833 26453
99412 37425
82785 8951
70455 35937
52295 24277
2034 94917
54455 63095
19116 46152
91178 63405
13455 67323
87998 39944
28106 93586
40436 51199
10833 85285
27440 68012
78363 16113
88957 1357
43140 83125
69094 53699
1385 51766
43678 2166
38062 76411
90969 88878
27323 52497
57617 86588
20474 55048
89218 4527
62203 60148
45805 91296
45777 16365
62041 3590
92499 49903
51629 96802
21724 3387
53240 6709
89066 15188
42410 16677
78082 72195
88056 35260
39243 2836
88571 2857
57263 98135
51377 25308
47197 44895
66267 54638
38313 17414
42942 46967
34187 62983
99298 59926
79068 98115
12374 71213
51516 17149
31786 6691
23823 10782
92659 76704
33083 81297
71178 82452
32747 54088
58893 82864
96879 83189
29693 53995
51226 71122
98143 51102
50723 97050
39131 80041
30596 42477
37184 4108
62270 4016
37246 66382
45171 17515
70218 32026
61547 3977
4702 32957
5680 11835
31542 54794
81713 4213
54804 75158
42627 70384
59100 81819
39067 65990
19033 11929
67477 93978
69654 31857
81008 90733
59654 80136
46192 49706
43709 65194
81147 75067
20501 55269
35868 97041
47754 97705
34852 42752
69982 87919
60227 61696
85846 53711
79603 55629
41914 23816
72590 84328
43257 12892
32499 35125
16931 30097
21701 9883
18893 99985
98924 79367
2097 34539
59986 80713
70603 23920
94854 10772
72445 39414
69501 10114
40588 67609
57292 39215
99104 62901
86287 5241
1736 99533
82694 76103
52660 56295
64178 60991
2073 43790
67644 4845
10193 98511
17743 65507
6552 5660
93497 96979
20336 34380
75854 31223
33566 14809
14437 94250
63338 43680
62713 51981
2179 71781
53289 98979
23193 13068
67160 83764
84449 47905
43405 34126
95637 59217
67349 20895
59889 69647
49404 32093
41463 23280
14488 81310
37388 35823
28254 55904
74425 16234
60234 60706
20234 61890
46524 96457
41874 68415
35062 45916
22534 84522
41023 23465
23581 91250
8514 26846
23319 40
80912 9840
41395 43170
40730 31415
37687 73851
51256 22960
91723 96785
28484 11834
71646 1478
71167 72794
59840 83201
34316 48631
22022 29482
94000 96222
23402 77553
53785 26079
86761 18759
82995 91086
66563 29155
66868 35683
20509 93342
24849 70874
94626 59159
25351 8116
84670 98577
13331 54036
98978 38960
18970 89603
93539 83552
91490 98893
96155 40494
54871 78082
16679 23884
10503 66902
44359 42865
390 353
14784 42455
62347 30783
51741 7580
50993 37264
36426 19969
87127 99833
37528 27022
57153 3394
35101 87404
99796 87255
81200 12713
79166 61159
14129 39256
33099 95080
50335 9934
47089 22577
93024 50182
13861 52350
24925 17374
9348 85487
54562 95192
18092 62921
17283 27066
55647 35731
90226 10510
25895 84059
42378 25955
57900 9903
15367 68074
38432 94884
45931 6393
47892 89747
50747 72812
56800 8247
68960 95007
13695 45744
75975 23381
52304 90050
16961 62132
63190 54071
68292 75815
91577 85657
43464 4699
33284 86905
1194 43362
12292 37547
60492 51059
31759 62983
1587 24232
95835 79370
78216 3582
79458 7955
85432 6424
29893 21286
18676 97501
92678 46188
49618 37590
13516 94641
63338 39377
92387 14469
94649 12864
90489 79868
62017 72955
99875 47470
17319 71642
32118 10455
81524 89691
22670 87192
19765 99234
67434 7476
43803 50228
40621 18196
92508 60091
91679 42468
44496 35493
63691 26003
36628 37413
71230 70071
35467 37969
82414 88711
75448 1314
45201 5791
81349 40759
98241 42336
57247 11218
84255 81645
71127 91353
58061 21742
55426 99830
42419 4593
74490 22296
3450 63204
72860 68176
38708 58877
69672 58197
27378 68466
38788 16832
99212 72449
88857 36945
49181 18921
93716 52296
23525 44239
59014 65900
78597 81819
82213 54280
44262 11288
64777 32233
75698 84663
86736 56065
67290 72332
10426 59111
20398 27184
41357 84917
65128 49181
83570 95177
59522 40853
1782 50372
32698 74716
35498 45678
79381 33881
2436 68816
60122 62297
27900 93080
56659 47852
18512 63897
35567 87814
3808 83144
17315 48895
53138 89920
45380 4180
60655 1663
90766 37092
81188 12711
80352 33491
86882 27614
51390 71210
84927 12366
55982 95413
15603 53413
41691 95652
21468 25590
45910 75434
89626 43543
30095 62369
53363 39073
52000 82405
86320 6675
57987 53300
23359 9135
55 81556
96687 52828
9503 1805
97783 40386
98594 63787
26351 19665
57356 43933
7508 60858
95724 12633
59401 98164
83284 3798
20337 57177
19965 89648
89782 61318
8512 4935
81157 4959
84989 12224
90512 68008
91384 89602
45354 5581
38551 74555
3086 65979
65989 45721
63129 7140
32083 70513
46892 416
61074 19740
67211 50150
53497 32757
51680 54391
42149 41692
78904 21556
32692 30006
49924 90499
41001 73066
16826 13614
46284 1221
53138 54723
16071 4919
62794 33973
96970 41204
6563 49881
43271 40309
26209 19114
5846 59572
22606 74374
54099 49843
26263 7599
41243 52566
75374 38795
78515 81188
36518 73797
16161 18570
36987 33033
17008 95960
51719 99595
94673 64930
82286 84001
21077 37984
2291 4165
36851 4910
88896 25012
63528 67277
17219 69297
11218 8032
14731 95811
35093 66352
6319 64722
76342 80937
87143 27310
85250 86906
66737 35368
52648 39481
5197 96471
11387 11261
18690 89301
22673 7714
62167 18432
67206 98761
1498 13721
90746 17973
13437 43080
75279 59726
44564 8118
4684 33794
73752 91313
29948 53503
95527 1516
73296 5051
98401 16156
80057 3692
33453 27772
84911 28048
45970 62826
57197 82119
74014 25864
72242 44499
55811 66811
79329 61343
41781 57264
89346 89653
31117 30194
20895 92358
52393 96053
87336 55527
59785 50543
719 40558
82228 80729
35789 15545
35409 32402
88763 2471
20110 95964
20378 8316
10941 6205
16171 43394
29362 38208
65976 17987
16998 73105
64649 89360
67287 13989
39952 47581
45285 80816
85310 46882
4727 72748
15467 66748
42516 74456
40690 69449
86187 87031
12946 66160
97163 76045
73262 2967
20651 69318
29614 68875
13124 87311
55932 70364
41809 73755
51016 98653
25142 78751
91973 26504
15414 41526
71753 18457
76476 78845
13521 8654
86483 52632
54554 60525
51278 66316
99593 48638
32801 91235
79365 18413
10661 64651
61783 8073
89368 80663
87921 34504
1851 64828
6884 79457
5458 79125
83144 30288
2568 9728
65624 54869
45256 33023
86771 60309
68357 61496
72509 1656
69395 36214
26043 89993
90635 42597
56411 54138
36107 37177
78282 69533
14708 17096
94395 7051
20906 51339
96455 2849
83544 79682
32456 71582
54313 32045
51452 73415
9264 58995
11880 18404
76033 15295
22195 31936
61237 73214
9606 56492
50730 4002
49747 69148
58241 88930
9995 83944
58495 47928
19526 24909
86092 25185
927 54666
88631 88577
4758 87876
98383 98940
99948 58562
81259 62590
70602 80465
48580 27284
13946 81537
75382 28017
11820 7718
13315 32714
97011 45560
86447 19066
54438 78963
24421 93503
23871 88312
30320 85275
16095 3050
90787 78899
50024 67218
50738 18740
34529 42140
17847 61289
61942 7768
17806 90438
74390 58425
95896 17921
63955 91449
46044 76339
84229 45779
57730 69691
92584 71880
21046 56987
96633 21339
51531 1561
19644 3637
12021 54719
60889 64321
54670 87260
94907 94353
77170 68865
34192 43351
99427 94181
5900 49549
54373 96802
81445 23118
25923 36149
20952 75514
60936 50625
59555 71894
39 46829
14889 92234
28116 68610
41073 19969
2825 11630
77351 40652
82658 3107
78298 65247
11521 98104
53916 25395
94474 70151
35046 86307
35496 38478
37393 37999
26087 78670
65117 32123
65688 60783
85486 8561
25712 97978
18122 69275
4872 94429
12284 71498
286 70379
2260 58642
5587 82073
39877 46603
36684 12162
66598 57554
45042 32100
71890 6213
49265 68545
69480 52427
41724 17855
83659 5226
7047 58889
51810 87887
53964 79179
85497 810
71975 8505
39199 26031
94874 62345
40454 33365
93162 74356
97927 85115
42720 40633
42171 66718
27496 42683
85922 99365
97269 38078
39296 42390
30235 6189
28187 77789
9012 60663
45567 16012
36636 73614
37210 70773
58773 72519
83456 57586
43492 2108
95752 40510
72498 60429
96236 22170
81483 80282
65901 69129
88450 93387
25902 1875
53900 3657
96212 46438
49824 47042
69420 28880
65918 50024
42437 80807
91108 34802
27826 38977
15770 8698
81577 69788
61256 68990
45894 39447
85019 71200
1001 14167
49124 88070
20147 44612
95672 59770
38830 85801
19217 25674
60610 91639
47243 15593
46688 98498
1928 56269
68731 23202
46317 58095
53002 20532
64035 10126
98952 35063
59478 66444
67988 80208
54809 77679
55058 41446
20417 88321
53351 48966
18885 42321
78240 59232
33029 25424
26380 63464
49088 48277
90846 67094
58012 40410
73676 30086
56225 47036
4978 52281
88414 98334
56368 5938
37763 10631
46792 82682
53254 46559
86913 12413
382 78390
95687 58059
57291 77310
96296 25752
57548 12396
43640 83452
28839 29083
23214 57363
35077 10920
6885 35101
52946 73239
67420 61056
30177 91245
73430 54753
58791 22899
52859 50479
39708 66554
16757 38168
49245 96849
69972 17906
11308 34769
69067 40692
29070 61138
88016 6138
58700 14099
80288 52740
10739 25302
8184 55319
21108 8577
25085 16186
21380 85790
64789 19067
25373 21179
6508 78152
20124 9035
65937 62006
18017 70468
73142 1342
5586 3743
44755 88539
52535 75612
79587 17741
49439 75611
69061 22072
98491 69123
98684 75302
29150 79614
81392 75585
84131 30075
45707 10234
60230 83980
33021 5317
5321 39429
10841 67706
74769 69539
74517 28950
2343 77923
49038 4312
32472 18150
4642 37380
24661 60564
1108 63267
50004 67413
29611 60289
71565 76089
67955 41326
33245 35602
36826 15902
70663 95989
62484 97193
72301 96669
59064 65963
14491 52008
29025 84325
28765 67000
64335 52250
91141 48210
75427 36851
64902 10082
39942 82652
58811 48246
49058 69124
19297 6207
99143 91169
952 20179
200 55466
99654 34957
78812 94971
41876 24843
98429 78037
19695 47247
76908 65915
39784 39071
44779 87093
42453 51878
36033 3409
93358 96912
38554 8765
63792 71314
77317 96271
14717 78271
18676 17117
95706 22228
90655 4389
53200 13869
24865 70150
6028 68973
35801 7685
68544 57019
81067 1322
88735 13727
68413 6048
31236 39337
53338 91032
11916 52139
2258 99206
10231 93978
7928 16451
29099 95153
60067 49545
93809 93869
8077 69370
61846 75154
5335 21114
25676 40036
66499 86480
33862 26639
21337 11465
67487 77312
73571 41493
43732 4426
71120 68328
91109 23426
44661 40122
42904 28611
46567 19080
89238 81099
72418 88209
66540 91516
49605 20953
64908 35708
70484 69993
90249 30773
97109 28973
95454 71030
1395 60821
50376 33680
67262 77652
82599 79385
1033 42852
80706 42285
53163 47841
78944 36584
97311 66921
27055 43949
20804 26402
59424 54498
92413 84244
49097 94034
82193 80491
30946 79913
59052 46006
27081 19068
61917 65515
92798 79679
5686 63233
86983 83980
22447 65236
65869 87203
74276 90116
22653 7108
32082 55030
40489 12055
40126 4401
50085 59044
22542 80547
36074 91003
79437 11034
98453 98478
44075 49420
89545 69458
75291 90191
95049 41986
79348 82913
21343 2972
76241 37953
84920 57825
65809 21108
3782 15257
58039 48097
21437 89805
7211 62293
29142 81068
71031 73024
38222 62310
76298 61366
71720 19956
9689 33328
68967 86318
79705 52808
61429 39027
44902 35776
76255 3621
29888 62556
34871 61354
15945 44547
26449 73036
25800 93506
62630 30330
72840 6473
21460 69029
16953 32364
41723 72036
64174 53763
15201 73808
4478 45130
98000 58760
2116 37538
58451 57167
63103 974
78972 27305
63282 21303
21985 74370
23845 3081
28666 63303
8066 61235
29125 68362
99193 26891
36035 26370
98236 54408
85848 8361
98084 15942
22190 6140
53578 14438
66931 61471
86223 32971
15286 57654
52468 91965
206 9357
28355 47786
68851 71889
64100 96832
86179 66485
76520 70037
46558 83822
33571 89535
30315 567
15785 34556
94705 96782
30392 57580
6430 43861
76622 65137
74116 67986
64719 46806
18775 82159
128 31653
34256 29275
74639 46447
61709 10919
92232 94729
59758 3241
48833 9033
82554 72476
16175 20621
10840 55039
74703 52500
84343 57330
32158 96387
99782 91100
69537 58753
90332 91079
96798 98747
39217 34850
16225 67233
33763 48638
58553 50439
59411 66514
63672 37637
18501 12568
69558 36056
21124 33517
68654 58110
76059 63892
19615 89342
67421 63924
48972 21534
76701 2870
45085 39787
27095 2888
44508 62229
67494 41692
13465 10063
81899 25481
29767 25875
15245 75561
63740 70045
73555 57818
73845 86027
57996 77373
37327 98691
48103 10650
687 61421
33435 37370
55931 3349
88993 75788
19071 71402
12372 79840
57066 59234
60248 92207
30862 62324
91921 94513
4387 57372
16775 26117
73220 87002
70024 98445
61104 38323
45574 11599
74730 15951
37045 29461
42778 22041
28654 30798
89099 69859
50383 75851
33994 34495
96377 79586
47405 77350
38545 51631
98986 43637
38975 34510
11931 32620
40306 47874
4097 79341
31193 59794
57470 19267
68555 25670
98233 59160
71489 45742
75966 72189
60471 74267
59868 29158
94798 42372
74469 13131
88589 32451
70897 81769
33563 40982
18747 96127
66855 51774
45218 23346
29761 40867
45322 34825
86590 494
96761 23441
66583 29069
87354 38170
44266 47186
85661 1688
92632 22037
69845 2179
75462 99566
93688 67831
21532 1627
44707 63925
2985 57504
54740 44576
31292 19810
32142 79585
25196 41195
64248 30532
17554 22538
318 35033
37578 71344
18543 38771
31766 84083
35549 80140
67034 45934
61056 34239
85825 1599
4307 53901
17046 60840
85910 55001
93004 28528
8970 76652
80247 62303
4408 34289
90161 34021
74923 14714
54326 73139
15505 92313
22440 82304
48669 37224
35435 8805
81192 3458
16490 52322
42604 86023
10097 24407
36008 40476
50608 9003
7679 49129
14751 2633
38808 85337
56468 87710
57247 66589
26478 35517
44131 38633
45742 13979
7958 22966
23801 82674
55472 81439
25111 5890
84045 44420
4087 81676
29930 48041
86185 97942
51628 32408
65186 9993
60537 97979
87804 31702
41724 66275
65875 59693
78053 19172
42409 47332
41895 88662
31682 96406
57049 73270
22185 72225
14230 10050
14058 23399
97788 87809
59798 1774
63697 56761
15138 89344
65081 69911
45735 52748
28833 17099
22756 31683
43064 71401
72535 50171
82800 99785
34984 25168
37985 86535
44863 91230
60967 35011
79913 33608
57631 9155
36630 1620
23470 15501
98718 58125
33786 22029
73207 55776
39919 91253
99681 58431
13979 15383
57562 11041
79538 98189
58442 13024
34026 54610
32377 59481
9216 69063
10164 76912
85394 67375
19084 33513
98211 41810
28182 10160
32667 38622
68972 36018
30756 20513
31882 47650
54062 26929
21394 37685
62635 84196
3209 64934
91892 7800
95063 58259
20994 21708
11339 30237
98102 23045
58293 67340
28337 70923
69994 12521
10908 95753
27428 51043
86594 94768
159 60491
71697 28404
38685 86231
72765 74701
12643 22530
37245 43032
47546 96938
41324 71636
79087 58706
12937 73766
27923 10238
6295 17269
58587 68569
96926 60174
53953 21170
2536 64161
96577 48762
2437 7362
9533 75656
37127 37737
50234 85909
2471 28178
93921 29441
16734 52350
59423 43116
36589 84656
19525 77501
60630 70769
8040 99199
54624 83725
43426 5919
58102 21460
55951 29423
70889 61882
41329 31782
50954 24023
82893 9342
76593 12103
80876 69333
15865 22922
45979 46444
40481 95590
89387 2123
25868 62720
92113 76507
61410 64199
84295 10
74445 58185
28489 88075
1597 14940
76249 58163
54533 7287
31772 35837
82299 49302
81851 64199
38971 2873
40227 95699
14501 62949
18821 66855
47867 66337
15735 75085
84004 83867
81232 436
73292 94497
14192 6093
75329 17512
51126 56207
63415 8169
86440 48723
95525 96639
61583 61176
4422 57034
1368 90656
538 77742
80788 70161
45666 6613
92120 10486
62983 11081
94654 74012
15187 13883
97187 61365
26262 92895
27847 90072
24547 37453
97392 64671
49584 45634
73031 3303
45434 28221
83385 53492
21150 29346
9335 96586
73793 58106
42710 35605
53130 89553
61968 88834
5794 28119
90850 96004
99515 89056
43852 84016
66022 4772
68948 28705
6843 67103
43747 80404
56213 33362
16614 48941
54803 12032
67630 19825
8089 95538
77200 28778
96013 11508
55526 76230
75418 71766
91693 97848
20048 1515
12037 37878
41794 69869
11412 71769
3590 52823
95587 74144
29049 57322
92703 81677
79577 3529
66105 88134
86889 38940
17991 44309
84592 87025
53281 88777
61594 41910
63876 95539
62965 74721
58483 71562
34454 12456
75665 48359
62450 89577
3016 46410
66725 67075
8293 96147
3086 68635
60985 5577
85809 89593
81786 71575
43444 6312
7616 21354
49762 67609
80168 8724
35179 77408
19604 38380
38402 86390
77417 29164
94622 57781
22353 40242
31033 18303
91095 16191
61524 46360
5453 76859
40497 84711
48968 18319
10711 28441
59971 32745
70514 59550
70456 27132
84561 13898
57098 27069
77286 79445
20383 82823
66825 37212
98942 51672
62838 1790
29077 99794
12618 82943
65269 82651
58922 92488
85940 66845
68284 36133
8810 29350
70603 34982
24404 71113
36135 49822
74485 79388
33187 37703
93584 45240
30102 77181
56047 62876
28058 85086
72671 73515
65552 87152
82865 13161
9850 87259
74299 6177
5152 39147
54581 45890
71340 51215
21917 68893
76174 67389
67123 67305
63032 48652
90653 3872
67202 33560
37093 32063
40263 63713
28886 85258
73863 43916
91394 58277
67523 55425
11359 53180
21028 19531
82341 20124
98869 3995
24370 17431
8164 59814
71526 37317
50565 97090
42215 31805
61743 56045
77054 9920
42109 88966
59417 53519
90958 26994
67943 74544
21797 81496
21279 64781
18313 80485
31385 70804
33574 89065
49203 14360
99563 53976
84493 57294
64043 72107
49997 22801
20540 55516
77885 87423
28410 51885
78856 3066
89573 69026
19680 31337
73182 45026
53211 79028
87502 34394
1585 66634
30272 29370
11904 17823
23490 47478
97768 75462
91496 97382
54128 43420
24713 91238
68479 79101
53184 37623
68963 69100
38572 53724
68366 11568
6416 84830
66835 7377
80724 71081
21998 19839
84322 83980
18489 6859
47722 97565
8184 11212
66366 80787
49742 89884
63287 55306
28005 39961
44686 70019
73163 49092
85987 73697
97487 60613
47994 4108
57608 76773
24249 12114
79982 42898
44332 79169
71071 33599
21857 38415
16700 37953
59020 19474
98025 85683
76420 91688
72432 89651
78340 88337
24927 52419
10219 9327
97125 78985
82141 38221
90041 15631
46399 51157
70963 75683
35326 34425
91633 73720
10281 38219
1204 49668
63539 10788
79616 72000
59058 65857
11423 94155
28163 49057
96799 15783
57443 1257
85487 94426
87287 49088
61414 10735
66501 82675
95165 99571
24793 18034
25231 82104
64833 3153
92768 43285
52433 68616
94771 30531
66656 36468
90899 50722
18985 243
55339 91154
31819 13260
66382 38586
65770 9509
59728 90853
25548 74507
38666 33280
14972 48046
14362 44958
58634 36033
69729 24628
75496 12478
38211 91965
18511 99937
16202 3670
37528 82632
99268 13283
95940 58169
24896 50793
17973 16956
44341 65042
63730 83805
30492 69228
15431 85355
58737 76362
76642 19804
98485 52737
17976 42343
67439 93708
48798 19880
92294 76681
29136 38751
94473 27578
68525 81617
45479 36677
66104 46214
56183 7285
91993 57513
48562 31606
86266 29868
31732 85596
21195 92737
8030 93885
90047 60194
66167 65746
79725 69321
46054 52603
38255 13689
36826 52824
86022 48723
58755 74480
97620 98626
80342 56494
9760 87696
16748 75615
40310 56206
24963 85365
13988 81328
95292 35399
10847 25998
86235 3023
96284 86693
92875 522
18487 6452
91831 16156
3215 33440
94674 90057
17992 50096
61072 63485
63719 31409
88042 45477
91290 7123
59135 2452
69230 39882
9197 34079
35447 71246
85820 46113
73227 1499
91347 49432
11911 64434
94561 45158
89897 86230
4278 21105
89716 29168
85127 76483
71695 85964
42477 72010
90950 71290
28134 52217
58663 22253
92819 57926
71271 17407
67097 50282
52347 46571
58560 74020
47711 11602
62199 81014
85842 14999
16142 49542
54360 67395
51290 70047
80023 82241
55252 5421
5658 71107
56698 13092
51697 39483
59949 21786
22415 30755
84114 14857
63851 86262
22417 1102
2112 28308
12409 98669
12300 71202
92666 27274
74869 28168
72297 66033
56127 64209
54303 15087
37527 94478
539 13206
87372 87955
81371 47677
41680 6713
95655 1310
54619 86459
94855 8183
85192 56313
95975 93801
43127 78135
46330 49468
16873 4991
60372 59769
98535 22587
87951 66638
17020 38492
36231 36398
98486 59126
75550 3982
50217 77153
39001 13610
26700 35130
3680 25085
7353 25791
41026 68876
65361 38487
86447 69692
41750 71048
81788 62296
88176 4543
48355 46796
90505 16684
55040 49196
39985 92739
32405 63566
58842 14844
98790 70987
38204 74995
60574 61506
13107 7881
16553 61014
86140 51585
5624 95563
40412 75652
93152 83500
96569 26237
91803 55112
58718 42910
80069 99345
4347 34074
40960 73308
49219 10792
99920 12803
909 78598
64096 76422
50452 34196
18876 87525
85079 4405
4149 98280
37785 66865
55616 79416
36098 29334
72087 77667
87644 53266
63638 31739
37911 5595
60479 79992
35909 47815
9431 65169
19614 11156
70055 97991
15934 44417
63067 13755
35842 74163
34758 25235
76015 2450
99613 93273
60171 39401
78295 33179
37058 56393
78036 56236
74146 31974
83731 43810
82239 79448
45561 33590
83984 78684
76849 12903
97072 72785
48519 15703
25502 99932
59404 21356
68989 21508
3605 44081
57621 60086
16092 23698
29552 51138
20925 31747
3966 65724
1434 27834
99697 62620
75928 76529
45410 40254
58496 37029
23562 56835
21535 74265
70762 73263
16102 34228
4131 43049
13194 62334
31423 84957
59781 14279
93894 1917
11699 72097
96778 72412
55030 28641
27388 49490
16499 30434
95156 43195
83699 71041
6797 38007
15843 2402
35494 25004
27380 35914
93218 5247
94811 66371
81833 84031
3634 1563
75749 24154
70486 76005
36134 15174
10279 80822
90142 57466
75787 49577
7878 27314
11754 56412
35735 87470
16435 28497
41202 71955
4246 51246
39353 37224
66249 43549
39091 62171
1188 82188
77164 99034
30500 74606
59762 20378
24683 16601
61433 75316
30654 94118
69176 14627
95078 89333
44330 77895
65968 51430
23982 19684
11853 79168
13544 29028
38931 61677
47966 50833
80569 77788
16155 36572
44159 39775
32175 8153
34244 18667
29900 43104
67598 53402
52299 12558
60998 95724
11654 15426
31673 82241
7067 192
40280 23393
1743 17521
63096 10388
92424 86241
47763 83466
44914 67744
79270 71285
83292 87458
79761 94986
21688 12287
94170 65700
93598 42675
90410 43169
28841 43135
89774 41443
29176 97510
2039 45583
94191 52273
20827 47089
74036 35404
29458 44887
30674 41127
68185 96690
25561 67061
21074 28728
56892 47088
11938 91300
71441 20563
22898 2612
77397 70623
70959 30474
14469 84887
69131 41868
19686 49603
43321 46533
72095 88401
60148 70337
71546 34415
86649 29653
43334 65971
84648 40308
87095 37619
25543 28955
37701 97325
72895 21606
67849 43904
18557 33272
51491 54641
4274 27864
49591 73128
4244 73710
21162 93936
48699 6794
50826 59258
420 82430
12356 10554
37074 48735
29996 46729
99112 45384
40792 30081
44176 44150
75653 79268
16759 51309
22769 66230
81262 86737
39743 58974
80747 50926
82614 25065
31334 85170
14946 57959
37596 13485
71090 4620
47312 70072
63352 6576
61061 51371
68428 91632
17029 63620
33993 66731
3709 98471
33167 48197
2078 4825
43839 73543
43486 62916
24386 53597
87445 16855
79459 93655
72577 82051
77712 2024
87298 93982
71997 38922
21662 78244
69792 48601
67710 14161
92054 85459
42127 85352
83069 6846
17731 43567
49752 75682
97165 753
40047 23467
60905 63483
32044 75464
18321 65407
9342 79119
68969 93620
30746 76759
18420 27411
28085 28860
19996 4220
88683 24318
27438 75823
75292 27714
99739 3028
69193 78704
74425 7315
36571 32627
47424 67196
57501 35900
81486 30145
66397 66464
61027 24791
51087 30229
89830 54873
4522 78393
54942 22053
58568 8171
9689 21532
1194 93776
89576 86182
80179 77103
36577 39468
91720 2709
5788 12765
94326 94322
12823 11785
73388 56891
49682 74857
26044 9126
62836 35029
56895 5008
79300 22444
53422 15514
97424 85296
22921 89288
29258 61959
47028 73345
49445 46875
53397 23410
27868 67387
42616 54827
89036 72088
38603 78112
42102 31945
44226 91177
63390 35655
92564 62146
3054 8498
47132 99180
42099 12554
6329 29258
15583 59094
75598 60613
17286 7617
82595 97097
33153 17752
12994 51109
89582 25869
71450 6223
90189 12023
79776 92446
31173 69488
87881 97006
88125 58549
33618 97824
19331 8746
57912 84727
3785 83923
99712 33051
43970 9756
57968 68922
94634 46643
94324 59170
67643 4072
88314 68809
5465 3603
60790 73925
78855 41550
11391 9140
21424 53175
69104 31414
77535 20848
96424 94734
81542 21887
69962 40452
93851 37326
1438 71909
36407 52108
61902 12226
22293 43626
31562 36621
4121 76222
51781 69855
31878 10819
78325 49717
66311 87704
78006 5230
57799 44541
23528 5167
31897 68249
27373 33567
10865 68822
33356 59979
66888 6019
80625 3491
27612 85969
54666 69307
36557 60215
89867 59243
21986 74511
85227 89264
74498 85494
31621 6216
5947 56335
58456 97978
70847 44097
94568 26444
11074 74229
80058 7019
82173 38169
37852 76423
67502 799
57371 76755
81846 74174
69994 99785
54361 78448
13154 97381
58946 40403
84892 23141
65308 88265
17657 89679
19258 9175
88283 28971
78064 45193
7209 85765
13111 91533
2991 45549
17453 27859
40315 56790
52051 37908
82145 21210
16365 53192
16824 88660
63366 8238
52187 21668
43465 35208
57482 60495
82537 35644
78854 22365
29466 94804
90552 41977
51285 73183
62730 27061
90616 46862
96780 71715
90948 375
23121 56445
57981 53654
62095 41405
55214 10759
27523 37414
1954 46669
32555 47257
51532 83567
34410 95585
51200 90293
45383 93096
38327 39887
2446 21023
61807 11790
71021 10522
36265 12841
87736 96498
28458 9882
99207 79009
44442 69375
63251 72841
22312 64985
16636 73966
63779 48496
36229 83863
93410 28141
76278 66801
84254 52734
57434 49772
90419 41397
27231 50940
95075 31210
73496 97913
31698 2837
98590 37375
85483 59892
18571 18767
97017 18379
16861 94892
99983 9471
55321 99359
25025 56698
20582 28276
37000 97003
47118 99387
60419 38051
91328 10599
75696 64504
80785 67986
91735 22277
98902 40855
81727 21000
78571 9175
37239 69252
21711 39797
84271 29789
18374 42746
33948 92190
72918 49489
89719 46166
89162 27980
90495 96278
94866 40765
47090 40245
47873 83646
83064 34732
36686 13098
97049 65435
66323 31137
94273 32834
52209 30632
38435 47080
60618 21095
31027 4376
28998 1801
95403 82239
72527 32543
92647 44240
14292 74909
59337 75712
17546 44444
98485 35946
10950 24535
1974 34091
82660 25262
56248 26759
31171 13829
48459 73219
62535 51270
12743 2057
47798 45723
91266 12423
41404 36757
37659 67472
1703 56392
75923 1625
48779 52972
95983 25949
59806 4798
61079 19802
64285 78109
33562 95058
61350 87885
36968 42155
35740 18711
28054 80047
13255 7367
53566 42477
88049 53965
92412 92598
23625 71837
92402 39008
1412 39023
17317 98695
33623 21343
15581 91655
76190 2158
13897 63875
64505 15871
66553 63809
24233 64667
57954 83244
24888 18413
76126 4401
65166 39687
50281 49378
39132 97404
5253 23894
27893 61667
14967 23591
97520 60186
31879 57234
11848 67617
55300 39323
41500 64827
3230 26982
76015 21265
84522 1119
25929 9262
52098 40531
7188 58531
53250 59221
95999 39653
36524 56282
73151 69194
94437 71933
12873 21072
90838 48476
76794 22198
42060 35833
71023 6305
40664 15353
84685 59897
87023 80488
22234 99977
48235 94804
52194 48290
85896 75950
59955 37848
52104 46924
1025 68804
464 25001
30115 57472
60456 45060
93876 7310
75423 24605
7603 68690
48005 46235
60035 87827
80784 71144
68332 66654
90903 2611
64056 35715
66618 22477
89558 9462
56024 50829
55515 92687
13302 68812
53692 2090
36831 93450
67446 97224
58879 78119
23494 67117
46215 89098
82961 47488
50092 67230
14781 17549
23816 53456
62006 53478
65336 79634
7146 56350
57980 6395
47181 18477
48250 35781
61974 83695
79322 7502
32 10468
5963 90135
93930 31538
58269 44680
33432 68798
71078 19146
8879 17207
10590 44011
35133 89291
38850 58302
55663 13008
94196 68856
21336 15933
31993 69140
29425 58222
38362 95152
96723 73795
88580 9326
93951 18753
11080 52308
48151 77999
71163 96204
96002 39579
29431 36517
81484 499
11032 9520
41699 96876
16769 68548
51131 67871
6388 21018
49963 11335
88637 73681
12334 53380
48520 32331
83555 65914
6982 6287
14958 40595
82125 13189
49300 60153
87125 253
24931 24189
14331 76840
61992 72755
1217 28989
40822 79731
75020 3702
55686 57466
485 52272
42321 34375
91801 29583
440 96030
62777 58807
43261 26440
12475 8372
64903 63217
16087 88147
65538 96201
52074 41895
13692 47076
9270 93477
49194 87898
19200 59112
41249 69319
72209 51693
14621 72204
95926 46168
29949 60588
35040 49102
47556 80752
59781 11609
38426 91908
97725 46951
73418 58872
49349 44523
71202 47135
88928 64987
76277 9459
61233 30000
97788 63599
59234 68649
13745 54868
6592 9608
12306 42149
38428 26451
28740 22762
24171 28500
9966 86993
69575 23098
86297 39144
14285 79478
20951 92037
34333 543
56281 48158
86941 73550
27223 76529
54326 70947
55917 53757
34069 41982
67800 61895
85260 31654
94588 69911
46830 4390
48257 11064
40086 48363
2514 38427
98625 14343
14685 67668
67791 31185
51157 53692
79558 40227
6675 45325
73583 50043
32305 83753
95383 87258
48942 24468
94127 7432
83693 48725
67469 79918
16949 40761
5673 17274
58642 33872
78785 72383
81459 1518
12565 31666
18314 92043
88811 84846
12143 30532
38060 65297
54621 61528
90757 46973
13012 48683
44456 61464
58997 51238
65736 21452
72073 45493
44224 54727
9723 31272
82701 96860
57049 40946
88047 39553
4119 525
37708 26991
36907 90549
28078 36069
80850 41928
43424 23878
10218 97708
65012 95062
77750 17577
26336 24000
44317 27563
49660 8051
28715 75873
99493 41536
38895 85217
93438 54718
16955 12642
11018 80679
75560 50784
86131 87800
16879 93371
7910 77397
82416 55256
63797 49826
71567 96479
51827 75371
16722 59611
98876 51197
64357 36957
58794 35467
52310 75354
17729 82154
40505 17384
3332 32661
8132 10405
65053 14153
87540 96720
22617 33546
27943 24462
55178 78397
10400 13222
42563 11564
49575 31429
6784 54021
73382 48987
82651 31803
26701 95677
48440 90723
82702 34849
13306 88249
67585 77924
78283 31289
1442 35495
55448 51974
54862 85646
33587 57926
75498 79008
54960 57763
31004 44618
77512 27212
3056 14236
3705 76850
60916 81706
45987 3339
47868 41804
59884 69939
13055 54078
6333 7238
14359 85217
88228 70791
64389 85272
50064 75101
89100 77868
86232 62064
8177 5577
86932 33264
10081 48191
31746 71087
80075 16097
62499 96450
52738 82921
12955 89411
27676 96562
26740 9074
82645 61373
40507 93551
79725 55629
77922 19682
16006 86378
43389 90676
29703 89666
57189 87443
65340 71299
60632 7090
56787 87139
74902 18278
5440 62616
61414 12970
56218 31200
55983 86812
82652 18299
67295 31710
25925 37132
59336 42966
14936 96187
20094 45806
26237 78325
70362 9876
63038 33899
97722 62235
10059 61519
1758 75929
27126 96634
73613 80743
58936 44585
87086 44708
11882 99515
10767 75058
87565 29685
10018 21527
90851 41758
68955 40382
90227 41283
65363 26996
96841 93844
71816 38987
87827 19109
88603 83418
78309 93006
81424 69530
55350 90188
37681 18059
67297 60318
33996 29933
52069 47208
45328 19399
52613 97299
54516 49508
13897 83051
43569 46417
49083 4480
4835 45377
89035 67013
23755 13321
31788 13012
31856 90564
14900 15529
16441 52143
90976 4802
83700 74830
93518 66245
37971 63238
96832 87002
57546 47425
13120 88333
66578 36141
47671 6382
86025 41693
81620 34960
13328 3110
80395 37101
28331 75523
38387 17536
17733 69490
4295 47305
20905 56533
95494 53773
32842 34834
30068 62036
25500 19028
88567 38025
60440 44359
5882 21630
64924 95647
91021 52389
57097 67410
66339 40888
52515 46009
19634 26129
56757 63476
28535 40051
21354 74179
25519 28735
33173 2157
48959 59648
5258 56637
62350 9152
39555 79680
84870 67216
70236 5192
27702 98372
54390 77772
94706 20885
40664 10278
19281 43037
15177 30131
7630 26942
11768 81527
24713 18300
93941 10998
26819 32638
27317 33052
2757 36497
2321 87350
84761 67365
11783 45655
43279 32686
16920 20948
39482 94628
95912 1576
51665 3555
30018 4369
49262 52620
42193 55825
61746 35938
62152 68494
37343 75438
61691 66098
78397 10012
97124 26027
49398 96892
84575 88844
62841 74721
11630 17131
59962 74309
93621 85761
21104 4483
85311 62797
13335 53916
12503 27569
82316 50451
79632 24051
37492 74865
90686 73790
64884 11393
76443 20030
1402 98165
65155 64296
47379 95167
67384 75695
83603 76825
7774 81040
10192 64862
93184 9351
33287 16110
66409 39448
41814 90606
77836 85895
55584 33286
91901 51488
91501 86433
92630 53456
11302 26832
31827 72777
74269 95784
36246 22978
29379 54239
29252 34453
2929 22227
55333 86144
59488 27043
77224 59556
20528 17075
17757 99625
3973 54989
72153 76472
74277 44475
75189 87519
61211 37102
20656 28945
84087 59546
54312 79459
45708 81207
86469 90321
7921 71522
65935 88887
98049 38170
46674 5655
26523 60643
48961 55385
82498 56582
33777 48135
79357 45583
77305 64045
54680 91854
89272 28031
27522 91031
17487 11091
57134 62114
88707 450
12402 31019
87229 28492
53354 81011
55049 65489
13750 72317
71866 56888
41751 93554
76868 89644
34262 44125
13313 99097
39486 74480
94701 78580
74685 65534
5514 31153
11079 18974
99005 39946
78483 65614
88047 70207
9500 43566
91308 1264
29857 35137
56999 32837
7813 76816
30517 64967
9679 40166
50317 89924
1483 59188
1295 23502
30344 72751
18906 71517
72441 87693
59443 7881
23572 35660
60133 51088
66677 26571
41660 38518
65180 51087
24361 58592
5323 8960
20929 10872
67305 32745
41246 15532
74081 12923
4028 8431
63012 19658
20861 71735
19203 50095
51654 8189
74549 91812
67552 49088
24823 85227
91640 90146
78727 69608
15167 49545
19177 75426
8810 9824
94658 42822
57363 5331
76223 43844
35414 3254
86607 88688
78453 95775
71141 3074
90837 17960
99319 47574
20927 51662
62946 32429
62591 6420
87363 38891
81704 69473
92383 75159
24303 93533
32988 64029
53004 66264
48806 64783
57116 43908
12875 23104
87201 46166
99711 41384
2016 29481
42553 4099
46626 10042
24436 69074
51252 91373
24175 52440
68199 23591
39054 39837
46064 11762
60950 98543
28425 64220
17332 46140
54094 30744
57943 39322
3521 14459
26258 28192
97351 69824
82299 73706
46345 82949
4975 46136
78452 65580
52715 30703
91929 76283
79220 48215
23437 32796
27313 86011
36778 14589
37867 56012
1005 79698
59284 90302
98294 75438
49149 26730
42475 26189
46334 36139
8533 43342
16178 8161
60929 52753
13400 8369
62560 6653
10931 87746
77351 84349
61035 21921
76752 87965
83242 23966
63991 62898
55872 27277
88447 22928
62720 59430
71307 75025
15201 39302
1540 19765
90845 31212
91865 32604
79189 73372
87515 87950
65163 80191
52285 78867
11622 83073
88666 7388
22354 63282
19726 93560
19645 84966
30556 56351
92443 40981
39463 39595
59427 99483
20665 17370
29649 45081
39647 81806
7586 85874
64202 91980
47962 80207
93999 87841
94817 4412
3528 9752
91553 56393
61842 94885
202 40393
19565 75805
77071 4854
36319 26203
67239 23147
2577 39709
20108 24681
85776 83429
38399 6931
44653 47098
82050 79121
87230 16516
68412 72657
39067 12883
94425 76257
49921 59896
84712 91959
82706 38825
30203 61801
64980 40066
37098 53397
90414 14175
39696 73946
53966 42148
86637 34973
14981 52149
72290 6438
62824 64893
76536 94560
1969 39979
52697 82684
2621 42161
69557 7374
22188 85252
20063 73903
98852 79295
36846 45913
32046 479
91357 14862
56087 53480
28842 47250
50481 61022
43418 20844
31727 83053
68084 66569
91948 63363
60546 19033
49957 19888
84787 74288
79482 41357
98844 56646
5201 28562
85778 50488
82131 79517
96689 14949
19854 16626
34840 47729
90833 56246
88427 27717
70675 95187
42032 75949
67820 74552
50322 50777
40697 30230
45825 45309
22941 25316
31888 14512
38683 58267
90998 81201
99517 39642
79374 64861
82672 68099
89143 43994
85829 90908
67988 45072
20178 91344
47436 69739
66927 6572
2571 93882
67546 58978
70272 94931
70227 13993
91805 88685
90112 23962
42267 7492
63946 74101
80979 71352
28703 15994
13701 44558
64270 60433
70261 65582
33806 54370
55529 57283
44119 67070
61164 13182
36775 32244
42543 53140
32126 45884
91522 53627
23970 22736
67903 26705
41628 33038
47840 33461
53881 37047
88452 18668
66923 15507
3470 72893
678 83883
36710 29237
97315 97198
9750 30276
96576 37836
85037 42783
95965 95550
34816 60540
55616 90812
13860 52792
68370 14949
64374 18772
40481 54491
1811 47988
21724 77444
46880 76927
9562 66794
52035 14786
17907 38844
21799 6285
56485 56331
14749 67316
94480 63790
52118 88623
29147 34334
70793 1626
39821 6299
33651 32662
86900 16677
51986 3654
83681 18467
39113 24595
38186 64320
76064 17193
54631 2889
84961 38488
65142 7120
55324 66227
24472 7948
21827 31956
52369 7575
81583 16662
56139 62894
65945 94874
51508 42293
3618 53283
39451 51473
5260 16666
45239 36491
94654 51082
39456 19892
29443 82724
86388 45755
32364 40125
47732 41625
78442 26092
31076 58374
79669 268
54478 10816
76647 32096
74944 95531
32514 56074
64905 79980
39750 44882
39744 8429
59484 94149
7325 49245
40782 6996
30750 78317
89356 63537
55332 73011
15432 15157
4499 10059
55995 541
42229 13521
82846 1896
90616 28936
9554 13947
23563 49430
94456 51613
45157 93285
14298 68411
91550 83684
6816 40421
35252 6116
94780 16143
48616 99804
30495 48113
61534 8454
88193 82824
99713 50943
9053 5619
4380 89067
71826 3990
87426 46542
27843 73114
98695 49140
51800 34699
27716 33386
51899 32441
57943 4450
65692 65783
38944 72755
1710 98335
32230 887
16519 19437
58352 5996
58404 84991
9453 49268
21186 95484
4844 820
80454 4777
52228 1464
44695 26005
66958 9742
82686 63471
88038 65094
42605 43274
72813 90105
50837 60896
27562 30559
44750 6668
3428 90231
95763 59918
6666 84035
96419 85259
41675 19369
3586 8939
28030 53459
70197 73657
30460 7888
63242 39175
40929 53617
93518 76007
4654 92269
30900 73171
69386 40765
29269 55525
66524 60128
41706 68416
53107 55928
244 10469
39070 19276
72661 57343
15028 62244
73460 28440
53230 22320
54685 58881
83528 15874
18751 64334
77828 12846
31180 48920
48262 99441
6524 19993
20089 39848
32298 72979
96648 38644
92757 15626
14598 98461
76673 41317
75687 87500
46068 30353
42852 58255
13465 15998
10683 60920
68288 15648
91661 46751
78492 11823
25343 77948
10564 79751
24953 86925
98962 8713
5034 81142
19847 78136
20737 95548
40933 8093
38006 19753
45331 35332
99935 20300
16349 87869
28443 23382
78290 97435
62667 32349
73476 78808
52851 28636
80555 69455
42398 66161
64674 37441
60216 57439
27529 18129
53649 70090
24545 96040
54496 11517
75699 41969
10590 45639
9834 30430
60807 98617
83636 77505
90557 31562
51685 91220
49413 80179
70835 31506
38087 15796
31867 20507
3058 91725
77595 31476
36886 38886
95414 75397
98984 66727
79603 58041
58849 8704
27102 87457
30079 13507
97766 55378
34115 55589
82749 64034
26130 91041
60635 25007
87988 68756
41820 61624
80696 3906
37661 97
80750 38160
96419 24084
69547 50056
42036 43771
75401 86200
36571 20839
44228 8595
73384 3372
24734 16558
83726 70050
56315 60388
63812 78054
46694 40659
50981 54839
64843 31965
84624 31673
15419 16136
77640 72309
11499 77374
56340 65591
11316 20078
56320 93263
12309 45833
28315 54417
27469 31973
55607 36085
12993 63134
80269 19863
1244 36400
46390 23288
40682 59838
37330 10139
59676 1135
59781 66153
37415 14027
78037 84877
59684 36546
36366 7481
34194 74565
41822 10912
74512 2763
56473 59385
71651 90638
72342 32194
62230 2539
68015 79387
67957 69734
24805 24135
99505 74051
7675 48431
41919 26062
25686 80030
28857 78708
39523 12709
91323 26504
63761 86521
92679 80927
24690 58352
97154 33652
67135 39240
92948 36805
74769 13376
23852 46292
99305 7965
8122 89638
64712 84135
88147 61000
30999 34185
14833 4293
58593 56660
13264 77073
42740 73340
89362 44673
81860 70362
95740 6481
62696 52904
63543 61757
571 92360
47920 1384
32284 47262
11256 99192
28718 69585
28676 83703
45305 15054
44174 41460
81223 42693
3538 46368
43304 5130
79154 17202
40559 41493
12819 6595
14578 51810
56446 88819
67725 2450
3008 48898
75360 40841
63594 73239
60365 63630
1521 27517
539 91245
6031 59585
78646 280
93248 89493
24844 52770
10534 32464
67729 74947
79366 72524
76860 56375
69769 61607
59144 92319
27836 20546
91892 86974
86960 5797
35331 15228
82746 44793
55101 2567
37300 45388
28300 32238
4026 56401
68160 21220
60271 26845
17644 62051
3413 83820
55366 22630
17144 65433
53931 80269
67972 84777
33560 44221
54410 81025
98194 64318
5632 44555
66271 68155
15806 53782
92651 57285
83617 54003
22692 35440
55851 665
30911 25493
96673 90721
51057 14767
40108 30826
60374 70302
15097 85206
2669 44263
2393 68108
29785 60017
61345 4884
63426 34153
49707 8286
81202 47199
57940 62203
92345 36487
96828 80066
93834 11865
37577 31949
46971 20402
24484 3801
76041 58705
65242 47306
3666 634
2876 26756
34264 79382
49247 83475
34309 56785
11421 88260
38690 37691
28627 22410
40478 16680
65985 48186
28045 53488
93485 48207
35462 51567
34592 18886
88132 20326
27399 50019
69991 40952
50995 84043
76528 67438
97882 46568
99112 26164
48307 26024
67865 56570
87326 53086
73363 55891
63450 33440
5737 31417
95309 42439
3729 83527
88352 31090
90952 27390
53472 78307
69964 11393
11966 5792
6400 82488
5520 6067
31435 11057
83022 95115
11929 15642
56822 9433
52825 94377
20616 5780
71517 32212
6538 39925
40157 44121
91557 6972
79572 81783
72102 5801
18977 20339
2590 54019
63656 59477
17411 92597
71599 47240
46029 79340
63041 7581
31737 60474
974 57480
98794 84374
54889 58306
75075 76026
91017 33029
3054 64100
1960 12596
77720 50101
87751 98736
75666 61077
57288 80195
46386 15789
91731 71225
16144 71531
63922 34786
425 97602
74932 42738
7392 11079
36077 57122
9912 95125
41589 93068
43803 30442
4741 14002
72406 91048
17437 85815
58714 73941
17505 32548
36957 24571
82135 90181
72983 64809
58826 13898
53286 52399
71114 94375
43306 84678
86954 7475
45737 4262
72545 621
61580 63887
54986 5842
33280 95137
28739 92520
79287 6531
65298 69335
44228 2527
34267 68299
71234 55204
86155 36883
64462 17955
13649 41157
92552 77939
53023 35384
31031 29838
77869 84840
59586 57649
85495 77813
79415 59392
30874 68644
83751 16063
34811 97853
8712 87834
81632 25547
64498 92574
81140 84383
56035 67710
63463 45678
72411 60975
18060 85646
10560 94956
16986 6653
46876 8498
92876 38458
21178 22629
55361 44810
37388 58442
83100 10228
29256 40331
52964 26021
14790 37750
50950 89870
65060 67230
85838 58369
38818 64312
69394 9367
93702 49184
98727 89228
48378 43602
9929 6881
77897 46129
64504 5914
10149 76835
25269 16606
45892 63666
52938 45402
17790 27725
35135 12638
20529 93541
22917 83870
15742 40560
53167 27890
88073 15562
48500 28438
83932 81647
51087 7755
81188 57666
50111 884
42483 18602
38631 71770
73757 42575
63087 99497
26459 68257
58913 91889
54923 7090
74189 78629
11949 72951
75237 98495
13319 68106
19202 37018
17539 32587
11197 32535
33900 49306
695 34553
32116 28287
72625 15817
95633 70787
39220 81522
10012 62100
8427 76293
21136 63045
18244 34775
86001 19659
97971 98271
92130 8769
98351 41720
76205 93829
74163 88613
38112 31353
31070 15720
2794 72035
12244 41129
53090 99565
74458 53525
97472 78437
46909 52861
79202 92254
88844 8979
13769 51982
45946 78928
34617 87182
54461 81457
69405 1277
35442 92757
40768 74109
79350 38305
36373 95508
82350 82300
83535 95949
74240 86579
47914 40373
89080 46166
14241 158
92196 46297
95509 56575
57273 92372
24685 75089
7212 6020
91760 5588
91545 74792
23212 97064
44191 38788
61651 7573
18593 3041
26169 31651
23239 42283
34359 1858
25339 60530
72043 81476
15085 75145
8726 15870
30991 7050
90940 64427
69562 62257
16904 86088
53704 59068
37445 96377
24407 77842
26662 1251
75980 69944
85055 35152
88813 88285
54377 52270
92870 81616
36674 83120
32614 30820
33291 19691
7391 87667
88008 84378
84745 42584
66979 51867
21215 5651
87626 78992
3584 99177
30125 98559
25007 58402
22688 915
28660 4841
56991 16120
49625 7184
37605 65282
93326 99337
7604 8711
26118 62670
55632 56672
2520 78809
7523 74125
50430 58765
60571 24398
71257 35851
58280 82730
16107 62366
47743 77900
94747 26512
48089 69057
80885 53490
93748 13051
80776 79640
43249 28305
97126 68347
62868 13821
10951 32181
53384 28
24550 82472
44216 19602
67170 21752
80727 78275
28255 32492
25337 76571
43715 27825
28760 77767
94137 40023
9168 29498
25745 95762
84066 78153
37502 61946
70101 84591
57174 61355
56496 22026
9142 83270
84674 86780
84572 9166
571 1643
58795 91116
3472 8545
4010 48268
32922 99820
71653 89758
76759 87871
2891 82357
49640 66576
32878 61899
54802 25016
76838 38843
93373 99734
76462 23942
59224 17772
54662 50095
45459 14176
67631 11135
85955 60829
76754 8065
73153 97167
25017 37607
67979 85835
40597 78275
43234 2756
85142 4527
26571 85975
29110 93926
2126 24608
39311 55528
49530 30179
57920 890
81311 39204
29548 1188
58354 44047
60090 20625
93133 86193
8854 50066
51020 45180
9967 23900
11441 17351
28375 83397
29184 62092
64422 94027
8804 60265
31607 56397
48584 36927
65930 38640
62623 86550
5504 59323
39101 12151
73922 72315
60828 25040
22331 88192
36568 80564
5849 57246
97971 84825
63792 58509
97874 84536
3223 99850
19901 18032
93000 25364
18883 15682
48996 84399
98132 50230
90701 71108
84165 30198
48651 1887
4240 59022
69288 55696
74705 77554
33460 95947
38922 89752
86561 40328
22912 37689
61863 82915
78075 62197
25730 87037
79978 29004
97487 8153
89053 81669
69331 91584
12937 29899
45652 8541
69672 3690
79133 98882
63542 9271
88383 17890
65429 94790
37291 49172
14538 42801
47512 69270
96349 14008
36195 32296
63741 1403
44650 73325
23034 63842
94704 96014
10153 22486
72957 69814
4836 49893
98811 83190
48103 57857
4890 419
86004 63394
14188 39443
8784 44480
17770 62628
7684 90105
12557 21429
38876 90801
88437 32747
62603 79117
30854 83822
66982 59063
7718 63337
16100 51101
97537 30477
1061 96210
63845 20910
29544 9196
60166 97061
98515 39812
84955 11948
83022 56313
55423 30213
51912 2381
63569 78932
64881 59846
12724 20992
26366 66639
53168 29270
71529 72212
38831 58214
41934 79114
71361 29700
23951 47332
49240 58888
73137 65727
52557 93678
797 95863
37561 47287
41952 43503
98973 14823
41419 70862
59867 88293
44211 24637
13018 7805
8882 91914
70597 24417
15876 82183
19341 11652
70284 36011
23587 64158
12684 99824
91071 2507
38032 67443
33020 93292
89540 83576
15865 31172
2585 10660
99129 62523
68293 62465
70404 74495
77503 57085
17092 66207
93479 235
16777 65390
88348 72128
14853 52614
12548 88311
11409 38562
11240 88238
26630 19266
73652 54439
30245 10859
42620 48584
36112 10053
91794 69211
18158 64443
85169 94863
90283 61438
853 49685
37365 15459
93056 7619
71840 53440
39031 85301
50275 63891
56803 44455
42265 55963
73201 5980
16322 125
9074 26874
65247 60736
65564 85612
17817 36625
89223 52766
14042 58688
95568 16709
11570 32449
42937 7573
96468 97516
90887 13128
6454 71614
70851 20382
84021 19894
53818 36855
13806 44728
2525 19131
17382 95150
32098 61106
75908 65857
47297 50413
67345 5700
80727 57275
67135 67786
11846 59636
43007 86411
43987 50194
22089 88419
86727 48723
59672 39475
98351 71385
9387 29342
27580 19594
11142 24653
50564 18704
89647 15148
51071 88505
98769 49579
17866 64152
85532 44445
59143 99746
39395 18108
74012 56370
83356 65155
64271 42951
8292 99923
3025 99809
50009 11343
35216 54247
47486 69247
5730 41027
53562 22865
58945 59812
48185 12051
91626 84187
74313 55899
38909 77567
9631 44415
29024 23881
7888 74909
14652 20696
35928 76885
9918 87407
42550 95273
83319 5170
33966 88228
46301 23373
57830 38672
44072 41453
3721 90686
11926 29284
14023 87010
2759 17673
98003 6229
88321 96022
89571 16369
73485 59272
19892 25465
75608 85763
24868 50094
43411 53868
36246 83258
66740 42092
33745 26857
28435 77972
36225 12875
72334 54291
93589 95476
98725 27234
21279 14269
80318 69721
83063 6464
34658 49399
31833 6367
43454 17373
91874 17757
13827 6483
95671 9091
17159 79363
95645 43805
81090 79385
24162 63451
65170 43465
96083 58353
19543 18345
93956 98839
74743 7570
92716 75369
98939 44035
16805 64839
68657 85886
48848 51735
30696 97897
11119 20606
99959 14191
93066 93163
43254 22141
72299 56716
59650 97733
17569 69079
91998 18462
43329 4035
88141 81281
87424 39372
44601 38254
70874 80530
87631 55909
50511 86746
35649 94158
60832 50124
37474 62385
66774 21203
68781 17375
66012 72256
88543 26919
40096 67464
22456 44993
9846 73921
2463 36199
10837 57577
64763 97751
17272 47455
92474 92787
13214 59400
9965 25024
91914 42859
86506 6026
89667 75861
32553 73023
3285 12151
58696 81520
3023 80291
7880 20371
6147 25298
33389 28611
16138 63872
47937 61342
43805 41358
70385 38950
573 9440
17231 3905
72875 64573
38350 38073
67312 44722
28874 10781
20567 64687
6813 66206
85550 7720
11851 5907
37193 42069
5175 36277
82399 26002
171 40068
72875 63104
7541 52832
87596 48450
19428 61808
47141 91713
7727 32191
65534 88841
35726 52090
82529 20042
88543 18579
66782 57751
89698 83297
16839 62282
2814 80542
55124 18430
2426 56807
78785 3284
97220 62432
12747 85231
23854 1006
10807 36408
59756 43226
51307 33530
30263 9877
63955 77959
77037 37870
5725 26321
86350 1630
97885 11186
5760 27869
43050 75652
75341 11113
24351 95146
61728 23622
88091 44134
65644 24185
13889 67488
6916 98860
7961 97765
25572 47438
73069 27430
9415 4432
57389 77941
48686 83560
85740 68875
3520 38514
33632 59717
95876 80522
8934 42082
4648 6099
91547 60807
76350 44531
12484 79067
47066 93940
4135 25323
42037 9733
70384 96999
72397 10263
86349 90179
39394 30241
55698 60887
54043 58525
21686 36064
38367 53704
56596 95229
82813 48614
61035 12210
86020 51835
55903 38120
86795 75987
13078 37899
90666 13403
5339 70059
87231 26405
92382 86780
85099 38760
27761 69653
78034 93630
17069 65941
29055 35333
22603 51705
53501 55967
92332 55528
8319 9265
27410 96231
3161 18087
57092 33861
12068 39599
76846 89137
31326 32602
28286 10750
44040 17950
39784 64102
42406 25750
70723 41124
9923 3104
42571 18360
71082 40510
55037 43527
67662 39958
74941 28057
62403 43410
96499 7961
44738 993
85129 18553
17033 11092
64367 30923
53721 24418
82104 18761
73974 81284
57530 15725
28299 54841
36210 18042
24131 43267
8478 24081
52273 73033
70817 32733
105 36403
21442 71752
67332 93713
32461 39331
17152 86357
58896 98338
25310 48020
16160 27038
85699 24456
25682 63921
60887 433
14786 70045
77129 7663
76783 44646
64872 47146
16860 26867
89163 30347
53617 29169
98635 54816
82649 816
5092 14108
40482 70852
28088 72404
63487 81637
50987 12131
10825 3887
14248 13735
83290 10499
40378 72193
8113 40900
29716 18745
63377 42491
970 57944
3009 66772
92086 25805
9677 69727
81556 1097
22819 31215
79589 25954
97560 9118
3760 47123
14657 87751
35517 92283
52858 63819
38648 36122
56290 88205
4596 21495
69181 19734
19941 9884
49841 94097
81605 8920
22921 51440
87600 64316
46165 96485
93255 35807
73352 97674
46097 37114
57689 26394
64182 42925
86370 44661
81954 20856
77380 55008
4424 90531
77953 40227
36380 36182
36225 3721
99832 76289
22638 86787
56376 41270
10519 80614
50366 98570
39121 5672
83758 90200
58161 83271
92051 6301
36083 2818
62809 37629
42199 29246
305 2653
27678 35938
89456 67783
61425 15707
1743 201
78619 39385
78988 89526
71242 21360
86152 33859
77010 37752
81192 57643
10409 12366
14005 63916
56044 72529
36379 17416
60409 357
12397 55909
6899 26835
31615 84717
74530 871
80523 70543
35312 98961
75853 46236
62700 2693
9639 107
39723 37211
16606 10997
69538 68719
78042 21881
34381 70018
39018 72089
96332 12471
58782 30108
61409 97879
66763 29674
81939 69197
30411 87475
87885 63883
77530 9640
62207 65540
19546 16800
11228 56495
79984 37493
32539 22666
46117 24516
90263 3957
76613 59953
12431 46899
68259 25824
294 67181
31924 71357
46724 79790
71183 4725
37939 71207
29107 45563
57635 28781
35553 82660
39014 75606
71358 97611
44404 5824
17459 52366
20841 20363
50605 88015
70466 33401
1565 20500
8228 61429
78840 24743
33077 73577
45656 982
81377 40742
89465 70324
44534 34112
61565 24438
75016 92912
23881 9208
86734 72848
3686 78038
75843 19202
68160 65171
98694 86890
69514 58197
27962 47631
40985 49510
16551 79230
26916 52181
64215 81767
92235 52979
86266 88318
83405 35415
22530 21883
32976 67578
42152 48283
42748 36156
21605 74236
35968 57661
79705 76613
64716 27524
86152 78204
50774 40348
43704 78669
35925 40658
83605 34346
7017 81145
31437 74566
1585 51718
58549 6969
36243 34387
23265 16767
19895 69280
99119 41977
93580 72590
70270 17002
51490 66050
90287 78587
46767 91432
6347 45751
77579 39405
81148 9776
91347 47620
11954 66232
94089 85603
22111 34985
89010 24003
44572 37662
75479 55778
40706 38903
93093 86276
45042 51353
98765 17902
48206 1868
16100 6507
16221 93179
4 33991
58187 1399
39146 27094
13478 65141
6902 78606
64386 51467
48110 65480
17846 74647
30170 94435
44061 46712
88361 8385
45398 24787
78988 3497
54149 63759
94038 88963
85551 61945
43938 43775
61474 86753
14252 8238
90187 2235
68886 60839
27645 38879
12357 48548
7889 76074
85282 49026
85216 59035
23674 357
51051 98262
81470 24113
29716 45125
51876 47282
60450 2353
9508 6869
833 66829
79323 2797
4352 34924
33611 8783
13937 47782
96793 86614
39340 26552
86286 69888
82668 35552
57079 97294
2320 42820
86246 99944
91708 99468
78062 28535
6645 96644
53130 14122
34345 77212
54039 86897
32101 13223
24405 3877
8828 73471
6346 40926
30055 54239
89951 57883
75104 24200
20609 65790
21157 14749
79777 80653
21691 35910
17781 14994
29193 24017
22453 38204
281 35372
17598 91868
15770 80973
71538 56425
83008 2346
20534 41340
61507 11681
37395 26709
27932 14258
52758 212
1035 14751
19825 13376
15795 34867
16567 6884
85148 55992
97379 41037
88017 39039
81426 53581
87712 23772
63428 58587
26365 41192
99775 46097
7902 97118
92236 78829
11328 19550
76984 79504
30881 32780
94741 37282
51364 78001
84566 31212
15248 10713
52918 73884
96529 7348
37298 741
62038 64214
47402 25948
59505 74424
29892 6172
44890 97652
49257 84739
17228 27436
59398 34227
35719 40931
68397 66066
82764 21506
22641 3786
83940 66357
15405 92970
28090 78188
38078 1091
37404 9339
94468 18507
60350 72090
36454 67677
97270 83621
77355 44632
89089 26140
70721 91388
49853 18181
73753 14352
36493 93029
51017 74462
98297 95339
82729 41525
7339 24293
10231 22182
16402 70377
53267 90440
79363 6222
55683 62773
1683 22352
82032 15722
17438 42159
65255 57643
96356 4592
94042 82556
74758 44635
18845 75049
78925 49435
23177 89919
92100 39713
66395 46705
23001 52450
58966 77524
61888 23924
23901 62819
89776 74517
79802 30587
64035 72004
9658 72704
50330 41254
64527 89975
64023 33410
44268 97578
65570 65541
51533 65767
38469 39744
20652 35617
17136 36005
25517 38702
21685 85005
35507 28935
55309 98357
43560 79563
92497 82651
15897 8540
28321 60742
94040 71872
29601 94524
665 45121
98903 38026
981 15342
47087 28416
29706 65848
82359 63602
2456 45877
36323 77688
81669 24417
69002 942
34363 90232
88199 97653
76325 18141
21241 36752
5973 25879
48323 86216
833 2574
92940 59401
21025 68594
63297 60131
88051 55925
94414 44521
96952 49740
2121 49557
43540 45905
94887 9794
64305 82724
53285 32817
14524 1541
480 84485
34215 18620
57661 53319
64806 87794
8802 11266
22290 67541
795 46376
54505 56312
22198 32171
45419 11248
96359 7269
43551 31000
54565 77169
780 7118
26091 91695
83424 96660
70072 91684
61773 82704
72655 13143
63687 59884
14360 59125
39911 14742
62525 36367
94891 4833
590 88343
27923 62659
55549 38502
71014 76661
43875 9593
41739 49878
56377 12687
58385 49736
1408 27213
98823 40050
20506 12698
4004 51900
74542 55939
69760 88758
13576 11544
95641 23697
50806 44077
26480 80292
52300 88762
36169 60136
55073 87612
24206 30525
30352 1490
48077 37859
26520 43104
71925 35298
13917 60207
40829 16482
9572 34571
27582 94995
38235 61252
72916 32295
76942 43982
87360 91027
75955 18529
18569 12690
74112 16345
33654 96642
31631 35958
87094 80132
48705 25758
8216 45408
88600 81686
60307 47295
38299 621
72991 52879
69718 7730
36794 64003
69783 47832
5957 47440
10322 74873
90789 71026
5022 97328
75010 73733
2838 87293
90410 5675
69913 64421
89167 68557
6411 61616
89701 7954
8146 56009
32453 82153
60377 31586
98189 68261
19888 41325
98078 30044
23850 66500
87133 22952
83517 36290
86450 56774
58246 36167
17548 14201
10755 92471
18618 81095
6166 50652
98131 58267
61065 80928
14288 42530
86917 84276
30125 96494
72153 10572
5675 90742
96761 14625
99057 12788
98844 64941
62886 25541
57598 72626
86841 67181
88796 74708
56602 15568
1978 36634
64382 99322
56384 22353
42686 27800
29593 70153
10104 27741
79091 55766
14573 74846
58433 72944
33793 61590
72316 45843
10495 9219
30174 91904
28179 40231
83877 50618
10701 95848
28470 37098
66212 17616
51032 29596
87217 94061
19509 86432
22288 66162
84380 37226
38755 99605
44481 17905
59022 1775
60892 27764
7324 67455
94630 29776
87736 12615
12703 93227
61685 38317
51883 37101
68647 79548
47440 56513
29224 28992
95193 1785
67092 18766
25014 31143
58733 39417
55962 43077
59287 49598
72348 92782
41117 53689
82998 47490
92139 50766
48137 41478
96145 60609
14263 51554
11719 67902
42088 38753
51939 57074
81574 28148
66660 62959
12320 71536
55883 34540
8811 48939
38429 17955
63420 96995
29570 11282
72879 60983
55561 28123
91043 63340
25602 33923
95868 3081
27362 94390
86176 23067
73699 79873
19066 55730
8193 87319
14331 21986
34654 16654
15827 14083
41726 95391
69628 82546
33260 19337
96240 36686
63828 76974
34094 54459
49318 53716
30361 10114
9498 62149
14233 64335
23398 80783
96120 96370
61642 28421
71877 25631
7812 77213
10101 54510
28700 83728
95229 15419
794 2142
77369 7975
45898 83079
88937 46901
17535 40082
45934 20238
65614 99146
43633 5245
20526 93756
85949 16180
19327 39098
94112 72806
91935 33371
41102 14922
6518 81176
6238 27807
94668 69649
29291 84290
30062 47046
39284 8665
53549 75103
97052 19948
7166 357
63018 24838
95291 27430
36299 21944
2208 32757
65227 72151
69487 67879
57376 25113
1772 86391
62463 59772
26882 54562
68004 92096
85085 88492
17327 65735
64846 51706
45922 20636
26218 43126
18500 56649
50603 54351
50304 81535
43629 15637
82215 43474
90066 92641
40682 76987
61823 81099
23841 49908
90941 41394
11814 58943
38905 78808
57147 39904
25796 10531
15520 75998
10131 68190
70237 25990
87424 42581
60255 39304
90791 46877
82706 50008
21450 94761
95628 29806
96622 18966
58754 51399
20796 43744
86033 42209
22689 32715
34326 13059
39918 56795
91382 243
2584 4028
10487 88254
88953 45403
69445 77491
301 52170
45934 73224
31062 26112
69158 15668
75801 2615
8132 6131
75327 6956
45091 92678
26485 83107
6594 83600
64812 48225
66757 82586
60345 91056
98897 94255
2006 80830
61012 88193
45567 72030
44282 63138
35990 24869
34585 11564
81376 47278
36550 67290
4934 35991
39326 14956
75509 16194
18207 43335
40862 24533
65515 99315
68279 80378
48716 96859
77079 6656
9994 1584
30078 30904
99575 86567
49387 92696
83972 27766
42340 20860
48425 41403
31762 89088
95809 48309
55458 47911
52971 93161
35941 61623
16298 74302
2416 27643
79590 10017
38301 15968
75626 61602
46089 33752
13347 96821
50036 538
58183 89811
43236 32255
67404 28822
34722 45607
22636 30784
27099 31794
88040 60852
67968 83720
13890 64508
42598 36306
89665 82370
85191 37406
465 48566
10688 55102
26048 86766
53649 8585
95139 64001
69632 98521
41839 20300
97494 42156
35232 67117
85856 20900
22101 74507
59151 71015
15025 60299
52888 88063
12636 13500
49301 62906
27905 27757
68995 12843
32110 21553
28610 26599
22518 2274
52312 24042
52626 90107
71886 17264
89083 37149
75377 49116
26418 20523
75090 71316
90393 5070
11463 14946
83544 78289
14024 44501
10296 62661
56786 10878
60811 10527
50568 1492
12546 59669
22669 36432
15605 65509
2891 72177
81375 69327
6383 22874
6752 23349
21258 60335
74425 93186
77714 56316
34835 84448
12351 87694
12185 87104
71470 84855
18617 10711
93121 63534
90854 5627
70621 88077
99097 84970
65099 16945
49612 94979
95289 74558
39581 55946
11894 81785
8306 96712
27736 22923
49391 86410
8954 74661
1889 17245
96246 92342
13462 74040
45455 45239
42019 25683
36011 98176
34333 87400
56081 78192
29664 57593
4879 1032
88555 37577
83030 20432
55650 13153
73276 22610
56907 80749
30009 7834
35346 9437
51306 4028
25541 517
65906 27086
12663 81245
22548 59881
40481 40033
64474 51180
32573 113
61265 82137
17002 93683
36874 37942
72459 35756
66171 98766
48615 68939
75612 462
84106 15647
68587 86248
24099 4027
23080 91859
20868 69049
15609 89992
15302 724
51944 41479
57122 1164
82976 63184
81752 98982
6931 93291
80716 27818
98071 12449
24420 53251
60644 42976
49515 49666
87096 44826
13010 44604
63923 84646
98506 4647
16123 61694
9258 71425
79737 45312
70895 47849
90427 90958
2871 38372
52976 79629
14629 82489
18991 33481
63489 14550
62640 27120
85109 24329
13009 8083
67505 77159
31122 18472
51399 70440
97369 65130
58575 9193
66768 33847
13317 86089
29410 56561
22406 87532
95041 95838
49143 64475
91555 31401
46718 17890
44608 42654
24902 92113
48566 27089
56576 17468
91525 75832
7421 58427
77556 51020
1429 2986
82602 82029
73954 64010
23989 17947
49061 6462
38183 29821
96385 53679
90163 73406
31195 92521
5269 24811
192 16636
51303 66710
54495 15963
86573 74518
19275 64256
75210 6437
68762 47718
51560 79808
62376 39662
95349 47179
76213 44187
74240 99307
56163 68854
10560 19561
99609 82954
30477 44694
56418 24521
31109 54177
48559 21349
27145 54659
21969 10040
97501 49172
53280 6237
49803 91698
93943 18260
25153 12609
48789 24418
63022 61158
9885 36462
23689 70795
97751 54726
33770 38847
25837 27096
43183 61139
75823 87577
67705 25405
65551 77249
54348 62617
9478 79277
91154 9315
89613 24828
36889 10942
81221 42067
7504 42640
55856 76825
82734 74179
41845 59579
47180 9030
59199 1257
71781 36234
34943 26583
40797 81350
35622 21501
26807 6836
51244 44120
15038 24785
38956 2055
82013 26785
13605 52206
26983 9192
4762 6550
84624 25458
19891 40203
10257 54700
51450 23933
22696 78408
37727 40320
64118 27550
26805 27276
49887 49189
13042 80413
69549 94014
35027 50291
50126 19082
66997 32084
55441 40622
36253 64230
3629 17910
83378 29685
42683 5968
54429 24499
57751 26445
35632 58450
52642 18563
84540 9772
31299 7085
13785 35548
89857 77865
31234 22114
97899 48057
10454 6083
24240 86499
25 30215
14407 26833
39248 92666
14441 65458
62761 84171
43154 41431
90705 76911
73443 57463
46875 39455
90531 90027
74432 41334
22009 82802
49658 49396
45396 80079
20583 19006
51492 11622
79084 31035
88254 91970
67632 89720
19867 32434
13244 17829
5817 86600
24450 82294
59001 63321
88627 78980
81855 72159
82343 81737
48310 6330
42169 80647
26825 65738
45833 9506
50763 61335
96600 58305
75792 70474
44527 54129
85713 27953
99352 57794
56652 21215
25187 27528
44770 53129
88227 63995
1336 20202
35439 6807
69430 12544
85985 46013
31531 4140
7162 27888
52679 68150
86652 36025
55871 43847
13679 21988
16204 57294
78492 98529
97484 34556
35765 4004
15264 71367
16011 65284
35277 52683
52950 58176
16475 36996
81746 29109
11417 31701
76604 29321
43959 10916
2488 76612
80746 82171
75534 86354
41995 93577
52393 44578
40088 22143
31127 72745
9394 3220
24236 35456
16094 11842
30078 17090
22212 86342
68458 44399
33907 20547
42478 32140
25595 68800
39533 49057
12753 7621
37838 38233
88398 68642
67421 30597
69681 75209
25417 92954
70808 24079
99908 56814
57451 10255
34471 37567
95634 77734
76651 73964
32953 42424
73520 37466
17203 97002
30714 63408
21588 95110
20751 90395
64534 74010
45018 2859
50485 8217
62859 26612
81683 65784
22965 28398
30613 27250
75535 85846
51107 18693
93908 32107
2732 70643
43523 38641
72576 12578
54815 43185
19956 90332
4911 62871
90018 87920
76415 91923
64166 69455
56542 43321
25826 71344
97822 14721
90042 93036
18584 30343
49753 36002
97701 69356
23595 44052
85925 79859
72609 39817
79324 86693
27824 61545
32464 5358
4850 33668
46925 14077
61411 50667
40449 10248
80773 10965
3520 25318
67260 39100
29857 85523
40819 28093
19103 66447
11638 5564
57304 79711
2550 14493
71378 3819
77576 74988
34641 75230
88998 43446
12610 44490
7852 43662
98868 31073
38268 13609
43162 43004
77051 24962
4938 15960
5969 48471
86336 25173
54573 73610
53116 46229
31615 40129
89631 25251
40925 66598
92979 57417
78046 33927
54912 97208
92226 20951
38199 46820
616 48747
2251 1606
62453 32319
76275 3928
89780 41935
58314 37148
47601 78846
8143 68758
79357 41650
75270 82861
66285 92757
21044 23982
49051 4630
55910 65289
65443 57286
50091 75282
48519 74620
36982 81985
33772 50897
88157 2323
9915 85381
2301 72294
72449 30808
94739 96833
83855 61841
48516 2378
37914 19515
95158 94894
31932 7747
95573 92220
32753 28348
32495 32714
4251 19515
46680 95375
72255 98202
51047 51495
17798 28825
58583 25779
88573 72665
81991 44022
61941 9247
64186 52473
6595 38263
73624 18727
98241 69838
62635 73586
25036 38423
3011 66188
3364 23336
21907 82863
67695 78426
81489 62518
46453 86796
88506 23201
75397 88607
62411 5653
45711 72827
29481 18842
58313 95850
65914 78107
2347 98616
47050 19113
67250 78361
73128 79929
82912 64899
38726 80129
81370 46319
91676 29215
67721 36732
12421 99218
29498 60972
21568 29887
19422 72070
97040 14605
94731 29490
28573 53321
31352 40096
65521 37635
23173 26689
38780 86255
63089 52748
12401 52006
40450 97627
5862 2594
65697 43
49688 95077
62875 89056
19717 44018
24321 15774
36720 14035
41512 23985
28800 82290
28778 79238
72545 67999
36900 24112
69665 76848
35542 1316
20116 94716
35622 51165
96113 13600
51869 42329
79955 1786
56552 47097
12570 78193
31960 72101
86407 3146
57955 86982
82435 66804
22113 68811
15736 82878
73711 804
30678 11195
34511 21258
14480 92261
13126 85269
85405 81271
12797 95172
29015 86098
69185 65753
86111 58937
2212 36730
97399 78517
83993 25970
29926 42833
8187 44525
18424 8798
96647 57439
41436 30097
25629 90814
45220 66816
56227 27204
67208 65833
35330 93870
39619 62508
13031 60127
25684 76043
47043 31518
9727 13873
56940 7539
58698 93608
22970 77230
30720 2049
28810 2017
4657 34417
96991 14465
11536 7374
5148 39176
57460 56918
15435 99158
33623 64328
45849 88075
90042 54280
9815 33647
91935 78847
61947 96875
24590 98490
12125 81901
64753 96614
62010 29480
26039 32474
62613 45425
75765 57486
22545 92931
41088 1596
92792 78108
65300 75334
49399 13310
79568 12239
13055 88943
39576 70496
21638 97081
42002 8005
82756 31371
27689 27438
18199 99670
52973 2095
14655 44784
37553 26816
21474 16373
812 12381
1865 7425
97593 29830
99905 12951
42167 29793
51868 59229
17353 41043
10957 9149
40790 23755
59471 390
92042 46680
26431 26090
52724 80621
14110 37725
34758 14500
91472 35516
12536 49944
76159 99651
94438 16809
61208 65846
71661 35772
79212 22713
31218 89209
98097 18104
30011 13643
86719 800
31603 32323
74228 11620
36490 38006
5520 2841
9427 45754
70650 59578
50821 55629
98809 1028
15451 38158
92347 3547
24564 29570
46673 46404
10547 50832
11985 80073
34880 11558
94227 30232
92613 26098
97845 43428
58865 60521
14359 91555
90809 66787
14400 69742
13266 50717
47191 11396
30872 87926
91306 12103
66539 64018
16298 64829
38701 56634
16237 62416
73285 35674
95787 44239
47198 56354
20866 91723
20616 37158
5331 66139
41398 15134
67970 87128
29695 32134
47609 81025
86622 61119
93605 35512
24082 15276
7512 86020
57982 38998
5638 55853
234 51977
2856 2243
704 58101
57244 24056
22128 80301
6306 73665
63660 84235
63616 54648
63373 11914
83104 97117
14828 11531
80045 36785
7818 41617
53082 81657
4296 83973
22330 88193
42832 85458
81641 69846
44106 95242
17665 60651
31112 30175
85062 29493
65467 37739
6491 89199
57690 37961
95499 7415
18274 25241
7521 45519
76945 44320
86223 65949
37867 75013
66411 87051
31413 8310
24622 86759
63165 96769
36307 30628
2479 17755
5054 1304
69185 5916
85906 74396
78920 67233
67994 14351
37505 41321
40481 4147
17065 30713
14618 95855
71205 85336
94617 11627
17820 16051
35543 50519
70103 52058
64434 29860
36520 20193
87338 25609
49216 73408
50342 55007
74871 94164
43917 54694
65448 39996
66541 78718
34962 91068
3800 20975
26776 72797
86946 24961
85794 83499
43556 64484
46330 92918
85180 57802
55984 24370
67371 20232
96951 36791
31637 43001
97317 31713
99781 95899
71895 464
45990 38703
95146 30506
41099 22621
50307 41909
80264 97646
7176 47037
90582 85136
88389 21268
34803 84182
9097 55756
11072 24693
67846 88063
55457 26089
23540 85416
31808 29614
79278 93160
68139 89063
6195 26913
76946 11610
57190 67166
30666 52593
48431 15114
5260 86234
15609 91508
46710 94025
59250 80817
76105 16241
62381 71194
89993 21679
57475 76682
18113 9727
50733 90753
55356 69988
36812 77892
48461 31332
2050 99194
20680 27210
48662 39088
13478 13059
13140 21654
36293 39681
83211 72832
30470 25723
31053 7847
24909 73611
15794 41733
11365 27278
79989 31036
90425 26472
66709 4848
71516 22365
41302 71368
79394 96185
12446 57457
83333 29609
9816 78619
97601 5632
86580 61658
31832 979
89445 56838
57390 76701
31809 83515
8078 60476
26789 17434
58083 18386
71375 25798
9792 91813
37794 22664
72953 20895
99653 31084
80327 19822
84228 7778
86601 54373
23278 90174
90077 95770
64917 7479
17899 49766
90417 99084
17146 10760
47677 86138
71513 47010
43961 91847
55960 50970
40454 62043
61804 49019
38221 11138
92398 18066
37785 44267
78205 93745
6200 28812
28759 46319
83229 14523
516 27941
13953 56566
43244 23826
87294 56988
48795 27609
81075 50450
80804 99870
65219 34880
50843 33613
98773 31697
30586 66771
88021 4246
61757 32578
86898 41156
17158 2481
82046 55889
3193 9690
60177 41947
66401 27099
40839 76321
11498 68054
72989 5064
15428 39344
6360 22967
35783 93877
72318 53019
66825 44179
94298 82884
45961 22970
39292 4614
87752 85859
15063 45785
61003 23910
34690 97722
63290 89218
13688 64552
99588 83225
93527 60519
38681 20337
75877 72480
77422 23188
7910 72191
29021 40400
26439 15828
15522 54392
26039 72147
31871 3298
65192 61300
66073 72296
64243 41235
2264 20551
14193 8817
81291 2498
49538 43665
15778 60927
62986 14876
6322 68073
89487 78622
62005 78477
56317 66150
88167 48989
7842 39914
41130 40240
9682 97057
55747 86911
6403 41639
24602 11242
18898 48860
12126 97297
84253 77349
48767 12604
54663 1002
22290 17652
51544 4630
85105 12807
51546 61723
13912 28584
10301 38795
80457 35212
46067 92832
57193 46
81973 24116
83521 83980
95836 6794
34846 50823
39369 80963
15633 73959
23037 63274
32079 49429
47137 76137
95890 3648
51072 59537
48790 83577
34088 81302
97853 60406
39405 11921
55084 55378
56742 25020
89803 68043
24110 20729
93385 54339
79684 7628
82454 83520
53579 84316
93544 50573
93355 23862
31990 1430
40270 42570
57824 33808
84996 460
6245 98702
40575 53556
7498 78701
24664 45343
48602 38217
46984 66507
33281 8966
94736 80191
70256 7848
18226 30689
13948 18075
95189 30846
44351 18892
20933 25957
81110 1549
8624 82860
18465 94133
39274 59722
84070 18078
2378 85915
7277 33510
25355 2752
14757 81774
32268 80508
6718 92670
40528 85112
86478 83903
42303 40191
63468 60319
83459 74179
1880 64881
78732 64502
94033 57514
29517 18578
20733 39237
33660 79218
84709 8832
57494 82518
93590 58333
85208 7427
55521 55234
84935 76897
43227 52665
31881 31035
37566 69553
15690 21506
28582 5627
96472 38795
2581 58605
79879 82156
19568 49027
66447 63811
66496 82169
91241 91407
70770 80754
81557 34069
68919 20788
48886 39612
10949 48426
26548 81361
28628 26625
64377 45060
58689 20491
60149 30025
65838 29759
69627 63641
88352 23030
39393 78638
60832 17936
69508 80490
83291 86925
32513 19953
52706 46613
13405 21738
6827 56241
22687 90786
29294 36335
45680 4232
76936 66081
17634 84242
10171 20734
8582 63095
65996 51008
75700 33364
24036 50981
60359 87719
41040 67151
90142 19575
78049 68036
18333 96425
50093 23502
11274 16428
972 85243
23728 49775
74043 95806
54015 98373
68381 60108
15498 1704
14197 28353
26791 25843
49997 59065
68403 18375
14290 98967
55148 79175
73013 54689
60981 20060
13675 35041
71253 38321
8942 93702
23640 16247
59227 11841
17068 72099
63378 73129
84902 60427
95513 30359
11995 1421
10521 6250
71559 9097
47647 66437
13257 84705
92541 8620
11173 14912
29830 34411
46529 53584
49429 3567
64072 34018
95079 80746
99306 96619
38972 10899
63482 80353
97242 21892
25679 14146
57546 45722
77923 38125
88601 63289
375 28422
55608 25350
51021 80887
25469 73931
62509 37994
96928 10998
93792 53008
78623 71321
17272 38525
16986 31820
74310 82121
23767 82247
82819 71408
3679 40009
20296 50643
67199 28596
53621 86485
5289 56365
2894 14591
87600 69537
81817 36445
10703 27867
78369 18111
42243 42575
50166 88057
40428 5011
71947 26883
19792 14336
42935 29113
96505 3989
75700 89179
25458 52436
19107 81839
62829 84452
59110 92634
9152 5357
16581 60523
77155 9503
56682 50321
44659 58955
14341 83327
95379 24136
4968 40367
32518 94224
77643 69660
10550 5728
26729 92966
94832 15835
65634 79474
36582 7048
71608 83752
14443 47824
146 30515
36251 96161
95771 42084
65168 2829
53059 68112
43438 25483
89661 59341
85624 32949
96000 30681
62744 92937
57735 35571
411 14857
10353 26368
56307 97722
18593 33767
8883 12744
95262 27670
59510 18945
98100 13755
61433 80886
40946 60043
6109 83197
16523 74910
934 18417
6709 91057
12958 80496
28556 34979
99538 85340
61456 11288
72404 61243
84674 94425
24920 84760
27339 16658
4343 45535
58774 33619
97454 44100
43793 55920
96224 28925
46736 11361
47504 69187
3818 19202
1288 61302
56602 60500
88918 86806
46207 77786
8809 13482
20028 30173
84344 76221
85945 19113
90203 32124
96512 97518
44944 40953
48225 41983
22807 9547
90766 94518
64151 67372
36416 65070
50423 95610
46832 72232
8965 24822
5726 66343
24883 35464
58830 66388
18805 51865
60966 38618
32452 30295
25522 51787
40126 11540
9536 41465
48515 59464
88132 46590
31706 56011
94805 59733
67850 57500
13646 61150
60993 81724
26318 17438
13617 26323
67545 85276
73230 62218
19444 80102
95345 8464
9260 18346
97496 13686
50224 77885
66595 69586
33523 29623
43065 48800
78379 45845
54529 72124
87701 66742
98793 11081
64206 38911
75491 84461
40187 97271
16419 39283
29922 13675
58114 18727
29935 66891
59518 74814
48016 43499
74328 89579
14329 89987
17524 4139
61313 50512
76604 17498
3267 32305
85470 94972
30847 96106
77289 76885
62614 53092
46036 49329
52433 15467
70328 84029
79610 58031
80049 87723
33377 17124
16416 91251
86008 36354
66572 90892
56184 47589
28604 52375
58490 43854
53886 21909
65407 45664
37380 20460
48681 28452
43970 69734
60639 23269
22225 87217
23725 76629
24239 11872
15201 13030
6333 26504
6864 89138
45727 73700
30959 9268
26592 17554
378 79277
93291 372
8976 71136
57971 75504
77428 91989
56812 41712
70126 77434
33807 58851
14824 24189
53914 77178
38770 99411
71534 62444
12383 48789
46351 50450
45510 51678
65064 83531
53377 32590
10788 9786
18961 55626
95190 34531
71864 45849
9138 84497
51005 21608
20754 87539
96812 94439
13618 23067
3955 80842
82835 52094
84135 83690
72540 55478
68125 84257
89364 29763
1457 62609
98410 82373
20130 87614
89517 57540
90292 88015
5109 61545
47372 20305
49944 3874
49560 75092
98101 56002
5669 76396
52813 75646
41767 96625
95172 9809
41428 5951
54405 2073
45673 16183
6971 11895
4516 4604
58489 43251
71368 82295
91155 39638
41852 7540
16803 50031
57164 5539
65861 99407
84711 66648
75515 48140
90463 11114
76585 22146
93676 75864
34042 31309
98473 99647
89977 56784
181 20773
81817 17041
79956 41362
75630 25146
32972 20018
8306 45274
51528 89492
99393 47746
87192 98350
60477 39433
39887 85398
71018 57001
72452 57514
64179 7871
92562 87945
39011 27598
17303 66360
67373 5885
49273 95487
70053 53620
62748 33545
77573 72643
14733 93255
30697 6652
15323 43246
60051 11668
76472 32884
39912 50342
84412 55607
64528 96495
29570 50454
54202 42803
91722 66070
72886 20695
45333 94
38713 92325
74124 12219
25308 25867
2842 75229
98622 14236
12589 4568
74045 83373
249 31332
66465 25241
76341 17822
17170 54910
3195 7077
25084 11422
67980 68925
78610 99423
95786 63343
13353 49227
19165 40583
90936 38289
46703 41397
20382 54658
79312 59853
16444 90645
34642 25255
48311 24067
36045 5151
92568 69899
31869 70614
95467 47119
66207 32815
35427 5558
87928 115
27956 45736
51022 89518
22232 32693
72044 51503
96267 38702
25219 97772
79695 71978
3491 31004
93481 55267
64422 72795
12130 20087
67078 48873
92998 25799
28034 20779
93544 39547
19517 2217
29 50747
61119 48718
52348 28247
30610 96524
36645 32545
46534 95861
13815 61838
24301 24355
8823 89305
91967 47760
72656 50848
85688 68607
62350 94885
181 84529
65250 39502
7515 79601
79873 50629
28880 68073
32325 20824
89376 62602
43882 59610
88089 3528
93426 86753
99119 11868
21186 68326
31449 32768
36003 15272
53906 95510
49313 10025
48153 89186
11535 95535
58833 84555
43298 32516
28578 80062
23730 51095
99190 71019
71580 38329
50749 51462
89378 40449
97161 86951
44393 66088
69747 57451
66842 22510
24244 45936
32417 37843
83789 89309
5553 41087
97663 78136
44767 61786
12788 4718
57475 37332
73108 27470
60090 4863
52497 34958
29638 87984
62396 38021
45516 6209
60333 79887
79541 69362
8863 86413
91565 33380
4177 38818
68264 91772
72646 80759
19864 30438
95910 12375
79736 18448
72539 36020
88100 16362
46901 70048
99198 60813
78662 95029
80555 48113
23143 43950
20052 98005
62033 25579
51878 37082
64677 43313
12498 10696
49125 57224
22605 42057
79864 98139
92881 5225
43338 98587
12955 5756
98697 96061
81195 71800
24073 23127
73479 66966
48481 4967
66936 56021
12588 20236
68875 98680
23977 6155
8241 30211
65564 30347
36191 5665
21067 71737
64975 65217
70817 70981
8925 12116
43694 82499
85260 24945
2564 71404
68063 78322
90748 62394
5983 4884
51184 48847
13211 60603
78270 75983
65700 18251
29675 98625
8493 8464
3869 35858
41169 97527
77792 39761
27468 49715
17795 93300
34497 98713
47544 64722
56179 97892
14423 56232
21324 1810
16731 33748
2681 10148
45155 26365
38091 65410
83411 55049
44919 35701
30865 11844
27191 35756
81000 18624
72456 54775
98856 92143
91082 80815
75268 77131
75651 58924
45714 99631
55388 24237
10223 38204
96866 56212
98841 38933
3142 95815
16435 17699
11518 35761
91524 47985
32578 57854
728 56784
42383 47202
11197 40981
63175 69587
19784 20247
39023 31243
22798 17393
21840 80679
53259 13830
74776 11946
2750 50807
68790 42523
44043 5775
13184 25922
39735 33944
30832 21295
25520 50179
41219 93332
483 55941
72601 74662
89060 13492
8088 58175
48329 66350
54121 23391
48687 28946
71577 19239
42356 28740
72730 35868
53403 26606
42783 74954
99947 44346
29219 63550
80656 99257
26211 75147
81017 48095
607 7846
87704 54436
49757 54538
14629 77732
16006 55349
71900 39712
36296 95913
50298 77147
4658 98956
95043 64606
30907 58120
60703 54389
11035 34188
9017 41296
62863 54601
66495 33891
16858 99957
54117 870
671 94476
10722 44213
74824 34890
84528 64337
2818 53522
6992 82461
63582 30250
63364 98465
79794 94301
7348 34027
38806 23959
83146 59498
71880 94925
38581 14225
20776 73266
48138 97946
8796 14499
94878 43840
75053 97341
12013 37283
95753 37825
85527 23912
40831 68726
54397 82071
52486 37959
71976 41755
25174 68993
18339 74566
10924 17303
11388 53194
11275 30270
96231 50880
69590 51665
76059 3909
48887 69742
94258 62040
56507 82774
79373 52574
68372 18705
81391 31902
71126 15400
97981 41158
45626 99113
7876 71684
98557 14695
85779 91277
94146 76888
39740 52569
33484 7221
57048 98341
9381 11325
63680 96208
58683 77938
90868 3550
97405 22490
26968 18840
74434 88127
97490 88010
80770 30768
37134 32996
78907 10334
36634 74298
43981 53472
38538 77956
82782 78639
49621 24318
80952 7338
29974 33673
28806 79284
68460 91560
55834 65809
9306 39396
4586 29996
99752 81897
30094 61364
14016 55047
27940 66331
40593 21137
35437 56982
21488 72961
59629 86848
41810 19602
39726 98262
34452 17989
24350 81436
24019 28349
14476 99318
28148 49763
84079 68752
54205 94978
25407 30359
81242 50924
2138 49822
19737 69235
48737 61114
32334 68625
10136 82502
688 62337
39945 84512
89338 65987
73473 31754
30699 61436
77714 29770
80390 25619
90928 51754
48915 61142
4628 62456
40092 96147
60380 67591
60753 23871
44361 57869
30917 20786
49695 22627
78638 89385
72744 74088
93256 46883
36338 15358
51827 14309
61132 95116
74257 18006
59501 26906
53449 40771
46669 26328
77351 88572
55242 51191
32601 92789
99589 96270
76403 82150
68418 96822
7948 63916
65068 7215
68159 56646
36398 54553
79339 53464
91547 10588
83188 39691
