71057 40773
35322 7183
35837 60708
34822 3934
33852 13313
70221 50201
22526 27692
86691 60782
3567 15481
13838 1725
16114 96661
36203 31259
50172 47069
76810 14128
57910 72548
26093 72537
43518 817
92685 37094
45510 2430
66069 75453
38004 63866
16741 32149
63233 40200
33680 17372
81882 38206
99934 54066
7426 43143
51307 92108
26510 5154
10694 89906
21415 60000
4947 32928
34028 97289
4362 60425
8045 67576
64853 57679
89393 80059
30902 64589
78321 88756
9214 12942
4987 62106
40567 93266
71600 28025
56828 82288
10118 62445
72700 27471
52902 96459
15994 68011
91247 56377
15183 50583
39377 21137
39847 8789
52787 65826
25856 45567
78990 5167
85870 35426
25328 73198
75354 71166
17050 79881
96222 52871
37506 77761
72138 68743
14482 25158
8931 18137
1191 34912
79806 976
88851 36522
73993 90254
62203 33489
95747 68365
61177 29657
7007 43706
51163 51320
5957 9172
49122 91161
58289 63410
22180 30395
34322 30746
57867 76016
41868 34827
94260 83326
94199 46548
77617 46433
87869 92826
76679 20071
25632 5526
61777 19122
17618 58389
64539 49530
19482 1078
15143 48841
58710 83216
10860 34749
82548 43113
34450 38953
79287 79711
97847 44308
34360 32195
85101 90584
85091 88154
87769 23332
13590 71707
50582 68475
49061 84371
11216 32115
55545 23683
25130 17879
30860 16705
45208 94918
61742 39187
21317 63121
83267 62807
65231 24896
28163 65982
966 22606
71545 22540
84305 73417
29893 66042
14952 67763
85370 33845
34811 89060
42432 67900
95433 71813
34067 88677
91658 43830
97282 46168
59238 66633
81489 50995
45852 93572
215 48164
6524 10403
12609 95666
59405 6389
74189 85173
58280 74650
58704 51065
98394 12747
34225 50400
3174 81010
17323 81468
2913 2093
47087 28857
81973 45327
53824 72561
90078 20672
23765 70966
72176 11224
64762 54667
91791 35016
59727 64203
10837 58225
18727 37889
9647 55210
20011 65998
75745 55070
68277 78407
35550 31948
88885 61204
40560 51206
42959 93459
886 73106
73755 1586
18337 63980
38948 82936
65174 59106
90634 43709
44783 63990
40832 57645
96602 77888
15534 88425
83704 15498
77968 63205
76607 72786
60885 75403
52569 44235
39585 28535
26819 58492
89451 68666
40527 63839
40224 6968
16386 8003
79550 16041
74134 74219
39482 33179
95129 29997
42074 71566
5613 32340
88796 10775
7846 21663
13966 36606
12495 96543
84019 28672
27365 90621
24740 74285
75898 84497
72812 4555
50515 17196
44459 95505
8075 25039
49493 58765
66126 20274
72464 42591
90591 59902
32313 29659
96882 25235
75680 93579
68690 53603
17671 63019
13436 87029
14055 70891
29186 5251
43338 2641
27338 4924
79506 95540
46829 36995
25105 95778
23192 37966
45199 74747
8494 96712
7912 70483
30307 38447
77227 69972
12323 55926
42044 70266
94153 23588
36946 42421
17576 13876
95674 38154
29638 83475
9426 49650
32444 79493
83919 68058
48407 36257
64983 24610
80634 23984
22600 94398
33114 34514
89007 64632
17344 98425
6354 8107
69963 33099
82983 57258
37387 78788
94234 64855
1735 562
53835 30668
54200 62519
57101 37654
82092 69163
33225 53748
42884 26200
3801 78780
60534 78268
10637 34967
57899 30282
47401 70785
77058 1961
79365 92778
90892 91155
85932 99895
36238 62200
93086 24321
91362 58841
87310 80244
12982 1357
90436 45874
18475 80863
36219 90702
84439 59853
71044 59218
80516 73579
88994 24441
69070 21406
5228 28661
55369 55106
94351 62506
90905 33189
68553 90737
78233 27561
40047 65686
69013 390
84232 23451
70223 83333
61871 8403
27805 9766
4212 1927
52809 48219
41788 4725
55888 331
7677 95147
14180 35600
60259 2512
70986 37209
52206 30364
37533 50985
97873 3100
72265 52022
50421 75343
18800 53131
78100 26603
28745 11270
77182 20184
74524 81562
24791 54515
61639 2254
77399 4653
37244 77469
5609 25706
66016 81588
12780 87715
46318 33496
65077 59716
40786 19517
62571 53326
16399 10863
36746 65430
12474 33325
99521 38628
220 43849
1204 93078
29779 58633
81242 42810
26769 64169
90591 59863
46972 77719
33796 92069
45645 85398
47610 38352
15089 15388
64395 73721
36939 3123
82737 23253
70000 14715
47453 86028
361 67751
56497 49531
75476 10620
17894 97171
50372 7029
85127 41271
48381 37377
33716 93058
59673 3747
63521 28319
76517 93073
20180 83183
53444 80278
74698 16903
78955 68913
56402 89679
90467 340
44432 21124
87787 20805
54716 14518
14708 78400
90465 74443
37187 26323
30782 78586
78226 40032
6728 20817
12590 8063
33862 70256
55514 69689
19284 35916
40588 78702
92865 80301
49803 60560
11312 26095
62647 30342
36059 94661
81089 12714
51947 73329
56398 91499
7841 2382
90552 2444
46193 35879
25453 14915
91970 78524
10382 76411
63343 79844
85393 84882
85800 32294
22080 74236
5042 50527
69048 62494
38147 27263
91755 42003
1351 26635
25246 82251
38334 95773
89868 64295
30267 17663
53633 51550
81670 90676
30591 31996
68987 78928
93948 21629
56041 67770
45730 86870
89685 85745
26543 75501
47444 21636
80690 70012
89588 81657
41140 88562
70355 90823
74732 33905
15814 33915
95146 50001
55540 27927
72717 17180
76761 96334
87885 95824
24196 52298
92754 70208
98808 30503
4602 25939
86703 65013
78615 38436
83570 31033
49487 74080
36802 9100
44059 15819
87379 36731
71496 95227
33067 3749
86841 84123
42568 56320
39458 63946
63927 50453
15695 24314
2142 72351
58427 11505
46355 42256
79673 87339
43042 43789
78831 85366
61098 63373
30870 99124
33889 4253
51099 10109
40204 94463
21025 27802
30472 59398
70397 52843
79524 75707
97913 94850
72068 51132
4593 22150
67936 68120
8121 79697
49122 82580
74101 72306
46860 14153
66975 48460
69968 93251
22020 72181
3382 59619
89223 75224
4153 54462
17501 61140
30186 96733
59664 38202
46188 37979
83421 370
38518 29738
56021 78359
61204 2510
51839 36054
55879 25920
82452 10388
74176 78444
79234 47877
10889 60115
7594 55253
26012 32682
33859 58179
57385 10297
33588 43169
46293 8190
29405 8886
47574 6503
78383 10396
22328 16123
93903 84514
24186 12242
77559 29994
11186 9496
76085 99340
15717 77166
16395 6418
35152 48489
5581 14426
1122 44017
45734 34775
41407 39619
9331 50736
75262 51024
59846 73056
66828 5148
43588 14548
42408 36128
60136 33168
64036 17960
90270 94539
92842 81941
26216 85582
1173 57436
1885 45880
55732 98373
97029 64285
50762 52525
99550 90946
45041 23108
91226 14659
21842 91088
57087 90094
87022 50888
45797 20261
77432 53530
8316 64128
8889 55174
37123 14057
35723 89825
80946 91838
799 69235
28305 10258
30391 12217
43327 53292
9036 19171
45740 44262
5033 54999
52255 48079
56206 32173
69488 89258
55086 37808
15439 10861
12433 21187
88988 70275
36755 63514
25164 60330
28515 7133
15499 50358
8901 60713
66964 62060
53840 25614
4795 89384
44145 90194
14595 82295
43719 11340
22088 606
3876 18602
85623 57297
49842 53227
81809 38652
21516 65574
66572 2974
42912 17410
20945 23721
93044 84316
52511 3204
46494 53828
647 58857
46667 53695
18382 17479
73721 30662
61326 6368
23164 61190
70997 73260
81981 85823
83652 14645
30454 45157
23505 1145
25527 25634
17029 36332
79621 63474
58943 11955
93301 76229
67248 59657
57845 74816
74077 99326
73796 32572
33504 46899
84565 34310
38887 32543
28496 30846
41588 63533
90545 61048
21211 76444
34151 46077
77127 7229
44662 34059
10069 48793
39958 2801
43511 60233
26097 23316
41810 46908
38217 29677
37280 24500
42384 46889
90031 98665
85549 60615
54177 10820
95486 19038
12522 61669
26417 23796
44085 22910
77545 12552
70239 61462
29343 97737
25722 50120
50143 23580
89132 98945
91431 27578
96141 2085
75243 18031
3277 40842
95156 91741
31499 30811
37340 42807
69855 57302
19155 93734
50801 27343
61597 81992
99487 55723
80370 89707
38971 52358
34333 74455
47275 37389
54238 92513
59304 62565
12520 21241
9663 86018
89475 62877
66771 83025
35979 49603
49625 3342
37583 33683
48506 75502
80307 75083
10388 50679
68942 2617
98554 73347
88973 49732
14767 41729
37070 21156
90575 70004
45638 3653
24359 43026
50620 77961
31992 20710
37003 96451
35384 96942
14852 72636
784 76189
96905 6001
71903 36762
26740 46483
61461 40320
91406 78982
3769 18716
12312 80194
83524 56114
97125 81173
6084 77241
85438 18496
53818 57050
21405 37941
97980 26900
62674 43264
86260 15451
4321 97083
63486 87477
22658 23127
30574 21244
43936 24058
15400 69054
82523 83772
32838 22144
48070 6793
3702 25751
47657 44162
90617 85101
67872 2236
99846 13506
51482 21567
79844 5161
73307 77064
30067 45286
4218 76711
72420 26839
96228 72162
956 25544
64183 6128
46742 65181
71720 33503
61118 93452
46941 48111
4630 77568
61972 58229
36564 46743
74746 84153
18850 14085
63157 57560
73117 39663
29755 92738
85751 24337
59640 35517
43158 73913
49612 8672
55154 79561
70699 41081
73786 22585
89083 47816
25712 78450
697 67041
25704 8244
85172 3758
33261 36785
91665 52043
66781 78960
5573 56776
9928 37131
21438 57739
4052 89553
59035 25131
64348 1604
33935 1206
33580 37692
78210 1356
22631 69091
17648 98049
71010 72536
92584 60511
1606 21932
89806 48066
89681 2183
19001 16890
8150 41828
23670 53868
45496 79056
30947 40466
21523 47599
37877 83926
34932 67799
65714 64699
56316 20820
18072 84468
20896 44994
42356 1035
96588 19222
50028 19292
5595 78518
24406 88791
19969 8796
46078 9089
16066 41239
740 95251
54808 86985
41307 33242
56656 78986
54828 26421
73389 75971
56529 76891
87716 35189
92026 43026
36703 72784
92203 70073
45850 21980
46460 83743
62409 20499
24792 7337
11184 49412
16126 54672
50057 41874
45827 94304
71970 39763
58382 1947
51932 15026
95099 39220
18477 22894
74905 16853
79071 63833
81580 47001
68719 3865
6347 52018
97295 67914
26243 10244
53092 44633
93938 18248
11336 21387
85869 88682
9417 30868
15354 37548
65608 57569
14935 23489
46332 47823
25553 18994
50892 51281
1038 25725
96344 66925
81444 9937
29457 1632
78623 57683
49949 56438
28607 46043
21556 56242
37079 664
90789 57996
13168 4488
63954 45582
99364 67201
84623 68150
13603 29771
86791 68696
88817 58116
15831 84633
80390 38234
75473 7413
88045 8820
81403 51801
92389 17258
70189 34121
58979 10440
67543 51676
33870 60399
21848 4059
61602 42548
27080 85478
11310 85920
45455 81294
42454 16302
34603 59356
42961 14319
8847 3305
48555 2857
14270 45156
66629 33652
5076 61199
90032 70876
7422 83298
310 39170
59196 73703
39281 23963
5446 53788
61106 52303
65028 45940
98907 44091
74005 6678
53189 72336
26377 14557
20955 13393
71399 52150
98941 28889
33416 60005
87934 71027
28506 3456
59271 97664
61405 45778
50610 27797
9065 23002
55919 46586
14983 53641
92866 14860
28371 29864
25379 22491
81921 16367
97341 32749
77685 97551
5487 41625
44745 2666
96238 85965
41867 96277
19457 82281
92 96381
12068 27234
55282 11135
78278 58848
10999 62286
82346 64000
7879 41680
90666 82290
17686 49154
99695 64380
36584 22192
72282 61813
57943 94493
18367 61963
68913 69441
42820 90494
80504 20262
92199 82594
29504 53291
45557 66721
42324 14625
1396 14967
78385 10416
39610 2548
14152 69171
59251 25630
11585 76760
49823 37900
43187 80129
48625 70732
84109 67781
88689 18813
21488 175
21275 4950
45523 14174
25374 71165
50654 75268
48190 16529
90799 11496
12307 64353
3320 11300
12168 26291
94686 76903
44476 99422
99292 63699
95460 86416
63070 56608
59079 81288
75975 45496
59745 82717
10795 83641
40641 66133
37941 16438
31594 93487
57891 29910
89046 68282
64645 5555
41934 98619
39169 43581
93715 39147
72914 37717
13497 3415
30084 24978
22886 73086
17466 97983
16088 96023
92905 68731
11900 87112
92794 83799
36472 93296
19435 65980
20609 20318
5519 24099
36742 78487
89065 8378
80675 90580
22965 8454
10255 49953
38432 66107
88303 57152
52491 44390
10304 45508
33548 50372
64209 40438
5772 25960
91686 5108
87018 90265
17911 11149
24566 43377
85326 56838
46999 29183
62029 31000
8134 49894
32550 32687
73233 93404
39777 92876
57849 29324
81049 57316
30356 57908
98463 97472
57483 4264
99798 5531
58045 29933
9557 12167
61787 81215
76968 68488
3338 61931
36527 99703
49892 64725
48158 61856
5911 54612
92380 36868
33796 18993
93092 92504
40801 27628
47686 41797
70296 73431
81735 49062
32262 16984
80028 89677
72188 99531
19316 67133
71650 24990
99979 15697
25199 14580
74456 75412
93586 483
44928 57351
50828 53462
56832 47231
94356 25195
95015 57797
66641 14293
38873 23380
33635 93211
87053 94749
70875 10295
95600 19910
63871 93273
23168 12647
93511 1346
2162 46668
86562 15305
18189 80566
53458 87641
77037 92506
7819 37905
86561 31840
88888 77315
76 89189
15607 57397
47303 71833
67672 483
23198 2338
68001 97147
687 87704
69549 61951
89454 391
82408 77703
79556 44016
92341 89948
67403 80519
59976 35422
53652 45110
46381 23359
75585 89337
52639 57510
66379 61377
33105 20525
83901 9425
85769 36484
21367 36
75904 79468
89036 54021
95395 78396
26884 58868
79349 43102
83451 14344
70507 70067
24672 53512
58478 57835
89943 76049
5117 5679
66743 72819
83368 67031
25101 9876
44438 18964
63927 55275
73184 49991
86218 60870
5363 52392
237 41925
92594 22304
79164 34716
52274 5871
70629 55285
90173 39239
7438 12396
73936 54222
89805 47025
75548 80224
82031 63337
4136 90123
27602 58830
51469 75154
50250 87754
34809 1163
62816 37824
73581 34881
3726 62787
19231 3666
79876 42621
58713 51985
65510 58634
58872 95973
98252 52442
51853 30121
93601 95890
15296 1610
14629 21355
62824 35308
46411 30290
41332 25702
635 97831
45701 98145
94865 66974
60529 3164
66876 54465
12802 83435
25248 48779
37269 58356
94677 43278
26396 31312
30789 66703
58044 25072
76882 41861
22672 41686
21293 92893
45860 61463
96608 34265
32666 13952
3494 53612
86185 3950
78605 20639
25913 38804
76891 62672
81128 71865
83558 49518
98536 33559
30523 72350
24318 91966
85976 82841
93061 80590
19697 77515
86249 88416
12174 96534
30829 62718
87372 42797
30725 30311
48792 39161
6364 45132
5943 96248
12624 14902
14721 39353
68113 73917
44001 10177
84357 60082
2839 42505
84519 46326
30134 60733
70723 96001
23238 54398
74332 76156
49219 27201
7847 44999
19516 28559
55021 92372
22389 83971
12205 83274
8197 84527
18999 50787
48761 21463
52114 38702
33007 30387
6135 8397
8412 12978
23283 42200
70759 64082
71273 19321
71115 45705
7758 52526
82137 30239
43147 66187
5523 41585
98783 63317
19506 37040
67355 9767
58530 75104
25348 88689
64897 80313
55988 72500
10211 36618
15864 7623
27569 785
66483 47349
28741 92804
80986 72029
20335 11019
31799 57361
29715 64835
66119 59319
96361 11036
36347 9899
82268 87228
12026 82715
72076 16475
13470 37386
8524 63909
14771 18797
22020 55131
54523 21073
6000 98002
73868 30227
50399 68946
89872 32902
55796 86488
17700 69009
33865 89844
44601 6926
30311 48844
43479 99757
88496 86487
61941 75087
61462 35427
70050 74123
18912 9424
41439 24908
55820 50259
55139 74096
22183 81140
33430 79179
24599 74960
76022 70626
12370 30647
2197 54449
1700 39311
17880 43077
20685 207
33146 41923
80673 51845
82407 18143
1990 76561
91489 93894
90361 83688
58527 59573
23945 56593
93001 26047
35035 7115
77117 32138
89092 7526
81773 19954
14610 91493
91039 67909
56164 17474
39403 32710
63693 23274
55073 24875
23989 44061
79361 2591
93112 17615
10752 27648
23333 30570
88137 80066
51328 88554
86138 682
45504 37407
76867 53747
17777 27855
71179 85165
43956 36177
91851 79801
11770 90002
78768 62702
27597 61044
91421 12599
5384 55434
59463 5459
9881 38142
17719 61396
83078 50124
62892 96960
85093 11300
89174 6803
14786 52715
50460 86363
41693 51002
48407 53307
71433 81374
66069 33960
41903 65014
13015 34351
71049 93529
36147 78125
26471 51213
22290 10997
71213 92497
82227 12878
97299 70580
21158 6931
70852 85979
13874 86193
83519 94687
24369 4268
60121 46605
15886 37082
29913 16740
75182 35782
19163 78842
71460 46255
57294 6744
71066 77734
84438 89209
25967 82772
38730 72591
72692 93969
3767 29790
95982 31278
24283 4255
50295 79532
24299 51807
477 43139
73581 62653
14050 31228
20127 95983
38202 96759
72078 10846
8112 69542
60832 73477
61217 93104
32171 52438
28863 27951
39547 22581
99343 6738
96016 7899
94988 15132
32701 87796
13922 33315
63563 6145
75315 40690
77460 29975
50486 66119
53448 84639
64563 61174
93803 72916
31432 74340
95701 33096
24935 23660
87376 29054
93717 80958
15710 4369
31405 2843
56977 16364
20123 67418
30257 7473
29122 62183
34938 22643
62582 96926
63931 99259
22691 55540
91191 57510
6116 20015
49192 42533
14764 52649
92343 65243
76353 62897
36997 41827
72411 25801
35398 71784
35018 44521
16865 86731
68782 20123
69393 8801
39260 60413
68903 81202
77376 61666
13861 39419
21301 51505
47684 96077
92975 61252
13135 65708
34225 38827
53670 94864
15415 95527
73820 84071
28558 84783
4282 37073
73175 66126
98330 49315
39016 63746
94764 82149
73386 5439
25812 52468
74716 38282
42570 6688
76302 40767
96216 11119
53575 18604
73184 13017
47776 86259
91508 41481
6439 54636
88956 17762
6333 89888
61844 37112
90008 77199
74506 66675
57154 92747
82980 49200
25912 87579
36089 20511
61771 26233
16563 63078
81123 1012
34451 64220
47319 70575
31085 76815
33526 85408
32455 959
68417 67890
67199 74208
3246 85187
55298 50236
84263 65703
17462 847
73001 76067
50161 88297
61478 68275
87295 83248
15715 91044
70304 53371
66458 23226
38471 63640
43865 85740
50588 2278
58498 68131
44187 87260
44649 35103
39635 69537
4953 99506
13160 27409
38671 84610
77170 13726
70845 203
31708 33517
16905 52859
50501 68149
28459 39413
94114 42788
56626 54223
27514 12921
86528 44307
57481 27755
9386 6401
75038 79616
37337 28876
58012 7159
90347 57433
80477 63679
83474 63043
63658 49661
60980 66073
36164 65354
6761 69758
14207 35283
7393 75497
97217 95960
42267 36291
87048 72909
40911 41003
32161 40379
80005 77941
77713 30432
4924 75174
88784 62027
89188 86746
33833 84289
7460 89055
75260 61403
58741 19191
29981 99013
13348 64730
69042 9633
28692 44913
38296 63362
17114 15676
22782 21714
29375 75790
38536 1100
22658 23595
45901 51202
60979 12849
58042 39448
73561 83916
22126 46951
94157 37952
6812 16219
8989 41891
75051 37206
95850 89663
5785 62635
47530 91829
42612 83875
60455 50901
32192 33947
31293 96968
42772 86852
69216 34950
91548 41570
25364 16768
83544 23822
1683 14167
11548 89396
87979 56834
57102 13973
43773 85997
96140 84646
51455 71348
55939 86864
70203 35820
53209 64558
31758 46843
72675 6514
266 22395
54831 63200
40852 62939
89020 77136
43494 86686
56029 24528
27438 33241
13339 50177
74542 14841
10352 8502
89274 89019
94316 16824
68381 61907
50451 66244
45076 62278
46716 25674
13329 92815
50708 5264
16281 70110
32601 69454
70535 86516
23520 46544
98119 33896
67216 53207
41051 229
76069 79448
44442 27626
74541 90619
20428 58408
40110 14077
18799 5288
85182 72878
64821 96579
38410 73108
14020 38471
99568 7719
10260 97561
48644 21235
10517 71597
81775 51385
9958 62960
59307 36973
28639 68127
1992 47161
5544 63373
67723 83993
86559 2881
45258 7070
34871 76565
5617 89483
52915 69208
70751 75835
59279 57165
28362 54713
99448 81930
93591 84486
42830 91386
12483 55574
89769 17692
84349 44499
95025 21697
72681 17465
99173 96785
94334 36536
37973 31719
89513 12118
53608 99025
67272 87754
97655 12209
85200 29986
67632 20862
76296 21374
35220 77572
45228 338
20185 54111
85674 58088
15304 18404
71688 45820
58016 34617
85628 83230
42257 57848
1842 41268
65474 66832
11275 60949
84301 60932
52632 15406
56317 66506
76514 40993
11126 97612
46822 93730
96750 69835
47633 62424
1068 4055
75368 96834
15408 94776
85091 42991
53739 32456
81805 25860
18626 9271
91942 51451
75151 19750
95265 14558
97696 26252
25670 51024
61206 48276
93169 19076
23592 44989
11889 96932
96605 30937
66506 22123
14133 97166
26132 63979
57793 2648
90233 57577
92391 47333
37659 51836
47391 40183
36299 32465
58968 98982
66003 9066
3508 26844
2798 77978
56711 57687
52746 34443
36028 87050
21869 31640
80720 70716
47405 17779
2005 59335
64438 91008
15377 58714
92904 65816
22044 30040
7127 24615
83493 89047
2569 54607
41614 26850
92156 33443
62732 59960
76221 28076
57384 8042
84689 58408
52608 90656
8688 5478
45286 72661
95301 44683
6848 4631
79536 28848
64326 50408
5668 70657
61800 48543
15145 37855
79366 29512
59099 22751
35477 81760
18569 79658
87681 63834
1847 7835
6085 24220
53884 75588
26292 88418
7173 60073
34548 13594
24272 23459
45630 84359
71026 93630
97408 75935
21106 69595
92315 48173
99339 40559
45732 93743
72462 29378
71111 53048
94237 2513
45952 24336
98289 44781
60224 44495
3286 2298
83182 97350
38186 43985
41123 86422
18113 68734
28973 87478
79684 18338
10765 64241
62989 10866
87609 78086
14348 43990
37530 67815
92133 45643
66639 69178
14928 75618
72969 94395
53304 52158
76237 98648
24637 81562
54613 74611
83858 10721
19439 8196
55871 88628
15196 70389
14975 19912
45010 73220
44355 96709
61563 82052
77262 91592
724 32540
93368 993
26735 28326
19179 7862
42481 54929
78153 82719
78804 72256
4611 23560
26886 22825
45955 41362
62633 50295
76932 37009
497 77833
68724 94479
12489 1456
90905 77480
7406 1717
49225 18956
93202 92080
99536 95489
42043 60914
50286 52798
26849 93884
7671 30865
51987 85382
92177 81626
22259 16409
42137 25998
65173 67157
71390 94997
35172 73772
49573 85163
58526 99013
80771 96835
90035 63994
33446 60799
57193 43162
11533 49626
58331 13608
75531 8446
69621 1786
76968 52462
69562 79611
87072 42526
88191 25961
50402 15541
12333 8439
36561 69106
64546 90092
32263 79204
22192 90371
79725 16657
42525 49609
78181 94576
37922 12546
95712 89295
89484 24773
74024 93709
80254 21083
42231 5153
94125 13540
60254 95857
57283 28786
22272 55324
29692 52459
84276 82641
34604 43051
84710 53813
35670 55968
80534 34945
46710 77164
96023 10786
64537 39431
24658 94232
31520 79643
39297 19575
93889 6246
97972 77193
23557 24219
88943 16617
61771 80097
19946 55785
17060 41138
85808 93549
15925 26814
94016 91438
89560 52838
88783 84441
43579 84513
79876 85677
68031 22970
96603 91584
36378 11727
36451 99707
36118 51124
36320 46841
17936 90638
65897 59820
313 59705
9067 13112
82329 22851
99204 62774
18407 32654
91273 19571
56370 45618
43808 52622
96891 34072
3271 16061
20248 51808
55051 34697
60627 76860
4562 13933
96457 52787
71410 67547
87692 85631
94007 8279
93857 45455
28289 57562
17251 94438
70595 71760
50206 87930
36421 49498
75637 78261
63939 98125
38076 7064
56013 31250
37022 65203
84965 42212
86744 82766
93316 35669
21244 41924
724 40233
22288 19426
6519 14520
7948 45965
44575 77777
70784 98649
86196 82290
14123 59282
34034 42065
55909 67863
69832 43670
12374 65818
23481 82494
79164 69217
40095 58394
7209 86344
41411 52110
78275 32573
46022 35218
8259 60963
13852 32500
54102 86000
1676 97172
89631 68238
89713 1863
94771 46717
41724 56853
12763 22320
27343 44059
43350 6060
50243 7498
14388 96716
4963 53222
71164 10975
2447 85063
57415 95496
52858 79323
27810 55005
60045 14530
57328 42633
60226 20881
36774 21835
40073 66352
81902 14933
22406 68220
47716 24237
8305 66534
53212 20303
49492 50417
19610 77161
13873 79864
83704 49565
32378 47270
58980 97346
5623 34460
66655 36036
53731 58126
3871 55616
45103 40710
38733 70921
48894 17504
7816 7878
17095 25420
70241 20817
74999 94800
82397 83929
65484 20547
13494 82465
75995 62675
37018 19775
34186 58816
9290 15166
39063 2462
75773 19612
99023 78199
91386 82572
64376 10919
44161 38806
64488 43902
73251 26226
92171 59106
68037 98289
72448 23850
16034 40276
82589 83556
550 45010
64519 91504
12915 98679
98491 2594
5120 23103
41256 59780
29461 73119
31858 6993
34992 89533
38257 23516
57027 68275
78736 7591
22163 32368
76430 97228
80251 15894
71904 24440
20807 83965
59533 16011
61529 43375
51185 7833
95208 88650
22970 58475
54524 60577
38766 20447
15219 47835
82947 96100
12287 47379
6342 50239
72038 98902
70709 27466
46241 13320
18469 65679
77373 89439
23580 5073
9533 54534
19287 89091
62518 32924
37510 67118
39217 66451
50123 23824
24012 98865
39775 13816
61018 32210
11021 66635
41054 84388
66741 27522
88756 3049
80458 98218
48105 48281
92693 48162
47838 74493
55632 928
84104 43669
89995 10637
49171 19379
29898 78820
27450 478
75044 60439
47345 56976
24710 92394
53852 13944
95567 87254
18357 37497
96817 19591
20105 63369
96822 57695
2971 47507
65689 18705
26944 31925
52425 81286
17858 58083
34761 9467
29150 64322
5939 1409
90917 91054
93232 44060
43710 60628
42689 75333
41187 76601
77114 21320
68063 86129
37313 39143
47319 47176
3604 57045
85406 25309
6176 39675
92638 63458
19050 50966
79606 60958
36042 21847
95671 40523
41003 52354
53030 35768
47117 83663
53022 96551
96291 35661
63019 1424
3126 94490
66159 84893
41503 64748
6336 76108
401 47627
75880 91856
46413 45236
15812 35760
907 49496
11398 32071
2712 378
20628 65090
33330 76277
32230 31941
26382 54836
70635 88358
94323 24568
93349 26385
59389 17654
6984 57314
20698 80470
35135 12942
64976 97237
76199 41402
53365 92260
99891 65666
55254 33702
99462 61716
64849 14902
5372 49586
48186 63359
96769 9588
90394 95010
95864 63204
37611 60116
66133 28640
39869 22557
67843 86939
21365 52089
44512 65020
81769 91099
59388 9885
31525 6054
2654 88269
83848 23314
99807 9903
67784 80205
26092 95289
88938 17303
60776 14070
94667 79268
93160 84644
61914 37310
80213 39991
95515 66593
24557 91732
5061 28957
87011 15191
55653 57720
6395 79821
84505 72713
11823 59322
26006 33214
18956 48469
78243 45079
16757 46151
73147 7656
82047 56752
847 32955
25524 81218
87746 65868
31440 36868
47051 16043
69095 59056
34422 89694
21725 33909
75939 86812
86188 97429
26214 9843
92098 27272
19557 39970
78816 11480
25118 76224
92988 42947
60158 78035
91840 57181
9450 11162
20296 43595
76954 68420
70184 40808
50425 52791
70340 58532
1575 65674
41495 73472
4375 73258
24877 69523
15409 93497
30952 27496
52369 89834
47518 72286
83174 31527
52281 66182
52660 46955
35830 93481
15890 79817
98695 10048
71917 73251
24145 42938
54019 28147
95886 60185
25705 67077
13197 23893
7078 34619
59469 9591
63350 88456
55589 58847
66247 50870
66463 2655
13919 81152
96537 11998
22900 53560
39875 51159
62130 20418
63555 9175
81817 68887
69076 35266
84541 95044
23490 38030
13924 13320
83695 72550
66283 47193
47282 68072
16610 21600
85683 4232
59595 23192
76464 22827
71103 4179
94684 53421
77705 87669
86714 9979
90057 21271
18950 83482
98066 98661
11020 76414
38508 82945
94735 71667
74579 68350
15460 93880
84150 41125
57268 26079
7513 75507
34910 61391
24883 62617
18738 99234
96433 987
9495 55271
48945 73522
79206 20385
18152 8586
43692 838
98812 43044
33708 71968
96235 80053
87291 35088
81763 36133
86594 9094
77607 42802
4320 9226
81616 71850
46533 89847
33898 21716
29624 24698
6387 11304
39922 37047
13663 26354
23105 82117
26678 12723
76518 87757
8757 35808
95351 33678
31785 64801
91230 67164
62679 78035
33304 42589
43415 53255
15734 40523
8020 52225
82719 8788
24461 27289
22316 605
84120 21789
31531 69307
94426 15181
12414 50552
65263 94270
40153 84244
78856 56440
75718 79617
96552 65144
81636 17958
88647 82671
30244 65534
11567 86016
49995 25750
17058 60294
99508 80018
64369 44684
55499 97544
46854 31667
28434 76163
80284 84143
29024 77057
11137 49866
38364 45558
89755 60224
69415 92359
54944 84834
23344 76784
83004 33331
29 63647
4943 2094
48488 68822
32108 40093
78624 845
61052 67971
52356 80365
4025 90644
53292 39350
74195 61336
36480 3034
43694 56748
38878 94048
13794 53408
33528 18850
23130 29177
88436 42671
87926 5265
91786 70697
87337 71986
28362 22312
2107 23999
80723 3350
88392 38284
77917 34257
23902 33792
68112 7469
5731 32506
45803 57103
72782 64009
90974 6611
40553 52627
71184 1286
51606 70063
99225 54860
93606 491
17865 90523
76771 68838
99552 97503
29415 98775
28596 29044
65539 69892
74254 57935
22202 44620
31660 90134
80515 51614
96129 70211
79914 3168
91505 45893
88399 58025
90742 58718
39429 26022
93981 68038
52212 6073
65961 56102
87801 38741
33487 42911
64449 69828
8185 74721
56529 47073
47780 30420
41793 46590
84353 48018
84860 13855
99351 20266
18401 14301
34687 89279
81893 38085
96615 21639
89743 40278
1776 39405
3867 73095
40816 9616
41016 27230
50065 89026
75978 51610
9456 51465
30568 57066
97023 88161
15775 21363
38787 71767
8589 33902
14774 83984
52198 30407
6406 44832
531 67935
11156 30452
45582 29291
64695 39401
94248 19796
72023 53714
36036 85621
49522 12725
96921 48544
75962 31950
99603 75577
73588 40332
14962 34777
88986 31631
43241 51308
61850 62608
40480 20756
89014 89593
74259 25380
65762 98152
18418 12677
36585 2673
98847 21748
56841 50777
82930 32258
1362 45212
47896 85779
46730 86215
31696 83712
7276 29918
76461 84565
10692 32664
22359 62195
40469 76574
8585 14863
54931 1712
25780 12145
96841 19871
29179 17174
92373 64500
64886 16495
74951 56232
29007 65312
94022 98922
29415 44353
97418 15740
3922 63360
88739 98070
14935 66398
31889 9314
48241 32525
1929 98750
2064 15001
61687 63261
58169 58044
13014 31302
4450 69895
27417 88116
52023 65536
51110 85556
13336 41950
97366 51722
70520 49743
10103 19628
5312 53556
15146 43909
27049 90431
90725 33236
7366 50267
48241 1450
84088 23812
87181 58736
14199 23755
35305 64894
77808 65971
11628 84549
88642 10359
57423 87815
83424 16738
7168 2137
17042 22837
26976 29160
61107 55428
10981 68209
34548 43961
75385 83623
91576 32144
8729 90800
94134 20281
50262 33961
54075 58842
39799 84350
28005 86730
87094 68146
12041 70583
42111 58973
29837 6337
31668 31881
42830 2685
5835 36821
19516 80562
15694 82514
13945 9951
63674 64200
36062 788
51009 69810
89079 45524
57192 54653
28929 59929
56777 60398
74163 69264
18418 36793
32754 45433
56037 20042
77659 17288
1014 3072
91581 38791
26096 44237
10332 69970
5264 77688
48688 85465
89128 69915
69988 99265
50910 97316
29175 14467
77962 82584
37342 4396
11003 62764
7328 9820
98003 48267
82360 33927
88870 3315
4215 99255
17151 93911
48736 80391
79964 10974
83818 17609
53805 85026
2050 23170
30008 83731
56070 73737
91992 95474
96459 58763
69530 83382
62327 86634
74718 25226
31655 57081
51900 17069
57771 56898
44060 38512
805 22048
29469 86428
3694 60101
87439 24586
18929 12053
98777 4872
8206 69545
32212 26459
79896 47854
14957 17847
4120 41571
61639 64073
91207 53342
99415 75758
23288 41416
56006 12857
90220 90268
40019 96017
81979 9132
27438 82608
47890 38332
65630 62661
16175 10405
84444 89075
48391 68820
99286 67088
41089 16200
56653 71815
93081 44503
55447 64246
74590 49641
78973 10897
52403 6044
67582 66877
46034 19134
82603 92501
58020 74070
68489 39785
47434 39804
89330 45722
43832 83293
38516 34368
62036 25496
88816 38436
23259 7907
55228 33990
5405 59814
45314 67160
66908 42558
41695 13312
44721 76316
48357 86138
57255 66948
36857 23988
24958 11983
50165 30897
59273 92905
66791 84647
61872 82643
9584 49441
97583 30850
21671 8285
52629 37406
6900 36910
3654 58180
2869 77691
32378 67173
70364 87902
16892 39141
97262 17159
37707 13244
90309 75607
18076 26360
21840 42821
246 19353
12814 11708
94740 47732
17719 55611
519 53649
41907 77108
87698 51821
61504 55501
79244 87481
88208 36418
38657 71161
97832 91681
82994 89029
38659 79852
87888 48523
79341 7067
5797 1131
62569 18903
30379 602
3436 7264
28626 42112
26687 23272
89055 32506
12128 49014
56455 13720
32033 41636
88760 92864
21928 73666
19185 6761
39694 37520
81221 25825
1408 35400
30525 74696
71425 49425
47314 96403
94118 30061
9847 52681
50200 1708
12525 37769
64662 16055
5196 259
91984 7430
39905 23162
10189 13418
15562 68809
16326 80420
53276 93498
40457 67468
59806 21552
92663 75019
69867 84863
40550 15681
59764 77966
18655 46176
76636 36796
37921 44942
47290 14200
43292 39431
54586 22568
36823 58745
71452 20803
59307 97575
58388 28247
92102 11975
26408 63716
9449 33508
43317 70814
40138 83324
54091 45967
89171 88290
17740 60242
12161 60637
29681 50617
12262 46344
10405 21641
35911 83728
68840 82649
12062 31737
95373 22007
37881 99354
40444 55746
97785 39356
92497 17136
96852 45566
27419 37098
78836 74260
94014 66412
40630 8260
40241 45574
89132 44871
21025 79133
28827 56270
95916 97578
73406 29979
61063 65498
16577 90083
57369 99852
34534 63507
62109 32982
38500 95016
17060 31393
68035 96437
97585 78184
51361 99425
77467 43997
45200 15558
78830 32804
6581 66964
65418 46454
22027 82987
83267 26400
89726 13092
93823 30433
27185 71849
20955 23119
76184 665
19719 23955
93342 85925
16069 2216
78657 32342
5518 26016
31985 10084
13389 21407
83637 15072
38241 41118
46309 64619
21280 63081
43281 33341
42447 95458
14392 79583
89482 47708
82354 80529
10658 97920
15783 84485
66202 25675
86166 84546
2090 9742
73679 61634
37020 17613
24377 69620
5778 66977
25229 93978
75678 45014
86680 56492
95751 36749
99453 18932
49995 49435
82321 49840
60984 47401
67326 37460
51281 35922
40608 17797
67599 83911
63947 49950
99805 8302
99843 78159
57499 20479
75682 96793
48477 22374
45141 16979
67241 11716
76448 1160
38748 89006
39958 39159
16614 90796
96353 29266
57449 76347
99776 54815
77694 45740
26148 19354
38608 82819
57778 54801
28382 27992
32900 9735
55293 61273
54472 77489
70613 47078
12031 41244
87999 9396
14143 56677
7917 20683
70034 80191
77794 79912
52533 28145
75894 93212
75066 91157
27283 62666
31846 79611
20475 25901
50419 47779
15839 42192
28143 50983
14857 2676
28540 28719
31251 76397
60622 99386
63758 71109
39888 43420
11005 6008
90271 12378
18071 84759
55309 36208
18056 40901
85279 77099
28880 13213
58672 76464
58050 86634
98124 99859
63527 41900
98550 66625
82265 67130
1218 29494
22152 82843
86075 33511
51896 21900
72126 48890
4321 83645
90269 51689
37358 86228
77854 12707
70975 52936
69210 97675
66887 93063
39326 38999
93838 6384
46829 32018
55119 85530
37499 59034
65979 55308
85492 87971
68789 97346
92019 64210
69077 65167
64651 77794
95365 73397
68802 69091
27207 30830
96337 1974
5964 69703
16581 31058
18014 54592
10913 68898
2327 26989
73594 92709
51304 86776
69369 67821
18547 31516
70429 6720
1554 84587
97942 75546
22574 15754
14123 29673
17512 368
76533 18928
82899 31626
17122 23236
65175 40922
77587 35410
27408 83123
24094 92567
11790 15967
38572 98694
2675 89849
7324 86310
81720 35091
97151 94066
83207 47730
33882 90007
45026 77645
33127 42713
98043 13617
22228 88046
84634 82592
6498 39393
86043 89709
34663 78609
3021 1889
92525 87951
74868 26714
91440 21956
47879 88775
55492 18056
97522 29485
69325 90732
67862 72869
5798 33361
43012 7611
56251 57711
9734 50161
29678 8911
90454 12058
22965 51377
50661 99167
69946 63559
62838 45981
99066 6968
82272 40325
3559 64062
47183 52571
13222 89928
40291 96312
91922 91609
27983 25192
14295 8519
19067 90445
38199 88957
96451 58842
40009 24249
27383 9976
66357 33295
13369 11716
61241 44772
75745 111
33607 81939
46812 38429
37988 97100
77033 75527
7371 36816
81243 37017
96424 60150
73210 78036
84062 57290
46273 1581
63874 31368
46113 87276
56541 75717
34077 35854
4781 34471
89804 94276
61764 34568
50395 44530
58248 87767
86408 22449
52114 16886
1160 88493
14063 45373
52769 50983
3810 86230
42705 5972
8256 35263
72421 89500
21810 69579
6243 51932
33974 90081
91873 65476
63583 86939
30315 57658
68497 17353
45889 1366
54310 49388
49974 96804
7659 96603
88018 43077
13315 54241
6577 31981
58435 94044
77571 93478
80116 100000
86218 18924
87925 87250
53758 36016
47127 68782
3692 90134
41279 71554
91283 24310
89511 77328
17190 58174
70972 74704
38093 56334
47009 46027
27875 11194
22060 4097
6393 51340
98660 6724
46706 70144
59593 89979
8741 79975
67244 96032
2047 4772
4498 15138
25854 97906
66037 29668
28982 96571
6403 35772
16912 9442
15709 3509
46246 65755
67865 25581
41993 19982
92161 46712
44603 67991
57394 74715
789 11177
44670 30930
91330 91718
13578 98730
45122 77864
10449 95687
80297 83740
97823 92160
78525 7874
93750 88414
85563 16590
68428 98017
338 94954
56907 64379
18150 29138
57425 62674
45903 42934
59822 45186
96119 59291
41704 63641
39840 35771
12185 18522
93660 79872
48016 21339
36883 46317
1484 73606
99520 84309
31397 1019
3956 34978
12995 68141
26322 1327
71748 37793
56657 71214
74810 36658
44862 36420
16203 79791
31511 19720
68848 27
15120 4775
47414 24173
15570 80355
12192 16142
63799 11695
72418 86813
84944 76981
47912 8846
21311 84080
38925 49254
95517 38802
31492 22689
32373 31263
46451 66285
80327 6448
31155 71532
48390 89426
48177 50326
5082 72324
92496 51764
43103 56957
15653 74150
43621 39747
13306 74367
2190 85556
38315 12739
46738 2145
90028 89968
3934 65326
82881 57234
52368 10836
34116 27949
83165 31136
85730 64183
54252 60241
46238 62362
11769 5341
32173 16055
74707 14284
49977 77406
91645 9916
88255 40056
65425 5212
8496 23485
98392 53905
11699 40382
93811 26995
71777 72124
57174 19889
98856 73006
53127 72361
26441 87168
80451 66257
42683 69294
94682 8753
1349 16525
39438 90630
5671 31811
33432 24353
62066 81450
48419 44614
54251 37585
69839 40686
64013 7259
93871 33861
41156 54013
50955 70508
26546 76740
55199 71960
83981 72781
11162 79985
79199 78604
25152 49396
11109 76294
36169 53586
49009 99190
88000 46927
43688 97964
75652 48195
94309 95369
31466 63772
95540 95460
4793 88347
3800 50184
75948 55282
47685 43987
65300 74700
37734 62905
45492 32197
98680 35456
35203 78062
22797 63041
71117 93483
87371 49933
26675 42580
99178 454
66214 39703
84666 3617
42704 44372
64346 62059
82699 93952
30146 96193
67591 4611
44122 44694
18057 89658
37217 54673
46630 9781
14663 60268
49068 93498
13203 10518
56250 40192
93725 60274
37315 1077
58485 24470
41232 84441
30587 77485
18938 59169
25156 4566
37523 47829
84252 61794
15614 21137
13822 3801
14803 71144
95486 88022
50141 12348
39680 46759
23899 48488
87613 64590
37186 42294
30277 61730
53913 14697
78520 3983
86939 51093
85132 29553
92249 1602
32394 52189
12886 93388
38737 68345
68617 91430
69106 31711
56062 83314
97394 32926
57525 93802
19627 12665
1954 22523
11019 54406
7339 99973
3123 20719
47885 60
39193 99669
84984 91914
89190 29320
41710 18378
50041 15728
87208 85935
34147 49287
96881 61691
84585 12573
27561 24392
14757 10899
44899 3843
62117 26880
96903 18539
94155 40527
32081 90487
3435 33311
53328 30477
73936 62562
90472 64844
21815 93950
72240 41571
52114 24015
99765 21719
9926 6179
7221 28673
31693 8668
74053 53390
61461 58610
19820 17885
48896 46799
74149 52868
73410 43377
12193 76812
72646 68811
63907 17136
91625 11172
18402 62434
32125 84758
61258 3623
21512 74768
28987 7926
53090 66549
84905 59676
59067 28443
14042 63706
64498 41389
46571 45286
6655 44970
11116 22342
89610 28995
91679 48312
10929 64320
29277 54381
14086 35196
40209 36681
97007 74533
86714 33925
44325 989
66957 35757
40213 8987
32978 10499
75394 41963
63042 92922
86401 70346
14799 23099
30907 7947
25532 52579
2734 24660
50881 95267
30637 97121
4264 21183
75003 21312
8659 1168
38164 11956
91796 17506
9541 17075
45554 9654
28143 17288
12875 49633
91112 36817
28364 41164
66841 20865
19419 27378
86945 98240
17870 58917
18928 47846
58961 40232
80781 8259
17348 94038
23313 20507
39579 38330
83178 14274
51676 56885
409 48004
70276 19420
17844 77856
97123 58391
16485 34599
63227 32611
34312 22882
31205 54865
46801 79658
9836 80549
31108 69838
10255 64631
30107 79184
64323 86709
88292 16616
27759 1344
53824 41056
34735 75914
71558 6198
94066 39134
90717 57277
60924 37976
26309 12476
76709 13641
13839 53613
8439 15829
27776 94303
39603 72436
90611 98869
46413 5972
79092 60037
70636 29845
63045 23226
58731 36332
25596 53523
4443 16609
16419 13185
4639 89136
30903 4173
47950 82380
91658 9903
24148 82072
47586 21816
90513 63564
42199 50185
90104 46230
49688 69370
35602 6486
19367 87252
76473 17536
42680 66743
72349 84862
74455 98677
25698 64972
70463 10709
18240 92058
83267 65617
86722 54254
11368 37528
61448 45503
40457 69325
37349 97339
94866 90054
97 47330
93350 34221
29623 58280
46810 36259
92152 72375
82583 76440
78791 75594
18811 22292
36956 31828
41689 89650
40609 21719
5812 23135
91607 5197
15240 62911
31410 24131
36418 1801
34937 87929
91075 5414
18663 46435
77824 42038
1901 33707
36197 10666
90093 77356
73549 66251
50944 89145
40044 18898
26354 25460
25222 11662
25217 97111
58901 28481
69697 89039
43174 20771
78074 90779
79260 20062
33032 71025
81356 78576
80891 35162
80512 75436
99189 4593
95188 2937
99822 30409
13884 79985
4563 11684
68828 7332
87779 28540
32718 35635
95825 20509
15488 23317
21829 97641
94707 94261
36603 75059
12797 78193
83810 96388
6632 18333
4445 33338
73713 58814
29734 67492
35690 37840
20774 7143
73176 97569
8127 76668
82069 57939
23842 24207
24815 49566
90905 53154
57991 31915
19102 32232
89588 27962
59746 52330
9469 47549
14855 837
1058 83355
39014 79274
64692 80462
4747 91549
42457 37797
69620 16503
35209 56835
29589 24869
86771 1022
99830 51942
38777 59264
16659 81712
70671 1034
61115 88523
64032 44364
87379 19476
26633 59118
46864 87548
98044 92011
72288 58631
84191 29872
23202 65838
10 386
77129 92317
67533 42325
92125 50261
34599 91157
12473 33291
96016 17153
19086 44487
96112 90827
28031 31751
87717 62745
70691 15513
89122 40487
49223 45124
89930 78435
52713 77728
89849 13456
94494 68505
71164 77028
77260 86704
63923 24841
81233 44410
78294 33791
1370 55967
83629 88537
79981 91164
68695 252
80288 38625
44004 77379
60831 27700
75195 16701
68170 14285
31605 47597
79796 80760
64448 7113
35301 30806
55004 7644
72537 17660
19777 48741
31616 33266
93752 54102
32124 51733
57054 46197
85893 26933
68228 57566
96168 3640
44401 40990
75716 48693
9054 11450
91084 93498
58073 84262
73256 25415
13891 98543
54835 90577
75410 66194
53502 10176
93616 52578
93068 34608
34457 36742
40276 36276
4161 66872
39203 99182
76 41319
54359 23801
46356 20694
18468 20992
35719 36603
85747 18915
39687 69025
18942 64985
4936 43846
74646 16009
29685 11357
52349 96304
40235 58222
44844 34462
36859 44881
14126 65816
50029 29783
42083 36632
52312 85665
99454 89960
37611 16102
74792 11691
62759 16338
48379 25621
24547 70817
26983 57869
15303 48968
85552 31890
82385 35789
84910 22259
77459 12010
30763 90038
10802 30254
91145 7858
73513 54363
47482 82676
27108 43913
98502 10174
1702 81858
30376 92259
38115 82116
753 79757
10918 79426
11812 7992
13837 34915
88824 60596
36808 26850
75354 16198
96797 94156
72776 72455
1639 57829
77334 86788
59442 62979
59341 18940
29025 15473
44967 41253
85545 27022
91957 82344
72787 9740
18873 82688
5149 4017
55756 37567
21626 56025
12377 62410
68814 22226
77408 58712
77362 96190
57652 57814
26646 96533
90173 98854
49018 23904
9399 68923
21908 37151
71953 94846
42733 3140
7280 90605
7460 3446
35561 68534
6313 70223
79594 35361
7555 49566
81073 19075
55403 44390
63987 41068
72143 65789
5015 18970
81872 34606
62585 65187
78564 66775
58247 560
80148 99596
54279 5436
15647 72242
88783 48473
13910 25093
24940 62763
83454 15314
15292 70859
85265 39102
57332 80965
49949 97149
37722 49754
80387 84283
72555 66239
55065 34487
94807 13372
78857 77379
86464 15663
85808 37734
4191 25510
78367 67194
26623 28104
49566 32878
75552 3373
23652 77764
55605 61537
54464 46036
61062 40037
42163 36936
6639 72142
93588 17502
58463 46884
67434 41193
89690 71716
95670 95600
13944 62815
36934 99694
5508 47225
64579 13744
9789 12875
88644 53402
82392 38913
54456 8514
34780 80444
60257 4980
3460 63888
69427 13100
40257 4392
12601 24095
85974 16926
26833 38322
97018 19619
86283 91233
81625 82589
8877 33850
78963 89923
19090 75103
27964 16899
42406 81928
66906 28669
48300 29407
22635 58118
44536 75330
50812 55334
89366 62852
55634 19322
86497 71404
57029 48722
22252 4500
72288 52084
61533 28555
77763 94519
28301 81396
22273 92777
7721 31045
22978 57290
85012 14217
4546 94223
67011 55006
7824 72800
27039 69912
1968 89818
38407 2812
66234 93677
91723 97222
2745 75678
19282 90691
62956 51495
31605 70103
20488 54163
93729 65401
71188 2210
15993 90418
64011 34539
99570 91746
76510 86805
4438 88443
3728 8412
67202 15236
49656 75251
47559 34583
72450 68860
75884 15331
73614 55601
69322 41834
85520 98239
22991 96868
65998 52166
66556 49051
88517 24506
98151 43789
41093 39685
56666 29230
38512 2979
48370 68291
53759 68836
65824 64999
35933 38701
41964 89802
35754 28439
18701 68525
26201 77487
47186 52839
44978 93460
45884 73891
93041 63453
12897 47648
80165 37008
29963 25231
85042 18092
86839 54617
79663 89888
89847 9367
53321 7633
10256 82040
38974 5112
8701 3742
51363 34114
23178 91873
18175 79534
84921 21450
47117 52947
97089 67321
73790 15895
29226 97888
33237 85785
72818 77030
82313 51400
99115 35974
54246 3209
78778 23501
50636 99189
56762 13887
55375 84088
58103 87890
97973 84692
50068 59825
11227 68444
6309 90106
97457 51801
7925 56193
54809 73096
18018 93195
54444 45242
32476 69524
82229 81171
21097 92713
63507 2124
33220 58159
67963 21234
24826 8698
50708 68452
57899 35766
7994 89592
86351 95202
37468 70806
54638 99952
90014 77884
15207 4199
19448 99000
15338 75585
53236 42001
84606 7725
87156 40191
50172 43310
44009 80526
28305 11770
21181 36384
15264 66331
11051 22792
30846 69298
43361 24719
87060 78127
96581 16178
87745 24282
52845 99010
6038 87662
50405 92451
88696 53784
98125 15181
97601 47356
47097 87118
90718 34033
23663 67495
80018 3040
84556 13834
37330 98504
82688 52227
36168 22429
6509 18060
37873 27333
51436 51606
71902 27098
24296 21895
36183 54346
59616 20055
95667 63450
81385 46578
44929 45023
50410 74585
53378 24387
55519 13504
56844 76454
39703 18930
27081 18970
44662 36296
84662 96134
81875 47286
75012 3205
40251 40543
24411 18308
8620 41179
54962 82695
95099 3608
35608 67012
81359 11318
22990 99686
36611 298
69931 91275
31848 96380
88279 21383
46720 27017
1968 78783
35013 29057
38184 49711
88032 34506
32004 39301
56370 35291
895 71747
23822 44898
58725 1601
89085 94111
57656 90408
75865 57446
31823 61336
62962 60033
75090 97411
21900 46124
72159 56144
57919 9239
33640 17401
49110 79752
82067 30701
37808 58134
53881 12046
6210 10479
70311 28020
99636 68467
97376 37353
2655 28662
6520 62027
50645 70658
75610 81806
85561 94355
12484 80055
86946 20313
68934 10881
12605 11033
26567 78524
73192 54733
71232 74121
41144 23679
28158 6559
9716 4306
85956 34090
79223 73881
8903 96966
22098 56126
97776 40040
29415 17949
26974 13846
70223 55846
3521 4554
61814 90366
62176 81075
31033 12702
35764 30643
72559 51187
50539 7202
40029 47644
40742 5929
91328 1840
65915 46600
40072 24661
44787 51538
33015 23370
30061 2764
35781 41662
17177 94577
53727 32630
65406 4208
86628 69067
31030 21356
35719 75241
70124 10139
84688 33970
4997 25608
7803 5881
44020 53682
1623 64520
45923 71402
44679 61978
12593 84153
70469 15777
45967 60152
50650 46305
54306 48085
93192 35123
66884 33365
70496 77411
93571 70028
51244 59699
34337 41511
24646 68086
83282 85187
91007 62037
35265 43059
49401 64526
1451 125
6125 56784
77762 11005
47462 61824
89483 73986
35588 91990
78273 49100
97435 49089
51888 6964
65969 84287
80794 82084
83043 90822
96918 56474
73632 48286
86220 95594
86893 93605
79706 51705
50591 44393
54482 91139
66436 50481
37369 76117
55995 26741
11562 25043
86103 67777
4785 12980
80864 23510
52305 76417
3377 96617
47070 12762
22555 9475
97892 90512
87105 70655
222 10636
30682 74670
19711 89351
69139 77462
21837 20944
94858 18415
71232 6121
70964 44549
42344 31594
215 71353
63589 16413
85745 1408
66188 88896
68303 56770
79401 82918
56983 27388
45047 57366
83967 23167
91690 35115
45651 22158
98341 38386
69043 57764
58692 31535
57074 11596
12692 88024
79416 7559
15414 40024
84321 43786
18528 17614
60828 61917
7259 22955
64462 87325
13574 24152
93708 35258
88561 68589
75876 63034
34531 89051
96405 87636
12437 76900
10897 74102
40053 77725
27010 77440
11524 63475
23875 24135
5944 52131
34147 73075
78011 25024
33638 97281
53866 84720
73379 55553
42102 83472
5286 81241
62023 91436
51952 28864
50164 44615
37554 37988
71980 94233
33846 83653
89040 55116
44342 10167
34582 2687
20387 65892
23368 79939
24127 51144
27651 23392
95619 10579
77497 67761
5370 75818
72751 53699
57892 10727
95615 32027
41844 26708
46647 25901
80723 33396
1657 15013
45787 62331
64249 22178
13948 91728
63330 11542
68314 34130
98481 62248
27340 99504
69304 79633
23359 66448
88253 20258
62578 79337
4152 3741
69336 18536
20697 37016
33977 20655
14591 21694
26832 27537
50050 78317
45198 5944
33290 1624
43606 30400
76373 20710
2271 96057
66709 61265
9909 25192
96208 4969
2105 4390
58302 74991
12060 51936
9039 7866
69672 98997
97698 63029
14807 63548
70319 44863
89722 83355
56382 6185
83699 76849
28750 92
73307 75405
1967 26512
84029 16212
40200 96982
82009 53823
24626 47952
10754 99802
91802 81747
19936 86599
72515 13324
10479 82489
81186 35480
46814 32409
26624 72330
38449 3909
16892 68777
14688 78572
37638 40623
8118 36499
91333 8587
84498 88339
57298 80832
2089 90040
30427 7236
48290 22883
39105 74530
75961 27337
17946 57464
47708 78803
51472 43642
91825 68444
67231 64269
6190 27894
46043 50700
34464 74565
61160 7623
90341 89666
448 74943
81265 69881
67121 35148
72269 91595
33020 98391
723 28365
8727 15264
16020 9064
18252 3641
36850 3543
18136 69384
40102 58411
59789 20585
81691 98154
34448 95658
11697 21740
92763 80750
77691 78941
98716 7627
74369 83582
2357 48555
19999 61956
23386 38191
85508 23415
91254 69735
24436 28245
73702 97755
41831 14732
17116 59653
50375 55011
54205 19125
28278 33906
47044 25676
36422 13221
40509 87329
96223 20349
62346 70079
71100 46863
76290 43205
66286 72675
61613 81189
77176 62262
37225 60485
67889 98968
69800 33985
4293 17007
99376 51207
91732 35027
44345 48601
45522 1871
30611 46991
46629 83655
51133 32146
33259 75116
82703 85250
63825 66985
48657 33041
97436 85914
67905 31718
75364 72016
6258 54267
30164 93294
85063 61280
80236 28751
18332 76533
27039 98142
95998 77332
59317 43323
74829 3172
56042 45245
95297 32007
97421 96715
931 87629
9986 1250
63567 47135
22657 86674
66392 49205
48692 10433
72068 19584
44573 60678
92044 42945
6062 95151
85854 84656
61583 76924
34459 31030
89115 21633
49113 76723
33859 21256
56801 80057
56393 97741
51890 86606
38087 1696
41693 72270
13158 55334
83111 775
79431 90585
10570 32604
61886 72707
84595 92067
21169 57767
32550 18631
77085 34008
12726 67494
43378 99296
79213 56435
82322 31451
23082 28021
47190 47289
85662 45319
14313 63039
68782 82454
48042 59910
60308 22854
76591 44763
99582 55662
96477 21406
37037 89495
66481 49731
57080 7328
49338 92436
9990 69661
77628 77804
61687 66900
62990 81245
1148 23102
16477 50667
39931 25004
45447 30032
31980 19296
83457 98742
26782 42415
55378 6432
95507 78374
14869 64129
10207 87138
43451 65122
31693 42870
31207 51105
65562 59497
93520 39245
84504 22229
37218 89995
98541 31657
26045 96948
88209 25512
33172 59540
96403 71048
33072 94253
67797 21492
64107 85170
23852 6283
80117 23724
31457 17854
84243 88185
49778 70710
46746 75368
59729 95211
8120 23358
93284 43150
58668 67059
86724 43296
40137 70550
94430 3225
18679 26725
88565 32674
38578 26710
8253 35355
14281 69105
30466 7094
27680 23252
33759 88730
83567 16270
53511 75425
48864 34404
40480 69338
95029 69102
74499 17159
98079 38267
83038 7584
5992 77769
7922 59695
15691 37134
4916 37586
41782 60370
48816 31293
86927 63506
88930 35605
9964 37151
42139 82037
90873 29
62146 41069
49846 44420
64944 82462
63863 84867
40723 15487
81890 81720
43116 96027
33492 48633
92945 8625
27677 41422
62091 14995
39487 22836
76825 12615
8723 78971
19852 17065
38243 67657
30121 98375
93425 34006
30218 67300
49231 22606
40093 20501
16485 35986
57635 70919
45007 17111
64178 24343
66140 33957
16820 4184
55152 31961
7782 49297
88802 30179
2714 29564
30239 14825
77173 37929
84005 63010
69841 65688
38889 76604
33852 38403
67698 59031
24152 9842
52571 6536
32441 88644
48021 49911
22122 98061
59810 2465
57768 78610
93883 48566
97445 19375
53356 70588
36711 17393
86355 38506
54150 26685
89348 25678
31729 16199
3079 73256
13162 51676
55865 14349
24677 56216
81895 996
69965 83984
93910 65388
63872 89258
37630 8884
88590 1632
2410 2050
51677 52289
26905 92077
85416 19536
77728 11651
58011 39491
38502 60612
60185 99621
14695 68804
5015 72308
32786 87437
96478 82180
9451 22491
80140 46490
85129 69374
95123 92625
66585 65179
10009 77945
65753 97356
17591 46515
1086 14459
60155 16438
88047 83787
12165 14669
17511 48399
37837 81207
23671 30833
14972 49382
49889 40717
63534 65152
28350 92275
95543 59649
85721 92744
19258 59287
14610 73765
70451 46373
15837 31127
24239 20576
13952 19197
23279 45781
85720 16174
34633 54593
97524 79824
83399 11575
65561 48930
99429 59870
73884 26355
32759 18129
54411 25192
5633 78013
19525 56698
60221 20486
22813 73494
24313 86210
29147 87003
57046 4764
20539 127
93898 21459
41995 72363
79615 98680
1617 1242
85202 99668
33604 54686
37780 23711
77806 23803
72077 41194
97264 10634
69748 95574
84318 64440
40216 25627
75647 64868
90330 24354
60878 63300
33168 14891
90300 1184
26596 89352
44747 61782
90803 91328
95156 52341
52655 45677
15906 31362
16702 7454
60437 14134
45944 67894
19265 63901
40492 67115
45132 46264
69436 29928
57555 47068
4412 30443
86245 37617
11831 360
8742 49973
31466 6500
20814 41270
7175 95034
57576 26043
63348 46330
64595 85724
68393 46405
26372 87877
66646 81714
84290 85528
51066 39276
49769 69127
14637 25010
79368 6046
42327 58326
20067 19703
80918 37567
37905 43907
90685 79495
62303 15816
99023 92733
15851 71646
99976 70019
52202 18449
42612 92785
66146 94210
69846 60720
88560 25254
5667 21217
6116 19141
8132 75796
37153 20764
1304 79281
13790 96188
43439 3122
5767 39145
65616 66663
56444 74267
95828 60304
94576 41056
3528 25927
80203 60376
30415 11476
56873 60184
75774 14326
56537 99688
17951 82785
86559 54693
40398 40506
87731 34335
54975 1373
81024 24860
54134 20440
64165 819
96045 34317
83767 70290
14194 77812
48829 47865
85830 67862
87411 39037
70879 51027
30792 1158
61094 91421
69504 26673
59162 30651
1202 21198
81068 7559
55178 60643
62305 71728
65577 39719
16595 55097
93568 67784
69392 95096
53433 52550
76633 92248
24782 52309
48261 51543
9712 97695
40891 99049
88641 11072
34555 41075
49690 42024
33526 2161
47558 55261
86065 67856
8325 21686
89543 74292
90250 48449
80676 67764
38462 56125
5930 66169
19642 94945
37424 66595
57169 76404
94398 14020
63972 40146
53522 66050
69419 42221
84926 569
88755 25482
55719 41079
69563 12608
27400 64607
438 76157
99853 74471
95500 27840
26776 40441
94296 7744
72128 46869
34763 27651
92077 39406
3208 58696
15325 69097
60166 29662
17507 72993
32209 48394
13314 24581
71050 6885
96374 66680
86242 7484
20427 66897
22595 96334
16772 40377
16359 32306
88214 33711
66846 85262
63818 12903
72749 96225
79518 73062
2474 88346
965 74056
82273 63518
36834 16731
93714 41574
80401 95137
42928 99998
32927 67186
71939 11016
61197 23543
20231 77111
39472 69328
63083 21236
36916 83055
95955 42877
5236 26939
64151 47521
55204 66798
8962 24101
77384 68632
82675 92258
84730 62137
70719 12580
44775 65067
52781 50861
52274 89077
51512 64272
71760 17273
65585 72470
70123 77607
62971 15996
83168 52904
85421 58387
69120 49908
85940 68511
79122 6684
45806 60473
69072 95649
95247 63917
58405 97786
61600 2492
4534 56883
12603 26651
566 66504
71953 81491
3056 78702
42308 88543
68544 3051
67373 48017
15194 61945
23863 44013
12034 97927
23682 15595
435 23352
39841 37465
18073 85697
52252 13912
75350 81743
61487 82362
82208 96543
66249 70699
14913 11173
49390 39109
41558 29766
56086 6521
54961 50653
10187 62957
66968 18457
42127 65337
131 52062
76692 39625
32097 88864
36354 83038
12532 41355
46612 32909
44048 14557
5083 76798
85152 29162
15098 36366
3553 59000
66696 30509
57862 43616
9329 2849
73586 99379
72245 33474
58721 17363
87880 57596
35839 5685
20240 80560
46031 52006
28842 14514
29125 48963
92166 27948
23916 44607
92614 61018
50050 92321
97859 73293
61239 22211
39432 78280
87762 40308
96661 3398
78604 24727
70525 24786
11410 88770
84872 37613
97063 53696
87346 23211
47648 84304
1898 19894
74790 64611
21172 2474
41879 19201
95624 19223
94790 90853
95856 67011
38135 82269
20302 89701
93764 49899
95444 20907
11962 72550
4905 18421
42876 2106
8523 49079
27935 53667
75208 82619
94477 16214
10819 77245
93410 33721
31318 8685
12658 17382
13130 91280
74497 63820
640 5440
59337 10190
18443 37703
68088 30690
50420 39112
18223 65682
95989 46007
61604 22591
38878 87931
56193 40985
68116 86611
80099 73256
4429 74542
23643 5606
67157 98577
71728 42435
55147 94326
48572 31456
8644 62503
77419 79188
40904 29639
34655 30218
24048 89097
67822 65697
7535 11703
39106 5131
11237 61036
43416 270
3789 92730
82946 2918
86033 14342
35141 89857
10384 78599
87867 38625
83103 17930
39091 96830
12069 13585
73420 5090
85181 34351
44253 30283
62232 94477
68848 21196
53976 98985
9667 86476
21335 68498
54054 61957
30814 70253
51231 45158
622 69395
52329 5170
25434 80528
48944 92127
18539 98534
29014 44920
57627 60616
92306 15323
98458 83551
12556 24444
15661 13705
69858 95488
61353 7349
28551 16547
98844 45512
35262 21683
83205 89947
92355 65074
99319 22842
90946 84119
34394 36102
80254 35182
91722 31092
43564 14164
20726 47949
77685 48540
43042 34540
2776 98828
56837 4579
19269 85440
30540 95990
98563 79334
15349 96989
27627 56001
88405 45191
17194 59783
40243 25458
77411 27491
85674 67508
30507 56179
26187 95285
19435 35658
87993 59858
43426 83632
68427 42780
19904 88605
62509 7095
41580 82817
69023 30364
91743 13376
76085 28791
52103 23950
87061 63433
40229 15511
22492 26279
13807 8570
17273 34809
54607 68584
86769 95868
10914 26570
9337 89025
76345 32921
19679 45931
3291 53988
78914 3125
34401 24813
72629 97866
85721 1388
34720 21483
25285 55050
82719 90733
83001 2024
35905 65272
6144 12502
70314 10025
53174 19452
62193 24432
49583 22868
63619 76819
13904 12045
75742 30826
70129 29962
39095 82144
44193 26913
39925 26136
40545 317
39283 91398
34920 16349
18914 54514
22589 63250
28484 75993
41665 81989
23506 2667
99427 87758
70392 37166
82569 38814
55508 48729
46893 81078
32506 79994
18302 91598
56690 19409
28731 64207
36504 12339
18492 37433
86236 43496
8361 38366
33120 41708
49280 62501
16637 19698
45043 2504
34910 59132
13288 72758
72610 76004
73015 75090
57502 50711
66000 2546
45721 4181
34674 98144
6767 9618
67157 87389
62607 80408
4513 12569
93117 19811
40789 51388
17840 78435
59937 53313
14677 73406
48876 77717
38890 78955
83406 14652
1348 39351
43319 43757
35082 8324
24135 76081
93111 45542
9940 38888
2876 96644
29735 83747
85307 98493
79583 89483
61581 6016
91916 4153
68637 64594
52757 83900
71275 25836
60883 37846
23883 57595
59699 831
16259 71359
48248 897
94352 65036
15447 24026
4545 71819
39834 36733
9851 2938
37662 53617
76115 50504
19060 18640
37495 57498
2339 69226
86566 95401
17860 31328
26099 10946
80293 93001
81670 96772
41063 59952
51258 48325
17440 47635
23168 14926
93946 48294
3611 55418
56370 60174
48067 10555
12314 16967
86274 7413
21943 18911
84153 70721
70851 66712
49628 25612
63244 24777
95506 55221
40020 77502
41718 9938
23375 404
67001 50636
19624 84478
1309 39646
70076 15203
38459 2330
92093 33245
26462 4068
33392 71355
36934 98485
71567 61088
54855 33465
57896 65346
80647 53393
22173 25579
95523 36882
80706 83612
77162 97701
45858 40677
11776 71749
65499 91790
36029 91908
8765 86706
87820 87526
46862 73310
93580 84067
72681 36183
4242 9801
99290 82321
12677 91353
56516 77976
25537 23654
77403 73003
1973 68409
1354 50396
66501 11983
64655 37553
56712 17689
81754 47078
80875 46363
19666 54217
82220 61325
34799 62717
33759 48925
88865 12951
29965 34155
6632 83620
22000 29644
50873 30593
51097 3016
26272 43746
28906 5916
65336 45868
18620 39897
71988 63706
84475 33667
52538 47803
25860 40850
96643 84498
58574 79124
86205 81877
20190 95753
1289 88719
80945 4390
64765 22687
91158 80083
85154 3191
73777 98509
23831 33565
94170 90884
524 35021
8060 21470
99720 29460
64278 66835
64772 68535
23997 50479
67758 36714
51704 49458
37735 64826
86115 41651
18917 55396
82797 98649
17522 88315
70938 34401
46699 73158
84193 64987
69441 24511
94030 43853
79515 88437
82050 77710
91955 54187
27886 23436
94069 63447
74716 19495
6819 7108
3814 47699
63507 68784
80125 98266
34255 61774
50403 30456
52212 83462
67153 92925
46356 67696
10898 31055
80500 36925
47142 12805
38830 16046
5152 35181
7344 40058
45160 49223
46876 24109
16922 74119
80166 61667
7590 25815
70553 85617
42094 73138
14226 3901
31562 19851
84291 47585
76391 83300
77842 26220
10500 30199
66551 91808
19827 52753
18081 64693
5950 18289
54194 9077
36288 94126
12670 79614
70312 27630
23440 7843
79290 50320
9350 46827
49869 14819
73008 14193
17421 22412
55509 96546
26042 19685
16493 13474
78568 19480
48648 6919
61438 40264
60613 46108
40887 60040
35292 43840
42755 29249
13877 5285
41639 42897
25359 48113
9849 57415
86938 28160
16517 25448
89949 33184
96427 52845
38353 76755
76158 50179
8483 86641
64966 13353
58262 84003
69439 91029
68287 99017
45496 50544
45543 18869
62485 90325
96941 71950
41678 94038
80481 74510
77390 60151
22666 33220
66324 16753
46689 21683
15701 8624
6004 26225
32184 35286
53828 88425
2648 81174
71847 99545
58566 19193
76870 86581
76133 34332
89440 33698
75340 11760
71558 57180
8872 1497
16637 96752
92855 27632
29087 70723
85965 12929
59258 97737
60275 79886
28911 61070
26371 9034
79636 32689
69613 90238
73683 97700
62518 32359
16169 35822
10324 42134
56840 9705
99859 89519
93973 9796
98675 34218
8458 92289
99463 7414
96021 16760
9591 14865
55447 61651
47583 39729
20647 90192
58958 27550
33869 57058
24424 81333
45863 88368
49861 80359
57639 22133
57391 3063
99026 85278
98280 11488
59618 8527
27554 6989
14246 75358
87268 1727
15165 80087
58412 67915
5919 83222
38760 69017
94004 47312
45467 95494
58298 32138
98527 31875
65795 50688
55037 99731
68532 8448
50070 13425
32360 60780
37822 55560
46539 6108
5691 35225
36992 75994
59754 92921
87196 15556
86779 76335
35976 92173
43440 33242
11554 44508
10338 61322
93660 22859
82236 90499
77372 64553
66654 10173
32411 13529
45563 26822
9350 87569
65627 24830
89952 60956
74554 4505
66974 38328
97927 49281
95177 21209
6 66610
89984 85764
67215 10684
22739 5525
36428 73509
11081 30809
45087 4388
94299 47348
26 30183
2903 69853
99492 86830
70622 40221
42971 86285
56294 86644
30381 50062
72184 46228
74237 30093
70067 66084
61348 40762
28775 11710
73262 77019
86395 80369
61017 41447
85096 89407
83801 24332
97340 65440
64023 63145
4760 86942
8717 50357
99282 93591
15851 94806
26836 68319
8054 10059
86971 54907
36708 5187
49625 54598
12033 41892
71667 14479
58188 74501
95715 86490
51162 84147
54487 34555
3859 24464
14288 44222
56848 60655
14948 98402
68739 40954
47677 32408
53071 54028
76920 74473
78348 82360
30823 14094
64069 3936
81807 38550
12249 12190
55531 12323
57789 58558
60967 67789
34296 57218
71557 66973
83397 70333
13692 9875
94037 89625
32724 61249
16778 39505
58731 79246
5757 2103
87315 89269
5946 26607
29585 18979
68159 14034
2400 46204
37952 74253
44204 20342
39942 96511
79640 74172
16779 1150
27672 71756
2239 75379
17367 22906
52039 61273
33395 88459
7096 85250
54620 71067
86976 79634
75897 67255
49470 33346
48034 52964
11077 82654
44391 70518
5757 80071
61511 54841
26658 26322
9818 3372
64995 2696
29384 87905
7908 90308
73648 58847
47740 29944
79554 51328
54680 94888
73573 83475
18902 74317
57394 45851
63179 50483
76119 92270
41886 80155
95028 99830
92170 90650
35201 6868
95904 10680
87047 45976
77859 61138
7554 71562
65674 73049
14982 52709
38945 81425
74071 29558
54056 97427
33999 72641
7410 40299
14844 76348
79080 66490
90687 1651
79268 14645
59854 38562
14358 63524
1490 13950
80131 84196
49610 3245
16448 67878
35591 69929
33371 41709
47406 78528
71027 29172
24537 90487
92443 19494
38742 23171
39931 76068
44486 75374
14927 60675
48703 83960
27206 23243
8555 25939
16292 8665
33735 76774
99456 98781
78661 83148
92903 45757
65834 64946
16119 77393
63280 98844
7301 77413
14693 33632
34392 378
56587 38537
34155 34340
21462 72693
56975 66701
37425 14296
51110 2993
49177 55511
22825 96225
31008 44686
84675 20416
91947 24107
34132 82697
63925 75472
16144 75078
76554 28532
85917 68346
71405 51971
60504 37689
28082 68730
33073 2475
87940 21452
32266 35244
66656 69535
93532 56591
58713 9488
98417 726
77010 95275
36363 9276
11527 39699
17084 4939
21220 45536
10444 88102
70508 84508
70967 17953
48627 3365
45228 12931
40133 6095
96783 22475
53149 81439
68183 18952
93198 72048
36305 68064
8318 30930
7195 33130
89254 80934
88938 52980
2899 70019
39620 70269
81576 95093
48039 28572
72026 17912
19872 69687
27122 20897
81749 94381
16463 93974
78748 30733
97921 58033
33 46972
65455 53984
63652 24852
3090 89544
12537 59327
57624 18718
20262 79104
44194 51468
57544 39306
65222 59346
77838 46279
685 28611
94588 88146
40758 16868
94058 66333
17490 84912
611 47948
85926 51030
31111 97656
3404 88281
4169 17870
59218 11311
82513 56813
42137 55875
77754 37612
80215 62388
87573 47889
66646 25267
97925 47706
75794 56969
10081 49048
45215 11343
71990 58288
54753 78259
28066 67385
36595 44730
50746 73824
31841 74008
54501 13542
47725 8410
84478 60192
91533 55868
16694 91799
69419 8916
7759 3942
40228 86885
75010 73951
14474 44780
5914 73446
55458 90328
13399 8980
79975 41961
57356 23829
59141 11608
5442 95274
27166 2223
2003 45352
44169 23148
41615 52696
10318 98563
51610 40213
35915 32761
60940 97745
3378 71466
40496 40368
19145 26339
99429 93866
48904 36616
86304 99246
52670 43312
43592 59546
17133 25348
9849 80868
32970 84356
45922 46452
98526 17569
69767 97607
71143 13124
1727 43982
54263 14630
92694 81357
37332 17430
38189 71484
62391 10966
28757 27401
63405 37822
51864 4661
68409 19480
83792 85170
57840 46178
94926 99147
32827 96047
34036 99901
42713 57958
23131 52182
24538 37538
2766 71133
46917 43760
85229 43081
31795 89300
94540 10248
11857 33956
10833 80314
37826 23339
7417 85012
68603 32168
21427 99166
83877 60396
27555 26965
36383 22720
87617 33258
39354 53372
93304 76704
56859 98513
17959 70898
96092 55872
13187 651
16938 77153
50515 55660
13161 98430
72403 54025
26188 73268
17618 75052
56541 28057
49427 40593
90523 55472
15504 44776
22903 78486
44018 5975
85622 27002
37914 79861
58482 21084
56348 33680
76025 70037
12223 7304
14764 28271
56350 71538
23393 88169
72521 16469
3842 16596
55141 22448
11212 16120
34184 74290
7121 79248
86398 52417
8758 34089
47015 84660
51446 62216
67446 153
23613 25473
84179 78800
47405 73952
20698 92269
20060 70276
40346 95642
61012 15679
41432 70099
66227 65207
75401 41160
86153 75080
59899 33758
10204 15808
25004 48014
31110 31682
92913 21349
89558 90020
26033 19779
35083 83440
39304 6172
11197 51367
88645 19994
82452 29177
96460 43800
40494 77550
12244 77512
86205 19840
81929 47919
5991 29823
84043 74020
43493 47564
31790 19380
40228 11806
5337 51585
1703 52736
615 73054
73026 84305
30248 72181
71681 81026
8001 81121
60255 17724
84328 84052
39951 90743
28873 88530
43063 39812
48516 72020
74576 24645
95948 72935
13032 49711
35369 86634
27327 65519
56183 36403
24013 76354
63397 56427
8763 68603
70999 6765
22117 97825
56613 74603
16031 37902
38137 91497
23853 3985
46965 94240
22697 93389
13675 79996
87904 84824
63715 87743
86613 96541
80600 252
6941 38714
51035 90812
62210 36739
50127 64701
58913 91805
43723 85901
90155 97923
48443 4339
6119 56805
58336 74823
32238 66436
779 96085
67310 37272
21510 71487
66216 36458
65483 71832
44723 58298
74250 5289
5142 9434
66216 77775
73393 38704
72859 31131
9269 54872
21807 67025
83399 27456
71683 50922
47810 48203
22477 15986
17938 47727
59378 50826
29785 93014
30703 9607
94029 73665
80691 1585
79672 43936
28322 52741
77687 78811
16307 59508
82044 80268
38355 24898
4780 15427
67873 16007
75042 48737
37551 92433
73866 95261
96199 27200
40007 90658
72356 45993
4973 72559
85909 11988
15975 73717
81309 18206
23538 67773
82262 70968
52032 26432
37705 75781
25015 94701
39095 30464
59439 40678
88532 58740
30360 46627
75942 65378
19505 99629
5674 28287
39506 40740
65904 59315
62563 48058
12858 17275
15747 10390
84833 14055
30786 36146
32208 66909
33671 8734
62535 87284
97770 56570
3769 44570
59003 66463
67566 56943
26330 13495
74690 83079
23612 99713
5284 72908
15277 48302
19480 40698
41544 5063
7766 88386
8513 72804
2472 6407
44796 55254
37776 96099
28882 38174
31743 30243
31283 51924
88671 2951
59359 4097
56299 2660
62956 12133
77586 99361
19107 59282
78071 4861
65443 24558
8563 84231
94301 20693
68370 42181
65718 60917
54866 48398
79624 95473
34951 34768
55009 97407
89818 52202
85090 53226
61733 83411
66465 66896
62552 97234
71591 94564
54008 60419
15027 56589
56762 70168
34806 99142
27180 29430
1365 76028
1389 17172
27754 28499
42800 49503
88899 57089
31741 78137
34466 67762
73008 36885
81915 26082
22744 97021
36601 28070
87353 65325
50745 26275
27019 48021
17517 99605
93880 67290
73018 6954
51810 88949
12794 66789
85691 80882
35035 90267
49194 93555
4991 16953
98381 20011
17306 20668
28306 94468
98327 71959
96860 34361
61075 91793
33124 13404
8832 57188
50550 48305
64164 55935
98256 64465
34807 83717
45158 86825
65673 94092
98369 37432
12089 29663
33851 15028
87167 64701
84324 79238
39459 72087
61760 83721
47139 37846
52935 6255
86321 35634
91460 75292
26483 43004
95895 25769
84386 93333
15443 44130
20875 19381
80000 48745
2097 4549
21530 20305
50089 32965
23920 63299
39452 44359
41926 3708
70344 65170
28659 36077
41184 16896
95268 23418
18215 41152
69847 91260
69881 74612
82881 39423
46371 60308
8073 42020
80454 48042
28650 16000
68888 47252
88085 19131
70594 91462
29869 4339
15331 90693
30633 57526
20043 45772
10837 73771
67361 80203
79153 73418
49598 72003
19856 27007
6640 46507
93115 94475
86232 16910
31532 515
84396 81931
85203 50191
6198 90356
23380 60940
85362 90479
84711 8811
15988 26584
30295 50384
94048 39741
86724 50003
9776 79489
4929 18946
45682 1081
49366 18653
98119 21970
5471 4857
7622 72041
61355 62846
4854 99089
83294 86857
65751 36049
39759 66955
75290 15715
49803 75463
9188 50231
82416 26424
3088 21741
15219 38505
12330 76671
61370 69499
94676 57333
26755 6306
32772 85294
83164 12168
5860 17726
12264 28297
82449 10218
49568 58294
80957 91726
72559 94610
28814 25175
12949 83224
74364 45130
94598 4243
80278 81243
67976 50563
73630 49335
84376 47199
91912 91162
25990 15566
75008 92793
74228 78733
76577 73210
3387 82860
42206 27575
62309 97520
63356 79903
51636 3539
71606 88149
20858 34592
29816 98159
11423 27383
44773 51512
81023 38511
82802 32014
61577 42703
54152 75460
63105 49075
60421 42242
62366 41965
36476 56864
43597 97186
70672 74991
54060 90089
7325 81808
29776 39440
98192 97146
97631 82390
30410 49016
22967 81554
83200 46729
89829 66475
5982 13055
17999 48509
35935 40768
83403 63610
94647 89640
58981 82279
5130 81061
38685 47163
86482 57018
23174 73571
37628 63900
83593 1729
72363 82968
31136 14184
11892 75403
9915 7074
31745 1096
65502 45130
86190 70198
41313 98642
27695 62640
17743 54271
36520 44995
60423 77832
5907 63571
74399 33050
47646 48022
6524 9047
85066 44951
60794 34322
94125 31829
37770 76660
66929 91521
80207 90907
3027 55267
64256 82710
4965 62582
68714 84074
98668 52744
17003 33552
33378 51771
58200 23316
1397 90247
70232 50583
8582 62517
61862 26927
80556 64613
48754 55810
87950 69225
78305 44814
36813 16232
16361 3588
29687 96348
86326 26376
12597 73332
63688 61171
63294 42707
43442 33745
25345 46671
5949 20132
34592 23859
63139 2015
35855 66621
57812 67979
34393 65088
70068 5829
59003 13380
27547 22782
62567 99617
16500 12314
23715 97000
638 82482
33832 78202
11566 66898
7555 55374
21899 36635
82742 73007
50513 60098
9752 67772
75279 15599
40369 59079
85129 69791
86848 63575
63382 19139
70901 49126
51810 51967
93302 73602
98670 20747
60382 96528
43 96918
83130 33541
10947 68926
3306 68075
73552 55801
48006 78211
16995 67471
92758 90365
93662 30173
94009 95425
93210 46067
22207 98409
38530 87639
7247 55813
23414 14913
4642 9621
99562 87517
72838 3347
89668 1100
41308 83943
51233 39586
60537 87248
4080 81929
30345 97922
83925 36349
40168 96546
54408 36687
26823 33644
91988 4002
95981 35694
77784 15793
62195 43178
25769 66919
48999 68344
6638 67333
14922 63009
28163 92927
32882 83365
58935 34591
71721 69494
51053 32673
11179 76219
22879 76662
98348 24046
75702 20769
91920 36766
71603 65629
27889 25134
27498 18740
285 87508
39266 15145
39414 3227
93238 83344
69648 79553
3606 28753
3542 23898
5479 65608
87141 77195
53983 10920
76142 39408
21962 44371
61369 80918
80616 55011
92253 90305
61804 31877
40233 29000
95774 3801
18687 99316
10650 91539
63891 1637
73679 6973
19312 68013
9249 62739
79635 73970
88648 32485
72782 47312
64527 62200
19334 8757
11477 28453
68566 6372
21039 13753
67786 48466
30244 6580
66469 70988
49968 44458
41435 43567
57922 27365
5271 51183
41501 29280
61335 86801
34651 54125
75499 17904
42117 4625
85945 81755
77692 69763
69500 49525
74868 38640
67776 89621
21811 38810
62792 60740
22903 16564
47753 79297
81453 48616
50732 79040
11771 11089
19407 7078
90615 97665
95621 34415
37261 71996
11730 2121
16860 38491
82735 55510
89690 44363
72332 57486
69228 68331
11593 44026
33551 41073
91964 77338
13554 28102
76206 17696
38777 99205
67230 96691
21692 33952
43452 98413
19173 55931
36015 17150
17206 8751
30256 19142
80993 85417
48589 91326
50670 21704
17671 23600
72696 85474
65780 96635
13872 66175
66909 53040
537 26045
27969 88183
23754 85323
8049 6603
15247 56238
2674 24602
77608 94782
83774 17702
79881 95946
76803 4870
8377 68112
67458 43142
20691 73382
86097 49826
25575 20820
89466 59311
46330 45271
21242 89875
46594 28224
19330 2088
36427 89971
91962 55613
22708 99305
4473 19029
12787 74702
26094 90917
42573 62531
90778 35578
51519 39581
96052 84465
13912 7428
4675 25374
31356 87253
92168 13510
26274 84257
52369 93412
34039 19244
13095 72039
80826 2126
25409 2162
39549 33205
95982 19324
79562 97953
91408 67054
49564 66535
91451 87015
20130 35663
51450 34171
84031 50358
50667 22960
45292 13805
42302 21823
48341 4408
21273 71193
27672 64367
42807 12256
20905 5920
8452 8041
73137 12939
97571 20321
16970 97349
48232 16709
15077 16886
71007 93096
58532 25915
75843 57073
7168 82020
99879 7418
47300 15159
23185 71762
6896 48747
80954 60316
70679 51054
48463 90766
85985 77408
79027 18771
63850 43830
60475 27593
641 47992
30032 68132
50698 25282
40625 68041
99356 63175
30638 6868
86180 45417
24366 97267
77505 61475
30858 66856
48485 11327
9039 85610
67386 44480
81568 32197
53563 19226
59666 28789
3542 46165
33071 13199
96849 41613
82036 36217
21986 61333
20658 75725
26774 16399
7600 88538
54347 24469
36583 51715
67797 34708
63077 53214
55101 45644
48907 5877
4733 83409
48463 25129
15621 69293
53883 60170
47450 13883
14796 48128
98129 96654
24851 23781
97464 9384
3992 11689
75470 8259
31378 92749
80998 68908
21744 31848
10280 19266
70739 33317
27152 55676
73137 2083
59341 70656
3540 90996
40067 79277
66681 99614
26090 51122
31442 19453
39564 76980
94692 13919
33611 61740
6122 19910
89977 20967
19056 68426
90909 59908
28504 39317
39797 71193
79961 58757
23663 18863
49179 21037
49166 93633
70300 60532
36811 44929
41262 51444
52562 16084
14998 3836
53889 88881
54447 29967
20140 2341
57509 58403
98300 35953
4987 12355
42347 41322
29893 64365
92585 13145
53486 17045
90906 59961
17844 48896
16214 12540
23655 87114
86088 90566
93581 12065
60912 53968
88929 64039
31489 3302
74608 36051
82051 68714
23386 78289
25170 31343
30295 9278
29885 8094
49487 97197
32584 61812
88865 74852
51178 21698
40285 21215
31024 73900
90314 6636
63160 94891
12929 5998
6103 85387
73295 63611
89460 63373
23895 50622
31690 77190
2254 24533
77866 93343
63486 11731
82774 12659
33475 25151
75208 79443
95057 47732
19113 77989
84204 57855
40826 74241
56558 42116
54638 18835
41668 75546
70958 88956
89297 75914
51988 8657
47370 63220
59984 17434
56505 93961
24102 92052
51835 81106
36078 48208
35937 10440
4531 24242
26419 1594
82837 98738
14952 48202
37159 13886
87663 27504
65137 35446
17449 91541
83599 11599
21228 64922
81968 51345
98146 58959
95576 84665
51720 91644
64830 23768
50895 38171
28047 60977
85599 83675
31113 45279
40111 56575
72545 31117
33550 57117
31133 86652
30717 46432
80571 78241
88755 40551
9928 49316
51448 57091
69098 74593
4298 40125
26871 34955
68859 27213
86203 94308
15536 9060
44694 50023
63012 63299
22204 127
20291 7362
16563 71021
21359 90666
5848 46053
24799 16859
22074 6225
58715 27079
45118 66925
43393 24085
19257 4905
83939 22047
80281 4523
63527 64404
22973 42474
96486 55351
57400 32628
1709 78366
44978 86760
58751 8979
53223 86525
16848 17815
56486 31194
11179 53786
3923 94011
2414 53188
92005 60691
60809 60784
57193 84612
92579 38795
67997 9512
66709 34809
38166 69036
73356 96241
75610 37040
71563 92316
3015 78152
33383 97434
38314 51518
27177 46492
78121 24109
38128 66475
77210 46823
92492 53536
93737 85489
98756 36778
91702 21282
7089 16235
95828 61767
19329 33211
1868 45026
11029 23972
5176 49190
69219 36772
84776 51453
19604 81870
1024 33538
69959 13769
85144 89255
66892 97519
26395 68785
93034 83088
22984 29495
47131 36588
84980 76358
56330 42717
35174 88224
30748 33099
95738 47896
67844 61941
50783 13815
24140 60591
8121 99707
44659 70558
23839 77203
91402 42110
76158 21732
37238 49789
66388 66215
27601 66877
11318 97384
16905 38805
84490 2633
38528 88497
58478 34909
28074 77262
26063 41101
87186 28863
18643 11190
58901 9867
25680 27625
99237 67532
59890 45962
57191 62033
96249 37906
30678 11197
76664 94669
46142 37382
49688 21341
41121 21782
27091 67765
39542 98894
5849 24606
48613 79166
81006 84469
47660 45038
554 9675
20061 76473
9560 72868
10717 52684
77879 49433
43431 37772
32828 11158
87815 71213
47470 51580
61952 19195
37097 16608
21030 50869
83580 82634
96933 6861
7562 68247
22968 43049
83725 3032
28946 50789
41198 87473
56825 58959
26799 74235
13574 35754
1953 83490
28454 54347
94830 48935
21468 87967
21712 20639
11996 88547
82904 11026
88050 11786
76872 64061
24793 67611
31225 76336
77605 89297
36950 91697
10937 21721
65375 33400
93009 77143
29511 86865
68666 51105
2743 64605
80309 71842
22057 50640
28952 40921
89229 89845
89164 42264
28647 60933
9584 91461
91439 74516
77076 61564
75024 27205
61439 97322
32265 78224
83658 61780
41455 9187
12835 33006
36841 64542
68139 9797
21491 32022
4728 23190
80699 5682
29204 57684
1095 54961
93116 7942
75278 92419
19970 29542
21658 54827
70379 37763
21548 73924
73905 37024
8792 57080
53762 97011
48068 53930
59039 65831
51406 98190
26430 33594
65891 32364
74953 36895
30121 5792
69373 73470
45430 85853
58348 67791
91574 90725
34139 60995
18729 46739
26116 90107
55330 76305
45654 57518
97897 85058
16336 18024
71738 57177
16937 85925
79332 56704
88587 45754
51595 55347
17779 38509
76039 61378
38739 33816
29315 69106
41905 28170
33726 69853
78021 70725
90413 27181
66943 24257
51863 41061
96990 91080
44376 87256
51418 48056
73727 89392
12379 78532
71727 36776
97023 41331
4450 22259
91992 41472
73153 69011
56268 52792
72333 95042
3667 43039
59066 67501
62141 50315
86894 98547
35274 82503
90503 35786
19055 13682
84978 46235
12919 98910
17077 72865
70720 43249
50309 99694
15098 31783
18385 38183
39468 13582
76853 36643
13391 59976
51400 64751
51472 38477
59791 72268
9266 9254
51239 27600
4330 96883
8415 91265
42113 54982
22971 41949
8886 97158
46259 93973
22201 14509
31441 57198
47313 31242
43575 3102
14295 48000
20375 24821
61849 82949
47961 67665
14040 76548
78552 64328
80202 59355
45381 29411
38361 96382
21987 2717
17857 26898
64297 7912
86230 67411
62979 55304
97500 84398
18737 57398
11245 18216
36039 57086
61175 26997
27596 91393
68507 82433
1659 1492
26735 75947
14916 53311
1661 99365
47404 10335
47906 84534
14632 58373
76976 52760
29766 25301
55500 88570
54053 14856
50640 13790
36313 45354
48970 8924
96360 7740
8540 42462
60559 29395
82042 85634
49597 64983
59343 29403
10422 72293
87544 13392
54001 88270
84295 5724
32027 44182
45665 94060
6386 37685
49857 77476
57899 33850
58995 63290
34861 16387
96025 72441
25076 37445
32618 82656
77038 35402
43918 85665
75169 54830
61763 94082
6499 93698
19227 68767
76065 29546
98108 19622
64281 86398
90430 63417
71231 8460
10481 73040
70236 79956
52884 42100
97514 23339
95967 39045
52538 92441
25242 46102
302 39259
93155 65451
99647 73985
83213 18498
66552 4913
1499 19847
73945 66
89577 5694
65205 59170
67716 42813
60788 87921
77772 98031
12850 21924
91001 62194
22686 62563
3028 93882
33948 83083
1977 91724
10435 19276
66300 47972
30016 56619
63808 16079
91633 91874
81953 36273
62187 80700
3500 87489
27349 95737
3106 42024
88203 94992
83705 29990
96859 88552
19066 72973
79019 75133
30852 43268
6193 89186
36296 92517
55993 18905
51787 82239
19172 29852
99367 72948
78243 22552
95689 92732
72032 45005
13333 3809
58101 52111
68958 78881
6418 94920
81582 85168
54043 94484
9220 23539
59752 56803
73937 43877
9636 18202
79610 55797
83439 69778
8409 28295
33884 76888
76540 4559
20467 28619
98660 32153
18896 22210
85864 34756
49410 99491
87376 89249
62733 71725
64890 63961
233 89551
43991 73509
11712 72334
15727 46931
91124 16131
44153 65384
35030 80283
4036 99257
76176 90197
8786 35376
98397 82216
90039 1325
28331 74010
1502 29698
21632 3210
24324 6742
35858 49223
31451 71556
81005 5398
61033 39961
13170 52080
81894 50873
68146 34209
3201 94778
68406 15243
26556 49287
99963 88289
54284 66494
11374 64300
27482 2835
50964 75529
644 1323
485 3177
15004 55874
8716 92048
21192 80677
64041 30775
68097 35769
45743 97419
99124 93170
33606 13067
2308 6524
74506 91533
69317 53782
1482 16761
13379 6802
66826 88173
6681 75767
42689 87415
49083 27007
11740 87038
59596 44601
73401 54586
27208 52104
58733 40951
19260 65954
2111 61943
20841 54705
18954 50957
17892 11990
85375 78594
62361 42625
6144 31603
26820 71514
12646 39057
91478 71228
89021 44832
73558 37236
13283 79320
59261 55398
14988 37191
97625 69992
71425 1901
64203 92742
33756 25855
45193 98460
91181 72197
88572 74431
20696 40253
84579 50389
76821 30965
38031 92567
51663 56788
32997 74934
76326 97554
56383 28820
7693 59963
43915 69287
82188 47248
33738 17273
13151 31397
18290 55978
77653 26692
77741 84332
17265 17961
2648 77254
22349 37957
33925 80019
80146 56124
60889 51584
29090 81862
33422 35185
75183 79729
78035 84572
97056 6877
62919 49068
36787 38111
54305 4063
60117 77759
3019 55817
71596 10906
82274 20335
20974 22560
40376 1101
69255 59191
62579 55089
87383 75638
33579 32541
53298 64555
37679 4232
10782 1430
62721 99934
89944 72139
56693 73084
19631 34388
5366 90485
10248 8365
68898 85007
17432 86022
6921 9799
64813 28357
56817 51945
16550 94625
99925 26488
91094 76328
70465 15852
32965 70842
32632 8495
45615 79115
73743 48351
48867 39877
70543 76080
77573 26148
17046 68263
50604 89688
56151 17919
91108 62694
7989 35560
66990 19719
87980 59363
47323 68968
20393 57319
59125 57385
75148 90016
15063 83518
81677 57258
71983 15249
48341 90458
57923 79293
27904 86742
69001 46741
20930 50776
74861 81979
2622 94670
93839 68553
30128 80989
54850 19948
79237 7802
50287 19907
64542 46159
64976 24804
8241 23708
21013 31672
7752 50228
64450 76923
83327 92348
71855 71485
41898 76463
60679 83811
35597 79708
5257 51334
2338 71046
4906 96978
65207 10787
34801 12073
74669 83134
41466 11966
94362 10326
77556 33947
29800 4796
75427 52315
17140 761
33438 58864
73007 71078
83090 54718
33217 25201
9213 79390
34049 46783
4820 34460
68350 77828
4477 70042
34585 31789
22838 3627
18216 75254
16780 94488
70581 27092
25957 41599
66237 75757
68023 4750
6930 39803
67182 29484
18938 39854
76426 44337
31149 3814
49502 62250
92250 316
64307 34838
45315 20666
49187 77419
10076 19966
89470 57137
14864 81596
50440 81605
50876 99417
60345 12024
38898 60848
29083 92878
78680 3889
84240 27488
12582 28253
37482 80698
22604 67724
18673 92125
44457 64039
8897 45534
72917 33838
45289 66085
93656 46354
92332 44976
65968 93948
10084 86733
39472 69573
6394 131
69179 9724
96271 93674
58381 7011
88823 95566
26674 2866
6809 25456
74253 5011
19376 95269
12467 87428
96237 77461
685 61080
594 51325
38746 78582
75640 25198
89546 70200
49834 95211
11204 36142
13768 25327
8769 39065
74853 18277
91694 63824
30698 92462
56110 47134
32945 81791
50326 72258
14698 84384
54256 36941
87353 19310
4856 85640
21526 52793
47362 38539
61163 78663
23666 46887
90874 12591
41186 8797
41845 21951
19904 66437
86820 39639
86029 84744
61699 12268
831 31590
16992 49446
38239 72273
54145 84481
13772 63056
81532 25712
3447 14941
76638 90421
99589 3528
83077 13803
16752 17
14182 44733
61350 69297
25735 62155
91784 37490
88198 75596
30189 97843
77968 98471
71964 43941
61003 64665
23093 60112
5101 91186
98377 87791
25570 2711
50301 4399
17002 82722
66284 13045
73912 37629
16034 26421
30804 95307
27329 70587
16346 22816
3008 46150
89337 9027
72647 53928
62229 5715
50772 7015
25286 47007
33593 59519
3703 31309
28763 81470
65959 60692
17365 57287
50763 15745
97427 23920
75786 75190
47864 9955
36448 59334
49464 39649
23131 95995
17630 76570
51617 42641
48519 80470
19401 75192
72998 87695
67229 34581
22462 41493
9118 41217
95019 93001
2944 56329
37145 58850
76617 8492
41899 59723
56855 67424
27990 5027
62135 23790
88771 55355
31150 73810
83984 75612
30004 95356
18320 33150
55572 73617
57510 93202
95374 75050
9934 95962
35765 56691
5685 48779
68946 92814
28956 61330
55711 23822
5208 41804
70828 71612
40437 31308
97757 19702
68142 82841
69129 83723
49559 27629
94397 67680
66324 82487
11512 61326
83807 22394
86157 33
85797 36236
24291 71802
51274 65560
30488 4014
38944 4412
24954 22886
84628 48620
47085 46365
64962 8781
90024 58181
56219 64538
93719 91138
86918 15171
18970 20813
989 34249
25125 39762
14667 49028
47518 80530
94837 14429
64547 79906
56910 81140
99009 40042
82145 80283
20605 17640
67114 85176
44399 86410
37565 82215
15842 53751
52958 6838
85590 19271
15400 51912
93566 20550
26951 14067
52643 66517
94397 90433
84702 76905
88800 25075
61698 33482
77114 56089
68496 86774
27464 85595
27232 87643
10524 71763
37471 23200
31356 20433
50283 59709
3200 14550
32633 90398
13335 63321
95536 90180
77123 24997
66636 90820
37496 48249
7931 41158
36865 21286
7619 70855
56603 62389
79482 78551
32729 78367
84461 16092
57950 71955
35386 52141
91366 47475
46485 24056
71389 5399
93703 16861
70534 19272
8074 1905
77589 32646
20718 3676
59893 31011
50840 71995
41028 76550
99710 67902
66834 14729
73996 43819
24742 6908
3297 22554
14233 80255
21395 74646
51352 96427
25255 31938
3910 13738
92506 95634
23512 3867
4987 33966
37719 32111
9518 47347
80066 92591
57674 19153
90793 75699
83068 54318
88083 42956
26594 35553
17401 78619
18833 94008
50792 67512
44592 77523
63747 87180
65274 9766
55327 66007
11552 93787
80198 70891
23301 35086
38580 21166
34400 81519
18045 10972
65437 12035
90181 57795
66492 3940
42726 27494
10577 57372
99022 32187
31970 38030
35358 88365
52621 13965
13260 12666
23199 15491
66498 23797
15261 94092
73021 33733
21663 55480
68942 11269
96944 60972
81788 54978
67632 39265
52161 27296
98898 97572
70185 149
22494 95477
9462 9037
45968 74376
51934 20548
15447 6983
13195 40623
87959 61613
5946 47571
63719 19436
84797 45964
79700 24040
54745 59432
85789 86074
75240 53802
92404 51791
66649 66119
4547 62951
47115 97932
40741 82102
96597 68662
90536 78277
87201 12152
10418 97362
21741 17113
37561 10028
69353 5139
49897 29688
46619 53333
45698 20367
13534 8962
96856 66525
12318 5136
99377 59140
38397 69386
17898 96887
78226 43183
64371 10847
53125 14384
10318 43930
2292 59158
90388 42646
84562 34457
64496 18907
57090 20490
84930 34430
76704 19082
77277 55215
64312 2705
49193 6508
36045 40136
71874 51883
33076 24431
63927 10740
64214 62872
7948 75141
11282 33482
40984 9644
93304 93759
18024 6768
66863 85126
62842 17417
10288 98945
13155 22595
77992 41512
10474 62080
75290 71493
94314 46739
77979 18838
18452 14885
34548 23759
38730 10451
63972 70805
22149 90126
58875 73891
16497 68154
17088 49961
17228 4559
91404 83720
74826 98203
73005 14071
84692 61087
16484 55937
6436 54573
86183 3685
22762 94001
57472 36437
53450 62981
6860 4951
18492 83066
68092 95655
33067 67606
15895 49811
48215 77681
19031 58813
35091 12823
71367 77597
90343 38377
29868 30461
88782 28380
86361 86971
10937 16280
24441 76138
47083 11130
45225 9553
77020 47442
77018 75882
72406 47430
28308 69733
27547 20557
93710 89954
43228 93141
42231 1339
19683 7518
8400 11864
48491 5245
6224 87768
54690 66298
18719 64751
52718 44242
87707 31074
79205 25973
58198 22125
6579 77321
21621 89085
76728 61669
12082 34615
85319 64759
66364 20975
52041 46751
83666 70290
93176 87537
2412 37372
46436 3095
79922 69986
88433 11597
25954 49642
22583 30723
89166 68398
91905 7007
53340 69885
36911 45560
66372 84858
26196 82844
78710 14779
86840 78955
81489 16779
48951 86521
86861 43912
14368 61040
7250 28965
45622 64076
59807 93066
97075 61085
20964 13999
90176 44872
54632 61477
89823 80391
76035 7597
69665 52644
83461 73790
73456 16866
76686 98467
82214 79828
61108 48027
81812 58660
4256 48792
76061 36078
94993 46688
86520 36354
23063 11727
67633 52133
52217 17875
40424 43024
51632 77519
59184 76848
12777 34232
19186 23652
45767 67707
29896 35139
53119 83765
92226 69171
5083 33849
34212 19251
8504 4206
87622 13234
30055 28143
25395 48565
3119 66825
12618 81909
25993 77152
49664 14783
2051 16010
88764 22514
98526 82066
77658 11780
44368 91478
95113 88958
47843 18762
88173 73819
89076 69875
32381 48749
90837 88205
73542 76888
11371 20998
74694 30197
60336 87552
66130 57841
33426 31411
73872 56395
2291 99848
15358 953
38887 50431
25001 98723
58617 3178
16343 34695
68294 30928
98046 90260
5760 86123
50666 70447
72524 13866
2267 54801
24132 9648
49700 21446
86007 12723
31117 81423
62756 49918
56786 86593
76226 54575
2563 72164
22459 13177
85602 32022
90061 70884
71624 19365
39016 35752
1503 34680
3826 18006
43497 25223
34950 76751
43736 84318
89296 76810
26868 70207
47379 31858
45081 34844
76803 11590
97045 81249
43691 7608
24014 50088
35561 75695
84507 56194
80845 88133
23750 86517
40830 60232
92528 44185
12308 40445
47693 83354
73887 88345
24100 42777
9791 51686
29680 41771
40041 52389
48674 4408
71433 37126
56220 54013
22522 48081
37335 12843
70639 65184
89662 63589
68430 67650
38545 16134
62448 35578
79171 17817
1571 12959
86877 18591
11208 11130
69369 72461
4533 77354
47623 90539
98739 82371
45803 64662
91873 17386
50077 95134
36143 91515
7527 14921
27012 78692
7531 30190
79545 77575
92859 40923
86396 72444
62943 72688
69518 95980
56754 7330
78405 70263
65957 61593
92395 4815
61563 43250
57597 27899
77899 41021
72972 58997
30114 94144
8415 38412
60030 32690
21648 2371
2612 10433
35499 42416
97194 1005
26322 5566
54334 71850
29275 83371
80733 70818
36176 65547
49133 88081
65102 2691
68899 60231
94535 58894
11726 86442
62560 99996
80810 48017
20723 92014
24526 80714
39822 42588
34751 62676
7283 911
62138 56678
75766 7207
21934 85030
23138 40662
23007 83539
74644 93090
39237 39900
8798 93959
94027 18471
18470 34867
13200 23499
61508 77801
38025 95574
49223 23166
52317 26343
65841 90079
12680 90581
88886 51401
48216 69798
22594 93072
11059 7705
16784 81369
9967 49309
85299 79263
91001 96727
83409 26001
20687 23840
11490 71474
43974 52261
30806 9497
77412 28773
46636 47887
85798 46295
74012 36307
89244 79361
74766 72153
28520 71010
51297 48262
84003 87977
25221 54230
34040 7931
42081 56759
72007 1617
55630 78283
4099 96279
43161 8394
98453 33391
68869 381
29367 66092
35303 65796
13241 1463
8 89009
80415 58382
21607 88971
65056 40768
55508 46508
17097 83954
82710 39812
96601 15837
42502 51507
16994 10989
94226 95026
58766 56099
4923 23115
58936 23509
54935 83261
68463 22217
87695 70649
10326 32829
7554 46407
11815 18338
63329 49474
71563 51452
20913 44280
70563 72484
56364 76523
68419 69638
10720 59442
91889 32963
56238 16249
8619 31024
75404 37308
50270 32086
71332 54096
50351 94288
99763 88891
63990 1360
49835 19287
39486 64569
95985 30803
62727 87366
43519 69842
21156 29378
23107 61769
23070 74319
40767 73829
73134 72799
28551 79619
18887 75934
75750 19671
8554 50822
27193 83750
58031 5640
70930 1099
39843 5866
48758 38485
7844 32644
83360 80839
98503 72802
80508 35160
40179 85253
18252 39505
92260 88066
6055 22833
53704 15585
25397 46412
92517 75103
74292 34664
7313 18700
84342 63614
97241 75278
17409 25567
89467 81245
77773 19629
39851 64069
12329 20509
32178 74087
75319 14652
42122 66679
94604 96327
89475 61279
19985 9745
24706 45435
79556 95457
68989 31324
8824 77937
51776 77349
15792 61168
58762 62929
54024 63041
73840 5099
32460 94618
55770 96020
45951 40646
56610 65536
21718 17027
10424 33209
54586 89381
57024 46203
89642 68753
61137 73110
41430 81923
96312 71888
87013 64552
66643 47936
70544 9061
50775 93108
32037 99150
14059 51852
3269 59632
48618 32956
70598 87111
15429 75630
48881 45864
4223 47742
64613 70905
54287 98556
53138 22612
7617 6509
81439 68808
12917 31115
77349 19768
58815 4864
74642 74554
98693 53679
56295 6168
19077 29515
80858 54098
2604 63326
83797 18395
72575 55652
18741 5432
27798 38765
98636 32804
21948 49950
8703 463
20657 73329
23240 38810
6184 74000
84981 5564
69385 72638
89095 69024
7984 60462
84277 69701
81836 77258
30278 2781
82945 41805
52314 94382
18918 62857
19970 22900
29928 6019
72132 95805
94181 14034
83832 1163
33106 28451
16813 598
11670 12088
44772 95591
31501 87972
39636 82943
67013 50032
89797 56910
41156 37786
57365 62652
76640 59473
77622 94819
79877 36986
66381 29746
69459 96526
11157 30284
61790 2297
21850 70983
30284 47709
93055 99694
10746 40781
57048 33279
68632 96882
74257 46478
63432 74890
43333 8736
54883 16228
72199 85937
8308 5029
28253 18831
86202 1958
12671 43452
66123 70835
20605 13103
45228 67117
10039 92020
41913 35977
64642 91080
1220 18096
21290 93086
67085 63293
54058 37756
23727 78594
41781 20670
65076 82307
14545 11794
79963 97752
10007 36315
5657 15600
87669 27983
99796 64489
25835 25817
2858 30873
65105 32151
14249 33704
25072 92860
95092 62003
9764 79727
98052 81291
81409 25259
94085 83028
79435 29533
13077 88167
19388 73417
70088 14768
12802 81606
6054 75376
18974 62557
97739 62684
51078 19118
7207 83164
42467 67626
60764 50381
30036 78842
67 73599
51690 35767
56615 41688
30890 2480
15463 65072
76110 48071
5209 81619
16548 17396
43330 29634
61293 53888
74334 28850
11103 25196
84222 25355
65540 15048
68069 71530
71545 15612
83147 88255
112 98370
55450 40336
45166 48617
9044 26836
28429 95828
39882 61241
25819 60121
60902 10911
24154 10755
81058 67611
43998 50641
73391 95637
11698 83124
62448 83498
46931 78261
43612 39658
43795 81452
52223 69467
27319 47274
46553 90260
26426 18576
62205 35267
28520 96150
95252 96264
16644 1509
32184 49048
67714 63069
45785 70394
97069 12848
5659 71373
66626 46245
92086 80001
38004 14742
15253 81689
28614 97202
19416 37743
92564 81052
2898 72560
34474 42826
13323 15708
49707 4326
97086 74247
87691 16273
68508 31963
94422 28539
92488 50580
44423 36588
66138 80930
36689 2047
23420 63499
61178 78145
47312 45926
84155 48662
95303 61056
2945 68373
23083 5947
78991 1607
72566 32234
87674 83052
95257 70295
95659 64661
87127 90398
78849 10347
41831 16623
28364 37447
51125 40239
86803 78040
45697 5911
93711 19616
55486 45524
96462 42039
30260 24070
72849 92999
9439 36481
43694 64494
58223 10926
98190 79327
4422 16779
60944 82209
68349 13223
62373 49870
68447 89959
99922 66006
85035 66404
9041 53209
47030 1259
79504 73777
4615 11195
63216 44326
13466 5162
33159 19895
38718 44929
12895 26424
17815 1211
49492 34606
30684 69418
47962 73429
45338 14802
77557 68795
69743 70636
64352 2818
77679 73253
67527 47297
42979 3260
14476 55140
55237 29351
91237 86120
60102 67919
22044 96384
60905 30895
81710 66323
11621 42841
89933 29179
69830 53841
76958 60327
73708 26064
51484 86970
50826 84802
8531 80778
55464 36904
59301 18529
13730 97399
58249 70016
50760 9528
76391 12823
61020 91462
81501 36238
99094 57331
5757 30688
17315 8995
36301 45402
39554 90542
2309 20384
6278 55010
82452 9961
82327 30464
60412 20894
60752 12379
38802 34047
27106 88412
10463 59038
976 90592
66593 92705
78514 16280
26154 82500
45426 43207
47648 14005
16689 1288
79068 4023
43299 57190
14411 56511
84591 65986
46736 96954
95344 73841
91968 53797
28118 82619
14980 51091
62566 4861
12507 78283
30582 21480
17813 77352
1618 84544
66649 21303
73178 1789
67808 49980
41441 43853
54711 98893
65711 56112
48769 13525
46272 70587
49139 691
68932 45590
30327 23961
96925 82878
73961 73389
70595 72995
14461 56491
40035 84011
17719 5952
43324 64622
27825 9841
76097 27895
32280 82258
45498 12937
56016 32560
57186 23576
20748 36840
28970 35948
90518 34957
53749 75586
77837 9606
24826 23626
9634 47085
4262 48266
18554 48657
23543 43417
51919 4373
63842 15621
11503 7919
25357 74382
15387 64042
71061 13768
84329 91236
33994 22461
2563 62096
74830 21897
76262 15158
79898 10620
5252 78414
84153 1532
71842 96777
15531 41312
11195 37224
41572 66646
27771 86818
93098 80701
86276 23427
78394 66316
93613 83591
71171 24714
52381 92067
38089 44723
35317 48157
88580 24634
57028 51663
35934 79457
84176 95784
32633 39586
1044 87114
69223 55370
28 26637
38928 5272
82538 28507
52399 5763
48533 58130
68757 74641
49637 56901
7365 82785
26968 34971
63510 22210
66208 89135
2069 64633
46499 70286
96576 6847
2106 10652
81803 95265
8562 67215
89503 4383
75470 86802
4694 17613
6690 25092
87617 80212
25626 74423
92226 14930
42449 2065
44306 13590
88442 8846
95900 51845
67515 14747
97824 49112
44141 97565
92177 99483
60350 51113
50072 81744
46126 16137
84078 11562
14517 61885
23910 73811
35868 51511
38497 32294
90335 68350
24471 94165
51122 86508
43189 9764
60441 37552
60089 61068
83694 77
91416 83705
45246 13561
21977 99437
9324 33855
30808 95291
68525 92349
74212 71660
86443 44327
87424 70653
73507 59522
838 67359
39078 13578
29407 1654
95803 42188
60492 77179
39515 30220
32193 23994
468 93217
87844 63701
97095 29076
67730 35486
31275 37317
68539 7937
63143 88518
32801 9144
59579 71966
97725 85077
36440 89575
47418 90108
96227 30576
55064 99621
91511 85115
76490 83358
34720 14624
49944 92296
36672 11177
43678 84118
94989 48788
60523 44945
29905 87508
9379 8758
649 20272
53342 8629
22407 63971
20103 69172
69840 62970
50205 15819
29471 47033
10677 1286
2432 16854
45334 43878
42678 66844
45499 9664
98933 38282
65653 69724
42600 97234
20583 23831
73388 33370
27784 71650
37779 94398
5412 23616
70403 45132
47580 13612
71413 33190
16545 99985
44054 66468
12125 93552
60840 66863
12042 75485
98786 27559
1240 72546
15948 63135
52140 74267
38981 97787
19387 31801
52125 86169
14739 15039
39291 19525
47251 61288
34135 53891
99694 71935
54145 17833
43853 95653
17945 89602
74089 75310
10964 69324
81077 67236
81278 29147
32434 6275
7474 62772
66968 50235
69316 29203
43028 54450
18264 52005
1316 63487
66215 83982
95485 33648
45377 57765
60166 4933
52934 31891
91674 50994
49772 10872
71018 42561
43901 38694
27129 18574
44149 9156
6366 86729
11240 43148
74373 7768
25978 96461
41006 33746
53797 50793
53453 6533
84407 70648
30856 95376
41649 91940
31356 78218
57065 79179
75993 39929
29608 44000
69345 77660
50413 8459
90893 94498
15305 15332
17896 16305
5409 52667
84850 88704
25359 89587
34270 23676
62017 64643
99028 75463
26905 65396
35376 51060
14731 68262
3777 89165
68994 95402
25291 12333
74971 16969
99013 58918
75912 53916
48796 64765
77998 83409
77742 52873
64775 3053
39088 54839
93377 61861
36969 31817
13438 12643
96020 28850
44018 45543
5986 8988
17000 88579
91094 1858
3709 21534
70791 36310
4995 2130
83073 35452
83584 49711
74852 8877
14252 68854
37380 79126
87863 4638
65607 14518
17536 16978
57002 26339
60255 98480
30813 93926
65532 18636
97602 23130
75509 89899
11314 4081
43324 78665
96920 41199
58263 90451
71699 11597
72031 52142
69337 83415
98017 21198
27727 85006
37152 49535
19665 94823
14257 52896
64656 68779
28093 76739
48751 79573
81282 9167
59526 46487
90931 43038
66207 30165
95060 46175
11228 97672
67038 1845
27535 17532
17825 83862
99935 79730
43773 18476
53738 12799
49960 93848
80605 78443
87467 87658
38174 99059
65509 32682
3875 99016
53638 48371
28120 23182
74965 81490
45725 44158
42315 81227
85094 11524
88086 79124
34201 31329
9911 44249
4563 2378
48196 12406
5508 36231
45127 1984
15630 67061
55068 6109
10794 80165
55 16678
38691 15642
50780 90284
33016 64879
71365 90961
55518 30511
93280 7147
25693 74523
43598 61956
99054 34920
31686 3900
16931 10782
33455 83077
87455 15034
51401 18726
50426 63724
23141 30490
90302 35162
61608 12526
24781 83196
39757 326
40248 51614
76864 51608
79369 35617
27299 70063
73786 96153
52940 53001
71772 24176
88485 75578
92530 54594
22763 99015
28819 78879
8240 55116
6731 23693
88250 63991
73786 80035
45729 78474
5587 24399
33876 13468
67903 2769
28693 93369
87672 86046
121 68926
45454 20414
73385 79966
70341 72045
80803 3071
17909 95262
81721 33022
23145 64307
53425 52743
32129 15527
38755 19165
92752 86820
71327 79960
15358 13133
81668 20834
63206 22934
49482 85721
83705 69126
82873 94129
47034 81948
91791 28623
49409 81351
82879 24686
89176 33901
13740 90270
24736 49925
51826 84960
57453 83421
85022 36363
79782 15092
50289 34987
86918 57505
18592 49564
8574 51146
64503 31507
24912 78062
10417 7158
9173 60540
79938 15199
54681 85465
9166 95196
29178 11263
95503 7442
87020 11608
74098 55478
16951 96135
58650 50610
12567 55647
59516 63174
11516 43786
54754 65957
63912 80771
47049 46932
58996 90972
73090 9646
61930 89913
32212 50434
52076 76083
57560 9427
86412 78167
73724 32183
98418 97732
50433 56921
37082 20465
90205 20472
74995 55652
78490 13893
3105 23099
99701 94761
67675 90311
28544 82492
40749 76109
96416 34799
92760 35523
69391 14724
66893 77913
82939 9712
69270 73005
9381 20800
56397 41013
28580 55248
76451 57402
24447 78677
56826 1431
91767 48693
39211 98878
34746 17738
6466 31955
88017 3875
31901 65167
38035 90275
33456 35390
82159 14432
29059 22081
31623 73477
25074 46541
17615 18448
69165 43115
7186 80117
82038 92822
51885 60537
64357 63840
59058 28663
13351 45453
711 37791
54971 75125
92645 3282
94932 58471
60537 17992
5722 44961
67973 98570
78184 92185
96384 44503
32239 9495
17522 49603
33874 83896
64986 85492
1448 71853
19176 740
23582 49754
56994 53762
4466 16311
51971 81392
95385 75794
35832 40806
75897 84363
76321 73294
38288 63959
48470 50278
83147 47838
13311 44961
54128 31325
48859 4614
88565 55621
35162 63471
4806 82266
52451 89868
54915 38548
76591 86366
41727 23937
62380 77404
56354 42337
68187 33329
38728 50185
82929 88636
37249 24801
99834 86318
52559 8230
82418 7632
93610 61609
39562 17306
127 75181
21225 73245
69741 37581
90920 68122
55591 18580
41045 15369
14773 85443
46449 11123
22578 69262
2098 85848
45391 68223
9154 64650
80175 25810
48541 20592
15465 27607
4919 49444
28426 10868
67380 45782
70832 46528
38190 94278
48303 73353
33171 60749
78256 19279
47653 41493
89101 92230
19512 82781
62967 81464
66231 71670
64912 87777
30271 2408
41297 34449
88961 83534
23461 73006
72069 83605
59244 99279
12962 45090
9722 44610
1031 90185
4885 56711
92502 950
93178 71570
51427 89800
57176 73357
70809 21681
80819 60851
1397 44599
86563 86327
53929 77974
58066 10011
31738 63132
96578 14457
59267 74668
63269 35454
39824 85852
94435 46378
3492 24182
74807 15857
5907 73979
39122 10845
67624 52315
61911 90729
55841 23710
45085 87175
23726 31486
75601 85308
94933 66283
86449 73087
51825 23814
64305 42877
73838 74662
32026 97336
49263 68438
44678 93891
33993 13140
45862 74695
46341 57972
43292 78338
58050 5308
32513 10115
27920 14597
50560 52015
85846 58752
91321 10431
18860 79023
12927 83616
56930 62343
77178 9937
76504 74133
59142 29288
56132 30262
23795 20974
4271 477
78883 91550
59448 13105
70510 91882
90575 64876
92129 74390
97691 70717
84186 53627
76501 79175
63758 18117
88459 40960
66948 66902
88414 73363
728 41569
27236 31518
45785 53455
30150 22037
12874 19997
1091 41789
67972 61372
71884 25361
55539 20944
35494 12065
15605 63570
45291 35534
51519 30382
8969 87216
91831 28966
18689 21520
32634 41229
12905 11854
93528 10156
54891 53148
91699 56608
93540 72704
71812 2394
20037 54614
60278 45694
81014 10860
90985 98148
28334 75941
1296 1179
49052 93463
53427 97121
31425 48428
12814 49932
10740 25093
69072 53252
35036 63442
72061 80710
19994 10811
27117 80003
80636 88858
14219 50398
14411 57023
15798 97874
53246 34091
60803 45802
57508 13749
89593 80359
77055 11400
11667 15134
97187 31747
1698 83255
99259 18455
67017 95599
60293 80973
25183 5303
94577 92222
70672 10322
74757 45049
66716 77403
47548 76064
28535 37885
63522 74347
97992 77305
282 95619
2794 89380
7321 92456
33037 82758
34024 44588
2709 95484
31013 40246
79834 95670
22114 78144
69223 48858
76901 75610
58652 64351
94887 73060
15980 39667
97877 22871
57375 27798
60018 78461
41841 3228
3347 68277
38609 58671
81377 56080
93059 7307
26011 183
24543 11105
27441 40226
8784 45780
38954 482
71765 11550
29247 984
38819 14380
28830 53307
2049 47166
87111 18231
75306 24776
78514 20265
1519 18740
6184 90180
58035 6558
55494 4206
79533 16662
95261 36675
58089 26530
98132 85841
77767 13241
82756 11195
71483 54153
19483 54263
57643 2481
8538 43920
77140 20616
98263 72420
55814 3701
18972 75654
26243 44820
94374 85213
68676 25655
75014 10692
38836 89315
21700 64840
63219 71311
76023 28685
46004 89640
33326 12713
97151 56752
76138 5096
60464 8250
40545 34982
19446 57648
78621 74264
31925 92142
34491 57379
9764 79428
59949 63075
48784 31095
49752 84198
4535 79648
47511 75471
31630 56619
57878 95283
83388 97274
76695 34719
9372 19968
13809 28368
66079 56487
28140 59193
61672 99658
57478 32065
30542 64155
39537 85378
71613 5822
15154 66315
45269 51692
292 18015
53610 89618
14643 1396
28738 41519
14658 41653
79770 94521
67365 60609
52290 28505
68903 84425
81212 41482
17478 82358
22017 89598
80914 56800
33596 52793
74097 65784
47148 17396
76894 83135
87078 11291
29958 16653
45810 10960
78633 41259
66249 93222
40671 81625
36349 16934
60816 65705
22865 88749
68539 13282
44957 3532
9584 6558
3915 77255
26518 37260
5117 41943
78950 21422
28868 8392
30829 40220
37354 82427
398 63904
16234 12357
15134 9912
4946 23694
56359 80472
80648 44820
96037 65573
1250 69637
57836 71546
11148 64904
44128 6631
97894 53845
59291 70509
47268 58264
28170 39235
10924 54834
29424 96180
4347 312
6658 23775
96225 51634
55114 18646
91040 44381
39813 91487
38033 73738
47268 21750
62975 9053
93359 54889
87017 92654
29629 95482
26884 58251
23901 22209
20631 57364
51152 34344
2590 34910
57964 49165
8072 24145
90075 77923
93561 22922
95802 56369
81545 79066
31451 69041
43266 37348
86563 15058
98533 6723
38380 20151
74822 29954
34916 71606
28460 36674
7533 22618
57458 61815
65243 12066
27689 29227
53721 94848
25652 64538
58564 11546
1066 46613
48814 15372
54967 69279
82172 66947
7931 22195
54793 71876
21417 85595
45825 1091
33418 90138
38470 82124
33176 46820
53775 8286
86851 62817
23556 63595
33999 46350
44739 64058
92020 50203
93054 90405
17661 44461
3291 48187
34601 54078
10195 15199
9870 70200
23379 80071
14801 51646
44062 43422
96846 39300
3720 72546
51286 42513
88828 28038
24492 92452
39832 98962
99176 35692
84076 67646
99572 53839
65183 67963
10609 22596
65034 51050
61907 3833
59674 65890
32353 93549
69202 19022
93366 86199
78375 95469
98947 46653
37058 96273
70090 51902
61858 27232
612 91369
83063 56438
35069 54404
75592 27201
70515 28806
79118 80868
18010 46940
41111 2196
42170 29960
40228 69118
33103 16221
48939 43039
27593 21893
35285 78314
41386 57083
66593 55430
86954 69393
12127 22350
96854 59659
55927 93295
10605 90723
71008 76813
76674 16995
31944 30814
34621 6477
88371 6861
23066 48215
30804 40408
8392 26535
46549 86195
56714 54172
4533 7043
37690 89381
73637 62628
81793 40871
82314 26436
50657 95771
17662 88517
93899 79437
26543 83967
54665 7198
51327 59291
29525 62595
4226 60057
50720 49925
58883 56619
20204 46847
90911 36280
70066 27459
44808 90170
27230 65589
54307 10368
17997 79150
75915 34733
64534 54938
44908 54455
44958 23163
86792 54569
21954 1540
9174 39745
22193 88574
926 64370
47376 51974
55326 30980
34004 74925
61960 21199
23211 63287
23009 62564
99732 9853
56516 97156
80066 86475
80125 45094
41917 25634
2863 97717
3968 43319
29582 70576
75164 56402
79910 35433
94996 23216
55186 66983
76447 93186
81381 27395
69162 59628
53253 34638
79283 97478
91627 21610
49775 39103
6660 86957
66724 33685
17203 98049
66640 82717
74093 46791
25856 84194
7195 41807
96218 74654
57563 48161
5140 13154
30016 93943
1306 52980
49742 11104
19116 89676
50942 84927
20221 35350
46400 18059
37557 19699
48436 20237
37488 40279
53072 68100
90397 6668
56189 97284
44961 26606
12058 15314
34929 1614
34104 85770
37915 88079
26875 4186
13278 49964
56704 13060
21453 83280
65361 27200
1328 70268
19442 93303
77922 18052
29944 87497
8084 43730
74573 38952
62729 89858
654 66107
77560 29733
7213 18748
33294 81246
68079 20346
71145 41063
43790 48056
21565 28045
28632 82060
44883 8784
82478 9601
41605 15141
95462 65685
34628 1971
27562 65052
18610 96985
26903 12987
41160 73543
38687 52653
1745 60480
69447 66370
10701 60478
71977 95003
52975 91374
70356 784
86176 41136
5767 44682
34554 30264
99097 74921
20493 3664
23444 10334
96573 39444
5013 13042
53602 18068
67982 95934
77158 58997
10117 92721
46539 94832
2578 62606
45699 46834
22117 74634
29814 27707
10045 39570
42207 88735
77842 82275
53007 99144
31628 97777
99305 78577
20041 14337
40164 89100
53947 29006
95277 92126
68808 22951
57538 79326
9672 77743
65047 10873
75051 72604
94805 50737
18193 22202
53910 44537
21167 26533
83403 69403
58928 81170
32054 85618
26674 40070
39408 70480
63589 35581
91748 76057
52496 66565
19378 16454
97644 70176
77933 62756
72454 75878
24637 78290
75233 9088
52638 14406
64370 98542
3039 92841
68642 71618
67236 86262
31088 17251
36709 28383
19533 98859
83373 50216
63709 25258
45819 20650
16124 94752
98756 16050
38871 83078
29679 4671
93551 65606
35608 67527
17914 21407
40269 37938
35394 45762
95092 23998
85475 80247
27491 30969
65841 60505
95143 64330
95088 48566
28158 67497
25434 53456
1180 14467
46141 19518
41386 84983
79194 5292
78402 81051
53671 81206
49269 49943
97390 24209
95781 14056
80780 20899
53675 50847
23283 57030
14386 96384
61992 76361
5498 61540
1989 1070
90966 18551
58104 28173
13806 5338
3651 34928
81342 11202
10714 16565
45909 77655
79592 25232
66871 78294
26570 33190
77788 18832
78322 44114
22063 9513
37413 18371
98063 57049
95710 52572
23505 78190
15081 39700
73692 29800
17224 93236
67019 36572
37266 59291
80431 44914
47375 82749
63755 12071
24381 8448
61494 61484
80462 76701
75516 79333
58984 72965
92125 86986
27939 68858
82797 97641
5679 59537
48946 67266
30347 41431
50954 74698
47791 97001
20130 97321
86531 76154
58271 8092
44678 79537
89657 74803
13352 85416
42363 96852
1775 85230
41093 53430
42550 99590
98506 14023
17162 10982
70834 66727
34603 93881
96089 8651
75825 5725
76718 30138
58341 44038
36085 63635
54723 28825
78118 98726
23807 31058
75372 98166
58364 30
86438 42270
60278 66722
23529 77160
96218 26546
7228 64759
69769 1562
52954 64927
63289 32857
59060 93735
54515 73825
12685 51758
82230 48537
62684 81283
57843 60123
17901 66348
98319 4342
38464 35072
14788 74573
41513 37613
71039 2293
5006 76531
13956 29531
87212 46566
8678 52924
30323 78448
65039 77996
38245 7244
78846 36336
35899 12908
97348 34243
45440 5429
18310 88885
46484 20862
20158 80967
63018 96021
98778 4016
68938 73081
93435 72219
39760 23425
33432 90503
51339 53043
16953 26342
85727 6798
46844 78462
70563 87681
27794 88075
31972 51505
64803 42555
85728 69527
26886 20624
9708 94048
16458 89346
48591 56171
22033 37594
53796 750
1295 34680
52412 36434
63631 5647
62842 25586
23886 48228
71701 66080
14302 62994
59513 4640
58949 60072
60710 53291
74171 10985
17616 36782
77167 8171
15645 43368
95747 98873
14442 77775
47884 82705
5126 20524
2131 2695
84534 33050
45174 15552
54064 39147
41863 50712
66591 87491
21644 64861
16389 56379
33694 5777
59380 77919
79146 61707
38196 26577
12755 2391
40897 49476
94125 66034
2186 57921
38756 90895
37043 60869
46419 72564
97012 58849
4558 32733
93399 57113
34040 65400
58494 8454
26285 3752
92442 1428
96218 69347
85013 49092
91200 16404
70026 20075
22805 62137
46727 99058
95682 84837
61266 79380
2662 64415
45185 1922
21265 93634
14912 19618
15082 69275
24879 46924
9290 44494
73634 36524
4127 20082
53823 65155
39946 51888
42371 8678
10593 69256
64542 19293
41293 30795
59986 55461
52525 79426
20760 78415
63346 30566
70042 74207
98721 31334
32410 22733
8436 52612
91370 87783
89529 27544
31602 33549
72113 12747
46894 89716
53298 11261
1261 36100
65926 16193
45235 88762
64138 43324
60119 35719
79568 48649
99558 718
85853 71991
72990 95594
99052 11337
39508 96550
56553 10805
44527 69123
73462 90854
43946 76757
33513 55451
63990 58790
6764 62469
3285 98034
74044 26893
92001 63402
52395 57163
83683 85777
83071 98992
34428 9282
81520 47837
20927 1768
57069 53130
19285 69956
94104 72832
25208 34666
38213 56799
65048 81732
45247 14233
12217 13230
96708 74485
71795 8120
19204 38381
17905 61480
33317 54000
15698 73557
67138 76641
82699 58765
72583 93814
6083 87471
72759 56377
7670 62770
40679 23115
27987 5085
11488 30684
2110 684
95648 10100
15566 50002
71450 32334
90928 38641
85937 31607
90210 32131
87457 90547
81209 84085
14167 86841
45948 97191
71251 30482
49606 2381
34637 73406
97224 76721
38254 26318
72132 23534
57490 22315
16467 61686
96525 5326
47168 94734
13058 52870
65035 47181
75181 48565
91720 45664
30907 97939
89629 76329
30445 42506
73383 58811
38009 44472
90453 16416
98953 73392
82572 34675
50169 71385
22721 49094
29405 16109
53826 5310
23769 50747
17614 33202
95335 43270
28024 56527
57749 68037
39688 79351
24132 41281
51098 30557
84426 52985
5533 47850
37905 32673
84692 83036
41110 60862
95737 56482
43210 7564
26421 49441
32597 99513
7241 56882
23950 25543
67209 56129
51844 9293
56636 57808
54360 78071
86653 46290
19328 95778
11197 51088
47718 60961
80926 5671
69703 44219
91545 63080
52309 93354
15801 17431
85110 80253
78430 48973
89954 19831
81532 26518
29512 43501
94873 34868
7690 51884
55922 85306
2908 51474
53462 97489
22729 52880
7369 43574
51214 53838
62339 61210
23997 48199
30223 92129
93212 2792
38829 11812
85699 92629
31504 47823
80770 49253
49568 17123
95992 32257
25784 4021
8573 96777
61161 9837
59161 1967
84598 39752
18922 77689
93942 85143
58435 36611
58518 12510
5671 15163
44148 54902
34450 92644
45125 5835
66096 80019
60367 79038
69124 38293
26512 35300
57571 10471
13333 58245
2806 28604
74948 21086
78780 9755
70387 57375
71877 66751
87918 34670
70520 20885
1141 30339
94222 73953
89691 95242
19924 31641
72936 58212
13101 51368
33304 56101
92942 9645
87002 52663
65889 42137
61779 99702
37282 2037
55352 12851
20741 13018
27543 79250
35918 82678
19343 21579
30071 29486
55282 81900
12910 54262
28554 92469
2004 73435
91314 35098
13119 30906
40729 90885
96024 75494
4387 3538
97822 58566
36967 61778
16514 99156
24017 8968
82217 92383
62914 86351
82317 3690
40683 68561
74396 53003
5174 76113
58807 86541
98205 33507
36341 44398
84593 81231
5853 95457
43828 29969
64047 34766
48095 52700
26652 7277
99613 13170
68298 52847
32174 56301
20401 16085
29925 23418
56896 92790
87627 60217
31960 69054
13018 94942
40016 96553
13954 79827
96528 11436
5191 33172
88694 87885
18624 70385
83348 1158
42650 54863
82063 93862
11732 88104
54274 73071
833 81446
42169 91001
76457 33932
56119 39022
25415 78477
3856 42156
45868 72563
53615 18758
73627 95257
37553 30499
48395 29778
64873 46142
44776 21696
42810 73444
73299 48285
67776 77209
12989 46389
43047 38291
50480 28490
61906 13981
42726 4367
86582 48246
78448 14574
33788 67247
65744 87234
57442 76529
62399 84221
48091 37237
94280 64004
95306 38281
71179 51566
48075 28946
39995 56104
96203 1316
26912 24275
18219 10732
29942 13669
28320 94343
30988 90916
44022 27688
45030 25326
68072 7510
13500 75828
76490 86795
50169 40986
8288 9974
13404 37657
85476 73562
73050 44734
80676 89037
23866 24328
59073 71034
74392 94029
50097 80767
80162 48566
41053 73168
9790 34302
32228 1266
5954 39447
93686 53473
34619 31813
41595 63370
11207 72640
61002 10385
93946 20823
50834 2797
82557 36360
98804 62791
52682 68297
76550 14047
16690 69858
39570 2119
65399 67376
52597 27430
52498 79588
94912 6742
64974 22914
18106 80166
80491 1091
41565 14520
95740 73075
6037 96484
21769 86611
56164 10004
93166 65784
76320 26118
56474 87786
59027 99021
72593 45830
49434 75632
60523 56893
31143 84298
71090 78515
1760 40968
37320 30368
44381 30062
72863 84082
1933 75858
27839 67178
49970 25247
70787 83770
2112 70356
53148 50061
54626 59011
37613 43295
41238 97042
90189 40801
2252 11101
86760 28247
80906 43282
37694 87545
44747 42579
32643 61141
91675 94328
53629 22379
13821 22122
49994 99664
88997 88393
96439 47724
75391 21640
90281 49084
46694 39659
34680 60944
8109 36304
38607 28686
87066 47299
17166 34029
95142 33320
50504 59515
83070 71669
93317 83320
81829 57109
33729 76473
83600 87302
30859 21286
24136 64988
99911 67291
86060 50044
58157 84075
95724 48577
50663 15512
30383 7995
67575 60797
84142 78795
95599 10340
61366 52841
70647 76624
51082 71966
64266 42741
79359 66218
89145 91707
45503 11519
89798 45854
2662 1924
87819 18513
35944 98387
6321 39830
17897 10843
89977 81735
8963 72766
16342 41521
932 67444
59025 48372
75021 14311
35460 83908
36180 70613
79264 65675
82851 60657
3719 47748
73271 57731
7186 87202
36481 70531
62444 37031
1928 34945
11572 29901
1350 73184
72352 20449
81895 28887
83093 46434
88941 27215
5584 58663
74958 1960
32352 90294
81652 42003
46729 58222
53692 73881
54466 22782
16248 94195
93272 67211
67853 87727
56681 58350
38966 72082
60010 44404
87551 70513
61602 78524
74922 55286
12876 2109
43245 25985
64825 67197
22674 17956
30635 57018
99639 54822
20476 22597
67628 98401
32821 55747
7703 92581
14967 81867
32275 94611
21397 17002
52300 78498
41208 2017
20516 84861
51418 90982
48626 69570
84075 74207
50270 77285
10544 50666
11846 10411
93982 93016
50365 52944
74979 46477
48678 78241
98942 65570
97245 56162
51810 93124
78990 37514
12791 23858
11164 63394
19865 62978
9180 86378
54679 30204
62295 38772
83509 83005
57804 85287
12267 47638
53195 91453
80675 10443
87355 69189
59711 59957
49717 258
19952 76640
33254 29738
52352 79886
63281 38791
24265 78097
98667 73530
72572 92917
96957 19571
75676 7028
50214 99706
30016 89504
52278 84170
31956 87804
81780 68336
9400 45923
77625 35728
57024 12704
79859 62784
4690 46964
81603 30732
97963 21428
32223 7984
21722 94536
91441 79585
60868 47341
69974 17765
72414 65172
58175 24597
10870 37313
74259 50882
77643 92972
75724 65230
48624 93668
36693 8910
58829 20103
13555 28463
61214 85770
46457 7758
83218 22423
90194 62878
41197 42218
48507 39366
88838 95796
61349 66113
42506 20313
44216 18012
71927 42705
32459 9499
44002 84394
32941 30420
46354 51524
66399 85298
58754 68820
89944 17939
36227 71266
67936 37803
82583 37898
14453 78943
83543 85727
64649 44235
36527 69764
17089 55133
56285 27217
3544 33111
25749 81364
17210 54640
45823 31501
14249 27284
4599 22064
21372 59296
88749 37095
63547 15623
99619 142
40388 67887
98930 16629
48585 69653
69061 20642
91600 21733
24571 97516
87409 74882
20617 35073
80476 52772
88758 35617
1744 61013
17246 89664
59141 55827
94736 57640
42883 47474
67536 35637
78249 48727
24789 80599
40231 28669
18476 53363
77252 37524
43539 46722
80888 74493
64255 44209
31987 85455
33559 42560
50741 44790
13334 69315
68788 63982
4781 12868
94361 90892
96030 4574
67587 91030
77314 58276
9922 6021
37348 66424
69341 43850
18468 34228
47021 66087
54806 79621
73504 56562
65344 35754
80151 42453
92639 69017
9671 63408
84098 46907
6268 1174
48878 92108
40658 51852
93688 30684
91866 19597
80750 21072
69371 39080
83759 31681
38510 86304
71630 16635
44865 459
12659 52992
44693 5972
49241 70307
74881 32826
60465 71501
95692 6734
48094 38172
65750 80217
3448 79967
97232 50739
15561 4187
4735 96045
60914 32873
63165 92936
55463 56821
73016 13020
60079 63009
6994 74194
33189 51456
85983 31946
77658 57435
27114 4886
20496 92240
6800 6557
9920 52525
61859 10649
40181 13689
10120 55193
64751 81676
80793 48448
59906 97267
4805 32740
56724 34893
49771 64016
42434 56848
2050 81602
60091 73220
34484 88334
93443 92006
98943 31993
72850 93319
97811 58078
19603 94315
28758 12077
49541 30795
49667 58023
2045 65107
43238 57091
57858 50276
23266 45421
41712 53747
6763 99105
4566 71304
89228 48436
11448 2529
96323 54732
77069 87180
88832 69827
43810 53360
88234 64264
49909 70725
97945 2333
51450 94839
74141 22618
87546 75111
64534 26505
26031 2698
87641 78984
2666 88712
25234 38826
14413 79166
5788 60758
17489 35901
16459 26758
42530 33960
33410 89674
36350 18682
60061 45251
30201 48190
37481 22312
92859 48693
49671 78308
44352 71668
49709 76661
73399 79267
20964 97103
95940 29087
85611 35576
79199 13656
89426 76265
70739 5236
18784 23827
92127 22506
64302 61015
47192 76232
3658 43469
933 42510
5461 95582
61666 78385
59109 3306
43358 22425
72356 70947
73533 86978
38287 37808
45622 64031
38103 69419
14261 9010
88387 68132
17275 95222
1421 82139
80281 72022
57377 3113
67033 63538
79105 43992
44213 79425
35491 66471
62270 55818
77297 83943
39798 65290
74184 9120
39766 22257
45882 93101
42665 66500
59148 97307
4847 71805
23096 20430
57947 93318
47212 71197
30582 98978
66570 28369
48121 64645
48262 34602
40119 47126
91979 14330
31633 41044
84566 50023
2047 45422
8377 25197
12494 13770
31130 39386
57853 39103
48049 28209
88799 86778
39693 27688
19259 58237
57648 78377
19439 77147
782 26549
78697 51838
37043 2908
74893 46594
68122 65030
32946 37079
61110 40173
64676 93602
48525 18209
76772 36732
26775 62915
61283 23986
83140 53706
23467 71811
14899 33857
83478 53189
93596 38950
85012 49505
19015 48493
8490 55954
68531 48380
66190 3050
42576 9740
10668 59278
80101 41294
91300 30965
53419 80548
27721 10444
2319 91363
70083 94421
38260 77304
85358 71939
35183 9344
95897 80223
52073 21422
55624 71
48353 45193
89427 4490
39815 54443
87781 75981
33378 10819
88061 45577
55563 64660
84080 28298
18480 13076
94021 58257
60530 54830
16695 51795
2119 38752
46743 4057
4920 80829
1864 35262
91524 76205
12353 34420
2620 62376
8751 43807
87013 42623
32816 14840
71033 19
28792 42411
27686 39324
28688 47833
35693 54115
97842 33879
63300 49576
44015 82989
23733 89181
69289 83545
38397 63304
44217 12233
98798 56773
67274 24932
61005 70082
99356 93506
91828 85442
78306 57359
52145 12603
30180 43692
294 98807
30174 6254
66663 75575
67551 79357
4895 97163
57611 70742
45611 77979
49562 93258
63293 77761
18070 6973
36314 41453
37409 96072
38397 87520
24717 43831
11602 19057
1154 58411
71131 17099
59899 21529
50479 60333
1961 18249
48822 74920
68911 19448
41454 43141
22980 17782
94185 90845
98804 35593
58637 79454
34879 50344
43922 7437
98841 72449
40775 85599
38504 60372
65102 78206
36489 49526
48124 67338
31820 46543
95354 51477
61683 33148
71078 77318
76535 90829
92435 86551
74691 95112
4036 93431
2295 52869
24341 53289
97510 40655
92210 54563
99320 2121
64126 75600
72073 52263
33102 39439
62024 56625
90731 1297
57529 22212
53684 78975
53908 93136
20377 31153
61443 15515
24417 9144
47816 58492
68773 60885
97781 88481
55123 7551
49425 46665
27724 17634
29978 11947
24678 70619
2686 88430
1162 62973
37824 28910
76183 46446
76538 98974
8285 46378
89653 7424
91875 13951
83506 94510
162 30992
83364 14549
19240 40403
56052 28053
81430 79475
74972 20610
98786 11886
33996 80678
11638 88279
22921 83741
57487 74229
72969 16919
46591 93699
9304 80697
60715 96142
26901 89628
21421 87098
62933 87053
66867 84669
27232 55692
70910 50947
31471 27661
79941 7016
57556 13657
87407 6337
8210 96174
12220 39187
5057 91131
65341 65626
45164 14309
17400 64100
35730 5605
13189 64756
97192 67944
63507 84159
35765 74061
77859 32210
34260 47787
97228 40138
8438 18760
73110 50042
75005 4035
14143 92041
70371 17451
54873 15313
95153 24197
31849 25441
88040 48714
95178 77916
34267 55590
99336 74968
28819 51035
67590 43680
93386 42396
61400 8435
2416 74866
3658 61762
36138 81754
34647 65558
333 17573
46290 24679
15527 44727
14881 60550
50263 40233
73980 46740
82096 94152
59507 25225
16826 20883
518 18254
21169 74336
11882 66019
67428 20631
93835 54042
9879 68310
14372 6618
61217 34027
19208 4221
48239 48477
59965 89106
31167 76228
48700 33435
37286 97004
54579 42064
79627 27127
79426 35099
56745 30456
94497 60474
43825 60952
81017 43201
81542 26772
7302 38549
86559 8445
10844 24977
92808 78999
15487 70021
6753 66746
20297 23250
73246 73620
34952 65359
96805 76422
35741 5575
33427 23458
55678 21401
4567 18900
84820 36983
23574 12054
74206 7847
97381 20121
25965 52613
69138 28355
16966 38175
20764 20812
89027 34711
79222 40064
55026 7077
45640 5120
25652 69683
33582 83968
57695 88927
32151 41867
84893 24188
45575 74971
29099 12785
53205 38433
55515 12952
16110 6851
60178 96320
48432 13528
89162 19052
84208 83374
25937 47218
78805 40805
51849 19869
72538 27858
87142 49452
65360 43965
3891 70353
15417 1539
83821 2930
41934 99540
5158 93835
22555 85110
87523 69705
96926 98016
72959 76753
90219 17696
65446 40951
40522 72566
41755 52423
52055 90006
45490 53440
61538 62762
60438 26772
54893 48334
81348 34538
91473 39026
2319 75580
16313 9660
41754 97657
31172 97731
25985 58628
99911 10997
29008 91923
81449 74610
8106 25937
2534 78318
8163 25564
67053 85843
14919 20039
46402 55773
94737 77338
9948 52444
42388 50893
2856 78741
95766 71505
29796 63874
84816 11911
58053 27085
65807 67430
42770 20121
84406 18297
19942 71065
72634 21727
95570 30007
90436 2346
99768 23663
83763 62816
59281 1009
71639 69981
10760 1474
88439 14895
58845 45883
25260 93721
98916 10249
45412 83408
51139 72811
12608 21729
82807 54744
41590 64425
9551 77910
68015 94459
61839 75236
92842 84702
53327 31793
73624 54316
92826 40482
45438 77973
16304 98640
13782 45434
17700 70695
47150 67666
26494 91625
5671 80776
43673 26633
31639 44698
32646 6673
56424 89212
39176 27100
12471 32211
48535 41180
52565 28987
39869 81941
96073 80354
16699 5056
17389 78250
34469 37513
461 25867
15298 86674
90571 93102
45229 97582
39933 8787
83671 77798
17549 53740
68802 20888
68568 48832
12551 11379
91856 88937
56625 89628
22938 70230
9600 92811
81777 21962
37128 7151
29601 78619
90863 17958
87404 54964
2226 37190
19689 11219
9888 17623
1312 85451
86749 61527
33711 47524
95649 31476
13736 33846
68055 13269
81681 14706
21054 64978
72898 32345
46379 5911
58698 4290
25445 10949
50187 26936
47944 96145
44058 29370
15939 31908
74752 47994
49722 77337
77627 57535
580 50657
7837 52802
68686 70242
78700 18164
89174 22356
18529 84055
7408 80515
35401 82785
8453 68080
72359 23132
64815 46992
96144 45544
73247 85259
13357 4056
727 76350
68349 94833
38416 12026
95280 64782
99926 64642
41901 77534
18886 93777
8717 40900
14647 95666
36413 43959
15950 14662
7808 91968
83688 83298
65259 46334
18612 13358
61832 71109
90102 9159
64147 30042
43078 99677
21600 85433
48815 46774
95635 46128
16912 70665
55782 76801
52702 69284
53798 98628
57536 35047
32631 69762
91666 4551
33644 26523
23971 15148
88623 51457
73143 51795
61503 16251
39781 37452
30765 73699
26201 23773
67070 86536
64147 89021
55916 59373
5927 51482
62597 78952
20796 85364
56234 43236
21293 71199
8561 31071
67339 71365
9572 75213
24824 418
31008 58515
27885 41606
54807 12716
1109 2390
61998 7528
15184 29868
20736 47560
95633 31346
76249 94500
50016 16363
13595 26661
66041 83403
70333 29643
89804 45561
63334 48231
36955 75860
18135 21570
75902 60459
11551 37589
17218 48484
28580 19695
326 31030
83009 39763
37020 1262
83874 39606
65422 78670
44361 63205
51991 28426
97741 94589
38566 78505
61174 65297
59071 98538
78114 41577
13881 54012
74851 23389
38656 1348
43071 23101
22900 27515
20015 74220
93897 75118
17664 20288
89798 68796
56821 21637
96902 25820
27874 30007
57113 57140
2035 98411
34820 40355
70947 20678
39677 30296
25765 61636
72624 24216
13919 1779
79325 95932
58954 15605
61207 93360
36980 12514
66310 9174
33565 35011
18854 94753
82557 53592
94534 45242
33917 84755
5898 43583
32857 13915
22218 19231
30981 67434
31345 19071
14853 88208
70910 46008
28211 36013
86182 3158
79580 7546
51952 93850
21859 18657
75927 28985
73117 97089
19404 81372
91956 45323
93522 59614
55141 14407
28256 5265
37953 97488
14338 65721
98351 30708
52537 34671
7272 62549
40790 4895
48250 50282
6915 34410
34247 90975
47738 25733
53923 56464
65675 38521
66104 39314
7003 91553
8805 73995
13824 96046
7867 17045
14502 15878
50719 5823
42093 8865
24972 47051
14984 9003
21678 80337
5535 13541
38855 28379
25870 54660
4365 54055
85796 72273
45354 64713
709 97351
19963 18054
15753 2807
47346 52985
42074 61479
43860 15665
26362 75503
24060 44017
27611 86171
65590 48560
99652 2668
50469 40471
50483 68151
16925 59749
10870 55236
97641 20174
84464 2064
16294 12312
13339 84523
97670 28924
69952 74779
84591 95883
21760 65560
76538 18631
1999 13454
32916 48741
11123 7486
45088 5202
71209 47516
44242 39819
60193 7698
39829 79203
85149 48892
25767 57729
4822 38635
24408 7583
65463 22690
36239 236
84480 50044
48164 55563
80740 87364
91463 786
16843 67930
5944 79116
25041 60789
31148 78167
57285 99996
37391 40615
73419 77324
93148 90881
37051 3509
90087 94849
7071 93565
61652 28116
11417 1179
71709 85055
81338 1821
50095 66038
38508 7587
98253 71749
20554 23041
93420 29035
72611 30369
83382 15482
55482 16799
70695 74585
28136 34507
60211 73314
27033 90250
84190 82948
75531 81974
23266 88258
38482 98201
87821 15089
82167 70614
74496 68254
38420 76000
39089 52742
29273 66177
56042 3197
70027 56821
82023 38632
8000 41516
49148 77890
48579 72875
35949 75995
26294 92587
16788 39060
63019 21849
9919 63588
45867 90133
97872 86294
82447 35603
59419 15913
59849 41853
50795 77007
52508 6894
7197 35342
60800 56024
79171 21154
30943 34015
42466 82009
9851 12541
92788 92341
9830 23036
52359 75662
17127 12799
58205 44141
19100 25593
5130 95538
41875 42195
71033 36912
30095 85227
39911 11980
88809 89392
582 7969
44845 49511
27356 73758
30617 89321
67777 45734
65249 98658
70949 44495
98638 29268
72487 59268
39258 71090
53823 12611
20309 26725
31669 41056
64291 37931
34119 43136
9372 11891
62343 3455
91499 48834
86939 7627
83248 41585
75612 37798
38110 52844
38423 62887
66717 64660
60975 54330
22953 69150
60985 93724
67537 16051
66462 7487
86073 38446
2108 59020
19640 96321
95622 49436
68187 1520
64704 65630
2432 88659
1891 48085
8316 16985
98367 64823
39798 39360
10932 70031
28233 51998
44504 2875
78726 49787
58292 83054
96816 75604
62951 13455
41854 2106
56929 28697
90012 4081
13545 38649
99658 80305
95192 13523
66747 68105
38588 68926
23576 24407
47766 66851
76475 25745
10076 49730
48532 37311
57592 7660
7304 53534
9286 40618
76396 60734
17818 85685
85422 89221
55032 45276
61709 44107
40474 50145
24028 27612
47950 56188
35363 31705
72373 79990
44862 62231
72678 72335
36668 82110
87720 32410
17217 70187
87611 4444
99012 99662
47408 96368
3698 98477
85772 41605
83177 55967
4042 97918
80222 61074
37110 96337
76344 36614
95314 92809
8914 81712
81492 12197
88029 57592
86566 76374
65563 95963
89573 35973
90309 9705
38499 55914
61222 85288
77414 54742
92062 40303
15782 3626
77185 77996
2995 99006
34101 28927
92044 15323
84215 33277
32009 82177
64695 10157
66290 72642
94967 942
4357 73381
63696 81712
36116 16164
78764 69750
18085 84942
87885 32346
93392 88870
78341 88009
84997 48130
81820 81475
50019 35436
78478 25052
84642 76805
36266 68190
86922 99069
57172 31301
39930 82620
48867 44161
5858 43517
82276 14423
75432 95149
53173 6785
76711 96144
95819 3017
66412 12381
21164 68722
18168 67645
46038 96975
3392 59952
60566 75466
92624 29927
96722 59711
52099 17387
64032 11262
40461 84469
24172 49452
76914 53332
33110 76066
64716 17834
39890 98989
64360 81935
9926 46796
45961 17421
56623 39574
40900 62370
66492 61681
27683 5121
50161 62620
73795 68209
96326 77222
24597 55564
29446 71540
66688 75201
96433 24255
4925 56947
16314 47092
94266 35321
40361 23378
94040 87292
38265 24655
13101 44315
57883 5268
14851 42026
8594 12892
89207 28558
68437 59289
52155 54947
81489 41967
88276 61750
50692 11639
94236 79436
48675 3934
99969 80441
12469 58467
10628 18058
60885 62940
34492 7740
35220 67506
65585 55298
41940 40544
71649 27395
86798 3448
17597 31993
57325 55774
20557 56627
52241 54827
85032 70675
31757 89515
72733 75409
64810 85951
93070 1015
56034 87228
65679 49380
58757 37290
50507 41929
44791 19623
25311 68718
97328 54817
89821 72302
58907 78623
7403 45366
63351 7257
16354 4330
25817 70523
32111 90049
16104 2567
26580 42340
52960 10672
18056 6675
18128 50047
54963 34464
65084 79697
21876 95793
46395 66647
12731 59682
52601 2836
77134 2689
21847 42211
24104 88753
58822 81711
9878 47463
34896 71417
33560 27952
73295 57686
96006 13225
14868 64718
16456 78565
66497 45374
2845 74827
82031 49047
53653 49878
89609 33341
71511 22227
92623 20392
45436 63110
90389 22118
55570 57637
7169 34647
73114 14459
19760 14736
43657 30439
84657 26809
63499 68346
13000 74191
91900 39421
28205 70338
96813 50441
47819 3512
36901 64684
6401 3432
33597 63563
37732 20960
74787 66650
45947 86624
19032 74630
63202 19965
28530 5356
15304 97471
5691 53567
90512 18115
33008 31846
79892 55033
59906 97371
97693 59719
31448 34925
96972 2884
67916 97567
41973 27166
92649 61671
31263 76693
51444 21359
90565 97821
48896 32248
43927 31744
6296 72754
55034 38106
58489 70822
65924 85275
3348 54924
57441 71945
75889 80885
13553 18779
50759 66466
25767 84799
75557 50666
44971 78484
20141 94040
13753 17553
80307 80491
10560 72029
88322 18165
68421 85012
88823 12733
17501 43720
11620 87453
82070 23550
57966 33700
85934 2093
49744 16084
27930 89411
21590 21381
25921 78015
54499 47457
95775 19096
78859 95014
45251 58164
55001 2087
7664 13810
94571 18379
45856 41153
10705 79149
84988 64518
51409 88570
87429 51866
63814 8726
5199 57322
60444 78807
34017 14165
35958 24296
39670 34770
52777 82088
16062 70151
79326 81992
51966 66707
91380 13329
71756 45093
26107 48508
8468 53858
64474 87127
43349 46531
23753 14343
93253 13652
1752 41664
74249 88983
78151 23311
26622 51167
57644 61873
8531 94102
35408 25433
61516 90295
91026 16206
21217 83700
36866 60042
8828 91025
71687 11068
4287 40007
55514 28167
76796 58850
11689 56161
57851 1476
85909 21077
36023 15104
41428 15745
55233 73151
84143 98233
79388 45214
32037 11426
78335 97710
98503 34488
53462 68243
20314 89576
14242 95398
16184 26262
47828 44339
57039 96729
8278 28123
52640 88474
58530 74771
64769 22297
86792 65220
74396 66728
14573 34185
62414 6318
61447 30452
44776 97477
70402 95401
74706 50875
43709 40896
35491 61877
26702 55207
92842 79304
19610 64319
64264 3455
39838 60474
91636 97176
36777 68868
55062 60518
70271 21591
81132 2992
84951 84612
83304 80209
67166 48497
47983 50934
75315 62582
7803 61731
16296 62143
38523 45518
72455 33165
25038 32450
86091 64245
18987 33182
41571 15167
53085 46644
42290 54024
80671 59722
2450 50144
36548 19420
5004 89741
85393 48728
95201 35271
31649 72576
73285 79834
20064 99148
79038 97127
35473 22821
82217 13474
11561 28843
51414 2549
62353 1329
7943 9116
1671 4891
22389 73800
79677 30951
94955 86364
46425 54337
81033 48083
89908 88365
94914 31448
58523 51457
1470 24204
28497 88904
79129 88835
3083 84928
36418 98215
51890 96125
37597 14260
36229 2788
53729 18874
25140 19248
77851 26143
84070 30769
23722 35226
93588 92008
9824 81817
1324 12173
96903 7612
69743 6825
24026 97047
73138 2140
25511 60596
14177 20248
82708 58095
23288 89220
64215 52632
44360 75994
38269 50645
14168 42121
10628 35133
96129 12883
67200 60061
65137 16784
39130 6903
71337 46186
97804 5343
99295 86207
22534 4764
82717 80450
19213 25613
18208 10362
26902 81537
22521 73058
13519 53245
51888 41543
78167 81595
72252 64333
18433 92069
10924 9483
44181 37150
12673 93706
71919 20377
22929 38889
59838 65632
45286 30588
72902 7438
35677 14793
65279 21973
54664 69162
38899 72826
68844 4749
71300 23508
32740 29623
27716 45744
13756 57693
122 18256
34262 33609
75172 93863
14121 22875
46064 15998
75773 46277
40449 45267
97840 68622
26192 62037
60116 12368
50921 5257
45742 88731
65802 99304
46457 93296
28647 64894
66305 90886
6761 27181
38025 36360
48618 76808
7301 12436
1306 90904
67744 1438
73789 4731
75800 31371
7627 7744
90013 74647
83855 41068
48726 58415
18761 1368
32763 84887
89196 30640
51036 55846
82272 49077
62296 49925
8641 3708
30919 8532
6302 22222
23665 69893
59707 71974
17013 40767
33839 65942
16675 40092
64231 15394
31970 20331
96449 49603
93067 16431
19058 51173
15243 3006
83521 60393
37605 63298
9897 86756
59246 60220
71323 98078
16912 76860
79162 9428
26983 5322
18205 21015
40103 7969
28016 37995
14516 59342
43411 24809
34120 44373
46041 76349
89264 66220
50987 89384
83343 85535
13603 44543
79546 27914
6097 82794
21723 56962
98841 63814
33071 63916
24243 23396
19432 13796
43402 56519
75051 62232
74334 21514
39218 57515
36194 53176
6987 81330
71326 37682
17687 37178
48494 89965
30572 40960
92001 10417
87988 69559
44443 43739
36940 58438
47859 33083
65478 21671
81974 14423
52231 45450
27362 56295
11977 4016
60652 91702
4122 70352
16538 45607
13916 49237
71242 75246
25603 23389
2889 80947
96410 63612
17597 48979
97758 18583
94908 29598
75745 47722
39282 82554
3848 27555
59839 5406
27214 40484
8279 62200
95135 21028
86752 57160
49181 50351
22999 67459
95743 55746
96524 88945
97677 29808
78529 9614
58085 23071
67694 40685
54073 77483
10112 88624
89487 35139
4534 52338
60288 7687
52995 50557
49305 34064
51599 15828
14973 99336
20150 36587
72224 21325
50599 12649
66605 14291
16966 31085
20930 27071
48842 30982
96399 81868
66976 41146
53979 56266
17862 7552
28767 38106
33073 75014
76072 56819
32007 30443
11737 87168
6214 72326
28679 65888
49531 69149
75579 8293
55276 81231
96916 59990
43503 39723
97474 26348
13552 1142
70252 56888
36591 54633
96011 59388
45183 41873
8749 35182
1225 15118
1587 90808
6023 7220
947 37498
14729 12492
94166 10567
16467 10516
55323 24835
41565 8795
54835 55244
3922 39270
37443 95438
10609 77902
57893 25773
84847 43392
21158 25439
53300 39899
32714 21039
59193 98005
71044 80764
28336 66071
7486 21815
70908 16860
45655 79465
83572 95222
5696 86250
5541 19337
21790 52939
83597 68526
8492 99725
30785 20594
40725 67592
44999 30356
55678 59909
83677 39594
62298 55236
17488 49181
7380 29911
78310 8648
1321 67781
65013 37693
587 66280
84745 33600
44959 39023
84098 17866
15392 58141
29651 75815
1530 88072
78789 76696
41135 38747
93234 17586
29462 89460
69226 47870
5975 65863
16017 39063
98544 55353
23679 68559
37491 99557
1567 9610
82149 14555
86416 23104
14913 44188
84647 33152
97747 42879
88491 97192
76734 26352
85656 68270
31638 89451
66685 92634
10311 15589
42110 61609
24588 80548
4946 95020
90392 31906
39205 52999
35217 62574
33368 22834
7984 65482
1244 14043
36770 84686
87195 56834
15178 32228
16495 98748
94877 26858
98409 54321
8004 18131
22027 46398
49437 75494
91918 29172
47291 7453
80957 43447
91138 59624
92920 67071
89259 97064
78707 96314
13382 49940
95540 34056
46867 76567
17240 64190
61384 68175
71374 77316
42190 87344
50394 77367
43268 83103
62676 74792
48123 65528
47175 97402
43832 97993
38706 38728
69941 95732
8074 68861
91327 27153
46454 10009
8697 69929
85586 74099
984 27036
8333 73618
46598 79228
77002 30259
57664 64304
91811 15846
32696 21074
83617 18033
67283 60754
64581 84235
19659 17680
4259 44834
49582 23909
80258 45206
34493 31131
11261 69083
91054 44976
59012 34203
83531 14648
33052 91506
87217 27288
48571 53872
49938 65420
68077 75995
53523 47457
86418 1290
64239 6267
50045 40843
54002 30897
22998 95902
48990 76300
74329 19639
48873 68940
67125 39104
36157 94563
97486 5492
96055 69815
31580 93574
15049 20132
80682 34712
14745 64632
38615 42116
47359 93110
47736 15735
49451 10356
83764 27152
28188 5884
43911 41222
83658 86959
32320 71679
37661 62941
91778 49850
92371 53678
37031 77990
87070 70012
85464 43912
63364 80471
35702 23450
34621 14304
24149 53670
82201 80430
34043 18319
18168 83532
80902 16744
53967 10872
72771 86618
5610 38150
75672 40483
73540 1788
4826 50770
20432 29171
60312 26220
57716 40540
74446 82282
31081 60760
54355 37017
34300 96927
90380 21592
15216 68411
74038 12125
14938 85994
48448 9393
95779 42687
63950 40591
83786 2976
66456 33577
68544 56682
20776 79907
60841 48329
39584 51478
98081 9089
56754 16110
31701 30184
9734 13517
87014 29161
43095 39526
49290 72258
9430 96226
87659 18022
9638 90206
36293 4029
30366 76939
62284 57567
71306 14893
6116 30909
46666 55165
51399 50264
52274 86407
77219 65256
44233 90477
11065 25622
96778 72034
84223 24258
64101 55375
32127 59934
77759 31921
94038 3856
45998 2585
32182 83796
48990 87339
79204 51160
34478 16575
87066 66367
86548 88580
56294 80607
35669 34872
55146 16482
48686 64657
42586 78377
35662 99447
67457 64228
95353 70759
15068 77915
9094 46258
19549 12104
63906 75835
42953 29307
89996 87165
52955 94325
70134 53987
51903 82573
58282 33390
64599 11214
60547 9203
5018 71287
368 1914
82832 7545
24212 31584
93143 75133
81608 80662
71137 68156
29560 10783
86164 11172
93282 32630
31016 57178
57498 26054
82157 57491
91017 72560
64450 71577
4201 89545
93343 83500
72107 45017
83756 22878
51793 95804
65512 75510
73844 63877
18211 17678
2207 31607
18147 8149
4146 76682
40163 6542
8672 35532
7568 54319
72689 22909
4619 79715
72449 4273
36809 43049
51903 58226
70390 466
47247 55868
44557 38342
75624 39135
9346 53120
59351 49857
40280 84846
39674 10777
50731 29618
32614 35733
89928 45507
9154 70933
49264 4429
55850 79181
16793 55885
99724 17063
74348 40374
52814 35967
58760 80942
16774 80869
15262 35537
89665 75135
21555 69261
45277 86756
53633 17797
65422 90018
31957 73999
13021 79672
20435 59894
75396 55389
78894 64088
10547 30647
63600 17384
46542 23205
25080 59245
95917 86
62103 63746
56283 42576
37906 29012
83640 56362
24227 3463
26615 8049
93400 9297
56288 18727
47763 38365
42607 62975
91912 29290
40691 44931
94082 17578
53616 16750
9854 62691
43166 62675
71725 52625
36519 85748
73943 8066
90029 97995
10867 59896
41313 72132
12624 97931
84301 81249
31504 95301
50124 81621
47175 90820
88140 82730
95040 78555
74803 35451
34360 91761
74135 82650
90721 22752
16997 6763
50273 42359
76987 14151
84496 72729
14573 90011
13886 2268
68068 2534
8234 26187
54970 9022
22156 78117
89887 11500
62348 79451
34903 19851
31848 18486
86362 23117
1874 25518
57875 12214
80720 19156
52130 35807
94971 72489
73498 88980
58176 42149
66115 55734
41538 57809
13273 85915
97461 99213
24619 34505
52037 77451
90301 82046
41837 65809
46886 43499
13377 78780
84275 4724
7300 17880
59810 14642
2770 7464
35272 76337
10680 30788
18348 57682
22231 10422
52105 68362
40229 45116
88240 52449
56907 31530
81123 42932
98824 46661
44540 84340
79116 44616
66660 66085
77758 77507
10332 91968
70775 79159
71255 47185
64677 20667
20830 76825
55177 50170
67243 52845
17401 20371
72846 29589
99582 65368
55499 14126
56919 13679
76666 61513
40693 44500
26758 17130
70621 56789
58575 51561
68873 15092
53192 74292
19879 73545
62265 24939
35960 82942
41022 55491
8530 12369
67846 50948
47583 24821
69077 1099
10396 91441
31746 34857
64251 90783
1562 67297
35777 75246
80571 10798
63529 95265
37082 75547
85439 87374
44253 22825
7749 9696
17730 13996
92881 26326
55094 70542
96845 98593
39071 67595
83094 20586
11571 88276
71070 76106
33086 16588
44587 22479
8544 1550
76373 69085
94733 63620
73899 69771
53387 44657
23311 91874
68023 20041
7861 18978
38304 83252
77800 31741
57099 34510
92710 77274
76525 89642
72031 57523
71220 38858
98777 70327
799 93545
78415 6889
79745 75921
73069 25919
4130 87397
61142 1924
59518 52345
76319 31030
66788 56500
37489 14504
21944 6421
32554 5889
87697 27467
3965 43164
79484 58556
75757 92262
93463 23967
78582 39652
84119 78786
55973 39146
98690 70212
67930 71204
68566 3484
97197 20145
12224 61776
67463 41283
78406 84159
90372 78848
66654 1144
99576 50180
35668 71520
40423 71133
31912 18609
49770 37454
52941 51957
39409 46604
87948 28559
40732 5060
22943 32882
78593 11283
38262 8680
78250 83468
16885 30188
39091 20150
68052 27120
19536 55947
39966 11800
48229 3355
31506 65437
80652 55495
23109 31084
48979 69094
5566 58916
41371 77539
10329 75036
89946 68540
96837 77466
44762 14693
64870 86397
98264 90019
57459 14643
80325 16626
45785 99396
92073 80256
98134 12038
2363 28559
16735 8902
78122 28439
56570 95525
48279 1921
75909 71224
11256 32717
65933 21256
30711 3053
99288 72240
17329 93640
43068 32930
59224 95576
87973 40802
44754 93676
79027 87081
97687 92359
47481 64803
27926 91967
60448 594
95569 83775
58754 64969
46428 5925
52207 6225
46626 63460
74955 3015
66304 24100
82510 22524
28296 39837
57058 35860
31872 38048
70921 27720
60352 89038
51477 42468
17464 29278
71790 39465
41959 1403
92496 5292
66725 79780
74058 85365
55834 99115
5247 48993
87908 30006
50985 66721
86486 19425
37553 60409
20307 15130
38648 74337
63479 82212
90898 20551
41486 38293
94726 63884
27355 13431
42415 8066
38387 94794
24062 96436
69983 58113
91413 22559
34110 76705
82349 48401
64608 70085
3473 27665
45484 84380
46625 29782
52059 91465
68176 95534
93690 14627
27111 91417
40748 98515
77280 36492
98310 19704
26987 93647
5618 40806
29804 37279
21580 15074
46619 67469
98184 66696
50498 86876
97258 2374
90595 22439
42284 44350
38160 72889
90684 40840
65425 73363
20123 41485
51106 75209
34303 89197
28625 61605
96401 73498
95716 42947
49392 10363
94770 86259
6029 87082
99525 79099
4781 85942
95006 9426
47050 38786
60241 24710
3282 36420
6500 15607
9734 68423
53013 9914
50685 41001
70513 65590
12190 45598
52990 14986
3177 10507
27410 80709
44495 55307
96601 74157
52726 23534
14963 24473
39830 56757
51251 29751
34622 7480
161 45127
38735 61792
94745 55997
82816 76781
12330 28003
25785 49744
21688 3605
82360 51410
38555 55267
24911 48268
3710 49746
39363 27085
80960 80795
99151 92984
30486 85963
47039 73730
4935 93730
62454 25144
25999 38484
53160 247
71165 43563
72736 85234
18996 96802
31259 81520
40174 31723
22348 27180
47956 24523
36598 99251
8871 2809
14165 14633
2011 76706
24181 24708
90102 10568
10521 30640
1462 15070
37910 1225
13960 32590
85877 9572
61553 12147
35604 52454
74281 66335
37190 41643
46075 79446
50958 20897
39495 27441
91624 29802
95425 44829
93089 3582
14575 84345
75674 60038
89998 32891
84744 86274
4429 16812
5879 78852
56560 18503
6659 35539
15662 75614
66397 24329
62452 73781
35884 25814
86433 99045
25033 52026
33896 47450
54626 80622
76305 50070
41944 25660
5271 72844
31937 87267
30571 51749
3398 36276
68496 56639
63078 77367
33213 14760
52305 50919
62782 38375
14255 40850
93683 99540
48983 9338
11888 75675
61816 68534
19611 88094
10803 43601
29042 38032
12958 93034
13122 46266
3907 8947
32593 36057
10783 20595
19764 71998
35843 85924
51993 37837
89655 70165
49407 66111
43378 59144
93145 57120
16323 72373
75216 24177
14315 61798
18622 73575
49024 92057
9907 4330
8812 45089
69875 40791
97708 39558
81333 54111
80274 49728
11366 19142
74660 46623
74244 10468
90138 85062
15364 47335
80355 97772
97741 54127
82017 83034
33083 12817
11464 68111
38556 93813
49283 42847
88246 61688
17008 89519
83487 19787
49471 93403
22340 83730
15414 47889
47459 19845
6800 84532
27024 99410
3865 90777
70292 99897
70612 36589
32521 68143
66901 85581
49023 90780
71368 46988
29371 21757
84008 26289
7027 43714
99976 82294
2067 41873
88078 50186
45050 17153
89523 73456
63230 98720
612 9278
46212 81422
72548 81311
65417 42272
49160 44369
70012 2653
63641 1416
8065 7972
25718 31593
91983 35269
95695 10640
16339 49699
4971 32010
2315 34872
52291 78460
54476 29617
19332 41402
85885 69966
76593 38960
34874 63044
96255 57565
73457 51354
34296 16659
88168 42095
90008 68313
74709 8754
66771 69545
64548 50249
17165 64466
22166 43531
87552 4023
10140 21062
3642 77421
64384 11257
71612 87201
10492 78171
30492 29680
54144 34931
27524 90926
84976 51325
17073 60384
38180 76491
13556 98017
22407 18530
83668 7329
9241 76729
90219 57121
74605 50814
82757 22552
80203 15632
21796 70321
33455 25477
20510 81675
5992 24006
29437 21720
96442 271
59486 58910
19133 49936
61875 55737
44795 70894
35169 38231
34102 87522
54723 63066
96095 27865
43205 19450
38016 88818
70121 20128
29428 62883
4965 62764
30121 34677
45059 46449
75813 8963
48065 76595
34654 7551
71951 38640
82624 19085
92467 72052
68363 86374
86792 10083
70035 11607
97178 41235
78526 4575
77420 72815
26410 41396
14386 74581
16900 77055
24727 44345
48721 11931
505 33920
7913 55194
54824 83206
41015 87648
28810 42584
21787 76646
98138 62779
25768 32408
81348 11459
81158 43928
92651 49661
47697 34073
12740 80613
82296 63940
93176 944
90879 47222
34598 73636
88061 96896
63070 30107
415 29126
7303 7268
65187 30849
28570 52194
58654 84765
30020 53163
51831 48955
36104 17322
91433 30448
15035 6653
99333 60068
33702 50199
60365 80405
45192 94175
6682 59633
66642 59792
12280 66527
66024 78263
41925 9591
19942 74616
94005 58917
11705 40682
18001 69514
20418 68214
48083 32315
26679 94748
58155 14112
68546 63629
98653 51510
4096 78962
72641 92558
92834 90084
19170 64556
38735 27506
45184 23720
95489 87774
50478 30928
91939 92512
27316 20900
10074 7361
94798 17817
45721 36833
83627 69079
64331 90611
39566 68539
36557 28636
82673 48182
61776 91991
80381 27947
19260 8787
35764 36565
17768 94995
46631 93983
27235 48493
37056 2506
7726 24588
86330 67018
62016 5519
195 52073
87233 13255
69569 1923
82319 35996
65322 57897
54460 17097
75882 32350
32397 27356
99425 47357
23869 40375
42499 58001
39160 4754
43926 56506
38368 20758
41207 47823
50476 42243
69429 61527
14724 96235
65173 8367
91494 88437
14860 65799
50980 40475
104 68293
33764 7468
79336 15456
53022 47467
71359 24358
21218 70958
52757 92278
32911 54911
21926 87559
80573 66079
57249 26624
64180 27550
63145 67389
6099 73060
57048 89937
75402 80428
99223 55902
76608 80419
49576 75838
95118 54797
82172 43422
72577 80193
49885 19710
30780 88008
68486 47090
33460 77249
31109 67972
34418 6656
77600 4303
96117 5291
61229 54725
5549 48508
4184 70283
74529 61090
66017 3128
56618 46911
6427 82169
58934 31947
95023 44528
454 19568
1207 15952
44879 22764
21091 78307
40445 51506
69719 43300
21100 98921
86155 32805
39149 36075
87370 5643
51751 13351
66387 7853
86451 51040
5371 97336
55775 48973
80521 98158
67116 21495
43929 78978
14417 41053
14330 77565
37109 68787
72336 36189
72536 77054
75922 38609
44523 10330
32749 57086
58483 25588
15007 1181
99146 72401
23549 9178
24446 36805
11277 88918
20049 89533
75693 1511
41303 58102
98442 71763
47547 95075
5290 94040
18746 73610
42915 51623
87718 9864
26497 38180
75716 86441
69668 45320
41070 53904
24607 12127
24531 62453
11899 19659
54930 60770
49137 41887
38722 24854
94420 53540
77453 67010
28837 60055
77585 75950
28125 82057
95966 79541
24390 52414
13882 91748
35362 72783
54848 5311
46403 98760
25532 50333
81553 8618
96273 327
31688 92682
10515 70685
61207 84752
63469 18865
45697 73049
7357 13993
88736 95126
30995 72193
10205 45835
51382 48199
25017 37649
94302 79486
80232 59956
97819 29819
10513 69557
2541 43915
43503 32041
25673 80779
71219 66680
75867 24814
1983 25503
29726 22395
45292 13134
61318 66957
16133 6411
1558 66961
32202 40590
3146 66091
81966 4227
13039 15985
91034 6059
69830 40398
31848 46874
79301 70721
99720 68090
4597 96443
59294 31303
58133 6341
73538 23602
61141 61976
56126 85374
39644 55106
83284 22758
90115 85736
99190 11861
37432 65022
15852 58636
40444 67953
60561 29663
37317 86238
82838 24440
72861 48728
30718 499
56161 34054
90432 73857
28290 49954
48681 11397
15912 82139
24791 34394
32330 79956
80767 36746
4183 56163
59111 71384
22736 27218
48973 2680
21131 33282
5534 53970
92658 19363
62464 30210
74946 32541
64425 42203
2349 4875
75237 48351
2008 97979
28756 66216
20093 69359
46761 90307
17770 11486
84012 66192
26081 29011
16857 3363
28630 18509
5631 18598
45332 97246
94914 92149
38648 20845
34650 87840
82260 53684
48978 19404
13486 36994
11369 32147
30302 24057
86580 12991
50835 61137
74330 70931
71343 4180
69751 21858
81894 37120
81561 86038
39492 58504
95014 51978
44900 49747
44532 73328
34937 58204
47632 93229
95529 78064
37688 84696
46188 74611
81537 35582
48594 95515
54033 66721
85498 96915
54789 33748
79868 38010
60941 95745
74848 67873
25355 62979
21285 49297
31032 14028
63611 12035
83679 24256
94345 5989
81184 97208
55944 84668
3854 80481
39973 79740
26290 40794
92323 72242
72582 32794
88855 38715
30138 91783
94538 31274
46226 76031
27195 6022
76293 45491
65690 61321
58592 1927
29582 79746
54466 99444
96976 92244
95262 39015
64654 2933
36667 91903
76521 29264
87575 6450
74711 12227
98048 32360
18626 29570
23162 9951
7558 83890
63164 74470
89687 49007
5778 26402
89433 87974
47548 46795
86758 72987
21870 5104
49676 33029
4654 85711
10028 28045
21882 55294
6652 73107
25183 64773
49062 2281
2818 48161
7463 62133
15579 36227
94097 46483
43157 46543
52297 2193
92688 14590
98921 45842
79711 44924
13311 41388
79211 81482
77293 9546
33421 86973
43975 35850
64280 41245
79864 70463
79789 76007
90813 51952
5220 39948
89672 90744
57802 86224
56286 66020
23389 53835
65658 39224
76338 87947
53896 4970
39952 42385
62730 31493
6035 15695
29783 90120
81353 29328
42423 11045
61208 41808
95144 16834
45878 66240
56060 35579
90032 57796
87865 97470
71620 94260
91159 40653
7750 21662
8230 54272
19135 39970
57957 23776
69161 99925
75500 82285
67700 60927
70211 56377
87941 42877
32392 89739
58034 80863
41838 56350
54375 26699
74360 22463
34851 92024
12898 70034
10204 94036
43321 33261
14103 62111
29309 4539
20337 22318
12358 96410
31321 64521
60636 60542
25747 28012
6750 97676
90166 43658
11100 64767
75599 77957
18237 62311
52796 45368
23098 3429
42354 43309
65377 83729
44344 6599
82995 7124
57641 93850
88678 73134
726 44526
16035 89905
13570 40735
98729 17732
26916 20704
10312 59137
15432 38323
64935 86615
73582 22546
91552 45160
31850 86186
60958 12460
55106 79003
66181 50541
25364 72057
86282 34793
69005 8718
41143 8819
41394 41173
10121 92114
19931 56833
49970 19201
62163 88084
66935 69613
57978 9704
49746 41658
16739 8394
44273 44703
8822 39449
17493 75557
92463 80364
66645 30475
29853 43881
41848 60805
42500 28559
2046 80089
85147 71245
70424 19585
84719 50568
21420 22603
97662 60089
34962 70812
91037 81709
20153 14120
67987 14755
32482 11292
19516 77073
67364 50485
6438 19520
839 58886
36407 43179
90665 9814
68549 53188
85244 47647
8316 90256
25190 82513
19932 75654
41215 16268
69465 22291
1558 63210
28825 13368
13805 62067
20633 71787
73912 37446
49129 21266
96835 65367
26731 25291
45417 9003
63544 61831
40349 76190
90043 23562
64965 21149
14548 67533
24505 68204
68470 89660
52073 27906
9225 54041
38901 86760
54121 56087
914 74206
4549 92095
972 86966
41761 56462
43454 86711
60564 76469
29467 86267
36363 37816
25897 77361
66340 78000
94113 3932
80500 53225
92529 44305
34 51940
85114 46813
64457 90966
25041 50814
14330 17832
14626 70597
53751 10453
65512 4570
76665 5935
43735 81815
81612 71161
28275 50124
26190 2094
89238 9786
72531 70777
18446 43192
84291 2395
32988 17810
92347 61225
69206 99780
49096 21003
66661 91011
44399 78398
44744 28404
68712 28723
44528 32019
61214 7982
21378 42126
42609 3815
11192 13032
22420 89132
54016 29270
92783 46366
52379 50245
95965 89455
84703 31922
71055 88970
43222 21520
87336 94635
16029 38310
65344 28003
69478 58030
95137 48310
37686 37656
33741 26492
52679 76805
66293 23107
79463 63308
72515 82795
89752 11064
33362 24169
30606 45479
59152 59749
39508 58445
42051 2075
40679 24239
55105 41438
36985 61865
6038 26416
53551 83689
49282 32140
63012 87729
97400 28253
90244 69816
55041 87268
37202 49066
26487 90581
53538 68484
46986 6010
47327 15545
11166 50127
37319 19407
26283 99748
55146 79714
31548 14911
52942 51617
23889 29719
11662 47308
24925 86938
87990 71452
43528 36424
96969 7995
6638 38549
97563 89863
13310 49899
30200 38708
85115 10277
12187 58375
98783 246
67959 68987
38323 89728
11282 18272
38777 84861
69477 1079
82754 61530
28285 77143
76280 95479
27293 33803
4885 61128
70490 24434
31754 62647
26909 73662
88538 4895
79685 82550
77276 23730
96482 49811
32764 79701
77243 89894
91130 96831
47177 32913
78377 69757
28154 61962
52658 38001
60911 40603
18959 7438
13566 46916
45328 29022
39920 67896
98393 87196
35716 37115
66370 24571
34283 8619
49046 80413
5834 73076
42932 52220
83259 24506
33329 24036
71212 4659
18420 40759
5438 89642
70489 53864
53127 61182
33647 13536
72657 46016
19770 87549
33305 80249
35185 48462
30832 40673
91681 3288
83773 61769
43016 39572
32538 69074
11355 18638
67795 25300
28608 44936
33418 71416
91829 8725
14261 78238
20999 9534
61342 86456
50396 17696
41122 55533
93130 69484
71763 73591
56573 45318
64150 41957
97173 65031
29158 31866
60677 859
79087 17996
66069 1188
2099 33734
12545 58965
521 63814
84473 70871
44665 82720
74495 93351
21089 27577
51307 23062
3539 22476
88778 4584
45621 44937
12027 21878
48959 77009
65329 19340
35424 58747
91956 66315
96666 23251
73888 77192
76290 13973
7875 59595
65281 15286
20611 26993
93589 97212
62135 74699
10800 64353
90409 88829
85400 20308
17786 12480
17958 49463
90878 42592
63879 49602
70556 14750
83582 9663
22767 47
35072 3564
29671 98907
83446 92
45129 39583
21055 73526
48523 19371
50027 87540
48441 12389
22977 43238
41907 43845
97498 55853
41356 99671
55267 80480
14445 17180
19711 51914
95888 93545
1251 51913
80901 53606
12249 87377
42192 78031
39229 21287
91945 14647
83843 4391
98490 92545
43311 69407
88261 92197
75227 47825
57084 95953
3157 68917
28295 13189
5182 33268
14753 2614
91436 91598
39643 64460
93736 63765
60792 47235
43505 56304
30735 45006
66776 78041
85965 95311
27650 96799
94256 44545
54505 37957
589 44271
41083 4161
70186 94137
34745 87710
92965 72310
61145 45178
96459 39693
68421 99561
31393 98714
97018 50448
30111 37072
16522 92523
67569 58193
81498 68167
24660 16696
92197 9672
69087 18191
76215 66821
82103 4249
49618 83879
28857 60777
27693 43214
67156 40489
53616 25068
71596 42709
64345 28199
24601 61
57466 16315
50246 37542
86072 95158
77970 77482
81134 46459
74258 12947
59336 79104
90637 45316
51880 72751
80575 26512
66277 3208
31670 49153
6791 39038
17016 81330
66956 68214
21787 2710
75942 77259
11276 19343
6331 25869
23977 10743
79716 66301
76007 18651
12366 92402
60652 7578
65852 63927
23637 17994
1986 2314
35026 10644
44812 21151
8901 8851
24565 36412
45063 86777
76528 71738
39427 98795
96803 85514
42201 84480
26215 26381
99740 85477
17738 69595
59989 37468
73772 88126
87166 34392
90277 27828
62215 51490
28414 9584
31316 44376
59827 75736
62972 6856
29112 76393
47564 19706
85105 54863
36291 86979
74520 13390
27891 82227
50714 22044
59526 50600
23194 79620
89623 92024
12845 67780
44757 65292
93021 65967
57859 77599
8007 94957
25979 70979
73244 9942
69670 35868
52163 10043
10917 22371
76598 91805
72684 10756
2336 47219
55809 44832
28934 54729
98753 95948
79771 52060
38108 61968
18409 40350
84596 21418
48079 56376
26946 84296
29598 53091
17585 4593
54587 51950
99329 57629
41569 68188
82853 87704
58716 51587
60646 88739
79598 76365
26589 19731
10733 55770
58941 86992
6883 11485
45095 20727
3021 11835
6611 54457
20317 60399
58094 16250
49401 69545
8566 28211
94457 34666
77408 63344
73228 52617
23635 562
28116 38673
14442 93037
86021 84865
23158 71116
458 60618
23418 50505
82336 63861
28877 20629
14745 29979
47836 58006
40539 83370
86821 1059
5855 32359
60156 21194
28306 63366
1994 84427
40887 63252
76777 61627
20642 63918
80969 19650
33822 2567
66255 63453
25769 89862
72817 18684
27955 33573
65467 64261
29347 48083
63436 65583
881 51123
61337 51400
21901 41307
2474 63440
56247 34550
8024 3772
43236 56419
77910 64564
32128 86291
7877 89109
86726 94830
43741 64207
65450 70895
43115 62727
54768 19300
13357 59703
55282 95503
33720 27178
88381 39335
78131 49472
42836 33592
20697 49520
33228 71775
51227 37761
48751 33614
34364 56271
65113 47758
5395 95853
98526 20024
60236 34397
84194 4987
999 40889
511 40346
57272 85678
95075 23307
19653 13756
61135 82744
16203 54487
31577 29346
50554 29321
76395 35705
24564 85966
85953 29541
55794 78678
39311 34145
95007 39302
72089 17498
96379 72023
20314 73428
83161 53302
77277 677
55841 63778
94727 69528
51951 17138
92971 72140
41938 81516
61684 33715
58990 25839
29311 87187
74394 51914
44574 97544
56483 47074
51318 7456
391 8432
46433 85341
80123 35137
96493 61911
77158 80692
62972 94296
69379 4832
24642 63870
89507 86443
2794 40476
85449 56692
12369 53913
32844 17098
96361 68207
49304 9522
29272 59533
58189 36389
52662 27734
94463 59663
69299 37408
23444 29778
96014 88278
38441 41153
2943 23127
27822 91461
96430 77172
39205 71547
40633 21557
15591 36820
49939 72821
10111 36820
33183 64482
85868 36980
53081 73246
76228 22177
34957 13857
32140 19290
63838 87284
8800 8245
55329 60247
34162 38522
99999 71708
61250 96839
17910 94793
83275 31210
24505 46459
31510 33514
20908 58238
3237 92767
48584 26389
83594 53205
67741 28120
37804 73966
71371 61713
64649 26653
82152 19518
42959 31147
77405 8147
24225 56277
17993 10357
42200 99308
37660 1023
22207 58164
61853 59297
13143 83493
36549 15324
34257 85261
97186 91623
85686 54861
41525 14925
29634 91767
87892 10285
41253 38295
71305 19481
63841 55623
10640 66743
36559 13016
55389 86371
3866 18608
58644 75019
83489 5511
16623 57649
54873 13065
2908 76205
84426 87543
13052 34377
59981 39813
88838 47907
73748 189
20065 58350
19618 19451
10093 28625
17039 26032
15803 63398
61861 16800
30800 61948
17190 27139
27335 82934
50755 95911
22892 17226
93606 41036
52033 58851
5289 45991
18556 65312
46301 17376
25607 690
65285 76948
53696 95010
4056 35251
7414 8744
24098 19555
73522 12021
8963 58843
54411 51690
79182 17417
92433 84607
39756 75949
62659 765
61463 43099
97273 42532
83071 87037
49083 31654
62280 19951
13447 29258
92362 65185
40239 7818
43440 1017
9529 38645
54138 27182
49181 30926
87803 77422
88043 5483
13979 93625
21890 19383
4405 87843
36474 55376
91706 85910
19067 32713
89293 2062
82116 13929
56134 23227
36997 53355
50127 8066
39813 41884
47690 41532
87644 87521
24360 27606
15642 16238
49651 77584
36095 9551
70053 78046
24288 66499
29327 60426
54185 11548
81491 30255
45941 9248
42539 7232
96568 75947
480 14751
53238 86091
97299 45254
8969 57634
68951 67650
66686 74696
9972 9490
72952 19047
68134 39437
45292 77789
39965 78489
95972 62205
95131 24757
70429 46798
19065 46128
16872 27786
74785 93839
47500 96929
68405 61291
35938 31092
24359 63760
38744 8442
61407 80256
94927 60478
9561 9134
9469 62334
38436 23492
94540 68430
80516 87869
49177 97523
72688 22155
83542 85705
61620 23346
41096 63518
54481 32715
82729 81940
99064 77602
55047 43555
48467 50137
37027 84500
14044 93443
14260 19559
34468 81385
59874 18350
7598 38633
42315 6160
17553 47089
53952 76743
48089 55721
50153 77698
94182 29062
27997 84516
34379 12728
83115 99363
17904 17597
33749 58154
59313 77099
43567 73079
24766 92778
94468 84093
29561 51479
70001 81859
16762 33187
36361 30852
846 87410
92911 97710
93876 35197
1759 60163
93759 77072
53989 29530
27063 67596
36068 94494
66903 60582
92464 85646
69616 90598
16180 87612
38757 52426
66318 68398
2829 77600
71566 13152
32213 94479
75930 91872
50779 93263
46669 49713
77172 75564
54676 8777
29767 12935
4815 93426
98735 36181
41526 97580
3004 53054
90385 70922
39667 6047
89471 58353
25226 82025
94960 348
78285 67903
25131 49082
45692 57820
11049 942
78026 99019
71512 29294
45279 22221
93561 10182
87575 81335
56321 50866
18754 61393
55196 34823
21154 97944
88998 34314
38447 48540
32048 14263
24310 30339
74913 49980
88918 68132
94002 23963
69250 45197
19729 56332
1954 62078
41343 83384
38673 67724
12658 8191
28000 1567
49364 22451
97426 79092
7778 41147
27742 39995
26765 48209
26929 99321
96284 8740
64137 78248
95817 64567
44059 82643
88607 78592
38573 51675
82819 94154
11516 20084
53672 56947
78904 31912
58777 70767
29699 59187
58771 19395
10646 33221
78151 5162
73116 20195
64701 83092
18453 95559
22892 79394
27093 52187
36387 80363
77794 82306
47940 46107
72601 6864
40291 73903
72041 25164
12683 20665
98998 11189
26169 79906
77208 61370
56991 14211
39929 22209
44066 88203
36059 22305
76829 42461
29456 83047
74428 44558
6048 66965
76898 27915
10374 28830
98947 57649
49779 47020
29706 57587
75018 23387
76085 67736
83490 56251
98356 63931
20680 55153
83021 75817
39706 5014
15387 13382
85068 43575
60138 66536
59911 19347
10269 79994
51045 2625
41545 46299
47127 66855
50487 58589
76319 32932
21862 54662
67286 89799
80198 86194
74343 46485
99966 28751
70514 78919
94214 78271
22090 41193
22830 6938
44856 92925
61334 49033
95349 6742
404 40012
42420 17853
60529 64629
55190 25264
87788 71403
76531 7678
69621 71112
38424 80588
54131 1179
65731 78387
50975 29927
77609 3103
79975 92194
58577 67057
620 30007
98743 20958
12772 53765
6986 17103
98168 52861
98573 11231
807 28423
65242 91776
96674 35486
75450 44086
26350 53328
86446 20346
15237 16383
77098 18296
17429 37570
43316 99377
25695 772
58921 66714
31097 7076
86329 7835
749 90868
62342 50226
37848 81499
45481 54957
99596 13779
14829 33939
48046 91435
99602 22204
43512 86821
35787 55764
44536 39481
58592 36412
32559 66993
66221 80105
39220 73643
74465 35395
80207 21722
60256 5480
79070 88517
37442 86310
72211 89063
93202 1892
42995 34125
25103 37914
31352 88571
32526 76180
33777 70248
97910 36339
82525 90045
50242 76940
95827 6521
29059 73319
15262 84656
86012 929
54169 85767
96356 50858
18551 81082
19463 872
22749 11479
65734 87315
58854 95936
65138 12598
62942 41965
34933 75188
6376 50536
71145 54177
54105 71055
72478 39653
64122 9493
84153 6685
15177 74849
30575 83514
18296 95789
50190 29503
55501 67176
70421 60359
44065 38869
14743 26812
50529 90218
53117 66689
93488 90706
90784 73418
62403 7723
29554 35807
98595 26441
49750 46813
68495 24401
29668 67892
61463 45087
37159 99402
54658 93024
25150 34646
82185 92153
12542 47270
12570 92094
71790 45466
20086 49659
63689 99462
5170 27951
39104 38196
30266 69676
92374 37280
13962 92089
7554 72122
27155 59408
32560 16487
81980 93600
36704 5249
49310 37100
89478 61042
86759 76457
35592 68669
6296 83940
91491 15317
22759 75546
19751 68932
5214 81215
10550 27302
69018 66680
53225 5675
70349 58208
56075 49848
66492 30311
68668 39206
38337 79182
43887 4386
22858 44716
74284 58988
68920 76204
93967 87480
47009 58125
49063 53744
48623 94721
88920 60783
58751 84270
68441 34439
57059 63408
15671 82716
61056 77045
93328 61224
51281 81439
19225 48405
11074 40902
95897 85958
71381 61939
4363 44366
84097 68198
79168 96918
77550 3922
48571 51068
7994 95579
45235 72623
60663 91327
93524 33428
30154 26730
87326 21092
98606 12288
26629 83627
77263 69527
66863 59947
26864 28218
39417 7479
15589 43047
43955 5656
65465 59410
89119 95020
6698 78720
33014 49921
21576 27661
97315 2527
72730 13414
55269 49435
57592 15888
90417 34501
4626 98847
6191 14651
47623 33312
81368 84659
67439 86287
87838 57365
26578 82849
38180 29887
38831 85756
83586 46048
44598 89082
74978 65437
45038 66186
13958 56814
96720 88559
93824 49570
85321 35679
5399 84375
92252 49029
87369 95331
70846 18751
20483 12590
18681 48960
19051 54869
10569 59727
64919 52297
8386 62759
83507 4366
81128 56309
99295 83484
60981 4861
54991 94306
27510 37494
15593 59966
75758 48105
54954 50598
77267 40405
68194 12802
37548 55598
54163 7919
4633 38426
11926 64797
11115 56915
54998 48722
66439 26632
33170 35846
45127 2203
9503 60261
36761 67460
95844 96048
7678 25644
31773 46812
86892 35059
13017 11217
86061 41900
2428 58860
27870 76379
54078 64509
20689 80702
24553 61162
7531 26753
34078 15722
24998 52392
69841 45387
81392 11337
12489 81997
3179 59567
193 3429
90763 82233
39498 93755
69083 37336
48039 17868
80408 59348
78415 44200
61140 85384
16814 67125
37364 29666
97156 85962
58675 59012
52580 92725
79645 41350
9879 79126
71380 42929
30071 10561
89327 91653
60852 62656
20886 43444
28818 50575
37351 5029
13577 66622
86164 58706
56772 65939
29315 4426
98819 1925
27725 18096
24377 86882
74399 77209
10158 50922
52060 11186
90301 7569
52984 98585
75255 71937
81599 68767
96031 71734
53804 69516
89901 47904
88146 51963
40139 43268
41143 48793
6586 10652
94388 60970
48718 87762
78262 35877
41774 23785
1216 9587
32085 28404
19367 33779
40884 38109
34004 54969
76461 81600
19206 90635
93273 88621
21485 84867
88292 42025
38000 99024
4044 50829
39912 48660
2501 32006
7939 53191
40279 64787
25250 93875
75262 19851
98811 38742
78602 48148
17495 13731
31741 84813
43925 26241
90544 63493
69542 63466
21005 62433
82959 75661
13590 21466
90442 24109
59357 14077
38309 43008
25546 25865
15393 91537
30425 19636
57524 17791
81529 38919
39271 24028
1838 41437
17689 87470
67631 70344
78299 27249
2408 716
44818 21234
47802 29218
35033 91926
77622 64375
39708 73905
47238 47978
60605 53264
53028 90833
80818 13776
67137 83860
46597 95428
15295 38481
57875 18322
87863 63927
28494 74711
39733 56267
65307 28703
91447 52966
72821 90541
88465 63508
5448 6105
331 11990
91542 43021
61793 50017
5142 94408
53634 50045
7664 11931
58163 41800
21538 53582
78793 41840
81662 96188
70002 87420
97385 52050
21709 78212
23934 69588
19085 89268
37801 98361
31738 91694
95661 12298
41519 58788
23935 13319
10493 55074
5128 10882
76199 32162
70790 2657
82340 8693
75979 27328
20481 7745
31549 40333
92412 20926
89429 98475
36554 53528
21696 28879
48337 99888
22881 62278
84815 2523
57965 24685
58705 64865
78669 68887
1181 78431
62847 13643
48457 12774
214 82948
18145 84858
63126 37935
54725 83763
49048 5456
37448 46847
67916 56189
29586 3486
33874 42593
97663 25477
24384 93147
61503 75228
89535 54876
8020 66528
19822 77101
47766 14305
44094 99623
88818 89893
23796 82616
97959 1187
67018 57765
23912 2473
7117 74178
89693 85367
60256 61020
33121 41762
77112 25136
51173 31474
76415 2545
43596 31876
47218 9509
79885 82088
8259 25417
50645 71108
48791 32713
97058 96719
35272 80745
2824 49783
9476 479
18672 10460
45228 24853
82772 53906
76374 91948
93765 60579
72620 46868
46213 73163
14987 13461
33421 72474
28645 14570
88168 2486
64447 55809
96598 42710
33940 50748
98282 70952
3760 15890
2829 78219
49237 21614
60473 49174
35225 879
14334 34928
59046 80551
91680 77685
99353 67261
5719 39319
66884 29195
74093 32667
46829 60032
59844 56440
73388 41374
19470 44700
27313 22813
38163 87846
51931 9831
38478 98573
33218 83770
88368 43479
11694 77609
57692 59779
19741 66683
37801 29120
29089 25770
42500 61459
26368 52550
52107 39957
10739 46160
13490 90195
26535 93279
64322 29452
50015 26686
9365 91639
27311 20236
83964 97050
96867 62202
67545 51092
98646 29233
10789 24532
86043 45578
54731 64255
36952 3091
17323 6126
53606 65553
70200 80621
79122 42584
6842 94910
53215 77397
5613 20788
92642 82085
15904 70072
57541 9435
83512 84488
49700 87038
29706 7827
82611 76520
99012 72638
95509 39240
87012 49186
30054 44417
83071 1579
75955 81417
86844 35834
29 28587
14551 88037
95930 42437
76415 39218
50644 58315
88311 10879
83016 12546
72920 84477
43111 85638
74926 18352
23992 58980
85303 52369
11316 40416
8008 53388
73513 1073
37415 70978
44696 2080
3537 82824
85496 49933
74966 86151
31216 88842
54520 68858
73472 67293
31984 66547
26745 48866
52297 82613
28640 39143
4323 69339
66543 55759
95921 43600
90740 34960
86043 39158
30481 16981
85821 98655
64346 2780
29798 82167
3802 51512
69466 64184
11918 97648
90865 44979
61032 20895
33686 75150
7149 84914
87240 36993
98456 99597
636 89784
44757 37126
68793 31316
78694 12296
74554 85706
19842 69938
58864 64002
38833 38262
12286 47449
65425 5018
41115 64159
74292 51610
66611 46010
95712 22276
3334 24290
63405 60506
91688 41827
21003 45332
49695 5790
91129 81147
7753 52423
1583 35215
60467 98920
90453 82178
40514 9565
83018 94235
1454 51415
97022 64149
49474 48985
37879 80541
28126 38750
41552 55415
6357 26001
50006 5433
32015 3027
94954 37358
20520 56024
5601 66356
6031 74794
54983 66751
43272 17349
18423 42740
23403 89209
33221 82606
17219 38380
82196 59741
31215 58325
95936 68674
7780 16130
17174 74261
44457 87411
21815 19327
5465 56188
69753 59232
90949 52423
22469 57802
3344 1520
47770 75907
56881 50951
48841 17192
52 90033
15607 45925
90681 24200
45406 95229
8692 85142
18668 22728
6571 55678
1762 43856
4315 15092
22838 38995
64852 4863
75345 9988
63128 15294
32530 81866
61440 16608
38474 77824
64823 59402
93310 58067
157 21366
21320 49191
46085 11854
96022 44851
24343 79765
26026 40352
99215 17374
93304 65965
56700 20499
50059 56494
99490 76527
20128 47977
2360 46020
44680 68663
81387 45207
93451 12233
63449 17823
44352 95905
21111 47177
68534 96468
77420 78263
26287 91343
15219 43612
86271 97551
89053 77825
22417 58151
27213 96516
65730 40414
48954 17300
83780 88942
1488 28918
25693 61383
1135 89443
27045 14889
86891 55975
93260 4590
8554 94340
74577 69598
98281 51597
79468 94840
81880 59563
56293 81328
53369 58940
52250 25611
24645 70735
98365 93380
91399 94441
62196 72299
93886 72739
34072 32769
94175 98473
58390 20926
30226 99420
70417 67211
22544 8913
63294 51496
16875 95601
82982 10087
42470 28887
79911 25167
58073 78485
58580 16730
73454 50095
64624 22775
71175 39517
11895 62665
28565 13806
23318 15077
86178 25088
27566 4280
9 25353
41013 87199
23928 93649
40372 15086
76981 20917
77258 61002
41046 78950
5479 48846
71847 1736
50738 53866
83048 83380
53124 543
46477 78102
73323 20036
7292 2383
75816 4004
47634 57204
64561 25086
49695 86061
68848 30116
7269 41111
25793 58588
44189 94371
5912 35522
39506 24532
43641 21604
56995 20773
4510 11589
78789 70689
2101 11098
52799 84169
15903 12240
49101 47154
66418 43652
32478 4996
52824 11081
92726 71836
63342 65542
89548 70954
12582 58357
25325 67924
52613 56358
37495 49201
47846 10394
35135 28719
27221 87944
6732 67886
51796 11451
57369 8643
67129 82641
70103 93782
9166 53822
21384 57924
83632 2759
92806 38557
35313 31336
17434 65703
53655 81358
56197 62937
12218 43070
37338 37089
58377 2796
77218 24063
16614 58309
30039 82472
42629 17574
44041 25507
50001 29378
76092 28239
47304 83487
14600 67356
22554 92921
16728 58061
32813 54014
91403 31004
74844 92113
23222 18678
85907 73224
80001 66427
78357 46894
63589 28639
96151 91393
10292 50540
15106 33493
53265 86270
15444 54927
81300 31941
95680 74730
94407 51879
35433 16278
83179 50011
46219 54644
13236 1902
8691 39867
233 26434
41153 19734
15973 70187
23341 72292
16185 98032
8320 18167
57511 56752
93942 30613
46824 91162
3939 98426
42568 43795
79307 48724
6693 93684
79143 75334
84467 72650
6119 42118
58106 97781
54859 50558
42678 82665
32873 53134
21047 9167
99595 82856
97055 6053
10989 97907
65094 85786
40323 4458
27097 80403
49233 89082
34135 81705
89329 32679
83123 46473
13361 47943
75285 1938
5426 18213
69657 45082
76490 83264
13870 72394
25795 59049
20599 79965
83258 72201
48942 17477
7777 10648
9980 61958
2685 9639
62595 43097
61128 62391
9044 62379
92848 81664
9817 88539
76982 90443
46892 87679
11857 69752
19870 17280
41992 39929
89585 50489
29979 72565
15614 87196
22299 56134
49777 73165
17006 74619
88903 677
78060 16727
51895 34928
13412 56688
91270 94767
39448 76529
59633 47127
31580 19288
81991 1425
30459 98521
237 31800
40370 78329
36696 50462
59379 58387
48758 66951
86884 40759
96998 66123
41853 73606
28699 80408
59118 48759
83549 57167
92566 68278
87303 73571
57901 40287
91338 78717
14459 68647
72521 59418
67934 2516
18523 62443
2409 63456
55757 92499
86911 26106
52317 62477
82652 20612
88768 48996
78060 43350
81180 83801
99538 50586
30351 36961
16227 70926
76166 92388
6088 27461
65511 97983
3648 74822
61800 12739
38523 33323
19829 52852
45184 97284
18158 7242
39048 35666
18598 36115
6016 16940
80709 72207
66123 74653
82311 99987
38814 85251
98587 80775
83107 99570
93830 28456
35030 77551
59901 17990
61547 29174
45358 27751
82694 15125
86872 37251
99169 1358
69966 56997
90026 77881
23415 75408
40546 77535
23089 22584
24991 21152
15818 80709
73739 38702
43494 17204
68578 82320
66524 65077
26936 43424
3481 92942
8753 56045
81179 10902
3495 5562
15030 72539
4392 92189
26899 36413
93622 67169
55564 5872
3685 63140
68146 41854
12223 64058
33831 38115
51651 79304
60420 79631
34946 99146
12244 21576
43842 45709
64471 77797
33307 35829
46528 89076
37468 31897
81784 68501
67910 5922
20537 31740
88464 88912
69171 84243
3138 77045
77994 22293
9402 38455
65142 77269
45226 41202
36769 86965
22519 7668
13133 9583
13020 15072
54156 38224
97573 54988
9862 70327
74005 31234
27190 12123
63616 87202
67213 61154
97425 79583
79246 47947
33478 47486
96272 72837
29647 75066
1632 82037
41874 89219
16124 55316
1002 90201
45240 367
4579 72182
82621 17478
40544 11106
27845 95661
95222 74396
99553 92685
87054 48600
32915 11908
22822 63003
97172 28897
36305 82625
82831 38633
82098 19032
16804 74677
71973 27234
50374 79858
34679 53431
99325 89951
25321 42529
62533 23282
78385 59358
19309 88852
91384 37953
74777 15264
80413 6256
31841 46760
89552 77160
16080 35536
36728 86357
1253 74897
29262 97403
33205 20695
31360 9360
71815 95940
64271 33919
12471 31147
26865 76742
99731 8597
56623 58904
68193 3999
47912 99773
39095 46970
49357 92973
4770 22186
22499 49081
58528 59016
87108 47202
69669 95200
59710 74591
27258 74644
11410 65244
97273 32087
98646 87126
60755 75410
50228 45087
38378 63202
17065 84768
10775 82008
33702 92466
4133 82968
66803 84100
41876 60602
98535 66457
86071 11117
29201 34663
16662 78927
93202 77560
10381 59446
32928 63116
5515 29642
9221 89014
51508 43048
79006 27451
70432 29537
43677 65462
1721 94104
79240 66135
14497 27880
59095 76415
38794 74108
60377 34405
76892 20597
36112 68596
30930 27240
82224 55371
96573 40413
47364 7899
4864 35921
58986 87181
16626 28437
16210 35642
31903 61548
74146 13136
82695 8785
94773 81268
14078 88879
49719 88858
96938 59367
85355 43983
38857 397
49445 72784
30472 28939
38929 39440
87884 38397
45738 77302
5869 33044
72483 53180
53974 49267
94626 17905
10759 68277
51232 55608
55091 13477
75722 52263
67170 59012
17795 63049
11152 81478
26144 48349
92524 38741
21770 91476
42522 4653
4768 75382
1906 97246
18034 8030
72254 42350
30983 85306
95008 56692
29880 62540
62186 84126
26418 71595
96356 44492
79288 32675
94185 46002
53855 24401
60778 4602
23185 52583
31401 97568
1739 50478
50784 85940
83518 50303
22392 63868
45617 96649
62514 37135
34077 38063
59202 18395
36976 73607
92590 95231
45739 86811
28563 67858
86308 81900
41409 85114
34533 97066
58362 54
939 74397
36279 99317
89351 65248
6115 80221
95712 10912
57373 645
40272 99809
92475 27258
56771 3705
28226 82686
98491 85939
15 77412
63694 38606
78833 26038
63654 73308
33708 48911
17120 73859
823 37665
30446 23583
66111 99953
51989 71198
61794 89878
44688 68930
27861 19133
88811 65475
53983 70728
61672 34091
77019 9290
95358 23832
93466 56045
88212 96957
7135 27308
66603 7809
28993 15961
31474 60574
80044 52536
65519 9411
12320 37058
91261 36051
51568 79716
52936 80996
61509 14909
9267 46081
98809 31491
75986 91817
65276 81599
464 77581
34931 31820
6347 34773
92148 3612
9779 97116
38730 3347
30446 12784
83255 87018
28823 59987
1453 56621
62362 37053
77556 20605
15770 34583
75880 97423
25836 84513
11896 55756
2297 3405
45928 20783
16736 35489
34128 37642
24881 42393
17946 64129
99667 68484
71752 96461
93567 71202
44523 41594
92482 30092
11885 55049
40095 9196
89417 39951
54827 25568
36941 12436
9807 3036
26367 18837
74378 95077
23701 33027
47693 4630
47067 44130
69372 4383
62801 73003
12084 98433
39531 75082
27999 58067
35279 52992
79937 57376
18362 3650
46191 96039
57148 89208
52979 32026
77239 53855
44266 26687
55300 38120
49669 93266
32557 214
73451 68897
28820 30852
12438 974
7371 10397
36946 47889
506 79330
63713 70452
8509 18760
88889 25845
53443 45015
92644 8583
46128 39660
86303 54001
55451 5591
59803 46669
33713 90910
56064 85450
59728 42777
22245 4459
99437 54708
51545 89350
10799 68880
52989 81926
40305 99873
69448 83754
74756 3281
59010 6275
37194 98844
6729 17370
13468 25074
33839 96551
97030 3353
22457 36027
87206 8393
99842 1303
22384 3949
10934 95763
3852 92872
87703 32888
17879 20910
54428 49446
46622 11335
37325 31439
57510 69999
14280 49786
78887 73785
72415 68577
99308 97799
30136 71667
44948 15668
52683 12083
5620 31178
84104 54583
50643 63660
88270 48618
6509 42094
54357 37066
22737 65623
46213 18794
91747 74662
70365 32657
99642 31658
73741 66170
94243 55849
41500 49042
40444 46714
55203 4990
54522 97227
98927 75122
72612 65595
75747 51354
87925 70433
83028 28053
54718 70499
86379 1205
79233 41248
21895 10240
30935 89735
40696 69298
87371 21245
23045 41433
95293 25980
40263 41047
16897 69934
54764 72900
12573 57366
47221 34698
62318 20103
97720 68519
16707 91499
1438 7662
52481 50013
38694 92774
39293 37807
13728 86057
73669 70885
95635 60647
11224 78680
87065 3489
26825 91221
93565 71342
2496 60795
84707 53049
77625 79233
7745 83648
45186 62029
99134 78519
67041 99229
59098 84227
21357 65698
80326 15840
52688 35521
29063 17244
86859 12560
79031 72377
99954 68831
43780 83759
2188 9996
83184 93095
64564 84557
22703 51905
74459 69675
25324 8143
3459 37377
51076 78744
31269 44769
12553 86806
86092 1807
21152 67512
95000 96260
54755 10945
67421 99660
10433 16071
99457 71048
93049 57269
38977 37837
58274 56777
22636 1892
76358 15478
97606 42632
91011 72771
46663 55755
30665 67755
53146 21041
41022 24604
93247 74802
38781 76632
82025 83485
17618 49110
68576 62160
24992 3777
33151 75873
83451 24984
52023 42232
48814 75821
36491 99986
51383 10374
50194 86816
48134 56351
601 36806
50594 26630
23102 45052
28163 40990
12342 82704
66745 30621
40103 451
15620 49613
16047 53191
94649 13838
45179 87047
70308 90515
15537 92159
48256 52577
55335 91712
89793 46067
28521 45806
74794 78680
92151 46529
43191 403
66948 68295
59253 11930
1592 86496
58885 64569
51183 1185
63805 4364
80120 32338
92006 38504
98935 35024
76319 32754
76868 10636
55448 64454
56330 33161
73656 41810
82152 11810
19544 23896
30227 25570
79910 19632
25170 14154
98819 94563
9377 59662
97829 61169
45615 12280
17878 77868
24288 63716
59699 23611
15403 1826
63885 46392
42204 39928
3148 69298
70612 9437
63815 25388
23940 55455
36077 59068
45078 45726
46143 82381
32228 35503
59763 26589
75647 74489
70803 93120
38281 56795
56252 91003
75931 39620
14272 78505
74336 11002
58820 96666
70552 89108
66946 22543
82038 78048
77576 90271
48291 34398
32152 86038
78969 20898
68806 69520
32488 19734
7005 47874
5204 917
21146 15602
41300 66962
19279 30170
66997 87471
21986 97321
70134 71558
77803 11777
810 60836
21689 56122
90361 88681
24462 21886
54494 13161
8863 70187
30282 8878
9269 71956
71456 26419
2574 68384
97879 39466
66812 70986
83643 77688
80037 3295
59117 1236
52225 15683
66174 95147
85792 19820
90840 447
30145 21445
4917 59907
82556 2157
6694 84545
20761 31158
93453 90036
72695 81158
66947 40814
4422 61433
59539 97363
87437 92349
25437 56668
8389 29748
15412 71894
4859 49078
32576 48224
75858 8076
7293 17872
98335 70134
25210 32591
42507 6310
10331 24600
8149 31587
38776 86237
77325 79879
83004 71138
26234 87265
33766 39552
85013 13748
28843 77955
18092 35542
68402 95437
68896 23474
79830 74385
94311 42727
75240 66264
41195 86214
48523 74944
68360 26871
12630 51063
3826 84789
61782 2084
75085 50989
25801 43423
20435 65028
17955 2100
35666 17294
17677 56197
11435 77783
98177 14053
26228 44222
69616 52765
56983 92725
6844 86442
51537 44803
51166 90365
58804 63010
39361 58842
55269 46689
14565 57018
1278 40226
85949 71721
21101 58077
30737 89288
96116 18876
7997 25740
38663 67965
70288 56509
5713 93075
66254 70712
88975 55749
93487 4462
35827 68814
69757 8323
63938 35643
53818 90703
52407 24304
5944 49376
98366 2020
12543 44566
50617 63328
2794 25126
9023 18883
67402 73720
27448 81377
76770 36393
65442 11615
82985 85514
94223 97785
3115 29406
5477 5629
33384 27744
31612 54637
66708 84027
76868 44833
84213 64048
76028 43075
57928 64436
64604 55153
68029 69711
95788 5214
8118 38686
96138 42769
74636 11633
13161 67012
80426 91502
72812 21286
40912 68236
13423 85786
77969 53753
21055 13046
81461 38229
40124 16453
90392 98740
8158 2437
67593 50272
54029 72586
37516 757
85384 13273
38745 95684
91199 44046
70266 96304
98009 94358
40657 59091
335 40534
13232 50010
52239 81762
27710 46021
75386 31398
42073 89929
55430 89409
21519 61997
61596 36037
51075 98192
69851 73689
69647 7841
8019 76343
26012 69510
46347 21678
84491 4246
15613 4608
26511 66367
83124 19781
21489 42368
46836 64551
19211 85776
76179 21476
37678 86998
30520 52080
5020 98990
12867 89904
87086 32586
52965 46239
47791 8879
82275 92365
19134 54452
78103 49275
47793 57702
77007 82144
21933 79335
53356 38823
71790 29674
3813 81007
13766 76793
38689 44041
99990 62288
31104 20990
21206 26175
78579 77767
37331 60747
44896 58995
23723 61069
98751 28804
7251 71025
76543 67218
20018 11065
78818 48390
13219 70424
44732 74496
57655 25752
58456 5075
81264 96628
40019 8643
76968 76542
59103 50734
57000 17722
71682 8224
57777 99425
87636 46813
83350 90560
80996 11067
88992 44822
74964 10789
50313 45017
72760 45401
59585 98290
58844 27819
4077 1084
10331 27136
6370 75049
66216 67348
52974 95837
64585 24084
8304 27409
56790 42693
71195 65105
68863 52571
45687 39391
31140 22787
67904 25390
48410 25721
93381 52103
55437 78578
16586 3047
28280 14996
63335 32639
74510 85689
78662 39731
6101 67984
77960 42012
63494 48572
69473 63206
81263 4627
65880 24690
76945 42272
43784 40053
70689 13761
3842 24631
58219 50537
90281 44406
79050 18655
76404 49376
84594 77342
5103 25404
84647 61779
86682 57858
95747 14050
4681 41246
436 4610
75938 53361
60955 5276
46466 76720
38990 20911
26008 44867
1910 83567
78281 19271
40210 27042
32618 65133
93491 52834
42025 69273
52862 34365
91685 99203
61037 24856
55025 43545
39438 87784
96085 35035
71970 53879
15053 98334
74559 38533
64520 57322
84431 97509
71754 61180
54255 36123
83786 49445
33905 61349
72917 68264
68026 14127
24553 5024
15780 44125
58651 80536
92029 27045
2258 64209
58471 60722
3977 89279
60726 61570
84817 47948
25141 78249
69644 14932
88321 21388
96243 72136
61164 13959
47634 66251
97340 28008
67111 30552
99177 79377
18950 8921
21506 29498
18615 47409
62089 39020
82806 41460
48050 6023
82579 2378
80520 48509
29872 27504
43849 23669
48134 57718
72549 61353
92800 83265
22882 36360
41309 49995
23387 30485
62034 60446
18236 50981
19750 45341
96872 74565
61429 1148
71380 12787
93518 11363
15337 68192
69813 36590
60261 78996
95329 20399
36474 77418
49887 72395
55310 27599
21901 55161
50426 55623
48896 11335
36235 78153
54879 90516
32004 88382
83333 68215
92122 55589
21923 38935
85942 40626
11899 62384
23607 41931
79974 16116
74861 41642
91375 22056
6591 72990
54774 19331
27814 58249
22255 76786
99568 611
1184 68247
23710 949
3814 23045
52102 30560
51472 49286
7729 75956
9155 79573
66142 601
97428 28676
80894 72873
8625 28088
91894 96243
74425 92168
48512 98362
26751 76705
24266 76980
49323 61381
33045 52236
68600 88423
78871 14529
78039 96208
45530 78949
96939 6750
55035 80254
94892 34176
64427 57352
61060 70267
45490 61872
37908 94728
27719 45915
55472 5139
98169 78205
7359 78109
60553 58275
35644 83932
97485 10858
21368 72182
47 6629
19509 56585
54828 19290
99884 46950
50358 48198
32360 27185
19730 64725
83593 79459
17339 27690
13731 91048
77629 2717
35516 92450
99290 51128
4881 58852
7369 250
29585 51415
58866 5492
47104 84888
87859 72494
6102 43480
39646 70819
59870 95003
87641 44896
3415 52154
16892 46985
44150 31489
20151 41717
55874 8209
68841 67309
52951 36639
61706 78001
63780 22931
31746 91762
92557 45194
57871 37273
43593 43573
24227 54079
55557 4536
65764 26515
81695 33771
12651 43255
15115 2973
43973 34531
28402 47628
57077 93729
58542 66797
35472 15279
45136 82699
20607 67328
2778 69504
61025 42459
79813 31901
33926 96859
22109 42920
62069 28397
1663 94361
89031 78229
38370 70940
54569 53833
72875 2578
97758 58644
62327 52815
15707 96853
95541 62077
18666 80605
57481 6712
3911 94805
683 12081
91558 48085
18182 97259
65227 34670
20697 10081
16016 12098
70617 45790
51747 22150
51053 57475
89509 28743
92785 18148
3116 72290
57620 63115
59297 78890
7866 50324
94627 5925
9274 77616
86403 88880
94272 96226
20966 83991
27981 29348
57254 69694
2290 51459
13745 6459
70713 64991
67272 40280
82396 57869
48354 29846
10668 9237
59142 37541
37995 59379
28564 52109
19634 42650
81949 67529
32748 13356
72486 16455
27385 23715
42826 40009
79084 16524
15925 40998
75309 71335
56361 43689
39640 26088
36541 59089
55229 97081
31353 96176
36254 52438
1307 8909
6227 19055
97397 76034
81513 41833
83788 3710
70463 47869
56443 62147
3880 77048
63566 43145
28619 5274
24519 65050
8230 12663
71997 38356
73159 31577
91896 92106
89746 76827
67862 20323
97278 82415
10601 51897
51415 85018
72439 76316
62109 82867
48025 22093
37956 59495
57916 78851
89203 99160
60483 25481
76453 88377
52674 2174
67914 64084
25285 403
34087 51076
64551 65777
35090 61723
41148 40817
59671 61565
60007 42049
20502 36483
23812 22502
9602 46618
46240 54804
42947 40449
13435 98360
11893 8206
96589 815
96327 11306
17439 65356
85149 38416
78157 5430
75535 82738
15787 69223
26408 43316
34621 35086
18375 53263
57917 85614
19041 81808
20344 46909
45309 78614
5137 21222
16246 14423
21597 50631
6525 47963
34726 18708
53397 99552
4937 46290
71701 60053
62231 60957
46154 56159
31735 2466
38162 89270
38851 9893
60353 10153
28326 93469
54720 14966
37541 80883
5513 40723
36211 17319
6669 19016
86618 44459
61358 48658
20089 9893
1669 40770
35105 13521
4701 32188
48791 64317
26582 26777
14262 94604
28771 42213
84522 3732
32748 52193
2165 67968
79469 81602
4173 63342
63477 8208
78332 10641
92488 82984
79391 22384
53182 87739
94376 42406
68481 41293
48349 70368
9043 36406
502 53826
91846 94052
61314 10722
64738 60631
91971 23179
25186 6180
69389 8028
81431 7667
87979 19079
65219 79041
84570 9298
36768 60191
90956 73337
79767 689
85511 50634
28073 36751
57700 15015
65066 47143
71984 4456
60288 16761
42958 49750
1544 21274
9234 7217
15570 99218
81863 8715
38080 6206
23243 28427
69387 6350
46318 50988
92062 16040
93975 56891
90905 95747
44798 87004
76335 52557
60307 28901
68296 73734
53686 10305
55136 61891
48061 11950
92230 73227
12113 71647
16926 52701
95824 47356
88576 94825
22733 87805
86422 61042
33772 38963
42018 99987
16455 24447
44886 4022
43051 23225
76569 52126
49883 36394
54185 24671
82444 90738
65172 46880
83912 7747
93789 19264
28523 48419
53981 25262
61193 622
94240 91600
18214 4083
82276 58301
99356 71698
73821 89475
63417 55172
36244 74434
3262 23699
82851 29390
38433 9533
57594 58513
78348 72373
44574 51814
27355 79298
69701 88576
40386 21023
93627 23041
87653 28249
51967 47907
14335 63668
99078 89331
49435 82791
25784 34800
33470 98779
58766 30961
45499 94895
8186 75804
57149 77975
8639 35600
71041 95321
63989 42140
67097 74190
24551 58405
51466 78791
60404 32644
25582 67334
1361 82022
80980 30048
21573 39818
22107 78658
90379 52646
81562 45641
88628 55043
65051 41704
94146 14556
82683 57030
51790 70499
48108 45149
52996 48317
80020 78205
55490 87840
69452 64710
89372 15708
88897 41714
47099 9135
22869 66568
12377 43535
51199 68906
40102 39941
64871 23592
4999 52268
52043 23627
8849 18710
72958 48235
13202 29991
71171 10553
7465 82552
7382 99958
36265 9557
32099 5530
49146 70080
86285 77422
57848 59500
30985 71058
43442 36898
91168 13016
93548 45727
33233 18855
16189 88276
84812 61497
38098 20837
22840 94461
5577 69739
53837 66998
51607 41618
8923 37049
88419 86331
42114 7539
70376 54011
83480 92353
59895 51323
85638 62615
98963 62038
80299 31546
84979 52445
19255 71109
47011 29014
19441 59560
42691 76153
3218 67652
2054 58130
82120 95504
12277 14242
48596 10167
28842 76990
15180 5336
74165 8366
43290 24005
74875 75887
68091 33028
6609 9906
74688 89073
94693 83995
66960 42650
534 15298
66628 8802
9495 60373
57994 47358
67184 61684
15044 28411
32573 96500
76390 49558
17837 15805
17498 51362
83460 69292
80095 2502
87641 71250
44422 40412
36665 67602
64724 11668
17762 94247
30628 27183
32873 39196
82946 8740
1781 41618
33744 15262
89569 47806
62757 78299
88542 99975
55304 3567
10478 80492
11642 84639
41962 10685
88490 85127
64510 77053
76478 9204
12712 72231
53808 26347
41500 27750
46319 58240
16290 18171
48026 21472
76054 71610
12233 97544
74408 34381
53060 48651
46586 52400
10377 41903
71205 49747
30282 81520
50900 28252
12653 51260
93542 59426
47210 14934
37936 32147
96337 13076
16345 78094
67457 41729
93021 22922
16690 90459
46667 73422
21676 51286
56199 11446
79950 66839
78888 28405
82344 18393
83867 31981
71489 13548
90526 33144
69489 34481
262 79939
36808 71679
13529 24366
88550 35553
35701 4493
49057 11318
76071 42154
73154 72976
89301 91904
97319 57013
47765 79777
87523 51105
2835 4306
26 82338
33967 43466
31206 30331
92189 63158
15156 89378
97251 5400
12871 76001
59102 7907
30580 95320
31645 43297
37765 39609
30372 99373
84599 76555
11883 91705
67547 58985
22973 9738
44216 27840
29114 77751
73127 39796
39605 33197
16214 47547
47510 78318
32134 19808
92952 40877
15565 43906
89452 49523
25685 82386
32021 20606
70491 27385
76170 71549
3025 47823
60344 94645
42140 66629
3741 51999
90614 79068
23438 44327
85325 14636
93202 96463
38818 26142
55140 96778
22220 46962
90773 57825
53939 23034
43431 22449
76789 76637
84627 62827
73028 2869
37668 68883
85541 66705
1114 57314
76850 92532
25065 73252
2745 24692
16695 28155
92668 89404
45377 29306
40335 8490
98070 8746
48381 7474
99066 88232
2596 59577
71205 67237
14772 43962
11042 83877
57971 70917
35600 74049
11068 32187
81668 24709
88699 79283
47205 58866
89619 43321
44783 68029
16344 51145
47569 36110
26677 72600
66511 71234
24136 68716
40768 4874
60673 84287
15888 73354
75591 79008
53408 14555
70642 76465
30625 20137
26642 23114
23293 14613
23654 74197
62734 62164
17030 42384
24613 47790
14779 24078
85924 48960
43745 88406
9636 7002
35147 94082
45776 66498
8607 30690
16648 1712
38710 59063
97248 78224
65406 79512
75198 867
8216 6576
13119 9981
82906 56925
51858 50376
60397 52371
72795 62112
16400 93495
81746 54454
84019 48773
34530 41998
93245 46795
15210 10656
50375 40395
13951 44858
32127 65053
81352 46108
15430 60618
74113 14811
49682 60658
44697 75422
39949 19527
19507 78244
37012 98576
43177 13821
99768 15047
26852 42220
91072 14875
41445 81580
28230 81743
17536 16711
48501 91321
37244 100000
32050 71332
32596 99787
83216 44654
89912 87952
44922 68107
28973 74699
42285 69408
8521 23919
87899 34217
35384 62174
32265 78259
91962 95987
17297 67618
6658 19096
25281 56365
22008 19344
3323 22781
63320 48238
339 61714
79826 37372
19316 96158
18408 30870
83899 30087
13042 92588
48058 15625
52061 54307
89591 58450
2120 87125
1546 34821
47685 84076
2786 5560
26558 61675
98625 38869
7598 69989
97819 75036
5220 62276
72955 27680
90084 89315
47327 94246
24933 94965
70903 97385
99027 47804
2281 51832
31662 26162
54448 65814
46442 40547
93561 24634
64142 75633
62820 52621
6293 15887
91241 76334
94127 22759
14128 23217
35969 93876
11288 19739
7521 53736
49393 60680
11547 26280
226 94310
99695 22699
18531 4631
37360 28510
31076 7635
40710 19778
60453 4996
98605 97933
70748 44423
5236 99077
96626 81618
19903 89800
67046 6120
97958 13703
86536 95143
82771 15942
77631 74555
75112 46558
41284 29352
73815 25564
53125 87300
24744 43263
48547 18425
54038 54557
30164 53800
85266 87551
95009 87969
36223 86368
63209 77773
39092 88850
45693 81476
3069 63609
86882 96279
17179 16717
88818 99687
7743 69213
68027 29579
8627 90151
99518 18959
53137 13537
41169 94000
37161 78739
27934 704
63488 68442
5634 9832
23084 6567
17967 78113
53497 61438
59018 65882
82119 39960
90765 47126
96137 92897
29030 23819
37575 71898
46870 60387
39389 24888
64372 46878
26330 37347
44840 76367
74402 75800
74576 58683
20365 68040
10814 28509
92645 83799
95927 95461
1580 10525
66709 18644
12340 38760
18567 74369
89220 78361
40332 2807
35034 59394
35868 78869
88068 6798
39743 2188
15941 44313
14259 13093
38071 28884
23626 18393
90851 8931
94377 43638
85930 15582
86283 28001
2336 84307
21628 55694
11 97250
73119 77098
38984 45760
90121 76178
75655 57461
99075 28889
51114 15774
79979 9894
75946 76235
37203 30035
81426 35650
91393 13231
26434 97530
9870 95197
69101 22785
95367 65139
93659 34519
96719 17468
22696 14609
73083 68727
18915 49143
59604 72917
29552 42117
10969 3166
47271 20654
46714 53485
95890 88852
26750 41872
17939 76018
70366 53641
67195 10323
86600 4047
58836 66583
49725 80846
68281 85045
147 76770
56153 59220
79443 49728
75287 95568
63228 56750
92684 27740
76766 95750
95268 27066
960 97463
39773 79908
28699 11044
45419 60583
67677 23971
57527 30787
90919 55870
82971 55852
11887 22070
65223 1164
49951 32987
75392 86334
50324 60789
66043 63637
16192 37663
70246 96979
87720 63302
48480 8146
1062 26638
9180 37759
4744 65165
1858 36473
38575 24366
79470 43351
77489 31728
43375 24223
68312 51685
83753 18608
75201 38899
78036 46969
19006 64342
72954 72127
38708 33756
7197 24763
11518 35111
22959 45082
10152 7855
4695 85787
92820 52286
75059 76469
96121 57554
51633 96878
75839 17662
12628 42788
91300 74249
12373 73064
12634 94957
80160 9375
69478 99865
93971 87520
52003 98768
27042 92760
60125 44040
50710 81288
15927 81676
8105 57606
46213 59963
39563 376
69010 87654
49184 90364
3644 55573
35840 88675
54195 85827
33078 44977
51102 11134
27682 97983
9333 69768
2103 61818
37096 1273
71645 63457
18262 10042
48048 74954
15287 19691
46079 98877
47699 34398
55246 70488
29481 2233
13460 13673
62601 5112
44158 65175
12986 69482
75658 69818
53653 81679
27213 48318
20807 99648
97454 55813
89875 35111
40360 15457
18894 60162
57932 89406
80194 20100
13469 43318
98347 23157
88754 20187
16925 84781
37911 48816
46908 80957
39628 66096
57794 14086
40164 57542
14652 44447
20680 4627
91502 62483
82802 74220
7275 99937
88690 78137
49213 1115
57036 89656
18467 53159
97336 76119
68558 38465
96545 96669
53955 2711
31111 61986
71068 66091
95965 2738
4551 93461
24427 53998
8517 59935
14509 17258
33548 26215
34706 25712
53734 45536
79966 62844
55920 12913
72936 8927
54396 1460
68957 70173
20495 78168
95835 67406
74243 61280
83415 30976
29254 45922
19639 54259
44314 76489
93273 79100
38547 40756
22571 12483
5756 22676
31984 56037
15314 33842
14977 21394
94183 8390
80905 65040
37632 32865
9448 65846
8664 80868
84242 43346
93755 84615
82605 27140
36748 36915
84950 2752
44223 44648
3389 43088
21247 49656
5668 53232
72937 24234
48580 21680
15119 45976
99879 6678
52663 11025
4303 70745
29402 64408
73518 82343
78053 96643
53772 9632
82395 94525
26629 12248
34064 40644
87304 76793
33072 42411
69369 23103
26134 39769
33423 63610
49685 9417
32503 66959
34387 92680
15919 78167
91753 91802
17644 54431
44804 18294
68724 92199
37799 85317
28805 52931
37127 63559
42732 8573
17389 76014
57519 98320
15192 74528
68676 77903
18552 60761
2711 58780
83828 8423
85096 93649
22277 92044
42538 68187
23033 53056
66918 34745
60273 21133
63222 8673
26499 20753
27434 70780
91928 88319
94566 63782
463 18910
32354 68719
23609 31304
13001 99644
27 85517
72155 55078
82671 5294
15467 42585
23267 55330
45825 15543
67064 10068
19960 78739
21220 94786
54561 32663
34353 74944
26175 17502
39483 63411
18313 90362
21494 67191
65388 623
94054 63130
67078 278
17094 52766
90060 83611
41730 42683
85829 65408
90812 17946
52652 99480
24138 33147
33265 14636
23158 72432
15513 16602
7517 93344
97050 87568
47345 16613
77184 87701
93271 90926
42219 12673
15018 51454
28494 36513
1494 81547
12402 40180
85533 51776
65521 44688
1622 71643
97787 37373
25705 19119
93428 70424
68532 2307
6676 81970
34761 42226
67686 41487
62829 26953
23977 14472
80379 90157
33586 53033
97407 28306
71752 69171
61340 69924
96327 16795
32679 28930
67454 24489
89865 60670
48209 4027
86912 64126
78647 73695
35838 34910
14844 39836
23241 1420
80577 85226
62746 32779
99415 92917
29758 50609
5768 37182
82392 16872
53774 89466
38461 57008
6106 66449
7382 61532
25006 39072
60769 84081
19747 2616
81873 54634
85924 14652
330 42230
37873 21447
87078 86872
66750 26212
10194 10150
35697 46100
26129 33867
28903 20620
66072 63654
47023 13716
92208 97321
52941 35497
51704 82810
11673 30011
79681 60757
26014 58512
79760 99912
83675 16319
62111 47125
98725 58486
73723 43636
22435 54837
36295 6830
2545 37105
77721 96483
78910 88018
20696 3621
37997 78004
93604 32891
86072 19914
38574 1759
75912 79094
92059 49280
97822 78963
83173 23713
83630 61036
9690 32792
31775 10049
39547 59120
40172 26057
35390 44103
73189 92203
55949 29521
56943 8740
88677 99955
71872 99172
66360 67368
95556 41264
85579 70944
50747 32194
55225 1788
37144 5636
40590 19059
77027 15065
9740 29233
43480 81109
72105 88498
57222 4799
67535 59467
47314 18198
33756 80834
82161 74025
46911 6577
14289 8350
60929 51943
15120 25644
60601 5446
73443 54944
60151 60294
41649 85660
33402 40401
90710 28819
78970 4773
46241 40623
91839 36853
53973 78220
92199 24200
2796 13498
74628 23513
10159 92254
42364 28405
76223 17361
6728 27424
84112 12864
56277 89424
58984 97162
9638 68752
82469 54949
85807 66399
72052 99866
76604 62703
46203 34308
46216 35526
31920 87477
33414 2144
55391 69522
82428 73419
74887 54706
18915 82441
51486 69474
26344 22450
68841 49764
44430 45135
63621 66507
40714 20064
31681 12544
27814 52439
33761 13185
95870 51867
39581 1021
24838 97190
11423 77081
6946 22983
53481 24270
38828 47521
23309 9160
74545 554
99603 94344
66164 16749
90934 99971
51850 70985
90855 44962
95517 70575
70825 30144
71050 58087
98259 57647
1410 46220
29329 22547
44012 70187
12004 83909
13569 60809
74781 99665
49007 14106
92742 55000
65943 26026
73017 18415
41776 86040
68102 39902
64449 29174
38866 55875
2986 39819
50131 44076
88828 51025
56661 92736
13276 56087
7671 57591
27172 36127
52079 61373
5410 82273
16994 83859
48728 25063
74765 29262
666 64591
36031 5046
4083 24908
82268 84968
79392 99365
77787 54837
66227 83573
42121 4321
93777 89737
76485 25893
48949 79045
67585 1837
72715 65600
4295 72186
22357 47811
56978 70369
44906 68557
55633 7690
58930 91090
57639 67666
86987 78167
48878 90313
91879 35544
3183 62133
81388 16611
81515 44013
82226 90010
37109 34303
14249 57045
10934 69739
65232 61854
55208 49222
77951 19635
90716 89720
25150 96839
59892 95870
79564 68065
57833 97352
54297 6395
39174 90684
53900 8132
52523 37874
42333 42911
5995 80565
83516 79906
99342 65928
57737 35000
39696 48959
34649 45695
83104 49026
91448 13771
81090 83342
57857 47457
71373 44147
57352 98365
56270 7831
3248 95020
80260 26929
86901 36115
17633 43471
22788 66886
34863 58032
9406 20241
72393 92075
26905 48051
46589 80071
94398 51166
26993 48257
50380 1561
41947 8201
26292 55134
55528 95140
5403 26108
91158 36427
30011 89077
11129 21195
69506 84161
95610 12964
83825 69706
41843 25706
85630 86702
73012 38759
58482 76257
30434 76855
82028 45416
18162 36554
56861 15294
95218 49573
92938 14835
75201 10689
40109 30344
56626 46027
52660 57428
3181 46211
3009 25762
23118 39325
55816 44849
41828 47394
54164 22834
44147 89040
90370 12686
74227 22870
90020 89310
84622 75833
85919 75441
25542 12594
35725 84617
19405 94382
72092 61694
17322 58700
24942 60185
1115 65635
87191 54714
86382 53945
46914 67955
89766 81005
36492 36587
28028 38670
26951 36157
85212 48929
8601 34806
25796 60031
21274 87322
67560 48916
4250 87263
63089 25666
38040 85040
15993 93596
71916 31883
92048 40715
56318 70340
55290 9421
22156 43904
80495 70224
25608 56987
36666 17788
86744 56258
88475 43430
19349 54170
79269 7518
94956 53655
27712 44226
96832 14630
65032 79656
11686 84579
85292 17720
25415 80803
49296 90480
6401 54892
39435 74846
33607 3448
20554 39529
65180 66230
26283 22025
27804 37417
77187 37770
3476 83623
98649 26670
8549 55099
55720 90728
28709 98979
29985 46177
43805 9106
99974 35638
3308 17487
49361 20152
80674 12085
76971 35563
64390 73265
41301 95207
93169 77383
77250 17786
91409 52686
42939 33381
10887 24687
13754 20602
96009 96553
30575 44101
38817 12944
48030 90592
26891 86890
37151 74076
28091 58289
98557 11199
47317 90803
38360 37793
90675 94325
43395 34798
27523 42668
742 65479
75142 79746
90109 71233
31699 10263
93335 30116
49745 51646
35800 74733
75712 35643
30455 55404
40657 25612
53121 78183
11561 48317
60244 50101
91907 87314
30373 54276
13611 13601
49082 81364
31491 3317
70065 62618
34081 43852
18263 66174
39919 218
53330 81277
42698 19908
21400 55623
23908 33702
67893 18274
32483 92110
82633 79749
48543 80094
53128 9150
78823 7470
90040 30893
38397 19719
598 86566
91541 31497
92017 67635
82746 11078
76206 5840
81706 97029
96418 47213
58581 30400
10459 21936
20321 43014
98552 52496
45897 83001
5740 12507
38713 79761
78079 28881
18772 49944
28813 51654
36079 73229
74053 69156
81427 45761
10763 33255
28222 11900
17846 32063
4259 25817
83731 16849
22949 88613
384 23831
30624 81604
72242 80923
76417 28428
43855 160
1481 32009
37365 54489
46253 53047
28561 23504
76281 51691
19529 60545
42760 49995
51539 19964
76462 38961
54395 10854
93487 81676
12001 65688
90437 40158
97656 10207
73629 38207
31881 39770
27162 51128
53102 65952
12401 9418
12439 85879
24108 39365
6248 18654
37703 17425
98521 27620
31702 37416
78229 22830
30941 9753
76219 88245
9302 91271
14816 16229
23471 7208
19115 2688
43721 94343
53496 11449
4506 97347
75926 85626
8044 72046
9641 91326
69948 72462
17544 56279
71292 54175
41312 73545
29393 26094
15919 51693
38965 54560
48170 54799
22774 27657
18519 88529
22069 98038
54004 27206
89257 85444
94702 99831
95481 26790
51851 53378
91077 60354
43425 72694
76030 53877
1884 68632
39914 77707
53340 16096
32481 36647
52980 63901
61618 24449
31373 47437
28063 55747
61857 58726
95804 67403
91264 39152
69748 48525
94318 21257
79652 19246
58307 96287
60766 98890
28810 28281
7368 99310
33538 31727
42682 11518
52704 25261
35556 32977
20875 81876
16805 57648
38367 10777
86005 87355
84267 62149
60540 6819
79123 50579
31320 50225
1166 13684
71196 42110
82280 59342
8779 62681
98914 7513
84161 71652
8525 53953
37515 41943
53043 13127
8841 62748
36558 27808
21203 36689
12111 39828
99313 21673
11416 91488
81186 843
93058 68245
10902 99186
28952 66582
40724 12683
2586 30622
96277 39674
57755 40568
38183 48021
19332 44773
26698 84935
52047 67258
77782 85711
98444 54783
73428 26270
33951 12753
6528 90653
92480 17376
44302 26660
39354 36050
17506 14404
6092 88094
37206 65503
99371 81170
51512 46026
44190 13998
63433 70226
97793 44903
52959 44692
85827 62021
59172 419
66311 93925
86836 46821
22599 70775
40803 95063
30924 30337
4405 1957
35543 67034
44196 25074
68028 97488
91390 22422
38017 44035
7909 85723
17860 46471
10125 67232
90994 34918
92609 51350
59121 55740
39550 31621
45591 27801
58741 88488
19952 75651
52430 43501
9116 65617
54176 20022
72238 82225
50298 25562
34126 90018
14205 58564
16696 74011
25920 24627
16059 28962
45227 82617
78747 27222
86780 83261
61424 44710
43525 94233
64133 30520
98379 124
32057 46627
24201 53064
17089 78357
6731 89685
24196 96493
34388 77101
44062 32834
87672 10894
83294 37626
33090 83083
11303 83956
53168 68427
94035 48319
40178 68648
58091 48352
1966 73778
93840 58224
95103 71818
28310 64796
85969 199
82467 36163
66791 96660
10037 16188
65142 22640
57593 78349
58919 68172
99445 96757
30616 62513
71102 74787
13148 15512
11011 62140
15542 65679
67968 49593
51330 89659
63564 92102
61197 95056
49900 66533
55064 89595
6909 60681
62873 27929
77710 60379
58745 54749
25091 41657
49751 93582
56244 65234
84867 27206
73035 80203
33028 57812
30410 43005
24947 2971
63075 99828
92990 46193
24798 27761
43942 15969
16150 74761
64993 55529
21596 37029
42424 67293
83187 39424
99434 80898
15090 83244
69416 6676
94309 31085
70135 51552
1100 93436
51057 86954
1659 85957
87812 73513
20409 38313
70801 20966
99009 5181
93710 46433
23523 13706
55493 40684
88932 31435
43443 10733
74425 35154
3049 33664
2129 1538
31727 72339
40136 82454
61084 94825
78197 40249
99039 7096
85885 43948
27577 45931
34781 11492
46081 19392
88836 7018
75710 70506
51766 30617
35184 60080
20490 79906
76296 92972
77069 42027
70764 66062
63677 17644
2036 14775
63023 63633
8783 65566
5578 41275
18207 43662
93354 71199
53368 10854
83806 99077
89029 65080
92937 22378
67940 92394
55364 45086
37125 79000
88859 71527
7758 75440
61420 26013
20794 68148
43659 60108
93301 72284
76417 70869
95874 1425
54088 22188
22613 19379
37777 44507
37818 15700
84254 2398
74924 35451
11272 96038
73246 3106
30426 76886
28566 64697
77972 82409
41293 17697
81737 23114
35152 14321
80641 7641
50786 18739
70328 17133
94584 10504
88893 55629
36635 83744
34132 25302
2858 62660
56756 32504
48853 93516
10026 70265
36067 15881
4724 78672
66701 17852
23271 50603
82464 19805
96362 62954
73983 4789
38873 98145
34591 71876
59682 17914
90666 85564
66539 44817
59773 64931
90666 4566
86601 16789
51724 25454
71285 24704
60207 61971
62362 22503
25639 47407
99942 21152
11037 19109
14778 30742
90251 42600
3756 12135
1921 96994
77766 34118
2787 97679
61093 8282
73385 95167
51162 93470
31102 94967
20397 3391
86754 87952
16277 15329
63048 40151
23873 70715
41560 13420
35026 18422
46222 65283
77726 30705
17529 96742
12367 33408
89725 96656
3202 55337
91026 435
25449 59365
21762 83316
77129 82821
16207 81706
84541 74955
61706 65986
2257 45452
29693 85470
95559 97045
14307 42545
3830 26595
16906 10020
37606 68809
85784 16981
59957 58158
57667 7955
53589 19884
88792 66627
52139 87731
96373 66398
97842 39395
19950 44080
23670 94101
64523 26107
35130 27891
59145 2866
20114 28796
4213 23966
60233 57921
19124 12541
55549 85355
3262 62430
19902 81682
3038 61510
13586 9063
60980 97134
66164 91147
73203 27010
23408 11126
39043 28579
59049 36785
9248 81510
70420 21788
77785 95956
76314 64233
92114 25480
4986 50911
40418 15508
80452 79896
39382 94460
9823 25187
62828 63032
84260 97922
86201 57271
69568 52749
34148 82039
52406 95726
79112 80750
5915 82083
4694 32324
62712 86272
35216 27606
48108 79754
44111 52597
51560 77948
86207 91621
96657 87014
20030 91294
41153 20905
51136 54991
10885 18236
20846 30166
20800 69642
25218 75497
65511 76626
78380 45904
75684 64166
60176 11944
59732 25164
21926 64353
4392 97312
51705 45281
38759 21168
16937 89088
69195 75967
94537 22602
38848 29122
74049 73824
21992 67526
40237 60535
82585 19272
71932 83991
17149 69275
58193 79613
83185 44262
49094 81305
23142 63171
31268 95185
77668 89506
75981 24828
75394 71716
85331 11272
82191 80160
17405 51893
3884 93985
93833 2008
88176 87781
20772 29849
81347 80416
72884 8213
4995 12663
46383 28636
16162 78310
84801 57524
76773 47354
33386 39732
66759 81592
35198 73482
94228 82932
24323 30614
69742 63035
5046 47149
27244 78730
30086 21462
11030 40308
99320 4976
9546 80031
58305 63563
40570 86279
43503 4842
8716 2010
30561 57543
10456 86715
9386 48303
27566 40512
26802 83554
53678 52404
7349 37460
47597 51605
30946 91183
74454 61751
16413 86575
58727 94111
92957 98596
92912 69000
41166 79412
5720 19842
39601 48726
39384 73038
62679 78103
75805 50883
76106 79929
96202 21580
20965 7023
11348 74184
34934 48067
67588 3849
11011 7217
9081 99061
41122 70441
68419 29864
19935 16720
11369 22128
28922 46335
55908 2256
47302 61059
88450 76253
73964 95451
59108 8356
20678 54942
33248 51970
37956 68274
75903 82442
68042 85654
37312 92675
18864 1721
82963 88424
47649 38912
73983 41030
38172 58916
17886 20225
61654 34130
81083 27087
83446 2473
85019 92347
11224 15743
25713 52292
22059 29501
98407 68315
53875 97982
44284 94217
35495 14548
77793 5734
54580 39971
72923 30243
24472 54852
46820 82401
90600 55108
51146 10680
22666 74690
96911 96177
75004 47828
63719 87180
79179 85763
41661 84155
13149 14410
28430 94693
21512 70267
36268 37348
28152 82874
19068 20327
18733 28128
29881 95985
25594 2553
55727 37272
49640 3430
84224 56807
96337 97724
10435 37532
91301 93252
37120 69195
53960 91193
46965 33689
1202 75533
78132 3585
88141 75779
45506 27955
33051 50070
74074 21488
67630 8977
18504 2895
92942 62422
97327 37436
77495 29432
77315 62547
39768 91808
86448 99881
11124 28299
35313 12516
88357 38218
86329 12734
51444 28448
51182 40230
1026 89640
93608 17950
3779 39661
97623 92574
1118 90512
70043 63760
27726 82374
88585 67474
23908 27863
88237 48375
20866 90560
10562 48038
39105 75698
29564 58425
3020 87697
62206 79808
78851 28597
69668 57660
69241 57356
76315 95396
87831 51222
21604 52579
6007 13512
86005 29591
43945 2346
44471 31124
60369 22873
42985 46815
15783 32997
48923 58292
19381 65748
85428 60385
43549 44446
15149 7784
64785 15918
75060 76033
87577 24455
99658 55541
65937 79165
10309 75492
58311 91256
38543 53088
7425 78837
88869 87376
89014 63588
73752 71822
62448 45515
55088 68745
82640 56737
50436 96388
86570 46292
87139 74069
37796 61252
74190 69319
16380 58533
43867 94296
39615 9569
98388 11004
5427 70068
20758 62680
74638 43118
31987 24360
64988 33461
99152 60601
98525 89824
61991 20623
5124 87645
6374 58561
66265 89355
88015 8184
76440 44897
99766 46612
74576 32838
95526 70631
99845 5334
73212 85559
85039 92995
32458 58528
52921 14674
88886 93392
25250 64090
99960 56714
30239 51529
63327 2148
59095 11550
9005 37512
3878 60304
64951 33622
44667 37925
3398 38337
43577 29372
14168 42062
86010 51492
20543 22776
61095 25282
86593 53806
43233 79983
78998 81459
16508 14008
70382 56510
77918 35741
6760 10744
50949 27794
58012 28032
61662 90880
90258 71914
42798 21285
56585 68987
58957 18992
98129 73391
44710 14854
17009 62676
80409 48640
50658 41100
34906 88170
94097 91951
83759 42150
90561 16198
98581 75591
41447 4145
52379 7607
61356 28995
94149 58033
73935 76896
5674 87015
63904 59334
87063 13373
97158 15265
72427 43692
22266 6773
38937 23584
64682 19672
12136 91
71223 9236
37814 65200
79127 26186
82961 40712
85012 87402
92125 22752
10826 65949
81553 59753
10701 14331
82521 59911
85761 52053
87125 96819
20320 85612
68441 38073
2872 28983
96459 98202
25770 29282
11465 70155
11436 21545
51648 77301
65672 2945
25526 37907
21819 3984
89472 36119
17879 3248
45132 92773
84801 19344
49113 91253
71859 59667
64602 91317
27995 12494
48728 58310
18939 67054
52941 36731
51207 52016
77609 37085
32490 4712
51280 24361
86689 20539
41625 50831
65214 81956
64657 96213
96966 79059
75510 17523
22004 61929
33405 85589
13684 45021
66381 10332
89128 86234
3394 12893
13383 8319
32394 41728
82041 19133
77963 26882
65404 45533
93435 36915
93602 85944
19975 86329
53617 43580
13997 8652
72129 79630
32193 16184
79938 49506
60908 75262
79443 34437
61800 25714
94796 89908
19397 68990
99125 57794
14568 91262
46572 68758
32487 58755
29828 91594
70030 18928
98944 81837
23484 26240
21532 41698
46055 39134
97157 33695
25844 40939
40187 6959
40416 56187
47414 62161
80250 83064
90110 39126
47878 82334
81522 48230
1179 65213
31106 30812
97734 26555
58677 61798
99781 93295
67300 48614
18349 25191
69053 62355
14085 19171
85121 72953
21161 22391
43462 24596
95943 64205
57557 2233
80357 25313
50797 15150
79353 20163
44926 31021
99887 61433
42127 36453
22312 78906
84826 58841
41749 53299
48266 85759
98399 26566
57795 87489
67491 29095
72379 82880
66286 10077
64057 5804
49605 50535
38045 86509
63360 85556
29080 22141
11146 38249
20431 13580
65347 67072
33276 82267
34398 95875
2573 21441
54883 41173
1667 69417
30830 50601
58037 46034
17166 6121
24906 59982
30791 84592
50082 8899
37425 51472
56814 34509
62262 82286
64212 26362
81848 24833
52812 97932
64520 52854
74085 4507
12048 8527
97441 21073
34699 98239
86036 81196
58727 35088
79817 89823
86442 36605
70301 17137
84394 97368
91010 56060
3027 51717
51614 20239
99493 74813
53897 15629
63924 48556
43634 35660
92198 95380
75419 86999
7545 5576
66937 39821
34330 33553
63925 54239
558 52557
2061 35445
56077 29771
9651 95562
70050 27600
79405 49708
59437 80437
14995 23965
75553 47142
43957 44436
71782 32708
9267 6973
17624 47204
50242 27253
42150 23663
68078 88175
74420 23232
81906 69649
35289 58569
37377 61239
81250 64046
59745 67919
92557 83016
68971 16508
12847 85475
71053 22420
76911 82752
77064 54402
77928 46580
10801 65188
299 79335
38836 80813
19962 99318
64877 58149
71118 30066
98061 60420
33971 91935
39163 45307
50023 70262
59632 47883
3038 66371
42266 82219
28897 1959
61370 20486
70986 58391
36390 23483
41481 40763
71783 94044
25250 59536
9436 36623
49421 83335
67478 93904
63861 18499
16762 78573
45978 607
21058 104
54159 54502
30044 3993
28892 6457
21545 40778
20220 56461
99295 3513
76128 89194
4040 4633
11275 82957
5025 74353
26261 358
6108 86747
64424 66491
53822 3718
96134 48548
83777 18901
85408 57261
36563 96414
87040 53591
59702 15916
28065 68214
79518 75966
77137 86100
1974 36421
34006 52365
55963 87210
94150 43409
8095 16357
83789 79366
6504 8743
38635 62531
75534 58609
52084 79382
79168 52955
80238 34495
80800 32046
5078 81171
55746 96586
21179 28026
63889 70817
95714 91888
60139 77306
48512 25512
90720 97807
28515 12292
36470 63759
18666 17951
17928 69245
54120 60387
95746 39951
54501 71091
88391 18896
1373 76387
108 63358
38911 69754
71482 66604
63566 25847
14351 83489
15780 28041
72893 67800
1258 45782
28938 25662
11682 88341
81711 99319
70557 57492
78073 30682
14949 39538
9099 62160
13108 35814
13818 24601
25403 86486
41776 75655
43453 49953
90089 15232
56657 36918
84025 63840
80291 69050
5667 87637
31187 81126
35523 88897
50420 90695
66310 54972
9583 67709
8845 97200
57886 50844
63470 95963
63793 20494
66610 45232
92972 67534
72984 77526
98471 89742
61905 71239
88077 97106
45762 57811
96093 26067
64773 35067
6060 85342
53352 70230
13665 71954
236 44591
40120 57957
10535 63716
19712 52672
9251 20393
64925 27966
94621 26595
25286 98129
59750 17486
13416 83357
89286 22872
32353 49851
82868 74115
68966 81752
61439 74087
69373 43155
29384 35501
57156 48130
81925 62901
44456 86542
14880 817
74287 48626
34326 85416
42863 25184
30777 13908
5076 39612
27726 33028
69150 78111
23536 61659
89088 27029
38859 78351
53634 94367
61090 20842
32800 6898
63881 56493
84618 66935
22411 54632
91490 9897
88645 48515
91553 28314
41385 6617
11985 27406
32669 66487
87508 93213
68217 24482
22652 50966
94317 13070
68913 53559
35704 33607
77199 76406
55826 21996
44517 4571
48035 49487
66774 78787
94409 43126
73756 41759
78518 79709
74496 92115
83216 37586
5059 64023
62096 12216
91129 6873
70083 29317
4905 22137
33036 28195
51086 91052
94752 11218
20889 55898
88840 40517
55148 44832
963 5537
89184 88271
74657 94241
44256 299
19881 79476
93516 27020
50484 26013
57079 2240
89519 8050
54538 47751
36317 21086
14239 22998
11827 72480
16070 5589
4539 98506
99043 129
68177 37986
66574 41707
2409 39492
12817 69558
70983 34046
74158 54909
6117 17586
83191 33035
79473 13271
17204 42081
4684 3609
92096 27347
55372 76117
25324 30219
19674 32766
38235 3141
41045 27099
35364 7825
85806 27814
86036 23925
34986 71566
53353 19688
80899 89430
87800 44696
8039 82676
45639 77893
16663 71187
11988 23651
60778 81361
9676 89212
59879 48449
8885 73388
4110 82891
62213 62755
92912 39591
37352 22695
78450 11110
157 27695
27855 89609
51290 41769
12947 33447
48292 79189
69760 39020
59288 37799
429 60436
7909 78729
39266 61236
975 8438
61661 63346
92334 84545
6384 5480
36717 35756
48704 39173
1611 48945
13064 57451
5725 14781
76820 4210
79626 82800
95494 16804
75566 77214
74517 97503
55415 19152
54601 84982
91083 28804
84672 79152
43776 9129
99532 58856
68259 59652
38227 1643
39474 96303
91758 78141
99970 64532
14826 25204
55961 14806
3914 23387
77556 67688
84675 10545
70979 27027
68446 80136
33224 32277
37017 71622
41276 14909
51399 58791
91434 65808
44139 90585
96114 34343
161 94686
28711 99183
38518 55438
47986 21255
35339 55890
19693 56101
89717 90122
57736 23026
26496 82920
99431 88233
96647 66515
62625 36636
73022 8933
45539 73167
77097 29677
74028 88059
5186 75278
81038 56172
65302 56318
64915 90212
49640 53224
88246 84982
72589 27786
73254 7435
48367 97080
62950 7584
76203 65687
65424 95462
65298 44867
73741 82945
49387 42153
29630 86250
67824 93582
53303 7757
33036 93190
32350 40620
54436 93501
30449 38970
36843 64370
33405 17696
13099 50967
48199 93883
21027 54643
11079 94236
47460 62528
78888 41895
41043 82893
6090 62580
5611 6972
1408 26098
10360 78085
28915 19295
49820 84658
97340 87153
14477 65377
60622 58256
94069 81093
26890 62137
51057 18693
1640 9789
65683 48188
40853 92255
95969 86583
33391 9050
41363 22554
68491 63737
96632 85115
77040 71357
80690 12614
80922 27547
16405 27415
18103 65595
81452 41059
74125 54458
34164 11663
16562 73033
68128 77879
28755 55755
68275 59625
53134 63195
52713 50343
42391 39428
84910 71401
47767 41863
30341 4793
90728 17625
44386 13013
2202 58178
26672 36656
22290 58238
4333 497
31494 9952
40905 51794
83234 69451
27787 99682
39077 85271
49452 85444
59077 10162
66137 11854
87143 88476
64181 79691
12264 66697
79157 33721
33847 95171
15458 268
41816 11878
84410 53897
81602 76770
31024 5516
46178 49789
85096 9026
53078 96750
56636 91407
16147 71267
98265 88810
3936 26684
58402 5756
57016 77325
73772 97701
28300 73920
8577 66167
29183 81425
15549 36185
96904 91024
53908 46245
44019 41219
778 44426
11648 47425
75385 31818
36451 6456
64431 70557
59458 88487
4461 48589
4347 45733
13289 18040
30171 34520
21997 85266
12359 1215
16917 63712
80407 12585
25877 85853
80886 48572
29041 55545
87908 6543
92932 14805
6100 63407
44986 15464
96174 18750
13077 4605
49134 52079
67915 95795
73635 2764
49574 3323
99953 13008
3875 44734
64175 73870
96724 80021
51306 5448
17406 68015
33632 68760
35387 97518
83718 80650
73306 8426
86243 99776
7674 17900
18451 61741
72466 83796
92772 88731
8684 39924
50076 15365
93542 8723
75633 85533
96464 65004
74639 17639
70288 37036
47862 98460
75425 43959
89594 65353
66543 15747
5985 25837
61724 25883
41192 96190
9471 10973
99455 18693
19744 28541
69864 84189
49533 89024
16412 73208
62153 85890
59878 91162
76583 67408
79174 87260
29171 82095
19183 65834
31225 83123
14921 48614
49948 43368
6288 93155
1393 41357
3603 36074
44193 90708
23030 27704
78155 868
77520 13150
2687 42903
52846 57632
64260 67612
77742 42839
81395 5270
48421 12783
87865 99515
44889 94921
69497 50837
71720 46042
27848 31973
67744 84106
1519 95867
72164 65463
11821 52479
33229 18223
71634 63628
26599 40761
42757 55567
86576 35725
71903 90860
82684 7927
82158 61562
19283 11128
62323 39682
63090 28645
1284 44643
82758 16710
63275 76433
24756 23512
52773 1810
31188 98220
27235 70752
16817 91654
99116 20361
1226 42910
81497 80018
95829 39650
88856 97648
65495 84178
15467 22285
57420 36931
17766 80553
75621 701
5011 31222
86597 52253
9137 94203
75044 38196
57873 1651
10380 71461
22872 23755
34079 88075
10721 64487
50702 44145
38584 39261
17987 22584
99039 26136
27737 64884
14221 8598
84126 43055
25353 67467
33176 31141
23828 21884
39453 63591
27805 65093
49721 63352
15114 12500
90988 32179
51157 13707
33929 20162
59053 87458
45401 45608
79825 19906
48150 67737
17401 3819
89680 71453
90605 46479
44491 75121
52843 49813
24415 82565
47717 32151
32983 7806
39777 50340
6739 45366
87351 48478
80134 15639
59799 99261
24792 97988
15680 18027
29061 83665
8074 9862
46171 85253
80221 62626
51776 45471
312 32132
22923 69550
99563 64840
78022 5208
28445 8891
12307 46804
86694 98785
4899 70480
51574 30416
97568 10667
34477 91188
49188 30204
45473 50313
68640 91369
75387 62436
19831 24561
71737 14155
91296 11843
14766 98840
24935 58629
24158 89722
14124 7086
73699 96851
88258 95147
47626 47003
44753 74622
6262 13531
91254 85754
46140 62868
6654 56809
31206 39734
52846 29062
60177 70249
30142 68099
59662 24935
63097 98244
16004 52191
79550 14466
47532 42612
30818 30954
90740 60540
50028 96155
89981 46594
55960 47532
86557 65029
62933 70947
68030 81687
63975 50975
6589 2110
85029 33359
66732 12470
22268 40664
17040 44108
62154 48819
94595 60357
8803 75052
19443 26293
14224 19812
16513 30089
16267 63280
71108 20126
29221 76409
61700 55911
16769 35770
30527 76970
5238 71941
93639 23811
75120 66942
32065 35169
96015 73086
22599 38436
5126 36081
67943 29669
8989 39161
65731 36046
76304 22953
86799 83069
57935 17066
14934 78342
57244 12153
89622 88910
26767 85383
60063 4785
95957 78200
29399 49596
82701 37029
75673 88819
37866 3130
43761 40397
55668 77624
73250 46291
2854 65748
57120 26021
12849 91542
60342 20276
96056 60667
10754 79177
21715 31060
26132 10013
38188 14213
74131 37471
60516 16582
39831 13905
38703 57413
83696 71819
91892 40387
73374 14615
37070 26322
6134 35059
35949 16574
93508 98866
31190 40545
23363 74171
69855 3852
10406 71913
89332 59397
48051 73641
66261 52675
52483 38431
1333 76692
4740 12449
65501 40313
4823 34874
62214 95268
80114 1961
64931 69088
21470 28831
51413 87305
44218 93957
12276 49552
75798 71667
73005 71320
25689 48602
59007 46460
49596 79740
44701 16615
397 20334
53231 31802
41453 36189
27344 40809
55762 94470
65937 89758
60198 41404
4821 95477
88102 68005
23987 26750
25347 90174
97784 15135
12292 33683
51522 8047
17827 68263
4582 21436
14924 29394
50538 75558
31169 63006
55403 22306
21496 41386
52473 27991
18683 97991
74006 78852
32487 14717
59899 3001
34542 60967
26164 1081
80853 9426
478 74686
99606 14883
60816 74869
97791 46702
87759 51166
30738 72671
60600 94861
7107 80597
77402 73932
11069 59458
10489 49335
92765 38733
12237 45694
6357 88944
56449 96134
83691 27865
83732 73992
52215 58509
60571 98033
76520 61185
27581 29505
99392 57024
78325 63724
9011 53160
28148 48924
82988 34860
26813 31180
57129 70643
39015 14510
5946 99575
89343 12263
53861 28136
82499 57326
1317 42439
73064 42544
50151 31371
25332 61455
22219 86687
2084 89598
65385 34242
63752 54055
55369 33637
93634 71685
62122 73297
58571 65866
25596 87423
76270 93018
55590 1117
73451 15278
77825 32528
30485 49619
85626 62412
11637 48488
54900 67582
18052 16259
27588 72259
82037 32333
50291 7246
98089 73857
11520 51174
33208 10449
33691 27845
86831 47649
29803 52954
86060 17034
53225 16328
35204 56313
75267 24165
94942 20109
95962 58108
56662 15100
77220 35979
22139 27950
19754 72902
73264 12865
56139 16882
24079 60291
45816 39370
45857 12091
81526 40702
7079 81889
69503 18351
31029 72290
39841 25301
209 28957
11581 75609
10232 73352
84393 27899
35930 34347
46703 95565
44601 19843
84268 33717
8558 8929
14450 95887
34436 86537
55206 67689
13371 40436
74402 7782
44134 30574
55700 64572
22413 39672
98845 15382
25676 27911
43380 81298
11826 21251
78209 62275
14275 3945
81538 58448
2199 36938
84873 3123
19321 77834
35963 32860
16968 89377
88850 69228
51417 68029
20349 15386
45459 32030
86843 8273
2193 90361
96996 5296
68036 67926
63456 25833
18639 75154
17101 70146
52137 69726
86429 41719
21886 15230
12949 31350
67183 19146
18896 19809
10541 70512
29370 67152
11842 22992
33654 94220
84616 50463
23161 46293
56047 86661
58316 72989
35772 43551
80333 35755
88836 84477
82126 39449
43669 96229
88245 17143
12750 63118
99963 65797
80930 49094
13165 74237
71738 64237
71406 85606
15471 68152
17043 89602
53780 57678
16133 92641
66634 76654
55587 46412
49289 84648
67005 7611
28638 23071
48794 47615
50759 85678
16435 28697
92121 71903
57846 21025
93563 90613
25092 19360
77576 23844
86995 246
91857 47027
89932 42357
9849 77409
42734 20515
66807 22365
41993 2364
67447 75533
71844 91822
3609 31112
41496 23548
57265 24188
37715 36764
63269 94505
70006 71065
55794 63459
46391 69425
95624 39124
42432 50935
65225 8343
75662 33906
88878 72606
14643 82941
99106 8718
5076 22405
20965 40126
71531 29294
8298 18492
2598 77711
60217 92327
77510 66865
93582 99093
56769 90227
33624 53231
51329 38121
40219 81937
25155 56505
4462 4843
889 49276
34078 64706
21288 41763
31113 49327
70219 65520
16388 28543
49166 2584
32918 13553
36051 22088
23610 82875
63793 3069
51585 56614
13008 11018
45422 73741
48686 86902
92184 97410
25309 89339
15755 98633
44002 67017
2567 87963
69208 704
54368 21669
1963 5465
8476 66726
5374 61182
47096 70676
23845 88270
14756 87000
2347 15482
47042 51757
28910 68907
60395 74245
58494 29529
77674 91364
39106 66517
80926 82051
15122 8800
52637 85742
39422 27250
69196 25191
18149 7252
53383 29153
91135 78950
37631 71653
8276 8026
18263 95152
2019 51351
70311 57555
53724 63959
53689 91730
17286 32041
15247 22278
86394 71023
86107 50555
39269 21729
78340 18706
9514 32169
62472 88576
93150 70853
68373 43534
44171 5641
30574 47351
64173 27962
85452 43404
80632 45203
54746 86963
11408 16708
3896 44804
52879 70094
36410 50795
12034 86984
90694 99241
96493 34685
12217 5747
56611 73164
20099 29073
62126 72903
31686 42400
14893 78964
73499 55793
26257 92303
53037 17032
99839 46982
13435 33437
51153 25596
83098 66398
44789 63142
2994 82795
67724 76049
82972 79865
51084 9178
22538 85776
60991 81332
31263 19053
56802 11974
46355 34625
74183 44394
71376 3791
50643 51600
10200 370
23808 99096
25500 44789
46716 66684
70790 30937
71721 98692
75248 79986
38267 54511
88779 83306
47613 48593
89562 86141
2220 24495
7316 69852
96762 64069
93541 81866
76588 51744
77 82978
95453 28645
48863 28463
40377 62984
21220 85937
76963 69494
33878 46623
943 53771
58085 54784
54248 76572
42165 92529
34443 74191
55678 63426
84298 73502
21003 5177
61451 80600
21628 66573
13575 40416
196 41612
70859 20716
92235 53173
53850 51111
24268 64127
70280 89103
9464 19569
41089 60632
60178 90119
46016 78343
62898 20660
87064 78551
73186 81530
15887 312
19588 40691
83422 21675
59209 30476
79794 70919
6139 75269
83662 76919
19604 5074
72039 30042
47109 91133
75782 74658
8528 59681
62666 49461
38191 33616
9027 65231
8747 33135
93816 84350
91973 35157
1058 77893
19760 35855
63919 57689
85492 87391
71392 84039
9325 77976
55691 10636
42027 64068
54393 60923
82992 5694
70697 82907
77749 71992
34668 93319
37636 36535
58215 37228
28511 60786
31028 79150
72216 20150
74689 37603
67383 60101
63535 50774
21400 28498
81364 53702
51050 86502
2746 98436
62353 90207
71101 68953
41764 30892
17489 70621
40975 95346
72442 79073
62003 67658
91507 71782
72129 89120
27048 73828
33603 25814
63835 92676
69651 36959
68898 59206
42850 34884
18279 40316
70483 24770
40295 41389
47613 81514
19060 81235
89260 25664
89203 73693
48992 12925
76095 25806
68076 28461
46404 1180
36728 91314
29412 1010
47584 99615
40662 2126
89460 84829
60898 29508
68854 29513
59558 63033
52638 57236
29908 89608
47577 14690
58417 66977
66598 64012
39832 5125
17688 46846
49493 94475
1463 22361
8171 8319
99038 58002
46095 50621
98430 86929
62602 38906
42330 15539
79866 71580
89961 41801
83345 3869
10360 56727
16821 84620
11621 53654
97823 89099
87045 1618
65756 63922
49694 48332
33903 14283
50702 1881
76877 26932
31458 69825
65311 100000
40384 94753
83331 99222
79710 35465
92524 18736
91944 19999
24126 41278
39614 72219
70515 10913
40307 84073
38520 62480
34063 59594
80016 84854
30286 50834
13840 54001
69568 9323
27169 15893
80935 89201
67810 42631
79099 88661
34852 7843
46665 94875
45516 57143
2288 16603
50484 11781
74019 4259
54025 85349
19050 1107
85358 28704
70592 1727
44505 58998
10998 81265
53681 13657
1647 24357
79894 25744
80738 36460
92377 87381
94332 9929
58975 9719
96667 93431
7522 76153
85459 13760
10384 86865
51341 48135
39082 97546
48963 81312
74374 65026
76198 10867
28686 97709
60312 89212
52159 21840
5490 46894
48011 94311
3519 71339
34871 11711
15263 94893
83326 51644
92294 68833
16652 81013
33434 90311
99139 56275
82360 73907
36985 64694
25487 29135
55960 70320
99843 66903
16222 94503
40972 54395
68155 23447
18452 89664
99701 99598
87037 4864
85702 66351
22201 65797
33501 31216
85968 1746
60825 69019
15677 20410
97554 90544
32913 56487
24720 87362
46063 7732
65201 66262
9358 47123
90887 74791
38843 26889
59800 21444
27252 59693
22109 16944
45837 38284
16259 74562
96655 92712
36045 45731
5396 78612
28911 68306
45613 94234
40341 5923
17468 20789
12090 21499
99738 42487
40657 73110
68754 50308
86368 44642
12004 98133
66912 10657
94915 48279
40382 13963
3895 78889
82045 49513
50524 83906
63058 59259
80834 33256
88999 28628
98891 56505
31096 97464
24879 46022
65497 90213
76891 24883
17358 38343
1133 30329
16593 71810
96986 82725
21871 1644
38217 35958
36011 73935
73494 17634
14458 55724
36432 62193
67366 81043
22970 71329
90796 71981
73678 19425
7965 16626
85269 71542
92288 59379
79024 9176
6414 86321
14387 48822
96725 13795
54596 52142
88086 58005
43456 38806
9768 91203
31639 5750
98386 12962
73067 91275
70260 3704
73525 12326
41503 38783
91200 2155
54616 54246
75148 68819
83130 3824
82892 73162
14801 70482
11400 87601
68831 29369
49148 32669
46746 78498
56791 73398
75244 48321
24925 78425
62578 88155
54022 91479
3870 89035
89533 54132
56213 32641
78465 38632
29682 86430
15047 18689
85537 25497
10358 92864
79237 20701
85225 76535
62290 89512
79985 977
47347 76942
89937 34826
12101 86549
29440 87731
98426 6134
71466 5456
2360 56130
61520 30745
59735 75931
76323 29308
24071 86742
69197 34489
71079 22432
29768 23269
32623 28438
82148 32424
63271 97355
36870 42975
8590 25958
92227 17178
54676 58689
66185 8799
61984 67723
84119 51493
87850 51399
63232 96250
59042 18859
99117 1278
50376 89058
96663 28422
90193 73259
66992 17402
69513 3895
58843 42614
28715 16718
39984 19949
67851 53163
28794 76385
31085 88412
47768 42925
57738 92675
97535 50043
72018 53271
91702 80142
49157 29380
44792 15674
3385 82502
7926 42279
15127 21330
21075 48049
5534 1838
86470 39819
53311 90900
14171 69815
38175 13331
46162 90159
61144 81550
5375 20576
40376 42363
39016 63178
54528 55044
95722 37537
36582 54250
85493 71887
45683 22845
16971 80815
1286 32325
46501 68596
39152 47676
35534 53248
57110 58898
67526 26317
81298 59112
38432 87144
80018 19317
36 57808
10392 4356
69070 5340
44152 49972
11117 8946
20669 8247
94597 61937
76388 88147
91469 50792
57727 91876
19282 58172
85971 44152
44242 82918
84858 62929
75298 63411
85506 21959
13801 7970
8045 19268
90658 57961
56911 92006
42174 84529
19411 91616
34048 54517
67030 89977
92959 56615
58986 71691
71207 8140
75893 23397
24696 4891
53935 70698
5254 12001
92168 1456
6039 6623
66079 28450
82952 4587
34572 77855
5801 1483
88279 51608
26556 75389
98558 71829
56986 23442
14355 81041
45614 94798
50844 10170
37719 24138
8754 33554
91754 27090
45058 4464
21711 13224
94031 70304
18143 11487
69710 44479
77964 1568
9096 512
5849 61032
32475 457
32542 12808
21498 44022
21285 58660
68136 15477
43152 11509
81537 48169
32881 37575
11826 6344
60623 41019
59900 19997
64456 50918
48085 30918
36105 89105
61542 45974
18264 8055
80142 56981
22123 16266
17725 74683
7726 83181
77050 51832
74305 29083
60446 9616
62328 37183
66487 8119
95321 37178
26310 83641
64993 673
19201 16565
64768 29788
90706 412
75928 65128
72565 36727
55202 14742
34558 24351
32009 22730
43889 67395
58348 44636
44456 7013
99936 85114
71793 8541
76204 98917
18093 92149
34636 87375
10995 63851
5487 25475
90762 4274
71417 42333
24434 69873
53282 32302
64572 77186
89524 42842
21869 46132
13680 21433
25216 2954
81514 76505
7137 83002
64233 23290
34738 40879
49768 145
71561 15784
68952 75654
16496 11734
60316 67477
60580 99458
53579 13553
69143 32420
2001 12573
68687 28109
34318 97073
12132 87070
37429 63003
40037 82159
64495 12059
47764 20457
18774 88421
62405 32492
73082 11875
71396 59978
12831 1041
67404 45994
65085 74495
80368 14566
27359 35219
13493 66221
31397 82820
67254 40642
4770 72480
78175 82395
27070 17063
62963 2434
52 83277
11591 10968
78901 60252
61796 93741
22916 2575
48168 297
72313 70393
68454 69127
74686 72508
94401 59636
51508 58994
68277 78900
18319 54280
56623 82078
77846 82590
49072 80987
25156 94760
44109 28715
34762 22704
86802 14271
55626 34225
59226 43968
893 79006
91001 41767
61071 17945
70931 17635
16958 53980
82818 85686
43198 41556
36691 25080
46327 75712
6697 47699
17829 26902
18169 41829
27832 4927
46957 31201
87922 53686
82017 81070
25579 65550
28329 97894
42576 50793
74825 61913
91456 86017
14715 16904
19662 40098
79853 8298
47202 79630
11104 97642
22744 99896
77546 95846
12703 82441
32341 10258
93530 93055
44478 26931
26307 58281
70103 4581
75875 65452
94053 99254
97596 1473
53794 46216
65567 31572
50044 14707
20918 839
68372 87616
31227 37037
26721 11855
48223 70799
96586 82898
41124 73066
56079 80016
14243 53807
58145 355
61992 68066
75718 59450
93425 85756
60470 12856
29202 35626
98464 68243
69779 37035
16102 24725
84400 63189
13020 63935
43608 53168
41101 24737
38832 62169
17974 23491
44269 88417
46665 992
17469 42316
71756 87909
14591 39635
43959 12407
6406 66722
794 52202
45882 30522
16372 33610
91254 8432
94269 88822
24107 7916
67965 20288
28156 60812
36594 81646
36224 37630
37039 43932
51684 33801
35543 6744
59494 28453
94790 47525
47387 20510
39785 97849
90121 661
38560 28862
91598 79807
30307 79508
81527 82212
20826 53198
36138 26401
41444 433
69501 48294
33617 69176
21468 14809
82408 42450
76359 64594
80514 4450
12849 58557
74701 95006
21954 94523
46153 65713
95414 98305
70574 57402
47389 72087
29349 11723
94329 40090
76875 29482
58658 32378
50609 33747
45925 5277
25086 7475
40897 80026
86251 52047
83561 74783
60326 87931
53733 23436
90832 27108
89936 75254
29087 7207
51483 65861
98973 29175
46825 53013
80070 45435
98769 94809
35278 55085
30560 99091
20921 28220
94516 29886
46017 83787
22081 50405
87956 68944
47440 85736
50036 77302
62299 62
12757 65243
6067 21294
47170 51090
91226 34645
71416 26723
17865 62339
7432 25190
27723 15389
31034 91148
6784 26877
59557 10102
80123 429
69880 8667
60165 14352
89364 11431
42232 27482
9136 94518
13508 43122
60180 40061
7789 49751
39966 61282
23147 43608
91616 45823
23784 99803
45695 96387
42630 95447
34934 18800
50743 49881
35857 46910
31171 96483
66419 60247
82629 23656
24272 84473
30702 74866
2163 64727
97633 59005
52954 73976
59189 98361
40053 9079
67735 64331
87626 57825
92581 62060
22068 63322
79955 72809
76703 40536
78666 39777
85166 99110
73636 88458
95510 30307
86258 47533
2272 53473
58454 71269
35914 86406
29481 80804
49223 24942
2486 49743
8923 64359
78653 99997
69599 31987
40209 19643
37059 36714
50714 84523
90791 58709
46004 38496
5633 78740
9678 1763
81850 60089
34797 3314
73201 49131
84966 48219
65718 78692
2471 34150
64016 78963
20366 46568
90488 75643
88016 78449
85532 41106
58164 959
78045 67779
5654 16680
74929 54156
54308 89013
54273 32673
55076 34625
6156 91943
80108 36158
64355 28122
69865 624
74763 92839
89337 19088
97598 1587
35057 81930
54826 60946
67639 9503
61040 93616
62088 24484
37830 41868
11860 26081
70582 29656
45437 28660
22205 18587
75292 8587
85868 16815
94012 93677
26731 95651
42109 2130
60881 23033
75090 15654
73037 82601
8867 34634
69216 96765
15052 75091
16385 13395
10684 91497
54551 51582
94519 7593
14723 63333
34581 31268
31187 43459
56641 11934
35312 40549
7930 48848
59889 19311
64821 28774
20325 20791
45049 94241
36142 92265
40865 61269
57248 87745
56862 27405
76614 73684
92531 63651
8542 16039
41271 41448
38360 25334
66614 3074
40826 88239
84624 96680
15903 61620
41433 54600
33267 45565
27383 94082
70809 19540
2632 4267
59141 92855
7257 92363
51971 21945
97039 12415
12718 8897
62082 27223
34201 89449
91709 66425
89450 24256
61984 88604
79514 66281
31518 48846
50646 86842
35263 60079
47841 894
97343 49972
15440 40595
18797 89797
13644 14509
93325 15583
87732 23057
1175 98258
41560 13243
21814 84323
41247 86872
19849 92556
70786 20812
28645 47544
44206 41998
67761 55399
48070 72391
55208 46416
10495 3255
6331 90458
21859 51056
45901 66113
25359 31417
44789 57112
59412 43244
223 67489
10585 536
907 46934
17591 6847
43981 63204
63580 96953
88459 49547
32041 90256
20322 63103
27956 58914
63842 67018
74215 65635
43661 25640
61343 35960
9116 15817
88173 12988
18138 89138
95609 25439
94119 24956
39738 22498
16246 36596
37247 94524
53519 30553
6185 61848
57646 194
39598 59189
61314 38357
31064 71364
97583 42641
52740 9134
65548 85413
88356 7692
38310 40854
97373 19565
84187 38077
22538 73043
83616 93895
23063 13814
42236 71955
68038 34943
36426 2232
68174 81294
88571 13148
92503 39029
67666 43582
27711 4635
69574 77709
44344 32379
28931 78510
34503 83458
26953 10266
36391 24980
73580 82461
31044 57799
46258 62073
13953 65126
99832 4289
90354 41423
11950 99070
84898 81974
9494 90893
29295 18720
58121 87167
29737 41481
10066 51032
68086 4606
20688 2161
26897 85828
36696 35639
43559 54703
30097 45929
71544 69611
59799 65085
38972 26711
26169 61051
9051 965
4091 14305
88212 13756
34709 57213
40247 52982
38129 99126
53835 1506
25617 55716
23177 419
66246 69523
9662 49839
13082 67301
67757 42544
17640 40621
71851 93959
64990 7316
14337 64996
56962 87799
24558 56367
30954 37063
42883 50915
27810 97192
29861 44173
96202 9202
9390 21169
98262 45395
44011 90278
7660 57996
43519 26709
7913 5487
28575 66685
79645 87976
17877 30930
38986 14545
75134 88346
49865 19963
70539 62159
61605 93740
88388 38943
68605 92060
5152 80655
51110 42935
99374 66100
69671 75646
32431 1880
67740 63461
50457 29435
45780 60983
59446 63151
3891 27565
6019 76059
84720 84827
67889 15738
98424 33924
2376 83257
54505 71744
22399 60060
28440 63773
12901 35801
10476 11579
62107 45659
82080 56431
54808 83552
23301 52417
55556 42332
36637 25262
2941 6196
68674 9958
23317 85508
49565 86639
99985 34714
84431 51872
18700 48440
86667 1415
57362 64630
43930 76772
83461 58781
67862 74123
57820 17517
24463 26854
24031 7864
99497 60817
55404 34693
44604 87580
81237 81294
73043 20237
30208 34562
49101 38459
34726 97859
80543 68500
24372 64265
9937 32088
85517 49118
66076 54459
20389 97632
35410 16615
1671 31555
74134 68728
46577 36300
75487 76414
23283 72022
29242 52254
51444 34673
55365 76530
61837 39614
12213 22596
15819 52020
62161 12695
76625 54623
25428 22654
60116 81947
31087 38691
67421 28221
96804 25218
92363 59819
53644 45195
9070 94911
4083 46947
25581 37032
11830 24771
47713 82408
65900 25304
83672 6135
2458 23073
25043 65790
62205 73141
840 47101
49957 42042
85088 35143
80660 51599
14330 87201
68322 59779
31782 51654
34332 43739
58251 56325
46337 87504
11843 33377
49316 86478
39289 77616
98925 7063
28178 15421
71032 81566
13089 5959
66132 36749
34544 87583
18564 39615
36542 98158
57186 91590
19132 61581
84919 77542
22319 96394
32741 50488
15153 48906
49245 56520
90320 84769
7561 7256
78766 30876
11683 98683
73695 11128
13500 4890
51694 92104
77494 19187
87352 16498
4778 92501
6991 62642
3075 11845
10904 66807
18849 82939
92046 80161
65848 13222
11869 38921
59982 95236
19079 52281
50592 93483
89539 18767
63997 85571
17433 70239
34538 50186
26151 35342
57852 92654
78655 30456
25441 28694
76454 22890
28152 89498
57527 20200
99924 11430
80318 80073
6365 10651
71870 41206
24078 44878
71819 75407
35032 28040
58769 13381
3518 12004
19563 66913
83639 31923
8684 12860
5808 74715
8058 22501
37959 73396
25933 22558
74065 83210
46869 70943
49172 53950
97490 15026
92078 41093
63673 4917
65548 24071
74742 57339
83764 68225
3268 38763
5116 79556
97911 48640
97008 55731
34898 71815
27536 37673
39345 45444
16047 51889
21313 96621
26837 77132
54243 78765
70654 51023
14509 23939
87833 43042
87336 84032
53163 50050
70003 92813
44457 43647
88830 24706
50209 50559
8752 50800
68626 42745
29090 76857
6542 36475
11298 57970
29055 99653
26097 15336
86176 35052
83749 28216
69856 80472
24232 89909
93603 17254
11063 91109
14336 74790
69731 80549
54723 40702
35508 95425
24717 52549
31233 69020
14607 60105
26041 13678
10259 20234
61213 41249
28563 19164
3907 89588
27968 25321
45045 4728
3964 61005
63952 94933
26304 41432
14342 18214
36279 92847
97852 45112
39201 40012
12076 64368
65873 51545
45924 45058
42800 14937
72710 9466
44088 97728
81958 84567
92409 12789
68751 32491
81591 53783
65310 73469
72009 82773
21029 79110
2972 20405
94826 8631
5807 35566
44005 5298
87413 80205
63174 82093
96470 53396
7916 27763
8781 84438
85583 83682
22379 50877
51479 71629
46003 47717
2434 19323
53564 47710
4546 82022
51186 85389
44733 29214
76534 4171
93323 89572
59385 46757
93692 18447
90501 2650
68143 80010
22260 88545
2460 18900
72407 38112
13451 99518
66928 54678
70683 50097
95480 51442
3932 91333
28090 28121
90965 84555
48790 29444
69151 33637
62271 62111
4807 66344
29661 91116
13936 62593
11084 83678
87503 15213
5211 21790
76589 62879
97006 47370
9161 15870
90109 46097
80019 10532
39923 20408
64562 43744
10287 6680
68223 69717
38438 45309
74632 34777
49567 71688
56398 39415
26678 98510
45479 27725
74073 90648
72861 59375
2190 62913
66572 39618
78443 90811
46504 82241
77533 2730
90677 11548
99458 88679
27501 93940
95406 73086
30686 87937
42282 72944
33609 58220
75792 71698
75876 32885
57521 46413
52089 89166
61263 42076
47205 40861
95075 40240
61690 26110
22296 69263
64285 62015
70062 73969
71336 84835
10840 69570
15785 30272
78078 38531
28898 10016
58780 63433
33703 5924
55969 45180
73763 41308
1841 49562
1619 94512
28516 29297
98185 27578
42820 33512
77930 71338
92179 51767
1585 30049
35491 83914
68522 73910
98652 3970
94615 37748
87129 9364
97519 20122
49963 77160
51642 78330
96341 88571
14710 81082
51502 74589
69941 86230
22530 16084
77661 11260
55665 10520
43750 9774
21359 74772
81504 96996
93954 19500
47242 81063
15592 78705
69628 10935
49614 65262
69438 68806
77337 7775
11054 27483
60033 97845
80671 78960
10897 38771
41908 44437
75561 21172
98249 97994
94300 47203
41483 19305
30482 16800
28122 63161
90215 9186
56494 476
77354 23568
44816 22530
65375 77191
50620 99476
11710 90551
41125 34730
91377 50790
52081 51957
30458 22699
15001 12598
53739 52756
31339 81477
30476 12993
42696 491
38072 61286
45606 71560
97984 83021
23630 89358
56966 4370
18495 44835
63364 44869
85514 16323
2307 65483
61524 7036
48516 2846
88823 81553
25883 85064
55392 61752
78766 65548
2643 9532
51866 85021
61219 635
58799 50213
13754 95560
33263 77248
70263 12746
69043 24414
48587 61532
80166 61348
29147 47851
69159 59947
83265 1211
87564 9888
89291 60963
65178 39171
13018 20204
26222 73160
78341 30005
32791 66809
88691 2162
90297 94609
44100 82313
35691 94306
15785 91315
93242 36944
91688 62657
34692 34965
97017 54965
38430 7675
80267 21636
72783 10117
50016 53403
44498 55110
85964 39607
63192 79751
58906 96779
54340 94118
44999 17566
48237 41202
14437 46730
27135 66288
41882 36222
3130 82681
35262 13789
84049 49849
93568 19517
66317 56242
1538 89737
5160 43447
91513 68096
93362 40881
44558 8531
50448 51102
69087 73611
32759 48813
9918 89600
51989 26659
17809 45667
90569 94360
57073 41589
68710 31611
44139 91822
2260 22474
11938 14839
23791 58523
81866 49008
40166 42070
84335 18155
12221 9337
91308 79119
19884 89491
92596 71126
9021 57065
56397 77103
11122 17651
51984 82972
25884 19776
60555 43413
5285 34190
4383 64516
93192 27795
38529 74471
81779 21143
73117 91922
556 47767
74543 98506
51273 7940
7560 26410
47414 14338
34479 92642
66099 92553
83133 35411
59348 48456
89600 26196
34911 89469
26233 28240
20305 63870
17246 31046
98298 45171
22904 93320
85340 96473
42470 78268
20656 32032
19897 97598
58208 1262
99510 37884
74958 48155
25367 13305
36268 81715
91082 54282
18210 66487
83216 46940
28556 86044
74047 64716
62841 16458
61633 653
11725 66430
69459 41926
13887 38632
60967 43057
67612 80590
76898 64958
89154 70279
69150 2253
62182 96481
34377 88184
43983 92060
29733 83847
54584 877
7910 3001
88466 30780
4023 29218
34463 85414
47125 95623
27352 29339
89266 97476
14473 49025
72436 59398
86128 22895
18867 3026
9697 67827
57630 19644
62820 3949
92311 99921
78870 65810
17138 36109
2020 33577
61434 10597
19091 90801
52397 92735
94715 41785
85723 66389
25543 15239
89002 88790
75510 74066
19349 5765
26493 31144
10312 44408
11075 25161
33190 75450
13092 51689
21540 34793
35727 41618
92619 41785
1480 41760
68761 5743
57414 62339
32992 23238
48982 51232
79750 54318
758 82289
1700 55944
15323 28032
51272 17259
28972 1040
26034 52290
95140 78100
70650 78860
44628 214
51081 75355
76254 52786
68827 17941
99995 74360
87428 46518
18742 10925
62439 72972
54895 42794
60960 45914
31130 72732
59068 87285
33821 674
30780 23786
1685 59187
88534 6710
913 29557
20788 19340
22614 10695
2002 23763
67961 53400
70756 57190
52296 64589
69710 19730
39746 86239
95786 83771
28282 30779
84550 62839
62808 42560
53347 91121
952 64036
94775 41640
29576 22128
30188 59629
398 75391
79423 41225
65217 15939
38337 45748
65931 25472
28506 26303
74349 77103
50497 32811
26395 71581
62053 71632
61404 64329
24743 90199
23051 8681
85437 56032
99673 2885
95569 72605
968 53275
93856 52181
15089 9786
82108 82274
61599 62791
98763 77299
33714 78811
4165 18699
23998 70402
83417 97088
74857 54013
16105 25373
34192 58017
33577 84192
71938 40790
20420 39517
11587 9434
50103 77273
14987 97467
62836 85199
27397 55072
48737 96207
39568 11777
39606 24410
16449 89770
68835 54983
34399 62397
74759 77729
5990 57196
50266 46503
78245 99075
15460 86603
77184 21116
20515 23284
31150 10632
52458 10876
16380 67533
51452 40690
82728 81027
60373 44344
97223 32758
69313 40838
73247 28295
18947 84837
39469 23627
89904 54614
23585 36426
67825 47785
83166 56193
29381 33958
45819 27137
89500 89703
39556 32366
221 75644
26617 68512
22945 8677
73069 74053
70709 95676
1928 22429
40156 49513
65670 48413
94699 17003
82230 14477
41548 59318
26172 80778
74715 27823
95408 32292
39468 92530
4349 52673
99651 34925
87778 72952
75386 12258
65780 11255
7999 5897
25306 58206
93971 63531
18896 78978
83276 43848
34789 20811
4115 32402
37789 2614
88135 26800
46671 85875
52633 64828
45895 92840
40110 50277
49894 332
69600 26734
1181 47405
42365 2221
32022 29835
58054 99053
65771 48410
65362 94124
91309 14916
57288 75902
92638 48741
21032 5832
23607 99917
51363 17190
44387 87522
17342 14085
85186 24475
45620 91945
16647 42054
31345 97065
54299 11682
68855 26990
57207 42470
50333 25144
71918 67737
59403 18041
25409 83287
13983 77367
64872 4850
88939 94734
38160 93711
85652 66060
2392 6533
25813 30420
92339 53986
93146 62204
75273 34853
71941 1326
97653 5221
65613 80010
79336 48360
93146 23139
39973 7117
33514 41630
71331 53859
13168 76982
5582 9647
79727 1466
68647 66986
77731 10861
21599 75905
56856 35270
91168 43347
57457 60942
96196 58679
28803 35972
58075 55539
28599 35132
50122 3910
92811 72347
70951 57727
92018 86109
87678 13187
58447 83024
21999 67083
76254 73526
81197 75971
67500 2055
59520 96813
35898 26700
35332 98908
4381 44677
31496 8633
96769 25828
1456 6082
82337 67504
87636 85734
27985 18659
8703 57930
75957 68909
17008 29287
94727 27278
26780 64329
12692 12704
56938 42706
46623 14698
60373 44117
59837 19374
92686 59739
62008 37724
50424 64737
84237 65565
17546 22488
42829 54665
29265 86372
24607 51377
10155 38110
44477 26262
46028 6738
51250 55823
91869 39905
70595 18536
64920 66368
62563 76029
16846 36728
59133 91907
40897 82820
15885 57216
52458 37526
24327 50510
88180 9650
89327 92636
20095 19824
67776 39469
45662 86302
59238 32982
50937 48541
48803 30756
81132 79871
90509 60884
85510 88944
59150 62554
30955 76074
56099 45723
28979 19230
13374 20146
51336 42354
29957 45038
35052 74014
76880 46227
51409 31758
82446 88309
18399 86627
15905 75328
32977 39122
637 94322
41400 21411
91725 27071
81687 41651
95790 47245
77125 61682
5107 84789
78606 69510
15295 55272
73394 95143
32334 97896
76581 21985
8844 42634
9165 45493
71676 80219
53607 88727
7346 74872
94755 46129
26105 34452
68131 90239
51407 86806
82304 5106
78244 7160
7781 781
2911 68393
23250 13483
86265 11788
22106 78135
78431 98583
83461 75026
96756 5621
46095 84336
30189 51909
62439 47963
66483 43032
25681 84879
1316 52598
36645 39836
69267 76794
29677 95368
70980 75602
57227 59306
80625 24416
8945 31728
12647 71259
31686 20218
15913 69167
98440 38204
28972 46200
28389 85344
75162 58123
44480 64898
30543 89582
51891 96018
11679 17339
14151 91541
34510 81313
98973 23365
82294 61699
12392 51852
20773 62039
22097 64333
40348 88807
96946 84636
56273 55412
10235 53792
98254 37934
4945 3320
35472 89405
66442 92083
74568 34747
8370 57942
26973 46680
26472 34235
39785 87413
49825 46828
77240 5577
89925 12812
16844 15679
20909 45102
2619 56982
48044 54236
10127 87616
39938 50577
92133 58243
85354 26975
52623 51131
94670 66859
11730 76598
72333 24556
35848 52662
52508 97711
90688 25395
67170 89078
98361 19063
62522 80212
78250 21824
7093 52434
67549 67169
81717 48910
30736 99777
87860 4759
48819 59258
62267 28018
66572 10587
98635 81816
14230 15335
92183 19061
99709 9332
15688 38379
14627 79053
34328 63021
54047 86320
41015 79524
41913 10929
68074 53838
83471 57429
74054 7450
46388 21176
52345 36653
90891 6888
94306 70464
62608 87207
55252 52255
25199 29676
9623 8779
12395 44963
26247 56601
24441 137
71251 77970
78434 39889
13951 50769
6949 53601
25858 42952
71570 61173
777 24795
4336 6939
61938 85602
72696 92246
13490 40908
77143 50844
25872 59415
65264 14136
60391 52697
18808 30056
85800 68698
22776 64479
11990 13047
62223 48613
25800 72257
94029 8530
14090 93884
29465 87638
92796 50049
63756 41781
40306 19388
17428 46595
55346 26670
31602 85292
88665 54092
31356 66895
24822 56702
93564 28733
37710 35649
22031 78527
79126 61254
57926 10254
62396 87184
82760 54265
20447 30362
62638 42434
58290 89807
54118 81153
14877 41968
77522 74303
62012 57234
26214 11453
59070 16061
21229 55691
50535 42094
8739 73745
88462 29749
63740 74857
87584 19640
76669 82818
27611 97647
72926 11647
70132 26533
30030 6646
18130 19773
68526 57458
79152 21451
76853 99858
28511 99959
66538 55943
79585 13726
48782 94458
3023 68048
21168 52867
91989 72115
35830 52179
92145 59582
38650 69067
43287 88255
23147 84419
6895 5174
75944 78244
8309 11768
87881 89998
43929 91981
22486 18675
64893 32241
62061 81082
96986 59191
39136 10941
81659 66721
99989 66667
4767 68585
83268 49543
55387 96476
35517 49287
43830 62906
88351 58549
83468 38583
70722 58418
3884 62141
61262 76462
71802 64456
13314 38417
50925 99624
20238 98102
78738 36387
68665 23274
81479 9872
51547 47313
41953 97788
72548 24706
27751 60393
17140 49414
18068 34763
98337 41277
953 2985
55540 41944
55736 63138
11052 16960
76202 165
50265 73454
59930 49047
35906 97105
1608 3857
77376 36491
1224 47168
96288 35892
48320 54020
50565 93366
62797 60241
13924 76719
45790 4048
97543 63090
68024 54527
51435 30246
51888 47021
19361 44517
85588 14175
48112 82207
37731 61998
98705 88693
6640 37863
26386 25854
22211 52233
14804 73765
40567 32554
93293 360
53981 94259
53895 7227
62104 58175
98623 21347
36224 24416
22279 80124
85375 35802
96164 89780
77718 19526
7312 13453
62425 15185
27257 51006
51663 54842
11841 50739
19123 67607
32284 22729
50710 54705
64373 29075
1562 81155
17769 69496
32536 88543
69194 32210
55835 38601
17373 77584
22275 11226
64764 26069
11812 47134
19765 76887
25028 21878
24650 42592
14176 36599
6607 10481
11047 51498
55055 32154
44509 79978
9896 96771
80378 6185
19146 70535
3273 56363
30235 42547
41 23560
25078 12268
77967 58926
81703 5446
17954 8094
80145 77901
33182 62827
85992 10816
26322 10238
9975 45809
82114 62452
2268 67078
1893 30238
31047 72251
2856 65728
67679 81854
93033 85650
15612 34354
47004 17474
22126 18668
6858 47568
94165 51865
76493 99889
8134 73430
86646 85837
14765 75031
87751 57633
16837 79681
90201 30142
48417 13039
59704 84040
95655 46704
21249 51191
26160 63655
5195 61113
98218 70250
12187 8942
5174 13860
47022 97195
42634 29460
35699 47864
23887 65420
47502 66546
30820 45394
70423 26665
73561 88354
63577 37347
52533 88745
12947 6136
54225 69164
85978 74708
68507 45919
33173 43063
29972 98735
87008 32312
1906 41337
77130 72190
72063 91312
98039 22598
33720 6139
45822 27136
8174 5588
50443 46290
56424 80106
63487 33907
48640 69376
83851 82257
15330 15724
75641 85740
86128 30905
76259 28408
88576 67621
80090 58015
49692 97411
2976 84925
5953 795
39054 40290
1121 2405
43055 32948
50721 62738
39715 8426
42075 13443
82525 21138
71485 61167
78021 85836
713 4514
42359 90060
72659 22232
2979 63644
42566 34438
10699 52951
6207 96978
32551 20496
63824 48438
13380 97897
82815 45281
53089 81148
89860 58069
34160 35734
91566 9450
66267 60118
7135 79882
68445 86579
93483 56787
78245 76147
22109 74200
74839 32629
28243 18048
18762 20488
41213 97734
14602 54801
58786 26647
85879 16330
26202 5879
9349 74685
98933 90556
65211 15373
94770 23473
33204 66381
36009 55989
54176 75590
76898 75034
6756 50518
20476 29958
36278 2988
66119 51061
74978 58765
35978 27157
56648 47570
17278 52680
84379 61512
73200 20742
19747 95982
3267 16568
47644 55130
69548 62046
76789 22581
62708 23978
41234 29562
47034 39267
9195 63483
98382 59651
28267 24380
8663 45689
63953 14102
78990 9672
48594 80437
75393 99814
59381 28827
15761 36510
94069 99899
37556 39342
84259 21630
62483 68490
23874 50529
78509 73847
54793 20565
65939 29585
35653 20350
3690 6981
67188 99445
32972 23064
82666 60166
89959 42686
38256 16883
42460 12355
39136 9935
88161 58886
22378 89315
85632 50585
77267 95564
26838 62851
99185 6491
87925 50206
71088 71380
37698 81817
86000 37199
55095 16758
61156 79259
6338 89261
14900 63638
7556 53320
82908 46454
19828 75909
49067 57827
95770 76055
79557 634
58836 89509
87906 41356
40820 89514
73548 63836
18367 76403
74981 69637
33423 4484
93823 57938
16307 55539
36385 53124
45578 33580
63721 17232
33868 23307
41253 5790
48865 31909
42680 68747
49671 2399
23228 37928
16080 26837
34362 31480
94529 52245
27507 30326
46517 63617
63803 429
50232 3153
56376 5470
39597 2127
94471 92158
65289 64569
26328 66452
42805 99714
32365 69215
43599 69105
16607 18447
52297 29792
54105 11720
35209 29630
77371 96578
91048 19406
73176 40747
6483 65798
89496 10915
26573 90737
59991 75998
65643 54029
93828 96006
23318 4878
34947 18391
81997 57689
96044 82497
92768 67402
68777 35754
5334 42574
20508 48745
11400 12649
86743 59020
69252 27922
38913 30579
98987 42418
34744 46578
13555 68937
92778 78483
72933 41257
67290 77362
86304 92729
88865 24287
73524 29299
69355 56384
28072 9670
84566 90988
84501 39796
23606 63857
93993 72821
47636 44046
77957 9299
10538 46682
26399 50860
63304 70747
23841 500
32883 62480
79912 27248
15937 73960
20294 58395
54910 84009
71584 6532
1769 37130
68016 40559
14263 856
24612 63696
53360 885
25917 89267
82541 38228
33873 7255
53760 58687
42762 7693
56812 70705
4293 99774
56233 55229
63092 28227
72098 52901
26396 23339
68950 32291
92664 66456
57530 98179
12628 84258
81845 30471
38546 81618
32866 25474
66121 46344
51474 41054
41825 26422
42727 18038
83512 29443
81946 65916
37440 88394
3351 87540
87518 70040
9148 68695
45485 22961
46877 82706
65657 22539
98851 66244
29957 44977
45032 3971
43685 897
61564 19224
37828 48015
25476 24510
25696 34208
9749 27559
63337 37264
31421 14903
55526 16812
53307 19111
65615 19449
1762 26307
80276 97803
68602 79820
49844 62478
2207 43031
33959 43329
36128 17613
245 71542
89601 58377
43421 68180
47321 4413
92495 17205
9685 99917
53586 74600
74931 63538
1791 62640
3336 14808
70180 20227
1307 17600
45889 62731
90407 26655
86766 75209
16093 38365
25364 20397
97312 37655
69999 97983
26567 21758
88339 17082
53086 53878
31076 36587
48613 14616
83068 86614
58159 14192
13705 35697
84677 68063
56652 51816
40705 52538
56923 90263
70483 88297
66015 9139
8960 36009
83959 90466
98845 68203
21940 31870
92440 46898
90523 29749
1232 9241
41798 236
13432 9067
41635 54776
77464 60873
89715 56483
40460 89544
46124 19917
7395 57872
49848 17448
37953 94622
67572 50203
73149 28802
37362 83745
27876 30434
12503 47335
36756 29718
11709 13457
70498 43818
4818 33493
34677 4767
21688 7838
62376 80585
35043 17418
55884 4562
33950 89037
4963 27606
82630 64012
35846 63654
97389 58531
82656 68165
35224 57792
93201 72046
5954 71429
92045 14251
46615 68201
24442 59327
42618 60824
7413 58398
10399 84143
72686 86192
23761 43265
69511 4081
63885 95284
86489 20116
29894 68325
86574 59003
99359 52448
29128 5697
45524 55592
98905 90160
16529 67381
88841 93035
3897 72305
33364 38886
1312 31898
46889 37768
37618 29380
45324 46896
18154 21012
84116 54989
74971 58149
41038 21157
43627 27335
34424 70575
64659 31259
47623 93657
30432 69656
4193 31490
11541 40330
95012 76705
12679 91021
47933 8124
90047 47510
87954 76402
58492 43211
91097 52498
37454 54470
65502 71009
66332 64053
71489 3225
68799 33885
19446 94372
66565 12307
17379 13093
64559 35809
56389 16911
61843 37383
52907 54252
83034 18264
69785 18551
19299 87897
82087 8546
20351 42309
16704 43601
73587 16939
43780 53341
76953 3342
42982 36115
67039 92452
74286 64210
35462 39960
69559 20753
91236 13641
92178 74230
50691 43912
99330 92255
10591 84830
9534 34845
20524 68836
75667 59285
55342 59656
66783 77982
43488 86895
36375 67525
110 5229
58114 99947
37082 31855
46523 77925
8762 99825
5299 56892
37368 26857
43756 84459
18833 92090
87583 84068
21239 2433
91767 91563
60335 98925
30964 30329
55572 41630
82441 90554
17714 19085
27743 3951
51787 50916
2768 98637
63478 80609
13036 83069
43355 11256
5943 29306
90456 64014
77513 46326
83199 45279
8973 36117
86774 72408
24834 98831
97205 12381
78493 84595
32395 79045
15685 35487
48250 39961
93334 60137
7415 20153
40095 38841
81547 33334
51268 94636
75476 35417
53596 11283
14308 95323
74291 8978
65313 6411
47690 28193
86852 90027
93426 47694
65306 91379
61813 56058
9094 85069
25069 50871
15613 23223
1419 42640
32136 96740
88913 56898
43238 71483
89016 93083
11463 951
37227 16034
50226 14245
36394 2638
86944 85161
1001 62925
28894 65721
93262 94783
83279 88800
5462 60985
83176 76317
39568 2787
36786 85729
53184 1754
43532 83829
4222 1999
99975 80881
7317 2341
35944 82374
70628 29399
18889 51317
12256 48752
54007 24950
72816 91185
61110 82579
50096 27502
81721 58185
22447 63025
21642 78990
27056 5846
19976 51941
56557 95757
8932 3883
83919 59132
46019 99663
5815 24890
90463 57233
43865 84885
29958 40618
90236 73325
17081 22276
62363 25847
66894 16414
86822 68890
27759 53833
72194 6901
61593 91885
67333 85463
89342 9157
37083 12934
23107 88446
18564 55961
49283 84061
46291 65566
85610 95862
56112 65525
6874 13365
60311 98322
35305 41945
90039 5919
63265 21300
34997 18680
55200 40620
36678 99149
21334 9757
84696 16419
43785 77909
56297 63027
50931 35927
23278 65770
60323 40761
87054 3464
10520 17381
67781 15297
29130 62748
6178 46463
10465 48398
99401 24797
30683 72227
91729 25197
82890 34261
61926 59348
22004 51700
60872 41673
37490 8705
18891 83065
14833 2771
31766 37638
76756 74709
62532 48355
20143 72326
25125 79322
88878 51511
33662 29286
64684 22577
97381 57849
46172 1900
33990 27191
14916 51641
71233 94617
18589 77402
33129 41324
13077 16324
77510 59343
8972 15300
13396 88696
78714 65623
77730 28656
49576 75472
82004 626
70802 30454
88322 16912
86604 44131
31862 40526
81658 77606
19538 53669
24726 39874
84296 17761
18957 50349
1408 35012
63554 44498
70485 5633
36554 92591
28184 79361
88975 60952
75948 13154
63470 41106
99176 98066
28440 49976
83096 13176
64116 14234
62813 92844
30939 78041
43624 17818
89435 37005
10467 34020
91701 6399
89192 14397
94560 93231
5319 238
28899 31023
71813 98900
16094 54853
42552 13856
85538 19437
34764 10998
77940 66965
80480 35503
53871 66944
88650 24023
57599 51300
60655 57263
75270 45963
21804 55756
13466 29718
18704 71734
73957 92277
48735 57162
23748 5584
17360 94745
21737 55649
53936 88743
34041 20056
15806 18764
26031 8214
95596 91190
68919 70546
10244 66149
55284 16887
22913 84302
23258 11524
40146 66873
66548 6730
25050 81123
43423 44818
41395 34749
63181 96053
42982 85802
93604 32258
95956 44229
94268 77819
67697 5785
2629 37048
77731 66887
55006 44194
90439 8836
14143 96409
64461 6104
54160 16111
41495 30080
43952 48651
382 13932
45775 50983
99309 75842
87764 25171
14020 67449
22103 10287
23318 8063
91432 62068
71467 33332
47303 8940
59615 95148
90089 53686
91297 81809
86074 81923
19669 85439
28213 97180
63475 54919
16238 74233
92357 67340
62537 67115
63341 56840
32159 49363
48796 14472
23488 9801
47100 81900
66284 10326
31240 98921
62713 90042
71247 5510
47472 1863
22228 68034
90160 89859
38992 24492
8010 33322
94351 56938
26947 32074
82575 38483
2901 30662
46916 21365
12718 14100
5527 80143
13679 3839
31938 93720
18926 95685
40853 66103
70964 56409
82741 61736
29920 9890
7959 29917
39939 30811
87625 19099
8034 61745
37386 97657
30455 42408
95341 96100
91408 46454
12282 63358
98767 15207
76141 57722
52328 9975
7029 15906
70470 16667
83926 22322
82374 35160
88680 33850
83994 75978
27605 36287
45799 38751
82207 84954
3527 14234
42072 93527
12360 97104
54343 73496
80364 76974
13578 40720
74439 68049
87663 58697
16868 76844
12729 21982
41248 69062
97921 24097
70253 44057
97107 25590
32049 50100
4269 46102
15012 97306
69059 86894
11382 79969
39198 19901
93446 5492
39960 39961
11020 946
47873 12587
22640 21740
47933 59054
80208 57579
81380 18612
84958 83911
18561 76385
50976 14385
47220 42734
81039 24682
18800 34119
44664 10058
85213 70702
2558 95962
45495 84502
52150 18970
61901 37448
3657 14716
76387 88417
90101 21127
70448 86386
15693 60725
92161 2175
34548 34357
22772 65825
4134 35561
29822 28644
36624 25737
4550 67689
69171 99199
23207 48709
21605 26313
80498 28928
58607 99291
3786 84664
81616 54938
17094 42907
91672 59425
62226 20880
10574 38400
88846 72847
42059 568
73037 5892
68413 91520
56184 84528
98405 2563
81833 61672
21177 75968
20464 71092
19523 39209
23697 89585
11647 13540
1764 97776
30337 2157
97428 65397
17901 99378
19137 26424
6589 10390
9854 70951
36639 85102
42131 28322
7956 85447
27740 93598
9043 50782
42920 33347
19779 78342
3515 72590
72644 44870
32652 4528
60551 52728
97896 47884
32657 58604
16173 83581
68765 87906
93776 40110
91127 78324
71191 2080
20129 90122
69632 57735
59281 40195
93433 35693
78193 27731
76261 85678
4318 39519
83549 53723
47914 31715
71340 66455
60283 69356
49202 25405
81385 67679
27331 20216
75747 49424
16869 9192
59371 73516
54997 93860
64917 42575
86595 25875
71437 98926
60273 90674
36014 53199
53304 63665
81003 46924
50882 85077
5737 68212
11377 29752
85283 72618
35223 56773
80293 68260
81756 37180
81106 38829
53532 83508
93183 75523
45670 5780
82901 9465
40510 42264
4178 40215
48603 99890
87145 72085
80714 53575
26685 55524
29193 10286
13226 35717
24333 94453
77597 16047
21564 56411
85975 70989
69876 42999
1709 63710
35330 9456
29259 45620
32780 93794
17900 84917
46344 40831
90212 42237
16418 83276
73527 88570
44186 26304
48831 74191
67043 67272
70601 64977
92006 37190
66712 20909
98589 63181
47937 12064
8152 34311
5070 7261
49435 239
55099 60395
20542 45207
72028 70181
60844 10596
28149 88600
22052 5453
28096 89544
95900 55807
44683 59115
12793 27036
2295 28332
95191 5367
93882 63274
95111 34745
6814 47286
83532 66240
32320 41880
79485 55995
93042 331
84359 22479
63513 34845
22920 71765
9743 42576
30677 68921
58306 51228
84565 82428
57619 65194
48643 59124
92377 30778
21199 66663
35035 13726
33246 29139
63418 86717
45286 20457
22052 31313
63475 82477
67746 98665
68229 17080
20331 97576
30255 32118
40814 99044
60922 34825
94189 65960
23936 22052
55260 79442
45713 83856
47206 26133
70417 21674
85768 61081
36504 72835
67764 16630
40113 74239
27280 1565
48123 87383
33973 15375
5419 42871
70864 12803
24072 6240
11875 53636
27630 68455
95109 93617
18220 10580
29534 48412
43142 26564
35661 11916
28307 32552
64930 73147
41631 66436
46307 72887
37419 35792
84427 36229
7848 25243
3463 27002
8704 10339
20375 75712
84813 4062
92563 79640
57696 21780
58819 24082
3579 81442
64422 37622
99639 81144
67052 29118
13535 24572
41340 98458
74707 92742
143 99594
49063 15554
72659 94760
17281 68881
51561 84156
5662 63527
37414 83141
17869 73422
69046 31063
61682 31074
1045 72919
14501 64340
89748 64353
13105 28391
53018 79299
21909 52150
41568 8959
2022 41676
39476 3693
34923 62218
74519 59126
41664 62404
29663 83514
85908 62948
94806 88875
52010 45062
12440 83248
98108 92699
98009 36579
23507 46342
13565 72083
56528 75714
58398 43971
38279 59833
73162 9673
16415 82702
77571 10256
91827 48629
91773 61974
11187 58582
48771 57167
4804 1741
18546 44672
27324 53069
98651 93541
74375 52504
4230 21291
75493 62536
64810 57110
76937 24522
86358 73437
61531 25374
39724 73257
14935 17912
7072 57562
56620 7138
99229 24866
43678 1784
13888 80679
73477 97962
29947 36325
17228 1917
7123 71370
51634 9290
8131 69113
83340 74014
89399 97255
38209 27257
54930 19393
14861 59247
93160 81220
48319 57738
77348 43780
53946 89445
22884 86598
36376 69778
23896 51013
12322 40982
52582 54768
50457 17352
71017 8426
32305 91285
35405 69578
91056 63647
77781 2841
15316 25625
34166 59446
49130 32109
36825 70773
89688 69878
93340 27003
36532 49830
93330 28260
4938 80801
54463 48062
98041 16800
71964 36427
4439 26096
92089 81379
77673 74640
77302 72751
39180 13654
53673 26127
32975 52555
77691 93333
22134 3978
92267 86696
63833 26693
62505 87458
73538 70240
19196 42099
93395 6484
1053 93019
29438 86638
27578 65043
20907 81357
32852 16133
54645 56103
10977 3152
29933 58276
90762 89797
28854 52642
82670 14508
68743 52880
37662 32
8268 19859
40191 10895
34277 84963
48907 9083
76262 98191
83248 97947
21846 82133
86895 50363
22864 12011
28926 7863
65508 18681
96647 11332
10295 37500
73735 9512
8767 63781
88207 33533
39720 19640
99399 20082
40433 41710
93190 9450
52848 7923
89883 17626
59978 9480
52871 61807
65916 72930
44321 33734
63093 2185
87280 13171
65657 65786
31509 90683
58879 13062
95998 73113
40756 42449
12468 47644
52855 32339
44110 11079
31354 44570
37595 14481
37479 86886
4381 86531
71673 82828
84456 49628
23967 26100
12455 3408
66012 443
83448 96965
17801 52754
94443 24340
79794 24797
44806 3086
27221 2836
21540 36917
71046 35621
977 16606
78894 38960
23792 45046
45383 5098
69205 60698
92802 11707
13708 50685
42785 80352
62288 99174
54045 83305
59860 85263
92833 796
23326 21223
19309 74704
59623 6577
41172 10003
59356 93923
22782 21669
7584 98504
7271 52763
89544 77310
15838 77725
18333 46137
66631 33063
63230 5118
50489 15788
47675 25257
92609 50926
49979 25480
92286 74952
91927 75261
80962 89668
56476 9279
4855 84581
81773 47290
3384 21535
62111 2890
83219 21402
27964 15332
83822 18194
99617 63054
91167 98074
83455 36610
31251 20948
29661 77935
49480 91450
6964 24920
78226 22777
35410 19667
90362 38065
99224 96746
91930 37910
71324 8990
79522 24338
63176 15295
39095 85792
37913 31349
49966 83731
87680 36538
1781 92493
93285 24350
25931 13640
61631 43906
87267 1681
73725 73501
11205 65319
67840 12186
34029 32961
87934 83896
95754 85829
56321 89225
53888 41394
31942 14963
58983 53559
22655 2770
6377 44601
49233 58708
33672 51089
97879 81179
53494 4140
67101 88511
63418 39785
901 73738
3922 46462
58886 41818
5100 54548
24584 61954
95051 87846
57545 56937
61992 74950
61403 46569
64175 74521
87619 55473
77790 68438
10684 57796
26537 50314
87666 11512
32697 24406
97512 72504
42216 44655
54482 30594
39302 20734
14107 87562
73015 36382
76065 83061
44115 36577
59636 13791
46341 3371
12730 30038
79885 19573
79374 87388
68702 18219
89597 90696
41280 95727
85287 65478
66959 64724
46276 55699
22170 19043
97564 98978
87333 19449
87982 59097
63847 75687
46090 37428
54893 6865
60055 59393
35029 80752
17166 29731
43028 45392
44124 39664
10449 37810
97892 51763
81575 71403
64699 95978
64551 68100
235 12808
92467 18488
89872 81460
7397 51640
36574 53481
66758 21450
75705 33204
53111 6054
20923 97273
45067 48600
7633 96399
44363 95329
38206 91487
39761 57878
34327 89769
53325 84607
41862 60094
54915 43417
47816 21671
7947 19061
25710 42461
28336 79287
17280 94415
4914 14487
38741 18879
33412 98403
83772 12901
33294 97819
58230 66410
27020 97588
88729 76623
30061 75158
85743 68772
30261 34974
83349 93329
55867 86333
18652 21712
31244 77430
96332 42800
41254 65924
54780 70612
25470 48402
87291 85330
81050 32161
96650 73621
29816 65062
90272 95804
19013 75945
79717 55576
43463 29542
31671 96082
69268 77712
83816 22370
36280 22345
64573 23097
69779 89900
58257 248
38073 57700
27440 96119
20176 88658
69052 72991
59189 73066
5580 13360
82615 95158
23304 46556
20059 67858
90638 17674
32502 44622
13584 96340
52470 53456
79508 65513
94042 17807
47667 87692
54805 4953
67546 5811
3215 53453
21260 73224
53636 44578
12413 25260
32771 82655
27128 19023
34608 44960
60923 10137
79106 42264
79414 82533
11782 17609
10576 19712
37274 3821
50530 4302
93011 27377
6041 83366
5143 98197
67448 66545
57252 33389
50612 15759
80199 69987
58230 70929
3590 87058
77117 49216
36983 21132
83001 48213
59046 60950
64049 23391
73811 80647
32414 2560
70257 70412
95310 66544
52137 85607
69890 36025
26325 15467
17168 5209
17829 89314
74433 66275
78781 12743
74292 70206
86133 92204
43225 43012
55512 98966
5719 70373
77925 56892
8488 35201
82769 35723
28855 41234
2179 44645
95113 93184
72951 28541
73425 98346
72508 96892
99993 82500
29270 84416
61344 6099
25276 57304
15479 89139
36699 43433
7619 48850
94257 1100
45054 59538
55731 92397
83318 19722
21191 64654
86157 15110
72107 70562
94679 80003
69804 15154
3935 94356
43024 69403
19778 3104
25709 68686
33138 321
68431 63631
12404 11846
64822 45815
40771 39890
16917 56786
61675 635
33301 43810
17710 69291
46800 76250
12611 57251
38902 86531
80114 52179
69355 5658
87929 15043
56647 37424
65354 22606
4213 6985
10410 83617
21108 6302
77428 89569
11545 58235
86388 23490
69067 91073
60717 96752
99558 99941
10195 72618
81657 38863
82770 90274
14887 73756
52261 66398
30250 24989
4383 60954
32843 69270
60454 69124
97932 66944
27731 32415
68798 41543
31187 45184
555 65100
38153 99380
94669 50852
36233 97912
28245 2103
44095 88639
66245 88194
82182 95952
98358 31541
14002 40518
11507 9654
18982 9678
47356 55453
17502 652
39844 96278
44167 25046
97588 11650
78594 27319
16070 35733
64805 47918
75722 62458
79993 44941
65924 64586
98173 80442
35980 11225
65537 38289
94957 72042
82700 73823
79494 11765
42839 53001
88492 42696
10288 4867
56678 70819
5720 71098
29808 27707
96325 37259
60376 59159
57697 41833
60196 79286
7465 50299
29035 34056
80687 1339
60567 41808
21976 70904
67849 40425
26174 83253
58741 33949
29967 85128
77217 5871
56268 25308
48075 47763
80747 84559
64608 65553
32022 88596
22342 82597
778 90131
81011 69794
54777 77060
2835 35466
296 69048
26278 75224
63921 29008
89951 59094
92995 33475
77638 15815
46365 81597
65111 75838
62038 83578
15681 98789
36696 7055
51304 65336
95488 68578
71876 27591
98016 40781
68928 79063
4766 48767
13307 84226
36370 45178
76362 49170
56492 61270
70036 81578
78603 9053
82389 53597
78215 93645
15932 75701
51752 65017
68364 73613
67820 95208
26271 90616
91141 13781
68382 19288
90617 99821
28490 58919
27424 18324
37335 6610
33258 9440
21003 12312
29111 8348
96612 91791
65628 10727
45615 68512
99652 6323
6258 63974
91917 1126
59650 58067
62119 87612
97230 38828
94361 51107
52338 79592
79580 89565
70021 5716
34109 90914
30508 79345
90783 94331
88484 33653
90135 86856
87676 61190
70606 71515
70392 22434
37763 67419
53584 37562
56070 31074
70862 10099
40254 23775
45428 97795
92772 12885
38356 2682
48966 79226
70902 48630
99205 18489
1173 40813
59959 43280
87810 83720
41318 14579
68704 61858
91406 60295
18982 81005
6211 31240
97568 86893
76617 32835
15054 4475
74554 34077
44964 87619
5508 13994
18441 33126
62024 14742
22392 92473
81532 47264
59681 25028
91306 26522
94153 62660
3087 40939
99845 14474
70205 71597
41187 62362
27513 26959
26946 84141
45245 72211
57654 16943
45463 24753
58565 21153
34665 44915
40236 95832
88519 87479
64698 99900
44988 9872
9107 81226
82245 65733
89934 69299
22388 67153
71864 24251
25614 65409
16047 36986
16398 99449
66664 3711
72768 1199
98026 13960
73030 3790
67345 77610
21207 26389
85227 89231
47099 33942
37374 64051
93712 48599
98752 35655
59784 55508
99870 30383
26377 62107
59382 99715
60491 61518
51356 85617
99134 5605
43225 47929
82657 91689
61287 66192
92652 96122
64183 21918
66471 13739
64587 91616
30736 1568
6524 28710
46010 10679
84117 80438
1256 92508
34742 97767
13110 30419
69842 78375
82673 2482
76721 470
12953 15268
73775 40905
58534 65127
35611 49480
88961 36783
48825 94512
32998 39745
73760 44593
15881 45049
68893 38800
75053 93924
98766 32423
34446 95110
77608 57825
23257 1718
50226 49022
52527 8797
63400 35445
75110 25051
6904 28013
36423 55170
59304 67906
60273 72089
87790 93351
38709 54874
56758 69534
55544 28436
27969 56577
31572 4681
35744 59869
99734 31825
38493 78130
32802 37878
88594 74388
12011 7990
43375 12365
31195 581
91800 17465
92241 18344
58469 31752
17694 1338
6433 83743
80903 87466
68524 36407
89446 45724
95993 74429
98857 37060
10320 28752
19089 30254
12717 77639
74421 98041
59999 26504
1213 15734
9706 60658
72359 10542
16006 91444
91684 58202
3325 94867
44924 53672
39793 50856
70566 17885
78483 71360
58801 38446
46605 95962
92927 62821
35866 25229
44324 1730
19304 98591
38091 73655
32349 8687
72209 3947
14159 36812
76648 95449
75466 23579
98582 73838
42415 2005
13203 80750
66319 8678
60974 29487
51123 53200
12265 14268
52600 59014
33177 13555
37227 80593
29991 71624
12209 66222
70289 15904
39490 64846
35753 3767
52617 5557
64373 2714
70822 29756
75566 38926
70540 58960
39969 58855
34307 29872
22801 8113
82727 15794
33874 19979
11335 40734
58160 12135
92359 54226
2246 88876
39774 29820
85224 93012
87001 95907
3609 5870
60182 36479
67765 83325
34250 36540
81129 10103
50748 24892
3350 15942
83175 52562
43633 9099
43388 46151
52166 16246
77917 86520
68113 28975
36803 93206
58819 75793
14234 40933
40835 78697
50208 47165
37674 7387
82761 49932
5670 58749
77214 74738
5784 48347
42201 67812
42518 49585
95466 3082
36489 43764
97909 46434
43152 57418
56370 25338
2268 77356
25740 32345
61458 49899
75523 28855
38892 51273
30090 74496
7256 46236
2793 77877
85591 13646
93628 46730
38143 25407
45138 29769
52730 62241
51502 11438
77989 29275
31690 53354
7410 90728
19759 38305
94886 67317
78879 18027
44507 65990
28780 10198
58400 29521
57501 15458
35668 13473
65200 97700
39406 51732
22770 92228
20856 95998
6825 76607
68719 3524
50731 95493
69669 4642
62340 56604
56672 77542
99156 89435
40280 2514
35503 85424
83996 27933
89275 54299
71406 28211
85013 35792
98818 55121
91756 62489
77027 11114
76197 44178
623 82372
62549 77899
7542 18332
1930 19146
39294 23326
55587 1926
1442 25325
54739 20493
37934 6497
66562 44575
68741 68292
57132 28816
83868 20308
23712 5674
64220 68869
87842 48041
92259 98556
50217 71133
90116 7924
77185 42379
17346 74333
85163 7468
5657 73464
11064 19629
75606 70140
24818 90414
34585 47413
33748 62755
14714 68991
73516 50838
18914 18767
44576 50786
10189 13931
88870 19898
62319 51149
82858 45088
49195 85155
15820 15182
31261 5362
84255 65233
49906 87759
29868 39944
11147 42436
98829 97353
9374 48689
76338 99485
56917 33385
93151 67328
15980 74385
71660 56770
81975 13124
48612 42248
47098 51121
84070 95947
82991 19707
19079 71543
73412 45688
49998 48558
76698 48947
79287 91203
10951 33355
59633 24864
75253 46065
97600 13088
17889 1486
75835 82133
56316 72091
6319 48707
38510 65990
79194 28387
24334 3028
80177 92065
94059 51833
85594 98591
12550 19874
11923 88624
17365 6635
3593 797
4418 1385
87298 14308
88874 8002
26612 73651
72895 99440
68011 63121
27783 45539
6887 88982
60634 26843
26395 44399
68039 90705
12400 49819
37936 719
17632 73744
64297 97011
46619 23766
39901 19793
61605 16042
9833 83790
83734 45309
23327 32421
19192 12371
52261 75558
43373 12549
12179 82482
49671 96383
94329 5025
60942 51650
44598 48636
96798 1347
76354 84771
34342 35594
88997 50983
7977 12405
10397 8561
68769 24274
43741 62202
58871 46760
9704 36625
4268 79599
66970 3448
65204 63827
85791 96935
32150 31925
70682 73416
69933 77514
94144 51801
52586 24634
94138 42797
19919 13122
60871 74731
34037 17971
6135 95149
74439 50480
12177 35395
70789 67828
20078 95822
3138 22250
29147 12357
12935 13907
89851 67987
92846 49732
86435 80535
80263 20965
53149 95074
43158 20883
17829 63613
60275 42078
17295 57600
97704 32940
69343 46460
45687 1972
94895 19890
10162 68612
41421 32282
20257 15964
81722 88637
72224 47345
95820 27
61021 12779
71180 96710
13374 1222
70585 55109
11673 51605
72644 23410
65659 60506
58898 81565
10914 23344
81309 94150
29603 13666
68371 48134
61636 85104
38613 26823
9251 79537
9594 16040
79469 52460
21001 65402
43112 71134
81986 74917
55786 42871
40342 51908
13471 29948
48330 37604
24679 39207
92569 46442
68117 25634
93967 82858
44689 38896
32686 42416
82007 31269
46701 10299
23446 18984
77588 40189
20818 41048
44417 31708
43779 31396
9702 84148
56532 76306
83784 9011
96612 18873
17730 86268
19368 40070
84288 98117
24327 28795
54373 16120
96189 42027
80709 59158
70008 55680
4427 42863
24158 69334
37140 89003
72966 80989
94515 50532
94874 87770
2283 54602
68827 71526
96952 96670
36861 27790
96134 21911
6150 37137
46328 55232
92564 48965
8707 24824
92788 403
82352 57744
57899 62039
45341 28913
79825 10081
94781 21203
47697 46582
53939 71271
95723 73999
24699 3247
8754 88984
54498 21824
80879 68371
65193 31783
40476 85043
20293 65025
30089 12961
43362 33441
68250 97595
44027 49614
37606 4112
54180 68034
34778 72357
29217 75884
42165 70419
69004 72719
8490 52038
67314 55649
78880 10431
21143 99725
52789 80627
4941 55921
83095 82923
22625 77281
38506 61634
43631 58338
76453 5866
13992 8879
61588 45095
83507 7416
42391 76818
9898 1726
5602 20279
13976 11609
3195 75927
61474 57746
62848 69127
75355 90505
84446 92655
1678 68496
92122 60269
11255 94605
74700 21711
37162 17468
94399 19900
8523 68107
33811 55180
6421 72765
53307 95307
85524 67976
73184 8826
40490 13814
88667 49742
35981 26568
64767 70991
21735 60142
57869 47803
61909 94768
88541 5632
23209 9352
45244 97509
27881 69190
60840 74850
8109 83883
93174 7747
20132 27534
34381 46537
22480 64538
3753 86953
71461 89358
56312 65419
72750 12219
50272 93612
13320 87594
94615 82172
28038 4436
11242 62177
20331 72104
15383 81938
51795 15336
72498 18749
50954 95244
4356 44226
80595 46941
23111 17238
67074 68795
29547 59169
22882 94616
45653 9376
50609 47131
10939 2019
12575 65950
12201 74032
60115 37937
32638 9439
5862 69364
10672 10395
91237 61568
16292 38727
84627 32095
21431 46359
58885 33168
70392 43891
68708 84612
80459 32504
93487 48900
34439 84342
71958 71976
37593 83251
86368 19393
89343 55206
49958 75696
89998 2013
53333 43565
40333 2648
18320 60737
92151 10059
87372 96396
72125 4512
10547 92992
80098 43443
31521 9443
40061 27444
83306 79633
54202 54632
1234 52856
17625 9737
35795 3675
6862 98337
64155 3280
3295 46323
47211 67234
52714 6802
5881 87599
44860 53992
63983 71626
58138 98353
43434 40698
89308 92637
41051 88954
12525 65233
77577 76919
7501 32966
65998 21109
75855 91977
79926 91370
62651 32538
19555 69186
85741 40045
22827 22777
54964 22060
59704 15876
94388 23250
74599 65832
36036 40113
70986 28353
87825 98989
36358 85597
79034 24831
73333 24671
91825 48276
14406 24988
84544 46636
90424 6209
34754 57659
86434 78475
11205 43786
27118 65869
93359 11607
55866 72590
42646 5329
19734 52232
94726 63901
59560 51114
35039 59988
43 68023
87029 32290
68299 89317
60974 13769
81738 57823
73799 13596
61215 69764
91408 44772
79538 43173
33899 70591
67745 68523
60657 61275
13311 67182
16461 22112
65583 52447
34271 84227
24429 87967
21242 43860
56613 38790
89222 73649
29850 52445
95135 71696
82209 580
78804 30585
63523 38765
28681 81706
89567 81311
9941 99121
50309 73172
36389 13237
78044 22779
51991 12782
58781 33974
20864 99656
66901 43933
17319 8677
56839 32250
31879 44728
92616 47467
19569 92682
76449 98948
23079 68856
31441 54186
34242 65971
42568 11576
12878 71295
70605 6494
9353 50068
31289 42653
54759 72512
99002 85100
44913 9316
49777 47894
61857 19474
47444 85242
35847 7926
23885 19082
36071 37162
81593 11724
27769 94207
45705 53724
40616 18075
82020 31688
44692 85078
99172 29362
34128 5148
53620 27762
95844 56590
83321 11954
32619 51649
99846 61200
9462 50653
66950 58335
81096 4063
15958 60870
92121 98519
3655 48063
83251 84331
96033 75354
87416 46578
48635 40471
13401 82682
19812 55088
62432 7011
35389 66701
92776 2402
28477 33709
91071 51455
38956 99844
7819 9687
17608 21271
59586 46522
81955 95778
36272 33102
79746 53234
86837 64938
10367 23532
15172 62108
51913 47492
35974 52292
33471 82055
80469 9526
74585 29713
3809 53212
14591 34583
20078 90194
50735 67039
97428 35304
2907 38307
63358 37156
97097 69010
96780 78077
76049 79215
58193 30945
56387 50288
85141 77168
14430 70336
63284 84158
52826 53533
34013 69013
58783 16314
77459 78609
53132 11071
5168 44162
93521 68580
58237 36045
48245 96666
52860 87532
42288 60738
68606 74217
54098 28563
28173 90823
47099 24952
91651 28953
96225 34832
65041 13129
96365 75405
48314 46323
72254 18901
97045 27687
38564 60612
66926 394
33638 35112
24325 61653
86397 10180
59469 80469
40214 85581
72431 7881
27540 77232
92357 2952
59116 55466
22687 1400
6408 36270
97057 1336
47237 69315
8291 30999
5492 17700
98448 58842
73628 36734
70055 2394
83766 96373
82333 69348
56400 53279
15417 65015
94155 82631
91991 11305
37437 25899
92294 50147
67216 99903
4970 97760
47873 93256
35898 11826
99714 29122
9955 97565
35960 17883
6947 43450
13981 52085
96847 75542
80511 88680
86861 82704
58016 59517
63099 24286
71988 92116
58022 46216
75878 72191
54740 26572
63155 59653
68059 61337
27021 58528
44007 33236
62489 67487
49368 37942
61649 23333
11841 2219
51428 53128
8842 30548
18833 17619
34863 49350
30575 83588
22880 19721
79944 35182
2783 41275
474 2905
17061 82250
42709 67069
61756 28541
87295 3563
71398 38348
47571 41636
58805 47203
75453 15391
61585 43012
63616 85223
93238 43617
30512 6075
73042 72966
6360 12749
65771 9645
31126 14852
67000 2567
88794 16442
52963 43866
69931 28637
16333 75358
57473 32978
68426 50815
18764 20814
66913 34686
52300 73403
27245 73552
15158 72346
60383 23229
25526 11515
64505 33954
2279 69510
96756 79536
14844 92885
23323 10570
55227 61751
1166 39627
16509 54607
51712 62238
76848 83156
43962 54180
3637 17871
11062 44946
2978 60063
71204 18928
53120 59576
70632 85851
22126 57503
5082 71459
34972 40720
76580 91822
50673 26105
16168 17043
83718 85948
82680 81216
94057 145
30140 95285
81147 47297
45519 70791
38866 26348
4898 93438
9912 452
64248 74103
65450 94416
71880 3202
49689 22762
95551 27813
68332 43009
91451 11223
78621 71544
42513 17318
83800 4037
27303 67410
70175 43379
26075 5359
11528 19648
13690 97639
91901 34176
47434 45910
94651 64600
46336 5612
5268 49987
2571 60975
21837 83121
17287 36150
58720 71235
80427 61039
27 2385
4828 36537
59584 10020
83287 811
92035 54108
94763 23403
42735 61995
23676 33208
82401 56087
26626 35713
779 75676
19080 77100
95027 26824
16973 34416
75505 57630
39782 26907
41972 57427
10170 1964
79262 70356
85861 27002
41667 17982
97621 28811
23151 49285
18512 80542
42205 58926
25836 51202
95520 20436
51286 41820
36190 52262
5996 62213
6319 65255
8227 53578
39747 58158
46721 91626
52185 74788
75523 85468
94057 79432
87769 96934
39643 39758
8741 36839
6382 70139
4864 52302
78546 84619
14133 74912
40238 32844
51972 75894
52603 73376
47360 33084
1318 59519
6354 79188
58866 42130
77556 14577
45140 12441
39958 66268
92085 95366
59068 46867
80500 9728
6333 65797
78305 62081
8934 77783
36419 15737
70934 34466
90355 88872
83775 50322
54527 53831
75563 26728
6920 4608
31413 40858
77764 94418
62476 13934
16668 19886
29651 82818
43023 28380
15556 73735
82126 86327
64424 84065
5566 72397
17056 61481
1401 74912
3648 89131
94381 79271
67150 34056
19227 47982
34984 83285
43769 57873
74235 34651
43985 65093
14156 74997
17248 65712
92243 9109
11736 48364
1083 48798
86782 80936
82244 19627
86892 97831
37089 53191
85040 70014
65211 93780
40460 71354
58507 56708
4596 97016
62788 98883
45683 31340
37223 85643
79142 7227
89068 12621
81439 26848
31456 15023
72323 32522
30945 27561
25677 35068
92132 50823
21609 83149
61072 19722
65593 97350
59041 86055
14772 94598
81349 62310
98306 98625
41922 76196
68129 88029
73998 36017
47235 14931
67094 55603
30990 83956
41816 72386
75994 32770
11976 49610
34486 49298
19567 45580
35396 14833
67431 76188
30457 84700
98624 94820
60670 22534
43647 15616
10929 76886
98106 62273
28037 49926
2333 75434
21437 89125
70183 91030
95765 4342
47981 3280
47065 63919
9367 23001
28140 2939
2143 36997
74723 73272
15765 67902
21159 45914
69117 28672
39031 9734
97582 87099
34307 30616
92789 20885
17394 53949
63952 39941
30589 38810
79796 77881
20658 72195
51208 33553
20818 67109
43079 47489
62259 77596
57090 18163
72350 62973
86140 26083
15858 76110
38764 55297
37183 74985
32990 38578
53356 27101
85330 98832
11410 93613
11676 79685
9439 527
43426 13364
7956 60749
4674 90416
7431 15303
72233 42211
76578 51856
27964 54377
62818 6221
84531 65970
30841 51225
39513 81923
62956 13252
37358 95862
93109 72623
38085 69941
68418 12977
16486 33251
25876 87541
42317 82259
75394 68346
70441 92559
32691 55826
32030 32434
42343 83011
92131 28270
81679 45801
5061 3464
23249 23058
45538 8855
44133 12800
97775 19336
98842 93515
23283 80733
13585 70620
32554 74665
75489 40724
39426 15125
47762 95907
55329 49791
31298 59953
87453 12630
47907 85624
23682 84735
49498 92007
40944 27603
43394 73633
59867 48350
8807 10492
15113 71042
8748 73315
61623 978
40805 47124
41205 471
47806 47267
41061 69615
33970 48053
11168 74665
64884 13606
94641 62730
31434 61284
8663 95819
48076 55473
20968 51384
61034 1252
44745 67442
388 35561
6518 57358
8815 58845
32769 85845
31063 35859
33514 56258
66743 43185
60524 67175
23970 64819
9745 42664
46462 7495
15832 32541
98180 2288
37270 30421
14082 13444
85009 20686
86552 53102
53863 46942
89502 1388
4710 71885
9597 88241
83729 45592
32785 94884
18241 82480
4686 57792
12130 73689
3576 99826
37458 61484
76681 94398
36869 82741
75727 25083
40867 35349
91403 11378
59144 72225
26067 7491
49252 47297
98992 3007
31993 81554
81121 67023
61120 27460
74423 42636
22052 99165
94871 72933
63972 98709
96027 74940
5302 14648
12497 32841
53887 94087
72282 63317
32027 16343
23404 63585
44347 41168
41905 95965
41954 61423
99750 56401
93352 27044
78941 28343
20727 10549
6811 1598
50769 11769
26234 86569
75239 66142
76488 28526
87203 92676
28615 52344
22527 24032
72107 28134
38252 79322
49055 99049
44813 70383
82368 34826
29369 11471
76736 37217
91324 5312
1156 34783
50966 78137
82631 81541
33306 63496
32405 31339
30865 88941
98097 39578
27605 85661
4591 88594
56950 94559
61082 93541
27416 38642
55055 65338
8307 47430
60673 66539
71538 29790
11411 97223
20277 47508
66337 58737
76047 61973
25655 23775
20680 74753
70008 27163
38651 74220
63064 29542
77305 89152
94339 82576
78821 57145
9428 1665
61655 74567
62558 31316
51385 79344
16807 10326
99565 22603
98024 77035
23044 85637
94190 55274
78472 95168
16316 15804
23251 7535
9255 35105
4534 19868
65240 66986
60884 76771
78574 41952
76964 41684
8505 63868
83698 86836
20160 70989
68574 65596
93852 37973
52955 29177
89243 89548
96241 65739
13022 68988
24924 97062
83931 40387
61676 49203
7611 19636
36227 20752
98653 87862
64634 91308
72210 69731
9820 6476
58815 34987
8552 6281
8382 61614
79507 73200
72893 62374
62884 11744
42973 57051
63319 13967
32084 23180
5755 91942
72524 33357
10548 77312
87201 38115
58585 10543
86727 26378
95159 18455
31906 13840
77804 43281
28781 4663
46956 40042
87668 55702
8000 98273
3897 65689
87938 88524
36050 95581
61379 6740
2857 46037
2662 63636
17499 16296
39298 76638
46618 59056
28483 67478
91211 35036
24905 23925
11753 66831
24519 28999
72160 54751
82981 56525
34770 59798
60447 72476
40214 67253
37381 96669
30772 30636
65529 57355
5450 89059
45523 93336
19242 26581
49824 66216
64314 86639
41247 42547
26994 2645
40131 97191
69313 83102
98836 77093
59081 63539
19661 38912
44735 64148
12095 69505
63692 59123
60557 55461
91054 27670
15375 99325
42103 65113
43087 34860
60109 14090
78350 70957
32425 45868
48480 45547
53624 7156
32332 60775
74237 47503
80013 35638
95181 35194
6835 44032
52945 69480
67203 450
79272 73952
80371 36429
4354 52509
92943 3717
92838 24620
96151 46018
79341 94897
8734 60818
38404 82818
85100 23285
23118 78282
28765 95392
61600 91112
37985 7419
30724 63054
82490 12675
99254 33122
70528 88392
32714 19872
43712 5232
93348 74357
27833 52595
81502 11814
36030 59324
77765 34567
33911 18158
72221 41413
66175 95901
72281 62237
15687 12529
50435 87714
96882 18055
40026 75355
26999 4943
41295 53954
86211 75727
32647 28774
13300 73790
67644 3690
11423 33770
28572 90884
71722 98291
79496 38143
9394 46925
62326 59961
77351 80770
31312 74213
37931 20078
3955 47051
14647 69025
16497 41187
2358 1953
33647 11486
27048 11237
51432 15485
50881 71387
89224 33527
98311 67682
41457 47224
81335 78225
54938 36124
94368 98543
66762 10200
96742 97720
53858 88018
16641 8095
79601 33284
6011 8006
23549 44221
29686 96487
27713 38303
20036 15407
36553 80322
69357 4669
58807 13808
46412 60712
76418 61959
66930 60822
35570 9754
57122 56166
83973 30512
86035 72231
69453 61860
12786 23326
91216 25955
3453 56932
97383 80465
19720 39622
76031 50436
18748 51588
94971 57095
42035 36114
7343 97401
76062 30105
76519 74252
41823 80055
8350 25798
15151 12251
17671 36675
55673 77642
86376 46320
44861 24669
79258 76786
73230 71008
55339 5086
17205 91029
28795 49694
54699 25903
48482 48210
72835 44920
48841 23820
15134 85771
66892 563
69108 73978
82623 97761
45490 66057
22054 12261
79350 72081
41627 96610
96245 32062
79115 26126
53846 5714
66681 89812
69365 75072
15546 1714
24257 45201
96920 86268
26365 87458
60560 88279
43939 32228
42131 13183
97756 26107
77096 55137
76297 94304
43912 53953
94974 38751
85569 95062
13249 29146
3860 78249
13871 72483
42456 69658
18488 36678
12148 34299
37502 25437
3976 40947
11386 50010
92389 41500
83767 81409
41232 85829
92117 52298
1956 64944
83431 45219
29389 85
16821 16749
26989 79166
60955 795
92794 72265
56904 46582
72574 61897
69056 39067
62998 15525
76155 39066
21268 15416
44164 83257
13341 8143
81818 94160
13516 73966
55186 70187
7213 97579
59923 39307
72131 72017
57848 7013
23682 46559
16914 49185
18869 63943
8324 16444
54137 55343
773 44295
26080 56883
34241 16773
31856 76129
59737 64625
97954 22523
76766 89558
70883 83161
20602 69717
52949 27364
98119 76674
89583 92924
73973 25767
24857 69812
9225 31648
80306 95920
62360 68510
746 99438
60848 2692
18504 44986
4016 89261
47332 41816
41899 54244
31630 99038
49354 37962
35238 35255
62534 56499
35169 1473
48402 2921
39371 10224
77391 48968
87615 94281
69461 97760
31729 48936
73169 28183
49445 54938
29153 77988
44276 23811
24346 51477
63246 9466
12387 52138
80883 17992
78135 27543
85433 43117
83111 1638
26826 36731
60470 47379
48482 23353
98331 63214
52981 89345
54146 42493
43143 53154
65259 56631
95186 51326
78794 62986
50948 91949
12261 42805
32158 49369
18361 20367
79670 49536
81046 17854
40917 73205
61662 2945
52538 84736
56874 27303
13814 70809
96453 30390
67918 81072
33135 35205
31388 49320
55931 27169
79342 69912
49041 50988
56710 19689
57869 74873
34648 12283
53118 35922
74735 93247
8744 20946
72648 24926
84770 51915
87989 29329
41433 82210
27995 36518
15883 53902
77812 82594
28013 61820
39054 80890
358 64878
20587 59256
38929 82967
10271 94972
9087 92993
48949 41880
28211 615
69130 83539
59108 99355
26928 70951
76350 34113
53965 49604
5537 40338
39641 82411
93857 51355
43684 56947
69636 56699
28813 30887
18759 10504
86060 98277
12186 1643
42153 94369
20991 64511
41122 65024
75663 28278
90473 63006
90421 66580
7812 59656
46224 75474
18348 79427
94070 77564
95150 86179
74188 46355
71469 42932
43406 63660
13662 37045
67629 77680
38858 39608
44076 91034
23151 40068
51619 17020
31936 39731
22268 33402
88993 90100
83161 67021
42315 67658
90444 91809
74638 68619
35292 87159
6890 41313
52999 3236
9717 76845
82458 4848
62040 66847
47003 72632
61170 69791
54208 34477
72435 28968
92245 98867
64514 49095
32922 5827
40248 15584
30435 43241
48131 78601
31062 18598
68900 1262
53264 37039
57777 13451
22753 26796
33908 24405
34475 42330
25673 90066
67975 20266
15332 70555
45216 60607
9289 6785
31413 85300
35378 80870
96763 17428
54605 2240
52954 2656
35355 28345
62315 75629
84083 63921
36512 44387
23804 83226
27516 15071
21462 41051
32791 83473
1586 28367
60507 94975
70741 29123
51498 11777
70970 43291
34389 69379
86893 69837
30182 51686
56656 8516
71447 25022
64665 52222
9465 66933
74706 68655
69679 84615
80824 70908
40112 17508
49405 20129
46952 28594
96775 99628
84151 2664
31470 42623
52752 39796
90753 47505
51164 1910
65026 12846
15637 26275
29190 76595
82187 44579
71062 21459
73922 41170
65648 81332
38770 10275
88166 78707
12870 86648
68158 19644
96030 85388
67152 31506
7277 15049
77964 55309
60443 7346
69457 41975
49795 14235
27159 84302
12214 70667
54406 35366
52151 59137
12860 98244
21694 78796
85292 81859
17141 96114
24281 1107
64061 23978
60735 91509
54090 89602
95051 80160
33699 47417
20862 16192
94755 47974
12909 58929
82971 54479
34788 73160
93773 70771
75774 14411
34066 71361
4847 63860
55350 19390
56539 55921
54295 86340
99932 75111
32169 31581
94303 5003
98804 45388
80455 22087
98868 13668
18377 16411
66905 40143
95503 64666
6661 87112
37302 66281
51057 36417
32047 56131
39143 44766
63873 34743
86025 37112
80485 70632
60681 64988
27017 96876
67247 14985
94446 67726
71063 51734
79370 17389
66640 49033
58503 32538
6590 64544
41922 94654
74712 59628
20429 49073
11370 51730
16525 75076
39893 50408
67836 31289
92522 6974
86600 75109
49587 43762
14514 17877
89962 16506
4081 57253
66144 56607
48940 29482
52439 39836
46244 44682
55112 45539
60487 34111
48223 85432
86750 248
31546 27892
35776 67224
69197 90787
6076 12149
59232 62342
49716 6938
56335 98738
70364 65573
52650 21872
73183 55466
67475 87323
25370 67438
42338 98917
72863 9644
58212 11922
9268 83668
2232 57370
1010 13031
98065 60428
75590 41949
15671 15558
53394 83711
39557 82366
55949 67692
37868 66588
8735 22040
59887 86173
43943 84137
80133 74418
949 1273
31675 30111
4495 77591
81039 74620
12560 82661
76726 6743
7269 25883
72918 64880
29070 75075
44877 85980
15779 93691
92136 50371
25676 27862
55341 88450
19720 40507
26578 46666
63079 80516
80099 95327
26608 35681
49888 74457
1532 99987
28188 67846
30361 24017
92799 44742
14984 23110
77925 81710
85278 33841
63422 89126
2183 92131
80172 59819
95647 44453
84711 66222
471 49967
35420 72818
45494 71730
7178 33714
33013 49615
36132 21625
43330 1374
13746 13032
81950 65320
34991 47955
89759 29517
1932 15492
111 60447
65868 25783
75530 43045
56390 23196
14756 85337
18599 53817
20033 1995
14893 99685
16987 42363
27980 74734
13792 32930
52525 7732
55250 48202
18442 46731
46821 84530
6068 23293
56644 13195
29517 4902
42380 96349
55406 88726
15438 12419
9122 55603
65778 87370
67849 3028
92463 42903
12535 11143
48116 13982
41202 8844
49603 92651
93815 64439
31792 64221
75093 43186
79014 230
21872 6168
56322 18796
75456 24604
95734 55819
99471 87072
96007 6609
50175 34782
46032 83137
46338 45891
28701 40625
43680 13071
41649 90027
91764 11030
25984 98608
14735 31234
37973 34224
88788 86350
63406 70515
94426 11276
86331 30195
52654 70785
91778 84640
61134 41924
19166 571
5582 95074
29211 49915
151 22141
40540 76555
12835 80712
36118 47913
1283 74348
82290 88233
21273 31751
55631 79857
75390 93256
47773 91194
81725 6708
1283 27477
25590 37412
39545 28292
39164 3045
7727 68124
90999 24342
92101 20010
78499 98477
82929 81035
49680 50419
52860 85330
28192 23203
89669 73030
97451 76623
54012 92321
96606 47547
53480 10194
13527 17568
35042 77692
22539 99082
71768 7861
35937 15867
24363 24296
64373 64262
34449 31155
73910 36660
12659 66794
54631 92610
82896 42098
5185 20449
98105 8230
49872 2037
42803 67318
45074 17751
89176 37827
19772 18995
16374 28549
46324 76203
16654 84453
57559 78034
20470 70339
56917 91025
3480 28145
87792 21669
57745 91317
25633 17759
8946 15307
87283 57251
7715 96001
41542 47465
4891 2042
96237 98592
69353 72396
73712 2790
78702 62401
55595 96881
16577 14010
83085 42505
30569 86471
80538 19691
54823 59504
61866 67016
23785 76111
64328 58403
22904 43508
34867 33975
36843 76544
82496 61871
94673 84682
18038 73100
11852 84413
61296 25027
43152 1304
41727 95868
26312 63276
36422 34132
90034 37538
50716 35036
64222 94899
95181 81111
1170 32206
83033 59232
58345 51701
35860 85890
3599 79520
15013 84094
56167 69656
41351 95433
58246 49181
56810 90123
25877 15393
91538 4865
40594 79851
58711 39899
90671 61717
71780 15071
72850 71727
80921 20036
61556 17721
68233 3608
63842 81964
91836 92475
82143 74482
32206 7329
67456 1098
96590 97108
45710 82213
86784 66512
53992 14284
2844 75014
72222 94615
21197 33241
48695 98615
84882 76387
48556 38701
24640 86961
27627 65328
80990 85827
81396 79276
4263 85037
87551 19038
36908 53017
52885 22361
1808 50627
88787 9059
25226 63035
69546 73016
83974 85607
46817 55302
65508 43326
35793 40016
61016 13934
69448 38764
30472 44694
85319 92005
48753 8813
1284 76697
18339 98106
28937 29627
24896 7961
40819 27154
65953 91900
71571 21849
26993 22888
37521 49309
63248 16116
17252 258
97521 70765
95003 64798
96316 75029
46391 65405
54317 9279
75534 49147
60083 6805
19434 23629
65650 48947
1896 76728
14433 19337
4410 63128
83341 24828
58821 20635
16916 37029
45028 76132
93419 92880
51587 22088
37625 93279
80004 46004
34233 63205
15646 75301
95836 50764
90009 14606
4933 39567
41875 83542
64907 4256
3646 37047
7962 20195
2175 37120
74226 76785
50577 44596
27495 44311
47904 56681
65503 87284
44751 71370
11415 15838
64594 28022
97215 49278
71828 3998
35449 18511
46227 50763
47294 74691
29951 18325
95161 91742
54398 8813
69705 27513
24651 59988
89091 75328
45875 72834
18159 40373
55958 37728
97734 65803
81580 96526
41306 17131
52701 10398
38798 97298
23976 42807
71290 83857
22237 41715
28488 45068
87651 2561
570 85596
31859 26499
90593 98413
95802 38641
93287 36224
80635 2805
14247 55754
22603 88333
38351 96979
20020 53581
35973 45753
85202 92506
60671 30730
54169 20719
80361 73389
83469 85916
83747 45498
36776 62946
87073 27037
38903 84888
89993 88727
98205 16489
58136 57597
43727 94964
76126 61879
80471 65643
73405 87330
57426 30580
30414 58735
21425 73963
93788 63202
87676 42206
79654 41491
93674 25839
78689 55344
61066 21718
95156 68505
38397 78205
95835 17827
79833 12482
55653 82582
93448 17816
58806 89391
26695 98790
75142 62623
91528 31142
34303 84265
51760 44231
6210 20584
74617 42476
86755 73767
21393 19435
82729 14887
60826 19663
85999 27932
53480 25079
3366 38096
79334 83701
13489 83583
60113 99343
25351 95578
78331 68929
22612 56420
18281 8184
22104 72824
69110 81913
8934 44448
50478 26040
75975 78591
77107 1633
44181 77769
37116 55571
19584 28614
45425 93024
94092 6323
88080 58959
61873 6048
22187 32922
56730 38546
3528 74032
16294 79171
81856 82708
75051 50429
14176 64188
11150 33059
22571 7571
87467 10921
69973 5399
62771 62742
79401 75099
26313 61961
70533 97895
9605 30193
94777 73235
43441 75604
8396 82224
15950 35657
59511 15071
84560 47902
52455 48247
39550 27634
20447 70179
50067 13532
16020 76514
74304 88482
22767 28582
41447 64131
54927 33013
94209 48494
10564 56363
85146 97353
21365 4662
44112 47115
43771 40665
35255 14529
5828 54313
37751 14637
66897 46195
92332 1890
45400 50004
89670 34986
78978 88639
43687 87488
2286 21755
70759 1526
51948 89891
93107 98736
68932 83108
61354 90344
30349 44034
36063 16200
38037 44755
11866 49362
19872 44770
10583 90940
72289 4109
12101 75212
37474 80168
45639 15361
47938 26200
2807 37034
9170 61465
64926 34348
78647 86713
57022 70336
97547 38426
296 92466
73916 96532
96518 46947
3916 98000
55666 8808
3311 25870
57501 9930
60688 29088
94089 69508
48460 16845
85839 4424
76629 3151
11099 23706
91088 10069
20842 99987
42872 18882
54035 8639
56601 67980
91323 1504
38037 35326
86367 19849
36003 94230
46894 95299
69067 83175
40045 64075
13003 6329
87889 69618
88917 97380
80648 3804
55278 62041
4209 74370
80305 20313
9599 69904
33834 34235
89658 4935
74076 35466
83709 53436
96347 44325
40505 5047
65043 76542
37937 74197
9503 67868
75900 43111
84914 23256
87911 17681
22066 29283
1328 39563
6872 54431
25068 25828
18897 39746
67777 3578
34112 2390
59437 10850
48666 58076
87165 62311
41384 52836
44503 16899
53384 64726
75729 54631
79437 73388
86871 48921
9755 81077
49353 113
79819 30868
76346 86683
36557 93344
70002 31672
80513 64066
26989 43324
15901 51641
36954 82417
75210 73305
18622 73299
66791 53991
96142 45587
93605 73631
15448 49236
25384 71311
42715 14801
18957 27289
40394 12341
318 28565
31021 91169
97471 78764
85471 49001
89733 82718
21905 54935
11290 55197
41478 36327
52635 85712
68885 22442
18458 45393
57995 11651
78268 67023
81158 48236
51995 6637
16538 42866
48677 57825
8432 55029
24091 24438
47042 55786
64979 49418
6145 20568
94359 65009
90223 56638
40516 50640
54789 8428
36332 68162
81166 14245
79444 18551
69258 99811
24374 98288
84108 84499
65153 85221
8349 51669
79508 33311
407 1597
27878 4510
96394 97333
72897 16307
94714 55673
25698 13639
49567 87385
19547 47411
40387 16666
83666 31814
1032 63317
72671 24675
52736 63959
49618 87967
18035 53056
73194 49575
98012 80420
62591 60984
17708 81581
9625 48166
76102 52726
71062 94070
48769 28913
56040 65699
97674 26083
4053 52956
20191 94755
63797 61156
70580 8286
78520 31953
42770 37878
28670 12847
1491 45566
17660 81242
69064 38144
51549 36295
56211 16311
81535 90203
82989 74453
62706 89970
77505 59038
35101 73018
28335 22699
27129 10005
75658 19081
30739 90939
29498 91063
38478 85909
3931 51627
85951 3939
17532 73870
84591 61559
91329 28187
68541 62360
33410 45892
46650 52608
73226 12205
6570 2655
96888 79151
88105 58869
35905 8215
996 42875
90540 81060
31324 23515
16053 79020
38887 11892
66634 13655
70063 46551
98673 98307
89520 42284
13568 1694
22782 71342
39876 15247
69693 36299
12251 17390
42439 54821
49593 41736
25642 25107
10535 98748
34695 24801
22207 37472
17812 57899
70450 67676
68795 14342
76866 82285
42553 5400
26600 34084
11488 79707
92943 25701
89365 29950
83095 68041
16274 37059
51827 64700
49093 90754
18059 83583
55312 93093
98235 1607
455 85290
21906 56284
85813 15525
15860 90747
42455 60091
87737 21077
56287 87687
14124 8942
79602 3640
2444 11454
67499 39569
79502 87315
10774 25609
70745 28781
56405 20009
12936 48001
80319 23408
53580 51223
81148 81202
98024 77004
89386 48565
2835 33041
46171 31570
77017 97834
36629 39162
10458 6671
37712 59823
28938 27662
21084 59046
96559 22119
64728 47628
57895 98799
75932 69854
82399 45454
41456 23087
62044 15361
275 42278
90006 78584
14677 49405
15384 6425
9244 9475
7810 43867
61731 31899
61031 72780
49367 31515
89007 81612
95192 1998
71574 65872
49086 86290
4299 88767
27954 9659
37586 52536
84112 15694
21571 41451
41484 62919
87849 72667
87945 75027
96483 40291
68259 29463
68422 58893
62215 90951
76153 55420
96726 56175
18007 65188
19686 55630
29393 46732
98624 17558
58602 56979
96163 1518
49561 25384
44800 50224
16202 73361
14524 68235
44445 31013
2705 69218
78438 65522
88812 72874
80907 74072
76049 78384
45545 26699
69875 48593
70480 41365
31484 44545
83330 64529
29803 3301
51928 64625
39377 88888
26397 99098
88851 28106
18417 22627
78603 52188
37991 62682
32295 25797
70119 75742
94664 50544
20877 71750
19493 89180
13832 44344
7558 37339
63324 83763
25257 66675
97280 24646
93279 88288
161 10518
43408 45872
51293 78396
89011 54405
36073 24389
20279 48695
96812 8368
44734 83791
52321 89395
12700 69293
96281 17207
37436 5988
5847 87127
70427 3545
41458 18245
92203 18023
52950 23717
71186 74941
58371 22160
31368 90014
92109 30227
17244 23904
48410 85965
92080 75310
66471 42260
57817 33990
35651 47601
46080 29724
50931 67423
86851 26197
95021 67984
91828 42637
53340 72104
62073 58098
22818 5984
38827 37030
73489 57732
30935 33856
91185 27702
80512 89740
80350 14793
4026 36455
53479 53062
2289 86308
22192 31306
68992 33993
55441 33702
55195 59570
78196 35390
79461 18061
64923 45739
80058 23613
3479 61593
29543 49304
83570 73321
20301 57289
82695 81232
3586 36558
56036 28151
52751 37786
70479 37881
10931 43924
9662 75271
51070 30007
72413 48007
25079 85008
15756 70321
41175 67139
66911 57425
17228 3975
37148 71624
9047 86821
36064 1771
4526 35357
94555 99362
2266 14368
21775 87786
3418 63831
84181 60340
67999 34331
27255 91940
23630 3835
6743 58642
63041 74745
61127 16748
62726 23533
6255 19058
78078 20000
12107 69241
29023 69938
72810 47209
53939 81750
18864 67551
7543 6417
68084 2412
85725 85086
78947 80627
77706 3916
83675 63791
39353 68126
42033 12299
81558 80298
55116 49224
98115 1595
5479 17498
51830 79600
73619 61611
43385 34906
43794 38199
11977 36450
75518 91759
60792 85184
61952 19958
91820 62085
7161 72647
80349 82
50908 91181
93882 59167
8594 67049
58277 88693
45557 4111
25618 59956
32853 17001
90348 35086
30934 28851
26033 67690
97008 22237
2769 22434
32622 97389
93042 44645
35343 69434
88271 87126
57544 12690
68404 89163
84256 82036
65220 25262
50931 60599
22996 56224
90992 45762
20141 71377
18427 94609
53069 20009
43083 50487
86247 72259
77005 84758
22014 74060
24831 77448
80334 41064
23478 20442
39492 97934
26585 9260
50592 20487
71075 79762
48378 75091
71397 9078
71131 69795
13505 87379
95359 18688
50544 80667
47962 99331
72957 70291
10799 4539
17672 91570
23290 64106
29669 27557
36808 42824
19098 22382
66298 88799
11044 95712
56454 35213
79378 30981
20438 13957
36137 2328
84870 33646
44510 69675
97514 40898
52319 76387
23302 70832
88299 13047
81620 67835
36821 5492
51298 73018
36997 84220
57841 18294
66839 16834
95319 25262
74170 10479
19870 36278
18065 20257
26979 15539
82198 77607
78327 78081
39858 25574
65346 4558
84486 75863
84315 82812
70278 7526
5009 71490
47481 94389
26021 68524
31674 19511
95565 36375
48602 6357
6963 82230
24795 1580
92404 9936
3158 98189
23842 66559
42006 26076
77027 16562
15035 12658
73551 5612
40697 59003
70261 54498
20694 79129
39511 41665
22895 24127
38473 38087
82643 63414
73142 2949
88582 27675
20571 89699
55392 24447
87338 48604
18028 95686
76681 80637
31082 51849
6928 60106
37933 91316
66031 93754
74173 89864
421 18934
74389 55770
1514 61534
97862 10578
4550 64964
46579 63021
98391 48686
42835 99868
39664 13720
95315 37251
12884 72688
74929 29019
27583 1721
38786 88944
48509 49480
71820 12643
6129 74218
83437 25833
66896 66012
14418 22762
90563 43281
53505 27043
82057 99056
2224 51044
33330 53300
56555 35187
773 39786
78290 40
74459 38134
31384 51503
65025 43342
73157 7593
88282 37053
30229 11146
59419 32098
41399 98492
24814 48206
54288 46171
50607 81130
82645 99832
93554 41999
30516 84407
53723 19019
54316 7152
84100 96963
37039 84753
18427 19947
41831 89530
45793 84592
18415 83103
46988 26639
58070 26570
1733 17019
24800 85495
61067 8603
33444 44855
76591 28553
66446 57037
10134 21588
93631 8084
75866 84767
92936 34198
95945 57120
14643 56374
47268 5826
95642 49288
58530 91779
28878 59444
72266 65846
24561 62358
8540 51299
81404 94145
77481 86818
99098 59799
89367 24708
36651 29746
1630 53866
64066 97535
7981 93451
72712 46590
78277 7827
51479 14819
25789 19870
78399 4376
34653 92769
5636 52409
83715 96546
76413 98582
92097 31099
27927 14836
94268 86043
56465 63405
98223 98852
58142 94251
35782 79150
66918 78481
51812 70595
35972 88370
59965 56609
62921 99896
86684 82331
2456 61118
77086 92120
93320 13143
72790 25651
88421 93125
92327 64057
11376 60450
16237 39406
41786 53818
13588 71912
22637 93519
90623 40370
28739 75892
63715 71851
73293 76467
82121 57348
93197 41095
80047 59718
94140 74850
17000 5610
17829 29673
96759 88318
44168 87219
33784 12551
57816 95213
48248 50425
20669 95960
76536 47521
70291 16426
4877 60220
62761 6377
74755 20925
59811 23411
29845 86763
32825 8953
6199 95872
8598 65119
83277 91275
49465 16670
4529 80687
71767 45603
95601 33794
96759 64493
21902 71567
54837 34930
1918 43764
26815 36123
26922 50501
34203 75107
42897 73991
36863 15068
96067 19414
45656 82762
12872 99839
26980 70277
31255 72550
14231 99932
31807 21602
55706 9901
91969 59388
17479 622
7731 66420
26223 17703
48511 86684
55892 51957
39426 67995
7791 82729
62541 55019
76395 83175
73639 2779
37992 14920
16810 79021
29913 22360
93314 67481
21638 56760
11249 20585
75 88637
44749 7931
57719 32015
64576 44386
77998 44939
99943 38213
24616 2210
91348 37407
64111 15256
88109 41277
47173 20517
94890 6307
37852 51063
67962 15303
48252 31055
65151 83188
54976 18431
69741 43401
79577 8722
61455 98904
52650 32132
34403 10887
67498 4326
95769 45298
81157 69660
51063 72071
12795 72926
9432 34792
90400 51770
66792 88749
19290 42736
49930 48287
51623 72021
13330 77950
51956 19473
25132 39133
24902 10529
51603 83008
78549 41717
67322 9733
8396 92915
47335 57144
24299 19762
46963 71901
15013 26272
50219 714
58466 31261
61010 65130
75646 34590
91613 83483
91304 52139
79157 14801
92388 72992
9753 91345
54218 96976
76825 11126
22212 47133
60796 60432
5108 52546
79835 54368
63852 57513
63267 59806
6612 79829
47735 64851
14023 37402
55596 61951
24982 97888
75660 38932
53763 1219
92019 17401
3336 86294
17589 74664
25646 81883
12086 35152
42870 19756
22288 53747
94259 42230
24401 97257
68558 75577
94042 17148
53313 20777
81153 73930
84509 55760
85904 15302
54244 88169
15012 72600
96719 39943
47214 78776
29801 12492
48053 77878
44753 32146
65651 62677
62493 75430
82036 79724
73746 59431
77082 33668
41485 84492
14043 9917
85245 27387
45281 9064
84102 85555
48297 12622
66495 17347
17477 90888
45589 37392
33082 80804
30182 10067
47715 33415
68743 82009
85868 44070
58559 14753
29847 56907
68265 23266
85082 64534
1750 70818
40159 35353
54696 94591
3108 6043
88889 88586
58361 42710
9650 1224
31428 17498
20404 46544
52320 93096
20914 60495
92089 62423
57429 58886
6321 35154
15543 79115
639 70711
77256 25028
82667 6202
23917 31375
28531 96576
70779 17629
40170 69701
13216 55346
66323 19030
95611 80615
7178 86519
61215 10409
87515 50399
75092 72919
16777 60247
85078 42727
7049 37087
39764 51521
20708 22441
31474 28514
88793 27580
47144 75675
13432 6290
384 55472
94824 1274
5788 49530
27586 65815
63501 20133
97011 5599
13693 93875
23262 10684
43302 13302
39032 92911
88345 29850
37962 15976
6297 46681
22643 99663
87005 66469
38787 95551
85137 25089
88033 36773
84245 96200
68230 31397
21565 29733
22816 99285
71215 34937
74256 68097
47464 4729
24300 83365
65111 96461
26942 26870
28385 14930
95427 72250
37435 78489
25068 67722
34579 66406
81440 57527
21128 35281
68313 1539
79661 43497
64898 48451
47146 56204
61472 85028
90107 75087
62310 43459
57679 38236
29183 40019
71818 55023
57992 15195
84835 71577
28306 81718
84935 89502
71301 10161
73076 49974
56 19376
96127 69583
72346 27433
68015 95945
52940 85255
26079 24793
55429 95016
48352 61287
90413 38528
19092 20879
75042 436
89556 67812
32054 8448
17132 72681
34478 97554
64634 77654
1605 46188
81394 92217
80967 90725
3932 95890
27190 16905
50196 17109
33705 84309
27466 67788
12008 30844
92864 50003
41969 27268
17231 49562
34006 15754
85730 87367
83293 45050
69624 92017
65566 79671
62246 27494
31113 39129
93107 69286
31389 20554
39451 45797
43794 29640
7117 94989
41232 33127
46957 56762
24470 27084
56850 88828
77076 40466
29961 12824
35569 89833
84496 17543
5797 87026
828 53334
19232 84644
7796 93157
57218 88875
60467 61544
20705 19587
22122 27113
89126 41857
56027 98627
3824 59659
55007 1545
67311 57722
80833 61693
68842 35711
94497 99833
1818 55996
31251 54410
94573 43175
73053 9007
58820 778
67740 35742
55284 38501
28543 90784
20265 78699
88523 61809
58751 24417
8213 65665
35687 63362
31979 87061
88200 36509
4940 84998
74971 23317
7755 47456
29166 36928
15600 94181
12354 16521
50326 54536
8750 11023
48782 10514
59225 57507
17627 16225
80355 27886
22901 14308
46653 35752
59526 67648
60172 27522
39599 89518
75626 65789
48804 94362
73253 96113
95884 11974
64063 69607
28674 40677
99564 53183
65847 3104
67031 54251
52141 83093
79037 6386
4829 28626
53232 62702
40306 53342
95061 1262
22572 14161
80070 23669
47743 38744
95474 22873
49457 27922
85400 81445
19359 63957
15055 23223
72696 69289
66209 96803
46400 37099
31660 42734
92527 83756
31168 3219
20976 72208
25507 49954
6626 96496
56976 45340
78970 68056
13619 49016
38271 75113
84143 66946
18189 68824
10264 12342
24275 76173
99193 51945
65269 43974
97616 77505
30154 73745
62477 24504
33471 57973
54711 33629
35666 96202
92198 14802
46679 44412
76522 90415
45239 24460
79459 81822
54476 77327
17990 43421
63687 6797
13983 53471
82250 46339
37385 21483
56814 33794
88984 23355
53247 28045
20175 63359
90971 8191
47594 37784
92278 22563
75414 36413
96696 85626
15380 57177
56093 33113
14618 19690
24980 47208
75729 53732
99009 62436
43800 55661
3132 17981
66079 66878
73840 67577
24589 2536
76988 20175
9147 67660
7669 83085
21015 98242
87138 24659
5538 11731
93407 80822
92658 57023
92891 48414
37585 15160
86106 17607
40284 32645
77811 80996
13348 96000
98834 31031
87600 61529
23448 92059
95034 4336
98550 29083
97518 49950
18390 36471
4942 20941
90770 16230
62032 2268
68667 12975
90750 76092
4339 26703
66645 75797
23315 22294
81639 98402
43526 94985
42969 56720
1484 83010
56389 13219
86808 28907
16665 23250
76435 54439
8695 3206
85494 65162
96211 43711
96244 30395
17816 72623
39886 9177
7491 24220
41820 23859
73350 610
59915 32335
90567 90511
56090 40548
21790 3622
55388 49663
83802 80829
23608 98210
24797 58654
11052 18432
49115 1514
94342 51907
72608 98289
6250 67079
89063 603
34351 22652
79171 38018
75873 7
48314 59606
1921 38881
8484 48600
61952 63127
72433 10559
72680 77160
41984 90422
34227 16906
35753 13115
19601 23878
46292 94082
57031 30487
62176 70481
65035 49391
71805 38145
87913 53523
76274 83875
48481 80762
61688 26553
24646 97137
32508 88888
7488 66650
14881 86061
99851 29224
28796 68981
34294 92548
88118 52259
52805 43308
96526 48766
29232 5263
95348 72064
41090 75442
9199 44984
53466 64430
1816 85033
37965 85647
58685 8777
66402 45046
20031 77283
47636 59480
38356 55925
90740 37918
80901 96434
19909 12643
5489 8578
32446 66969
30569 95421
79692 75268
47858 50708
24621 51581
74662 57288
69557 95056
51411 61521
50189 33182
89754 89528
99535 63804
30225 59293
39756 67986
93442 5714
41990 25086
43178 76189
36630 26638
60571 73466
94759 70537
87866 84599
25 99399
83969 55863
44799 57556
89278 40976
23521 88593
30419 25420
86107 83251
73972 43628
14204 82434
43404 59328
78440 78203
99448 25200
22551 66383
53162 77942
27955 13122
51207 14274
97086 47917
15050 90549
25002 81852
58431 45318
8191 6512
52840 2528
6776 68414
94364 82754
12230 81294
323 9469
15212 45373
40539 46970
23713 25307
54422 92178
12401 45806
93786 36819
11100 27373
54047 88706
13430 55782
61876 32404
9669 30969
58875 10259
16006 50619
79113 22559
92233 67860
54631 16938
94672 70465
68467 58747
53268 39954
30880 14124
24448 61773
22289 80940
4596 85930
7842 59870
71395 80212
72063 59992
42005 43662
28235 36741
74022 98380
72539 57092
1573 42550
21688 88518
67286 68297
49441 7988
90033 93653
53542 12198
7968 93248
88430 79469
67589 20193
56498 2506
48402 90086
70688 14548
41774 2158
51897 45111
13047 14192
62035 96784
91483 65235
32087 49586
94525 23411
92644 49187
8151 40579
73258 48255
89010 32293
48432 82228
29551 43667
94831 75717
26689 18266
81173 95432
86673 88570
56419 32616
21753 27399
24207 13027
15977 49963
50339 94636
94790 96290
74396 44746
88870 65820
83852 17272
63285 75326
56408 67555
41490 26817
39002 48079
25362 86642
42208 46226
29405 6865
84875 90360
5356 87282
64946 5917
64113 72766
47292 41462
29775 54355
88489 85928
46750 69248
25546 3503
40617 84650
74437 28601
80431 76394
24498 74153
4197 34509
42592 96692
1618 77170
90128 33959
15921 81936
5497 48607
68979 52269
5891 61903
63322 73928
26220 53534
81792 55920
81670 34822
48974 746
3062 76662
69797 59343
1303 92177
9304 57035
16597 60365
29744 82720
66099 45237
85511 65
15685 75688
21517 9975
99351 37271
3879 65087
78020 84715
35018 88106
7679 78268
21156 42652
63310 39067
7604 72750
68841 70633
43917 13709
50368 93214
67383 41944
43027 45123
62638 24805
49399 54488
84161 95964
27256 3375
46964 53691
34769 11439
92702 67280
88085 17170
29164 14658
22378 82279
63132 54441
30793 87504
61955 80113
448 71301
56616 13724
58927 50000
65350 85597
78830 14991
20814 72893
4998 25878
49475 26169
36787 83722
23516 49570
77289 5798
76485 89980
28460 14042
94238 83647
35958 64071
41979 18873
83637 3428
18306 14955
56266 41692
46128 53255
99467 55022
40276 1337
26593 92684
23123 3899
79403 5564
18754 97950
2522 62234
51055 90504
35795 79540
55449 28177
10128 79628
68531 67045
89919 82234
43589 60869
71457 6472
85163 4773
30764 91828
7380 10640
54986 721
35300 53888
97560 39910
5778 73446
39208 52429
13291 62824
51871 73461
27501 75421
64183 35233
12237 94291
17630 13543
98994 97802
80406 5362
13175 69143
53363 63009
10541 4034
83840 2310
20726 40520
75642 28423
90603 95897
97907 47456
88696 2651
80912 73118
95643 4581
93484 71174
20136 28581
75123 64556
30695 54395
18184 34428
90420 66939
67135 73461
34431 73615
26979 81065
47082 56019
96465 31359
55726 65111
4316 45457
16246 15105
6695 68014
89089 32488
78 21337
26116 20506
88029 85544
7942 66711
89655 63942
54179 38643
12240 97553
16266 21624
77812 62652
37535 68898
14142 5807
1305 34241
29793 46562
31461 40538
26115 15334
99137 43047
46077 82780
89154 73778
56252 69083
32655 92094
32739 16174
49859 82814
22919 14804
19343 45468
27217 70911
96181 71508
11264 52661
76558 8310
25508 41106
39461 96935
53668 44292
54234 7040
1465 11214
7457 91118
43729 93413
91840 9616
90029 88406
56244 64477
47139 81342
90348 33947
21948 75952
29548 60169
80599 68147
48044 57398
83685 35681
45399 81863
45643 36298
8141 53269
90947 80815
88545 29260
41179 17287
219 96974
22004 69565
13302 46190
72868 62095
54179 70326
33269 31857
17669 83361
16004 19944
96948 92385
39522 81712
21754 6042
1686 97623
18872 16805
13690 87199
9794 58702
52954 54624
99199 67351
88984 22499
34506 91795
1322 68136
20500 20907
28666 25633
4127 30269
76613 29845
36996 89016
83197 38462
32782 90497
33671 16235
41501 35728
35646 5247
79941 13908
63086 5360
37964 35979
82777 79337
5007 34283
20598 91400
3773 35196
61773 64320
29242 89308
24572 57913
63998 76953
54133 66539
74708 89082
57182 70087
40827 8375
48303 1230
75112 57308
74391 25303
59522 39914
90744 12333
11301 63542
20199 81263
16512 23753
39821 79823
54391 1758
17832 48340
4097 80006
97130 95159
61707 52231
97337 24137
41555 92441
28622 79212
63213 61352
11318 82198
32546 59125
53844 83761
21900 62005
99197 26077
81660 33136
50522 6477
73748 17923
88458 134
39981 88479
83197 50723
11731 6695
69562 73875
62627 85942
69882 58105
4500 44439
16970 66316
53963 65099
71597 94933
3845 15943
69880 91603
44433 96659
27157 66106
54227 9868
18880 40079
99491 73378
14925 99406
52268 31099
99904 67781
14925 23950
49267 75830
61307 69129
12371 67257
4125 30124
1828 85335
33551 58924
96249 78672
84640 497
69308 18870
12692 95896
45420 13360
60546 55473
1306 17976
3414 41442
65067 68893
90128 11106
97017 43202
64900 13151
99090 69085
17177 11513
9975 63769
2058 7620
1534 2356
31816 66122
69105 52738
73397 60935
25005 32808
40618 26187
22916 64289
29650 93211
70651 68861
26029 28977
77709 38173
2414 25911
26150 60697
78685 82544
66248 58074
94038 51664
21738 90528
68169 13502
91603 69404
79320 81881
86052 53367
85115 8464
71660 89386
53087 28425
30033 30340
20611 8763
1262 36936
85689 27411
64751 82507
48811 5427
47414 79994
83668 98607
22682 44434
40259 60238
6787 21510
41564 21423
66735 65470
93814 85313
69392 18866
76413 47401
70892 64242
32977 71680
58204 10529
25446 2259
44685 57845
70819 97313
5506 20378
71395 38017
97135 79500
86198 4537
79872 85408
96161 16040
46096 58075
93082 49789
62738 18969
5677 11837
34188 37480
73562 44609
69911 44522
63540 16629
50497 83223
15907 51003
84426 42872
23395 52454
34506 23245
94307 69983
55402 23432
1383 96772
76006 99280
4551 72388
92466 55327
3950 82852
1970 67301
96219 71869
92192 38530
86947 71387
86345 27343
2765 70783
77072 48950
16372 68254
10858 91318
91305 3169
13985 52416
7311 81475
46386 7004
59581 10294
81998 26661
28383 23582
59228 93961
85526 97140
10613 54346
71443 52772
11399 24831
50432 90223
39732 42612
69527 99146
25840 5189
16168 31614
76709 54823
55512 27430
76594 57888
96221 41043
19720 55370
51651 78923
76396 95796
40682 41286
89945 87008
38213 57616
68859 23558
3996 69546
67252 67344
24427 74793
36826 98524
99905 92854
53847 53790
87458 45260
87592 41979
60902 53884
98623 36430
95127 7116
16673 42662
33719 41076
25897 18534
87608 41120
53411 86405
37665 17841
54642 47820
51760 48956
23338 64826
18515 72809
17046 43811
88333 29877
90003 72109
49144 62000
56371 74801
53245 8192
26012 30784
95069 84381
55335 83388
5004 35379
60193 29594
75248 13059
11245 29063
44518 42145
50591 75072
31870 54807
99170 88952
67002 83777
67316 2006
75795 42736
24101 26836
54196 13479
21052 45185
36701 13281
10769 33632
57601 12905
1108 96967
72904 87807
35109 12001
37518 51194
19097 83276
39202 25729
67516 92380
24872 76977
53865 48054
33400 10970
57332 21526
96092 39106
45537 6505
66294 56896
17802 78644
16439 36450
63708 22027
74697 53608
48986 60954
97831 97670
21273 34592
93312 29830
38307 92207
7031 29028
67828 56654
30597 1968
99040 78199
24214 95439
65195 9561
45288 92411
81295 93047
63119 61214
17594 11590
54036 24987
52877 23027
30033 8997
18942 33371
85846 64806
20919 90290
22248 63194
60372 98077
72317 60913
25769 70007
20768 51472
10586 90256
77043 16752
78177 67849
74312 87742
14028 60633
14312 86522
69405 3371
69004 7608
19720 30526
50630 38530
97464 74628
249 26131
94506 71747
71229 67837
54288 61943
52732 93508
24079 18510
37400 6050
29889 59914
82627 74849
96596 84643
39332 67524
92266 40450
32537 4830
55703 22887
46192 33432
18150 61861
84780 76432
79572 75809
30694 68053
10867 57782
48458 63148
56521 65651
86550 14958
50510 72091
74814 28135
50066 80324
57931 85913
6932 99897
85687 54583
29356 36152
11570 63562
94978 57589
55808 78288
23156 1141
56697 54296
42740 79796
15016 81703
83240 24448
5741 9014
89033 67227
13243 44753
89380 34940
60282 44345
63612 72943
89286 60419
81318 27697
27566 38648
41227 51508
60886 1075
77385 51137
10997 17638
96371 13713
10552 20949
68333 68851
42333 21336
78736 52394
48921 69918
69516 29100
54483 50597
8993 79268
20006 91875
26373 8784
4387 80256
12673 81027
28365 91033
11572 85508
72315 7807
18030 23662
52793 58838
60726 26126
46023 15862
50629 1096
14360 22062
55081 17651
11701 63644
71011 53048
11384 82518
22665 9463
64017 52292
20357 35393
87493 34435
2803 39039
41577 39427
94567 73802
51851 81930
59493 3025
7754 11664
21831 46486
65209 10337
51611 57137
21888 57246
63490 29419
35035 46620
75443 91396
32825 98979
79445 2767
73438 61104
1320 16145
36833 13235
71069 78341
14639 78610
59161 76890
93030 2212
77015 16723
43163 52119
89667 5126
74005 34027
32223 27454
97551 5813
41345 85114
88314 7037
47219 84267
65976 47232
17810 12538
69090 46286
4016 19455
39203 39149
82803 33515
44411 30836
49299 99903
40382 10609
77568 26387
690 47524
96409 53328
90036 48386
49238 21974
59220 59826
49951 62327
60788 20851
38194 34298
69869 94197
77921 87225
88265 83995
42546 84003
80714 33311
19357 43803
48130 62382
45298 39191
76697 47560
82512 46337
16683 45857
61711 39034
77063 44035
85975 3474
20913 16906
86087 18673
54272 3174
18671 98578
43905 24444
55573 31074
48754 80934
49172 13157
13160 76270
22137 65458
5641 89911
64293 39826
66131 34260
38317 70277
69715 42287
94653 69308
88559 83044
91728 29024
42941 43139
79450 52426
43593 66801
81855 20841
94099 34535
18265 83423
61839 50738
26197 83204
81475 97297
45366 2562
66604 32923
68465 26967
3801 90422
10192 76502
27246 27585
56816 11494
24099 43595
32642 5441
50883 10009
8461 51894
3278 63044
11434 9320
5079 22393
82407 96782
63814 51543
82277 83345
35446 44340
47962 82576
41304 45593
87024 81375
89647 69057
67940 58819
92050 44798
8392 39000
84494 5300
87233 44587
20705 39036
64905 44993
46080 97763
13294 20846
50834 31400
89297 67359
59858 8033
36585 29969
32337 1303
95326 27127
5361 65957
75694 57464
71339 91549
75242 77198
92714 8739
86458 51528
71758 79120
16725 74024
2346 83248
2602 28934
77927 6532
95611 50956
27999 96001
40764 49785
86786 76783
30232 87518
44340 19084
50188 27715
25997 72774
95082 56163
86744 41348
66840 43019
24756 54302
91599 52991
56854 57472
79388 97622
80901 61612
61537 36313
51805 76277
75413 54696
87021 56708
31072 80533
46905 76086
11457 20614
87800 78524
40904 42935
64886 8089
66907 59638
79924 82856
5973 85222
1507 39700
43715 18940
23245 30110
72133 12517
9516 2075
66547 17598
16913 35635
92565 44282
71006 26147
73546 14880
9100 40412
47490 43787
20294 71138
50532 98696
21452 58733
27657 58203
99730 66987
99615 54234
25598 50620
6599 84336
40045 31765
60470 11228
47982 84126
38424 53039
72997 7060
5257 64178
47658 47879
48954 8286
34824 31517
91314 2433
37726 46797
88554 8192
58753 26981
67472 30799
73080 10181
47877 75547
25855 23778
4575 54625
50373 59620
49256 5908
97133 97384
59037 47483
68177 50334
73167 79856
59258 86220
95589 20610
49129 2249
31353 39348
35250 80547
94198 35548
68636 8090
13217 73284
97250 33250
68493 6893
45428 16133
59333 88871
27735 62527
38406 77499
86785 96032
27041 5985
64158 55310
74846 1610
91470 14720
73556 51223
45284 16932
79890 40095
808 91737
6554 26733
48278 77142
21440 9408
64029 66274
66447 31242
28098 17913
63812 73394
50906 76845
64017 34258
56883 64259
53115 28633
67339 25170
68445 69321
84983 10920
66723 1114
65406 19396
51280 97078
40316 64061
42488 44507
53152 31833
8358 39644
33005 36599
35256 63872
34877 19942
4958 66690
30617 47723
67454 62735
45698 53599
14419 7659
85420 94159
9577 78732
36190 26394
88259 37341
34899 17143
33526 31677
83995 73420
6763 39421
17819 65240
8225 39174
77577 55178
26760 31089
47825 80743
69031 6124
20882 52744
52118 46684
84194 19385
72581 99925
75110 42044
61076 9572
88731 65572
97305 99014
46736 15995
65565 8142
40393 66620
82719 32323
47326 80601
70639 30207
8121 32310
54484 49457
59932 73292
84647 41852
97241 2759
14390 67926
93464 94505
27362 45130
34580 31845
10049 46390
9790 34916
51260 17326
30905 47043
29938 21719
8348 70355
47284 45709
35027 50008
84519 73981
43167 66443
66661 95403
8465 76440
9404 81102
18163 96032
32781 52655
92127 23768
10382 10606
88005 73449
83721 12125
73706 29198
10299 34371
80068 21593
5749 77946
8927 89070
85471 73776
86458 76069
31120 65802
81355 98124
17431 86333
67543 73060
14165 97588
29627 12735
57825 18637
29990 50473
24067 64315
6140 80028
22745 42181
70804 74185
86517 74054
46587 74230
95804 99979
17808 92027
58056 60952
51909 41924
77800 11203
96196 75954
7611 6423
92264 59450
96504 45683
32160 13220
63626 79881
17743 72717
6764 15935
38479 15013
8433 4273
49705 26834
95166 18637
87646 15212
59246 65525
99522 96639
39789 19905
23579 72140
29950 26298
16838 47527
71030 60384
35603 77210
77694 65478
13348 89345
82164 17872
23442 58829
39658 43484
38568 66081
84070 91894
94822 2040
46337 40866
99167 97373
27336 28566
34171 72561
37438 24445
93846 45224
17304 93749
37759 57004
95903 26322
38138 97689
82770 45593
40862 24639
15105 79365
84056 28484
56531 41990
92647 47391
12769 90781
2205 14270
75065 74626
64388 8097
94460 37054
19927 65756
63 44561
6788 32857
16334 29901
45009 20148
50885 64985
24980 96093
47573 78319
81882 49338
4005 51838
39937 83074
81966 29064
32157 85154
47134 79525
6999 94876
67830 47295
50153 62052
30252 5684
41155 25985
53898 23799
78090 38994
42381 73103
27091 5894
61734 97335
6028 4802
24445 23420
85236 42880
76489 71042
3006 89066
36697 99488
31762 39299
97710 15583
5964 93758
67102 26686
5275 27717
91571 11217
81635 915
2730 65630
90684 86810
35221 57567
27120 43167
12921 19106
69153 55289
10353 84396
16801 71797
9417 53298
76535 52437
61731 12286
46689 96780
25974 50768
57421 15107
51946 72122
68894 79480
57981 51043
29101 48058
77121 19621
63334 1870
93051 46064
48775 24685
10118 74565
55940 11395
2062 75835
79174 26226
98934 1981
32551 50925
55762 9
27991 38397
89197 3699
61882 49888
62181 52992
20456 17157
79946 2764
25484 97873
46467 62500
18054 86557
20680 14284
85033 92405
98089 89435
16701 46042
63973 46202
67358 33281
70068 86697
97083 18035
87198 86010
88152 76651
738 1844
31308 27355
20912 8913
75428 90855
61199 58368
72958 5800
12088 82980
60687 52522
47672 18579
90654 65326
93138 63191
33446 48745
98843 40401
65816 5731
57629 77937
81719 29881
3316 94431
38138 1564
19092 80694
63501 92816
25281 61539
68816 72270
85269 40426
98838 69218
90653 55649
84680 81357
48220 33812
5536 1604
90311 95423
97326 23567
71816 8055
18678 79659
52796 63617
10288 53097
43797 9433
77543 92972
94520 52621
86491 23599
95551 36192
31359 80637
39608 57031
66587 85047
44644 5967
3563 59634
28505 9461
77630 17014
48769 78444
50360 33760
88793 3675
60272 59680
86931 77052
22579 42300
36692 4863
57343 35148
30326 35557
98601 43355
79623 46373
22231 68172
15113 41258
42695 62643
65360 28818
78438 35320
85191 67953
30906 34232
27883 14092
58553 91139
69966 7103
77711 96319
74805 82264
12060 54243
29659 81433
63764 72829
51692 9657
93021 71181
63498 97572
12180 75144
1452 40087
34729 53654
78586 40805
20094 63443
51922 46772
62027 67410
43238 35648
46973 67957
33660 96184
19731 47351
61357 92380
82272 63106
64454 80037
78124 51033
70026 95133
95411 39568
15181 39778
35844 89102
92346 14792
77731 43570
10927 95476
96967 50059
6236 27233
87933 64191
11400 65951
16739 59525
59852 52591
11342 96523
16053 61896
31236 50992
3078 54165
42787 81035
32628 28629
7320 13282
9192 14810
58441 1748
41569 50891
4204 80912
12111 11649
93101 5179
44281 52685
93740 86638
17432 91697
39548 29302
94298 66275
47974 7155
70400 90733
78852 62777
67616 83055
39110 55569
63075 2748
5040 34105
21768 76920
250 9184
99776 83745
44719 5035
82864 47971
30318 85587
75762 82946
91756 57125
89683 14996
46641 75616
72983 42980
1718 39514
59729 64657
61101 35100
87819 92172
80825 5025
59780 90814
12945 97883
37421 77151
31778 45486
98475 69216
50122 94419
953 7810
85086 24439
1154 92797
16772 78393
54859 82330
42842 24559
50151 54713
95053 25698
87489 97996
87619 52877
87638 28570
54002 70722
15064 82685
3782 49957
58924 7588
78687 63279
80845 86386
87024 69708
44871 84637
96994 65661
41372 75984
33263 18519
47427 43369
18855 78339
60900 53692
88526 23388
95325 55022
8636 66036
39360 96314
44188 80943
85714 68848
9613 91237
37422 5041
52804 27621
60992 61780
71464 27949
37835 23333
70485 53779
32291 49856
24058 64255
55284 29114
16987 18958
91033 21049
80207 51857
72165 85079
19362 13612
47806 95267
98389 10263
84861 92287
46713 38176
90607 94211
18744 26695
25559 95833
25452 18401
17290 77951
57350 74230
46289 34952
6632 12259
12010 42363
88843 52889
70280 62546
87642 98684
92111 22077
53077 20644
72664 88669
90736 91679
72595 37033
23057 98413
40576 75084
20853 11491
31669 57636
59659 52169
74139 16837
37847 64092
8145 4244
32625 65101
30696 44653
35524 16863
10469 93630
49583 56909
76898 14985
84839 43970
38988 68486
8883 32990
44614 35486
43695 7832
933 98193
72554 30007
43571 69713
18215 25176
36269 55941
69664 5867
55013 60391
47326 50870
42080 41831
87266 52240
1240 36037
13152 37703
69755 71706
78783 64699
70634 368
2874 25216
13147 28837
17697 58368
20600 87981
56185 68823
58238 23821
6232 94453
76639 34593
68874 8192
47968 52342
61967 30415
57180 72976
89690 34128
9439 16710
1971 97859
92395 13217
41686 49148
39926 71745
74642 28709
95882 87352
33483 30073
5604 27212
76633 63851
9046 90969
27367 66397
22566 17005
27380 43657
13932 22923
72181 43900
77816 53577
99505 59381
66121 55345
94916 82667
3063 41956
76989 4996
39018 466
77759 85727
71392 69731
79492 87115
61163 45937
80949 10157
78097 60812
19219 20991
88170 72181
10162 70283
82822 195
10232 31700
38533 86401
98979 47885
8284 18029
99712 97791
30071 78011
53429 83560
42545 38961
40119 36183
7997 88328
30389 48657
89729 59089
65835 98063
8598 90957
58320 81502
16009 58996
29961 3325
10333 94800
33811 4930
26695 4991
55645 80470
25136 39668
26443 94452
51511 74613
42709 69358
89325 3551
81573 20392
68694 62270
97341 61243
24110 19862
66287 81587
47426 39773
74499 48594
3347 67486
1876 55435
90071 88279
1395 56615
47288 67739
56003 71395
25234 37874
13819 48
73625 4052
79399 9554
41009 1106
24391 28034
72244 93069
93391 91724
72368 84221
32134 98322
45990 12459
59975 42503
13996 33815
38082 49684
28812 86547
54908 31958
27203 837
31403 10814
89699 841
61691 57520
92145 23245
74251 15044
3879 68564
98929 25193
71987 84724
72146 89597
17079 86295
21419 62230
71879 49982
38539 33436
20206 44473
13270 4524
84233 41456
66211 67575
22122 61053
94111 53632
52054 38960
55081 41026
23240 36874
74963 28680
35532 90466
13991 88531
83396 15427
22112 83608
58823 97068
28653 23967
7741 38190
32145 78533
88708 52530
94917 93467
12142 79793
84277 83652
15969 97753
83807 65051
97941 55727
79767 92139
11418 94536
94918 17429
77775 16398
74822 19310
74636 1505
66664 99262
2521 70451
80974 75777
3925 57771
2833 71466
85904 19811
83900 89244
1520 44170
75471 38799
46352 78179
80413 41233
28445 95908
26382 17186
49272 26136
13822 82934
2902 13054
51612 67511
8419 36231
88588 79361
26714 24251
32485 19428
79855 99893
33236 97990
54885 19075
44695 53726
7448 54087
17091 46490
65077 63384
71199 29530
28093 61602
86279 87858
13382 25346
87817 98476
71161 11979
50283 69540
13493 9763
23299 3978
71499 23110
71422 64836
97984 19554
38618 30857
14702 33178
12683 85095
28258 17348
23130 20573
66784 46763
71681 5890
78043 12589
44080 59196
88509 39389
52171 8394
32965 74242
86730 40219
87140 28407
85016 12981
25471 27465
34485 48015
42928 17116
76180 82038
2917 73926
93565 78668
4128 44338
72748 94020
80149 15039
93648 74184
97807 93215
39245 6163
58603 85432
71003 39192
72442 50374
25988 55929
89060 25047
88746 35760
93440 65485
29886 51017
87197 96416
91978 43142
18717 74970
6025 64506
82388 87129
9673 7151
56205 58512
68720 1664
35845 91462
92820 95359
94574 64853
29922 42640
26190 98412
33240 89420
3933 37934
51306 51040
90667 44081
65249 96011
67223 11232
68119 52355
54009 95706
63644 79921
65177 63760
11284 16
10357 61195
86743 39282
81471 17411
49200 73435
40093 92169
50271 66596
72104 55070
14455 76889
79085 37850
18464 87419
73999 43750
14870 18592
8994 70530
99016 79758
60274 94688
98682 7363
45818 61830
5219 5552
20142 56977
23312 35609
58801 24013
51871 11799
63007 65277
59237 16982
90661 55129
81193 97943
58468 21483
99142 49967
56530 15825
73613 22022
65976 11231
22208 81593
64949 77594
31001 48665
31929 79133
33857 18474
93387 53784
36825 34181
65060 71500
77844 57558
4530 51376
6459 80190
93430 89551
23592 80274
43430 53128
18763 70490
49835 51821
89672 53907
11428 61732
81431 26958
87522 90473
44515 51727
89482 2698
89708 22638
13014 94729
7845 11289
48820 81470
96822 52784
21989 57011
76891 47816
39519 3462
16611 49033
76460 1258
24914 81104
45449 60390
6207 7598
96328 62388
98135 5830
48398 50851
9624 82803
26294 1270
17559 992
972 22691
21242 20686
44850 38389
79391 62193
31518 97547
50259 24979
55898 18006
22396 8528
52995 16703
82128 59513
84523 51839
90971 44657
89688 77892
56605 69235
95170 51026
93002 73961
33304 1312
10984 14646
3516 66935
99572 76590
55618 38039
64541 56249
13781 49970
90312 35443
43219 36911
22282 70351
4364 31816
92561 70383
92038 99212
25820 65454
45116 41854
84414 64022
51642 18868
17055 33354
70499 68537
22331 59198
30220 3051
75425 51001
78558 48637
19829 2074
63063 79798
24782 58640
1354 64753
42969 40513
94842 24667
83092 55524
39907 6713
49620 85927
31890 10591
8639 7561
3527 27449
80627 72609
56442 82374
97597 11061
4276 33560
84611 15044
15921 54869
88091 20701
13093 71449
25841 83941
43732 11474
5381 82806
62295 24291
46026 45146
59134 42689
73161 12276
69481 38393
17628 31127
56846 54056
26771 92045
89495 39265
91634 68689
38752 71211
60785 13557
413 81696
93723 52637
30066 56496
86127 2562
90009 79196
22850 39537
25376 78811
32059 86921
8 80472
22614 16961
18727 65937
33698 66559
99591 79674
95363 52450
25541 58840
69648 29592
51986 77991
68054 99657
51670 3125
83219 31563
39848 8196
68028 96075
45847 63212
38807 3402
17284 17974
21570 93565
53573 1506
11402 23341
8612 86018
89301 91573
70302 44509
99769 21703
86469 79501
41154 9543
17247 93377
11952 81454
95940 88316
61046 47848
38307 32148
54173 94295
16734 96116
25855 31374
17737 62298
2380 77814
91471 24441
79432 69708
67757 87321
35403 46273
98389 16498
95775 4793
14221 73749
19174 44781
53357 58403
96850 41961
82949 32659
51883 69774
76628 46096
89613 34289
95058 10041
31559 72090
58311 608
40700 70086
93297 10955
39046 59878
20899 28438
54990 54974
17792 56847
51573 91398
25892 16761
55055 67116
91195 34826
98147 36273
65480 7404
48524 487
98944 51967
27355 41561
93676 63574
90930 29796
42123 19350
71178 21910
7277 49978
69358 65142
9689 66097
1374 14139
27176 34686
76493 89171
19751 49688
26980 31998
74809 13480
88637 11569
51443 8013
62280 36180
17823 9531
77641 34148
15737 65879
87224 31090
34421 61533
64607 84897
25911 85947
20096 24364
24473 15635
10765 64862
67305 84125
42094 70104
29448 74626
30975 84750
94156 55394
33646 72778
2718 22639
46209 75208
16573 2768
58159 72760
17530 3743
46690 74560
35290 85291
42971 98103
54327 11127
76462 54571
83359 50201
55521 83740
371 40892
10866 99935
4650 58846
16942 55483
89227 88147
77051 91087
87670 2752
43919 58154
97436 6208
83190 33778
51235 61539
32496 2334
69251 89450
2736 73180
15147 14445
57022 61740
95068 14933
35030 11714
77357 86754
12967 46088
81830 40869
82613 33050
69637 52615
25816 23240
16444 55137
96955 85591
87344 2882
64541 86752
47228 71501
5523 1264
1804 27511
94788 8167
97475 13869
75180 32697
81909 37132
31546 27888
36813 2023
24625 58951
76104 82501
99339 14704
23705 36193
95409 73200
86019 19048
39684 60094
93890 82782
68504 13703
84866 89081
95059 66733
46374 11141
34099 27075
98563 14910
97765 34515
6402 59001
10222 88760
92769 17211
69606 63428
93683 65184
62776 19131
70619 53366
99492 35638
33013 2559
19806 49762
70062 37331
39116 87998
6215 77883
41035 60384
22165 46487
68074 71537
81860 34809
42765 6188
43312 44360
86411 57315
62826 25310
59441 10970
85881 81291
33758 35434
62678 23503
39909 56191
69647 78211
81870 3419
15173 7281
7476 20017
50062 78840
80104 62794
2963 37129
36013 95780
29331 59532
90266 73069
6334 53180
13307 34924
14620 62823
7664 58969
87620 79023
66413 10496
59941 27947
16088 94531
23744 57926
46255 62069
87083 48607
47327 33695
11184 23496
9070 30110
3212 87080
16305 63139
4624 84249
73686 16626
58340 38506
73660 78020
94207 23229
30774 90213
64400 79434
13773 9622
44216 60507
48987 5452
34317 5870
66800 18543
35833 11894
11824 71580
35705 603
40274 81508
38143 17397
10147 11915
96721 50164
73569 6185
70983 34555
72609 14444
37712 48449
24490 4468
41358 25711
74456 12310
58645 7748
67801 98522
68688 79124
44563 42909
11421 45572
37340 30672
50124 17744
80673 70967
60035 8614
32032 91370
36285 58921
14733 71063
39334 49966
7217 16382
26017 8674
98150 48020
39266 47522
8700 31649
16789 65793
74040 66274
64725 2598
42896 67111
31317 68459
91248 14806
38043 76735
95959 13382
36000 60549
71867 90085
18609 72819
10241 49459
76145 26420
16646 64901
63797 16006
9049 90274
70534 28669
83806 84713
72867 9566
97516 26442
2684 29989
58128 56808
70296 38207
39400 34557
61264 23057
29929 7670
1073 72175
54138 71411
62 17509
50327 67977
38380 94514
98926 16255
24805 70728
62789 60372
45861 5774
81746 42743
82240 28286
10753 9550
73082 28487
25779 44336
5869 71820
39929 64715
31335 93442
12701 63742
91049 2646
9721 87264
27209 88869
24637 64056
5201 86019
4877 86914
41438 60917
72481 99568
90753 25462
79076 39879
39809 14422
93206 50782
22424 55126
72362 25379
19186 51981
3016 92021
29617 97926
10188 60074
73675 71232
72837 86251
79242 52205
83383 17716
82827 2515
61050 47061
71392 81454
61816 29907
83406 82604
45331 74247
24272 62287
75868 24382
81074 59375
66301 65047
88694 54005
9809 47432
4818 33345
92390 88058
81744 74950
26914 63464
32174 99432
80763 72900
20476 3397
13853 15922
57184 99977
4264 20459
917 71224
7920 33052
44359 38600
55227 51140
66233 56580
84679 42937
98335 36554
66401 99524
89060 20814
72398 64480
47014 81269
16006 97439
23125 98715
51444 83493
36087 43885
6232 11691
20423 10544
70853 59645
25905 77016
38883 95069
46424 86994
42670 83038
13745 59450
38165 84585
60837 15621
62396 25275
93491 20857
3226 18245
19787 84688
17788 94027
30868 20057
84448 53702
77447 52599
56667 43298
66129 11040
14740 41984
76277 58175
12454 53365
83912 92658
87234 52105
67059 47948
55882 67482
85493 48596
631 25174
40703 68101
51285 62372
81301 18796
56962 41692
13299 73357
46098 86186
50214 61631
91406 60495
79471 41515
93264 86400
97348 74417
13512 58789
975 14466
14682 38811
46957 91623
18174 86995
25231 82713
12255 53585
10556 20999
60445 31501
61070 45779
90923 23349
20496 81621
47409 13961
26791 72630
70475 97598
75238 7990
50280 43388
8728 77416
95819 92928
39194 13361
6638 68827
51901 41548
16122 98832
5097 73736
59857 53754
48181 20168
77028 33828
36368 57474
29693 3503
47067 3297
38423 97711
27021 24196
12832 56718
20878 11356
6110 20232
76380 48977
62951 21678
34569 27806
12231 63715
22234 56625
54974 40930
14954 92332
99456 22454
70117 36679
42195 91391
99181 11467
49940 42228
24665 77688
79666 92956
85905 9504
81746 12692
5363 8778
66793 62924
92817 86000
89125 32490
17393 72065
58533 92101
8587 53216
86236 18219
25295 16739
29138 83451
43996 78260
64003 19980
95210 24948
87134 56613
35297 74611
262 11010
26912 53049
70549 34966
59383 96865
96948 18467
86733 1528
84709 30499
28827 93058
59321 33699
11918 66966
59898 34403
82249 21309
80451 98327
8193 87926
40034 96745
6175 29397
45853 10356
88834 56608
39370 94282
65370 2065
29397 28464
58798 27639
67454 84253
40375 41492
71032 70110
5731 72800
73452 37365
36563 41413
44052 21685
32892 96033
95776 97096
8746 41159
98164 18409
74841 41022
52008 20842
60282 22688
92295 67440
7892 40252
65680 370
62144 85973
24248 54909
34828 93218
19110 68595
15737 56748
41878 20711
67678 14706
10039 6050
13858 47016
28909 10338
5861 691
25679 72886
95032 86863
85866 63555
66464 77929
40700 29890
4887 68294
41242 92863
85739 30106
10346 82587
71710 85138
13354 7116
81252 10571
9671 27256
37960 13432
48807 20573
24647 61631
78976 20204
66643 6013
97022 48297
34225 66238
28385 14605
11035 13893
91356 81828
94848 27914
1304 59728
20255 34135
2318 43844
23567 41163
75697 18281
68154 43959
72674 89596
21598 51683
14106 63310
33323 42826
85507 99427
2503 25113
87615 78516
33069 70996
3808 33485
53449 71474
32430 97135
19230 89052
89701 19567
52800 28274
49396 14421
13978 2758
73310 65790
68778 73950
20157 33531
98176 57558
80826 54832
42339 4796
21686 44886
22379 50803
22085 50649
13992 60432
64750 72314
58938 31872
86860 10414
8758 58400
39024 95677
8200 53219
91100 28516
67563 98288
89289 29683
3795 14466
226 39312
34179 49606
60487 75059
69015 88064
67883 26344
33436 47974
66391 7600
43283 81923
1445 97503
65074 25750
69477 71551
20290 14512
52603 60012
98658 59962
39551 43383
98466 60333
11899 94051
42665 27191
34545 10187
94960 38077
61235 9690
39685 33139
70025 55089
3305 13382
86606 4004
76050 56563
91923 16349
11754 99341
25307 24504
89678 8891
26813 33062
52207 29879
38310 48074
43413 91824
20084 19967
4215 45705
22108 84079
40836 50296
37572 38301
91101 99239
33962 24093
48248 85687
42843 28919
24383 68664
11869 61383
53903 88370
27238 49760
4762 80320
6626 15876
99365 26576
10321 12141
66122 23140
1798 38280
28567 40179
97705 25301
10062 27400
64886 74280
11043 84610
45628 66923
53633 7219
31263 72346
55333 25218
75767 36357
37665 23721
82383 48401
87899 85175
42630 35768
72715 50990
36625 23332
2592 50246
49943 62712
93980 74985
308 25127
14771 61749
12406 81915
79121 81693
36195 81007
83057 3528
99345 97333
62598 18929
38765 11442
90102 94789
37845 29565
23705 65032
39134 38851
31423 44944
75214 2022
18855 8264
19778 72505
52041 37999
56362 16262
6157 81974
38536 62120
77074 42214
22229 62545
77672 53176
21692 70181
55222 9850
97245 1469
17141 96305
18059 10662
74290 99537
23247 94207
48816 3943
6595 16671
1732 30320
61879 39084
16183 42527
15151 43428
53640 19899
63586 952
28295 80030
91997 16300
7995 25719
3007 81785
2173 67241
22171 47308
39163 45994
13592 22180
86774 64293
73300 20375
35652 95608
92605 87309
24463 2071
27735 39140
45907 71847
72761 4331
20036 34180
8015 38023
82758 62299
52537 10224
42227 55472
74891 15317
37049 66170
40267 99668
91513 6050
76311 78787
68297 23656
63964 38570
57459 71774
48031 25222
80020 12490
86520 36232
5886 22408
91634 55636
4214 34662
31981 33187
74294 57735
39580 47809
47340 84673
72712 15087
22586 55775
56234 74850
63028 82047
5749 44610
61285 87444
80586 17004
2826 76485
77633 9777
17557 28461
16871 7157
86091 12409
44410 17360
88807 73069
10415 27952
93557 47391
82093 58870
37463 10842
86224 61972
56612 25277
57798 44533
89956 83866
33429 37781
5493 41719
95027 59941
72297 58544
35181 81097
55878 72787
29185 20441
63332 78690
76803 20579
91187 27669
90332 21319
78674 43637
12998 62010
40345 69826
79953 24772
32816 97742
90082 89314
41685 65952
5263 46020
27355 95443
32356 88240
8005 53908
44288 41693
47087 82695
80153 92761
8230 8930
60244 86756
58186 11952
99214 2099
49523 68367
86742 13326
8009 67091
19088 79697
3275 25185
48851 85455
1993 85716
1196 8842
29066 65244
66297 29629
99047 80154
19407 10354
62286 19462
8149 42252
74336 86345
17126 16735
38419 86659
75219 86163
71856 12358
32863 41220
52374 71577
30433 1925
16757 42262
9285 99320
29716 64940
42219 64791
31565 51293
60071 34703
49419 58625
94495 27808
97618 47778
53841 42526
21847 62142
55402 55859
86308 87112
58767 50746
56150 27143
19768 39078
7839 60758
29968 82073
27652 75522
27927 49005
42879 53039
80480 62127
510 87892
15027 17022
75810 59098
50604 59121
10338 24416
46426 99662
52453 33946
5441 11412
96651 36622
37112 16818
46565 28374
10604 52813
62969 19136
84667 71998
47423 49585
77914 74450
42182 6461
37040 63976
81455 95697
24601 84982
93937 85514
21091 8901
93172 80635
38292 64560
29878 56363
38050 88617
10185 29492
82265 61237
8083 7078
4025 4907
5964 35073
17782 27736
27715 89279
37910 40861
55674 38984
74518 20528
30821 35867
63718 34135
89008 28428
39688 15024
97814 83872
1397 99212
12074 27315
35480 77615
13042 30514
5457 50354
82470 75585
92371 21025
16950 94711
2886 50590
94114 52893
99590 99932
44959 93843
88130 38276
51289 41899
92318 8947
17451 66796
44209 66042
2472 23952
23784 36125
75094 21574
19169 43989
30670 10545
3057 94446
38334 36294
85055 90985
42055 37970
42662 44187
17086 76883
35319 15181
95503 63802
54196 34938
33557 7247
13942 65940
29572 36044
92649 42558
86368 3873
25739 50035
39491 85167
63728 52318
66075 11853
41440 17344
3369 64455
76856 72174
93091 8025
44453 52304
2610 24856
58188 24515
1557 87337
7877 35000
26941 59112
47419 7731
63247 6083
77838 82764
78341 45725
64561 91377
59949 91627
27084 89379
74632 27226
94650 78388
17932 75207
75756 56943
59075 82309
94501 19696
81034 11963
83165 81288
83987 97539
94462 99323
22339 90637
73034 63201
22356 82874
40210 90536
42388 46529
68256 69776
11461 74093
50575 74734
97851 36380
68205 7850
70977 21154
49600 78240
12468 35748
24158 49795
74278 28062
95539 74261
96700 44286
75583 55249
8401 19814
4757 3106
27409 35405
89950 45705
10367 41343
43988 92922
40431 45081
63271 91007
52748 75182
18491 55348
54324 23332
28744 71945
53911 71991
71449 76580
89019 33590
63630 76924
36219 75169
24698 77439
10467 70641
81221 16333
310 17104
86987 85530
78120 93052
84603 8624
97701 25833
11960 71946
76872 26108
43452 24955
42852 68080
62000 46085
96831 68533
82678 45474
79890 96460
78943 23935
41514 45228
30709 37660
36778 5888
91442 42253
71175 8327
43175 74556
48330 55891
36631 7812
99762 1227
58361 727
25839 56168
8921 48442
20232 40123
51095 55428
92694 29670
16614 17250
88295 63839
35951 502
60316 2288
58572 42355
8011 89241
4045 98787
88509 70701
53334 87905
93329 84624
41183 9344
5112 42016
74547 60674
20663 39721
84753 545
96904 99695
95758 19721
61497 8200
99665 14172
43083 77727
47702 41293
92948 87475
75660 72773
27262 99221
39127 50274
26246 48878
85774 5715
67741 59510
26142 4957
78026 11454
29477 29497
53959 8359
35544 87827
74336 77705
56157 9133
90967 67085
23602 86586
79330 39155
9636 68579
87499 60717
97913 30021
51631 38178
6407 69905
58304 76396
79258 51211
27651 35130
93330 93964
69875 591
23938 61888
62908 57697
90226 80873
91712 54043
414 61274
76662 45915
8502 22012
71750 37365
59804 7436
92046 40590
23240 65467
55584 82497
55495 84077
68002 41950
90328 54523
68332 66150
74862 93969
36237 55120
90673 32368
39655 74632
84509 90957
92719 15146
81504 82352
35438 26283
9792 37270
88802 79857
24372 18896
33981 79286
64710 9762
31909 16553
94167 37733
78035 43468
60923 90597
55092 73655
38873 32611
5675 1716
72780 29172
94253 59105
40932 96512
4547 90865
82854 94660
50796 7435
59336 96400
91352 64393
1238 62410
56782 84283
63888 54378
58439 33986
6985 96156
80464 9973
63146 38337
23084 57535
50029 74126
40528 55326
96770 78539
54662 18406
48493 27572
31306 604
5414 51132
21296 35292
22231 90470
79004 87476
14146 17162
58664 67142
281 21334
48130 53930
47428 61386
44811 87305
94366 30747
52217 63395
64440 46033
36821 79466
15381 95080
60446 38341
94860 35571
17829 74446
11658 62196
90031 22676
57037 69990
90038 72634
26058 39284
59912 11926
82567 77278
28262 69395
12482 72891
23494 37999
63720 82546
10770 89918
65150 15167
46311 51525
93980 2581
91639 88832
94254 63830
7079 36316
57713 48125
69554 94653
45468 59700
25860 23098
83188 12894
19071 37628
24726 35886
16954 98723
90865 71086
4701 39809
85481 38458
5222 1724
63926 24258
13767 26928
72419 38283
28197 62795
78959 6607
8411 61232
49807 64216
49365 95605
74058 54185
9557 54660
84220 93237
20370 7645
53139 32806
79796 89139
85461 80023
8889 80651
59704 11259
11923 42912
51593 87572
38952 55778
79046 44956
54065 8018
56292 77184
10235 68679
18217 39455
4265 556
2290 5199
2767 91071
86415 67193
42841 10036
67906 43704
39170 30641
5796 49150
14493 24911
864 39952
7472 52831
91382 50629
97748 71330
19673 10986
61079 32912
25330 47681
79449 52307
52763 53245
40690 32489
3012 74215
43 94757
753 88989
50048 9037
21561 96621
5317 39966
585 65663
19422 5700
73504 6632
61989 45123
2000 3256
86663 2641
29859 61453
12615 64377
50580 47901
21786 33145
63282 46993
85258 61444
17280 85828
35540 70370
94488 3624
16937 24619
23843 8449
47024 42576
61666 58856
63619 7602
72809 18057
87533 70344
99102 69957
26387 99358
49406 7889
23720 11953
79321 74165
75350 50707
40529 3183
93660 98349
27039 86413
66411 25240
17262 89878
65608 62915
99902 91842
32014 81105
10178 40861
95785 80056
96547 96456
6619 57922
57754 52600
56442 91823
29338 38165
65936 73074
12132 36732
21818 97200
12656 8350
84554 99076
93355 54335
38630 40446
49139 3064
7334 4191
95709 6453
57273 1150
1328 90231
32961 30214
49351 75090
76882 5718
66963 46961
56247 55903
18935 15630
62189 15050
95370 57690
61286 39376
71513 73659
61320 15071
13346 66632
87052 11452
59161 69071
88127 16955
3431 39568
98532 41001
23238 76000
55727 36419
65958 91207
69547 97404
17580 9314
23830 99259
1838 44929
15072 97722
15448 51786
76048 74600
27369 51540
46014 18376
24182 70669
30394 36848
99271 15637
82020 88299
6261 5505
23793 53464
12979 35097
19021 66568
130 13242
18899 96643
58714 51764
63479 38148
3016 6380
62781 633
1130 54492
62655 90276
85173 72207
86730 94396
90352 5957
25281 7917
83222 79349
31865 35028
38008 32358
68924 69155
81529 19444
33638 16675
84336 9042
94987 72237
84937 1762
99119 20496
97924 50526
52748 46543
58613 60755
52880 81280
63650 19425
12124 58093
89832 94236
59558 73815
16119 11918
44984 60814
33009 48115
3438 80730
8623 13339
44188 86134
91740 51819
80550 71183
39768 37116
97607 18697
37302 51003
6890 49690
65598 92679
42452 5325
40108 10135
4952 27937
71503 56785
90913 45832
43 4308
69164 71016
82647 94191
43275 8029
76320 73031
96643 94709
74820 81877
92334 31474
33112 47686
52474 21036
82947 87641
65577 72045
16960 92389
38127 31219
28320 39664
41303 19089
10918 33945
80670 73134
4681 7343
77846 11844
49173 19447
71621 5506
21034 43658
91267 81611
1820 27700
60704 16949
19665 79831
5659 11563
46950 91494
74092 72364
19147 1770
63867 81929
41666 20160
64390 48714
70660 9081
13728 55882
90780 3481
67116 49783
37993 93529
26854 93459
46465 3558
69946 55062
32169 80575
43723 54345
22557 54874
59502 4236
65615 38079
64716 87409
25663 93836
50179 32510
65960 82255
93926 10064
80691 43823
80121 91347
1282 86628
44437 73514
89703 33402
91946 92781
65097 76467
70200 80582
59046 23362
16341 19
17196 53136
29034 82728
31710 31354
30870 10250
18773 5809
91209 76692
79964 42489
90250 51030
76148 80394
99634 3537
71950 18578
81423 56956
81331 25010
46466 69218
12479 40060
83969 80386
10562 65148
44406 24142
58590 25356
34973 72524
89516 41949
78346 99256
7607 83477
32641 92992
34654 40364
8572 50950
25014 40206
46409 26178
11879 30652
88265 478
32170 51082
77459 86200
60849 55074
97902 79043
69407 91072
97658 24486
59276 72501
2120 19995
42562 35045
67837 19217
17923 19720
59508 90411
25312 45324
25881 80543
81795 7249
46638 26712
13926 81228
50121 53205
80442 85157
53940 38119
44066 65369
20301 71031
42389 81432
90531 26749
25759 40168
66655 28714
76448 20416
10040 84415
63243 15854
39102 57012
88361 53074
19792 56338
22548 26688
57062 41945
51644 41154
36168 25467
62469 39252
74868 319
8615 29894
27676 84383
27821 57662
73926 62762
663 22515
33258 36003
64184 75859
82488 39744
24632 53630
40719 2060
71634 62568
91527 84549
16055 66619
38888 4606
54474 22387
75057 2686
52131 55456
93330 64128
41740 90311
19762 54577
46599 11745
97993 3638
17509 51131
71463 6083
35952 75093
7916 54724
33314 76163
78413 48376
73804 53999
57014 39185
90736 8628
71138 52757
89832 14917
18693 10624
78077 83044
80547 20576
27440 31467
39478 77079
96724 29095
91851 38173
28689 48695
34693 75676
87715 49426
39065 81234
59770 75454
80785 96786
70168 96954
28586 57187
74614 53589
50229 28479
4062 73044
31481 52278
72914 8400
34959 89353
46244 10741
93829 96047
29660 74085
20636 97715
14646 31251
44426 47123
71105 65513
9017 8611
78561 85058
51526 11720
70349 44016
45763 1950
93329 66103
6005 83699
80654 35888
86166 43913
29973 78183
58516 2136
26544 36894
90992 41961
57721 32552
58017 37884
20673 37230
77711 34435
59339 25742
19512 99685
28206 39894
47149 39420
71542 13678
70326 33207
15235 2379
62698 80601
68840 62589
97528 3480
12653 54338
5474 13215
40878 92944
3900 21548
87515 13167
5361 4242
29142 6396
54174 46520
18999 78376
93622 82041
99467 96887
68028 98819
51089 1794
61324 17464
49020 32213
87890 74287
95668 94033
13809 53235
23732 17515
69309 87875
16141 34283
5025 54737
38114 1935
64027 79587
97130 20837
41275 10869
34610 16340
29671 85237
61624 19380
43066 21510
67121 78385
50305 51038
91108 52940
48540 18599
95500 18842
69699 23105
31385 22915
90782 66879
66096 93668
95500 64646
23015 61166
6749 61649
58794 56740
98008 32079
24633 96449
24886 66147
63463 26160
61701 86339
87484 39218
6982 48795
74868 56668
66190 75815
76703 57942
95945 88924
80543 38397
32691 98687
19532 77953
17053 20524
75027 6504
39950 62993
87283 46185
46559 30768
9503 11314
93694 7201
30399 12163
48268 13037
63566 14449
90271 14740
66365 33348
38785 21864
95215 20857
37519 44752
88155 46656
3994 24710
4590 18110
34825 51385
14566 19789
42422 55980
45368 73112
43180 40437
20714 46176
528 14527
65785 54233
54549 23464
87765 27405
34982 74308
6816 31000
62784 90488
28435 63722
40692 34335
11001 20232
92490 15561
90450 14252
30617 33111
16530 91904
86960 45888
43327 44135
48401 84240
85718 7861
72400 24676
42726 96689
53976 93390
39027 1082
18726 30327
21109 44095
39308 96312
18390 50982
83279 1952
61528 59782
44906 22482
81005 21132
64809 2819
93245 96570
92847 41440
3011 39491
84720 99366
57840 9809
59319 55112
53927 48032
38882 6701
2367 42592
7105 98128
71077 95094
98746 24766
71735 70203
42504 827
55561 70556
93911 42813
10500 30648
25354 53903
69666 61862
57206 38192
41940 85388
29956 92498
64348 68297
5747 40379
41907 14284
13683 87591
83620 96058
55211 41188
50671 76012
56211 25428
96359 51022
26875 3951
57525 20482
72131 31614
10322 92667
74625 39393
93521 86946
24286 68426
49555 60277
38457 5792
26576 47299
58466 15741
61557 47121
30624 24752
89472 11576
19756 14716
57926 34372
13364 24695
75182 24310
73529 50412
61236 88867
54097 25882
47335 44884
67333 26418
37258 68580
95284 48764
4311 30853
20047 6803
5975 52827
52123 1541
70411 38815
89746 18708
16039 11677
81442 83959
90257 18518
62348 99833
56294 88799
52134 1081
74326 41280
37978 5705
94627 49879
34213 81072
53670 87026
50073 69960
73098 75896
21467 62560
81615 6497
61861 64378
37960 5081
81317 2094
91645 70273
88732 45606
64746 79662
65153 72704
63134 62216
83228 96815
17949 7789
18347 54202
99167 76299
52928 71516
87855 54633
10624 30114
96876 91263
48677 91984
69867 35577
70782 82365
499 16632
89098 55506
767 83761
36992 37838
94976 59948
26731 64133
63833 15686
87910 3708
24545 14127
18628 4047
94468 97869
37578 15820
48675 52824
20691 86325
20399 22619
40907 73090
80146 97369
32693 15197
46534 18342
19622 27204
41851 1770
63495 618
76374 73666
88278 99094
70060 53695
54437 60514
22667 40516
89242 80829
41714 43148
31886 38122
5300 64129
19694 71615
98426 10374
39389 78599
24285 75695
55056 3008
23215 2404
96624 49342
10323 48066
20700 90694
41889 84057
81348 68756
90372 34415
78831 44821
41947 73083
2998 42510
64699 48875
72551 48147
62987 38335
41059 29200
77862 25227
82079 65700
49821 44409
62215 23137
59123 52133
59447 846
16671 75935
85248 75141
21037 87724
9129 86741
73565 91206
85387 22657
41859 75863
180 36414
14757 81346
15749 80217
34688 70234
11860 94607
17348 80233
11947 28660
48275 6827
78823 34605
81094 42896
53978 8437
6152 69885
41673 21948
64441 14827
47214 76963
12844 91943
10231 81217
7753 99761
5093 84769
86828 94109
54766 81634
46372 92021
17820 45526
23989 82644
73228 52867
63542 78956
25744 71909
53876 54081
94541 55594
85741 3245
78046 23956
56118 78266
30383 48475
8854 78475
50850 96648
77640 33267
29550 39131
45277 88315
18171 90727
56632 81697
58951 44944
49968 35124
80708 25780
2513 38585
61335 8479
16379 58409
34299 6069
25954 46352
2620 60012
15372 58512
60221 85679
26966 39900
71570 43676
42576 41245
98694 24487
96988 24209
74295 39829
49651 28006
11061 37090
55200 94980
85415 89019
56066 29856
46213 36741
90190 97994
6399 15028
17068 99328
42708 68309
22421 71448
85308 44804
87323 60442
11903 12534
66945 79300
56860 38577
44255 76005
963 23311
60607 9442
76347 37151
53187 37203
75101 48324
66685 90439
65686 54676
29716 10876
64713 33146
22374 328
55755 35348
35424 85171
55782 33941
73672 2234
30358 57412
68244 20846
52879 14972
14288 31827
98805 67690
80508 98401
60130 10738
6700 59879
75843 65483
4486 21667
62683 71774
3655 90635
48832 64426
76607 71559
62521 84291
99280 14452
80870 40015
35315 50850
97848 43400
35283 91895
24244 56093
87727 87147
76596 85136
32060 51018
2214 62521
12417 67093
15979 42593
10394 45217
49881 84616
4566 61942
73306 84225
19257 41841
48459 76112
75483 78498
77854 42195
69830 2927
57144 45782
2619 38511
86003 5981
62830 89968
33021 44926
37478 3666
93912 26692
478 12330
3736 16078
53479 72576
65896 45805
38148 74833
95397 48841
97676 54157
72097 6525
79243 58010
21761 59927
77601 20463
23584 54105
29249 3738
11690 45339
61524 6171
78817 30694
59156 64390
8284 38650
86193 46437
45571 67753
94671 72948
37972 33402
89862 8579
9697 98855
34241 54936
84112 95455
72288 21610
27258 75909
36374 49543
49388 4014
48523 18863
66505 10247
70714 66326
68805 45806
15924 50854
25356 97556
91260 20795
61273 28257
24682 22117
24959 84528
67208 5801
42980 29774
80663 64801
71009 7935
78923 26807
45923 4954
90507 26766
25901 91464
44850 51417
45908 28008
30065 47810
57153 83118
97354 26309
42419 32128
94230 11730
59610 2968
26337 23054
70493 23621
59113 16690
78645 68201
70306 12075
84400 25340
47284 18936
31343 39880
25307 28496
2376 28075
79655 41369
29060 600
85882 93298
52418 48470
5773 11082
12851 84671
69962 5382
96284 85698
94323 43583
41175 37570
67002 34050
9874 4853
68263 66062
782 20742
22390 32729
49697 51252
35414 72652
78068 69809
27179 37890
93414 61603
99820 82765
64872 92230
23077 40849
33951 36679
42359 36999
24806 3723
65747 61148
59081 54918
63299 72847
58410 49925
89921 80182
77247 90085
5662 88537
55154 73849
56348 89366
18848 12903
40244 99260
75771 9260
14450 87984
28424 93620
35252 53515
5826 86114
44622 15385
47125 66702
87720 99035
34019 59970
30654 1094
70531 23613
1343 34818
34109 50800
31024 91949
3311 94659
76486 48469
67371 26353
16431 7361
11510 55943
88394 4713
38411 82857
11786 62297
91062 57486
23095 71763
64090 7423
84652 13289
12876 98268
74266 37127
3189 20055
77444 9895
81459 67158
82369 25306
72344 2261
66878 43718
11498 47074
25177 99939
88482 99392
62311 57053
63021 79524
33262 32981
11470 73787
95852 70816
41402 1858
72750 38214
81594 55948
59642 28804
31436 41280
55270 97675
57315 80025
7678 92991
92163 61572
69570 9144
47525 33253
68997 26340
9369 17170
9647 74979
72063 75926
9820 76042
34221 48720
40476 95425
27660 93777
79505 29989
75323 84002
73523 95302
67179 93244
15119 33290
2561 15341
23556 60168
11927 37978
35909 17230
2970 48375
1114 65180
90413 38417
96894 52967
23237 15397
47458 63607
16492 38886
76297 56553
74143 92154
10250 41197
59088 638
96178 22281
60164 41086
65695 4500
83477 82110
20069 22812
75665 39284
92621 31873
69145 28618
87697 43319
83139 13825
31682 12360
97401 73705
65570 8240
46200 12042
51370 63103
10354 3743
4773 18619
56524 42774
27699 81787
52161 17905
40871 82189
6941 99751
63370 34864
47042 97347
6742 65051
12134 71684
10939 90901
46483 31772
41053 50714
54054 8946
436 98012
96561 34112
83530 86976
43322 42773
97249 78493
96985 81075
47243 34401
37022 80306
6192 22923
49384 32380
13707 50674
78159 77135
29261 80540
53851 16990
73369 75176
74 46544
6182 51909
92622 36735
94689 86296
50797 53819
48552 88154
48448 58629
90095 83128
94388 51220
60799 82609
89196 23795
51154 77308
33724 64225
52761 29599
13712 85839
19414 32857
79299 7014
19458 30457
70984 65439
27752 19748
64261 85416
15912 18899
72403 43942
917 15378
30143 89549
30103 355
83852 41994
61674 86969
75055 44058
73277 27165
85042 60880
27221 66189
77905 79987
67175 16632
31520 31229
51265 48739
31266 17213
8929 97671
51763 92374
9692 56272
1568 90590
28665 41247
46954 62048
4884 32778
88615 78778
82940 39031
19969 95872
30676 82148
37333 69879
35413 14722
26292 58299
91083 41845
8165 80345
14132 35670
96545 15189
36261 97649
6006 52390
53156 68871
43781 89877
4750 28237
59493 78626
40307 9900
87645 94079
37845 51199
89325 14642
44237 35608
14118 99191
79782 87258
42221 46812
87936 14528
70620 81988
97358 86581
1217 97701
71000 25115
71742 45866
67610 86596
87591 30833
65411 34780
87815 44941
44119 43677
37147 73701
71534 29720
81461 65748
22547 88435
4858 11847
77669 77766
84677 12418
74809 54461
72610 37595
83734 5881
27251 6781
22007 38991
71503 27975
67053 89255
5022 46635
22907 830
39326 47183
51160 81476
94241 143
38160 54559
9773 80921
32035 48391
72218 74191
53701 2984
46488 87273
1948 12451
52454 20528
62566 79564
83804 82756
12080 70925
57794 55511
56831 29762
15543 14992
40747 58780
48523 60362
36159 29374
98436 71506
63419 3107
10973 48396
18226 70358
66115 54350
4780 66040
84215 12611
48293 15133
88110 17353
45740 65295
63188 4404
12261 25930
52740 46665
66824 61822
74002 34819
79648 88337
60417 72178
54092 9466
86125 43511
11137 82215
867 31882
91686 1400
4548 67700
97590 91073
85126 61653
56162 30796
65234 28895
72877 13941
21895 97656
83630 21612
59094 92765
85777 19542
73956 49978
63446 12429
64363 87282
84913 4507
47897 925
41064 27395
25615 48869
67576 41465
83523 24712
83825 29604
51966 43385
66837 33891
75935 39679
17213 8421
39767 10325
16852 75951
29995 45128
11578 66171
60821 52700
71842 54067
70531 2120
70868 84442
30775 73013
98892 16227
15813 14658
697 56248
73944 20003
11775 39284
93613 50302
4469 65225
6581 19884
64264 18268
44472 72254
52790 47748
7917 10326
33620 7534
92451 77257
3913 96092
86940 60420
38608 79745
89292 64132
37210 9158
55678 65148
1066 26409
35343 1587
65527 69497
74129 57027
21709 75195
19690 69084
83852 82760
7250 58686
6376 35084
97625 22275
19111 26153
22174 12563
82662 30898
96153 95821
32149 5168
68146 27237
17142 81889
13479 45440
41922 53172
42058 98073
42404 1678
96801 87168
65403 29064
76453 81398
39388 79566
25123 93747
30895 81825
85022 74976
39501 57558
79243 64989
39144 78422
77555 39676
51491 796
45780 42052
16886 47898
57825 26415
30347 92596
76605 23660
22020 99682
39140 55582
84082 61235
76931 45882
62271 25733
45275 74157
26118 41422
6018 16276
91221 75478
51585 87875
27346 5370
88343 95039
17363 80491
55636 72035
34660 4429
85183 18175
94117 42265
35761 75412
85002 38843
28920 51129
33785 48884
43765 60665
61071 2169
22078 8883
27772 26866
34333 9977
8258 81948
7502 13457
58170 22280
95333 90039
79535 2297
4230 44217
36992 95562
7243 28858
28450 97030
43074 8719
72028 65998
90924 43653
8842 78583
88159 29241
59035 10217
72709 54334
18579 87873
35931 26619
44873 13007
12211 45258
35402 22201
25266 18811
42388 71254
17811 37231
38268 65972
89570 16573
97193 79475
51489 65648
56694 80200
15078 19910
75572 11483
97691 86547
24933 48233
48413 63196
23555 31618
38558 67613
75447 72748
24100 82659
61250 22398
25319 77939
57111 25478
94774 87329
86655 45892
54483 83098
1812 19725
5138 4219
5094 90984
70110 26999
9721 75380
6101 18132
38373 12513
40007 47982
78997 33810
38202 50515
11976 993
71849 42086
86739 99963
79328 74237
33534 51232
54754 1763
31874 25828
32932 5622
56625 94833
81839 86186
72142 61571
30337 65316
76913 24362
60397 49599
64324 75180
93814 66123
19880 81344
3832 94185
96401 12755
89600 80240
98854 85031
74638 32747
37250 90064
6682 38233
78742 10485
18125 39372
92164 30709
20355 46474
13093 55647
29680 70191
69 35064
9880 88201
58466 97849
73524 56699
84016 44655
69876 6491
99639 73914
18136 71859
90707 20174
30614 42723
25396 16084
85336 75229
78908 64010
90682 65256
62051 82431
84112 97503
87446 65688
21278 94255
87060 63566
47710 46044
51216 71534
61598 89884
23026 40535
97919 35706
64406 79359
77559 90165
43723 32303
3632 74046
99540 64674
6343 31038
44331 72490
90318 44877
45913 88459
426 34716
71776 7518
79381 11820
29073 77040
31421 42581
84022 22464
41859 79520
44521 40452
734 42605
41275 53637
80181 75118
44366 11038
61000 25674
31771 49793
14184 32795
26254 67634
59067 41008
67108 56298
75705 80684
54164 19029
23633 12325
34563 59956
43205 34662
88590 22428
60329 21293
2116 90326
87176 50542
39978 90365
81823 20590
41493 37859
62176 53448
67411 51756
57105 87884
17507 4560
91370 94171
40152 68829
59227 38508
95514 42900
74915 61515
41156 6120
45210 30836
70215 6178
34568 31868
26150 45855
43243 1993
3224 56080
15958 62197
7050 7384
85964 36399
61754 20338
64489 79673
9341 18025
94457 18635
77145 25534
80415 25839
38860 12582
39312 48707
71843 97065
58965 36538
54884 32804
94989 65595
97797 18952
12552 86688
68882 53593
51245 2009
66763 36815
69589 55079
12163 24248
58925 61633
29186 26036
52312 23218
37124 80184
65707 77304
96440 83276
66032 11079
60611 2029
99011 75940
95482 45707
78648 47691
65035 27372
94163 49226
59861 86088
59662 8195
88523 55882
28631 24366
20948 59285
65551 47380
74350 87261
67116 28405
65991 73738
22296 8291
28899 89593
11663 36069
54297 75162
7301 27477
51702 74003
10046 87618
38456 78171
76532 35503
7219 84416
76981 18
55920 79874
36579 48758
28937 39541
76530 22041
22575 22371
17324 34703
95652 6536
8240 87037
41793 89044
74735 1535
82257 42797
51887 93026
19828 39018
19848 69642
77085 60825
12233 96846
83573 2810
10483 96663
15862 41089
46173 37221
98064 91832
3055 1194
95719 34746
10631 61580
30835 63962
80087 13639
36190 79994
29860 75657
58442 50676
15369 93749
32841 92725
2482 69185
23875 17916
8898 57239
25107 51552
62509 32791
95690 89927
42654 48628
47595 32688
48435 49907
85933 75594
52284 36815
38813 89274
4383 32984
31737 79769
29431 46318
78453 72436
78992 77771
69338 84939
35565 93143
19106 96754
62979 71057
21278 97906
31803 82477
23312 96361
51923 14512
37745 76806
6334 32950
37388 45934
67743 28717
45473 94490
27698 22775
12227 42327
92868 32012
12122 56132
31734 64662
18690 24119
31070 98291
5002 84089
5861 22966
9814 98053
72426 6725
2974 74893
21757 27869
21869 91285
18021 394
41506 23414
2939 61744
22034 55100
57773 11461
34820 25737
8444 52564
11956 41712
22590 58971
76912 22074
49340 54893
32030 78180
91445 51570
71252 51231
82874 71810
6783 82127
16752 59854
71293 93773
97777 82231
37730 60421
98571 69396
23447 1433
28863 79313
20118 6844
85795 89067
25488 57175
49089 59348
31751 49927
30166 20341
14548 48605
72691 7175
75522 63485
70336 25657
57649 33855
44276 20654
69972 4050
75454 5276
40979 1716
91167 9933
93226 48955
7053 69121
42824 16975
32050 10891
26321 54125
19563 4048
81693 59174
51242 27819
26774 48413
1813 91884
19550 83917
4740 70772
74215 57249
87654 39482
24345 87962
8669 78025
91215 40173
97949 54496
77594 30242
58801 74192
72701 49622
65943 11042
39087 74138
60351 6063
98876 51729
28719 7749
77316 67702
63394 36873
7259 65972
15620 99087
43687 11052
20600 9412
21702 79506
41266 26085
19077 36784
49086 58597
11497 14594
91255 62443
32426 53817
27984 90993
81171 31128
88687 35142
78596 97050
1293 62829
69584 78058
55863 26172
87551 10409
30544 87390
59501 19115
39789 12530
33033 70586
87575 62505
11639 76850
29773 17515
50191 11043
59839 74707
2907 61651
28724 40047
78717 70681
36869 23585
16967 84771
42399 45152
45857 7441
22821 35800
14758 87511
93964 40454
67943 7167
15678 80732
54214 5061
23480 42691
6813 16697
1867 30420
48693 66721
95358 36382
74319 88180
59146 81316
75167 55488
59773 51708
94059 76132
74520 5392
38192 87383
70257 15937
69214 16543
71570 36927
11255 14011
7320 55378
74708 80186
7348 10933
53696 80386
35181 9653
6490 58154
90525 64150
77144 94207
59696 30702
7967 9923
95048 97800
22412 90185
85339 80355
73998 33595
8563 849
90729 98452
11693 8600
54292 26694
8795 44660
66460 63702
70338 28947
68223 99067
35581 86167
21490 55874
89816 9656
38364 41709
69845 31968
33720 81647
9515 35021
86935 79346
94241 94386
73084 80049
98040 72854
77566 94206
39551 93203
51593 18525
19004 35128
3453 71111
6506 83080
64013 21097
86101 91865
88866 5922
27040 86550
71734 70856
39647 7518
54649 28580
24573 33346
80912 13329
14776 27690
56305 2561
49824 1905
74567 47064
90267 58981
78356 45199
91300 48392
85706 87410
99239 91282
55473 71682
16231 27116
27749 72724
1945 94774
54805 28593
72454 96514
51109 79988
39021 6614
78541 96655
38622 70350
18903 9798
62912 80953
97477 55730
41292 96983
84808 84575
48719 73281
59914 14574
77900 9537
32934 99188
92824 72981
54442 14329
52956 16849
41884 53562
30327 90234
60466 41896
59450 76203
90520 92135
31049 27476
75502 84784
92929 88886
34280 78767
52940 15144
29932 34437
9038 65653
64055 18343
49852 40188
16537 96797
73696 42351
93108 42180
48535 16500
71521 33837
6226 93223
82826 10075
97016 9430
97521 24265
1155 71203
10440 26722
89439 64326
42551 32487
18286 91849
84186 48013
31462 70346
26656 67164
68401 4092
15821 93425
3788 92678
32152 68956
936 77602
15982 79395
44653 48799
96941 40318
210 68160
95914 97817
8998 29275
56076 13909
19466 76411
21870 55782
12565 6111
69569 44598
29775 49176
4679 68385
66358 30415
32761 25303
11388 44284
92611 48254
73734 46928
47427 67150
92879 15372
9677 15602
13763 26824
67049 85709
46532 4813
58644 63283
22569 90107
87739 74060
57178 31396
42115 30900
50229 82767
46116 74174
63916 59062
72681 59692
29285 6920
91569 53401
3096 31624
38449 11567
80341 30380
48016 56689
98235 2111
30186 66707
41474 65375
51790 18812
50642 91711
41664 89387
13546 9062
43543 92431
89594 53583
31424 96206
68233 25223
35737 39967
6640 49107
49655 93072
13948 76967
32769 7648
8560 5615
76722 74278
76737 12778
4187 1256
62968 94762
76254 16421
84276 6325
25780 80332
53093 72135
37128 35938
37970 10158
46906 20481
46228 72044
39902 38547
7769 28185
43386 81435
58210 43295
15723 99660
51717 15836
79104 96848
17291 43075
21054 54946
39379 12987
38138 52564
81229 6046
95906 30602
67680 51132
89205 78941
518 35382
22886 99962
4746 18147
10013 47936
16048 79342
36054 4774
36686 37141
38463 146
39243 40140
25886 61186
91623 76728
26186 21959
33683 39829
78573 59686
78580 52529
41224 59573
54276 47246
19407 14564
3505 6244
21993 60017
14173 70908
40721 89746
78012 89174
14584 98256
83673 20612
12064 72390
12337 6637
9058 60582
96470 50283
88745 39508
52621 84333
36277 57097
64464 70422
74810 96465
51278 67324
18814 54125
96998 18314
95550 26354
95439 89054
45737 65865
86579 92651
85539 50221
33424 65176
21828 15280
65270 80928
94519 26998
29419 80945
56924 83831
89674 43917
40422 482
7743 59659
12797 36405
3277 7126
67132 8166
94728 4685
57652 18749
24603 63330
93000 25335
86116 78107
50127 7621
2099 38740
5398 43787
22319 89435
63963 56097
83312 94387
12819 54613
75302 44914
91460 35560
55121 17634
5228 59724
10950 58211
77240 57516
72177 40232
37934 91908
15917 46934
9860 38565
38574 76232
30694 9235
74967 21965
51572 56518
53220 66536
81537 86764
9890 23887
40533 40101
92114 24686
31852 6
61322 57665
49717 26071
18771 41245
20020 18101
31276 12807
52833 57521
89797 93787
28391 2190
45317 2055
57285 52263
67237 20973
47056 32167
69843 38981
4783 36559
60816 51288
82942 99507
46418 23974
63212 16349
39363 82305
54109 97001
13728 38640
61832 66535
64314 2893
91993 74461
80633 5735
79793 55522
17620 47521
17377 27876
99450 93393
83923 61379
74476 62306
353 59316
52256 14578
44444 13470
70944 36597
1574 99168
67593 22256
42776 9449
68077 49214
24061 41983
1809 4911
86005 24505
77743 84740
51059 80389
8309 4180
87296 84611
10021 63915
82358 88519
50483 11589
29509 30971
91018 98167
65969 41786
96391 88039
98129 7607
39452 99151
72306 8212
57263 51134
2291 83723
39032 23862
97927 44937
25094 75983
86198 19726
35707 39155
18427 28910
13388 73856
66503 12211
37698 13481
84189 36792
95323 18133
87764 56655
23401 17823
54424 32125
56498 5812
81354 84793
18798 77176
58107 78448
92365 56609
98357 20452
6126 76218
35474 32712
30633 57346
44611 71366
49350 93899
57194 40089
69220 20763
85664 37747
72371 3950
87344 12760
48506 43762
14746 27041
58866 62953
57009 18363
89192 51339
89661 94469
72767 42849
79450 9653
62572 78091
18167 69620
67192 45403
38808 64765
91458 97048
98325 2754
31738 22908
17017 14439
80551 29430
47107 72837
66594 66601
57800 22280
98873 96555
98831 8274
90445 70119
6259 63958
79348 19804
93509 29757
37432 19931
92840 73733
9685 46284
88115 89884
10911 4106
89747 87465
22586 8642
25638 29508
12480 78937
1856 85785
41087 99267
14474 72426
61976 62828
1662 22826
23201 44179
10797 59714
97316 38410
60761 90735
78974 1880
25403 71938
39937 21399
3262 28415
53938 90006
8738 67263
11915 84119
78618 93198
30618 2546
71470 99053
92929 40657
16314 81617
23860 882
20941 90722
66398 31208
32939 69661
37756 762
22796 49939
53760 1891
96634 1160
63055 98768
28247 44852
29092 1797
18517 24293
11339 34585
4156 73787
3110 6325
36807 86699
16300 18456
67495 93949
64261 48406
85023 75214
26319 9236
64102 20143
85788 41422
98440 24803
62642 36786
38277 57829
59081 96866
74257 47136
93649 48118
54130 67797
41129 30872
27813 60313
11081 47494
37978 63540
87673 56115
65331 94467
71735 73958
8617 47574
54678 40857
20935 53427
21241 56859
80365 21969
58844 3567
54094 36062
61900 60907
12722 43834
85801 58778
99413 3897
58123 71866
72166 49413
666 54399
57257 90970
30453 75278
36246 9321
24556 35299
95447 39349
44646 16171
15758 63768
90460 8299
59533 74207
86780 63319
53147 73482
27143 42491
39702 51246
85747 76566
6476 4306
35561 33242
18880 13941
99400 71534
94028 48838
24992 12332
32985 32811
97944 70243
65896 94331
85706 95381
51628 18692
897 6874
77390 58405
36481 63708
91112 87445
45472 94009
85963 99451
75397 49733
55705 54195
75120 75717
95627 11439
67794 6708
49932 40436
53904 17154
26107 83321
96932 1584
39982 57291
70428 60533
22346 13868
32249 24316
98219 21167
10866 88964
30531 51294
52046 21534
76435 87605
12237 71699
23891 26660
53504 56508
89968 69584
51437 71944
10504 34258
97100 185
94512 83542
71724 91047
82447 61150
57743 38683
62240 43805
87113 63573
51188 91165
27781 94536
87917 18105
84960 67736
77701 63683
99628 33827
4293 68223
44847 33621
1678 34758
93857 50290
56275 59013
39633 64080
63709 14363
34529 53594
94982 9246
10885 35182
51326 9079
75337 36256
89386 54337
17640 85205
29055 99438
50037 58153
32651 97730
27382 24489
49037 80694
95299 56794
51608 34582
62156 69872
88308 66180
40689 94520
62077 32019
77575 38606
1282 80780
72794 78023
44231 62732
36357 89321
23908 33284
44891 62830
49987 27288
96482 58021
9125 7425
63443 55153
10430 23435
24508 648
40597 3639
39166 213
10213 74554
59438 28470
59007 29436
89240 34398
86854 51099
96951 32404
36881 15717
48479 17811
55500 48929
42260 68424
79959 48487
6544 4119
38854 18083
44513 55543
26207 13270
65928 42577
74911 50133
75067 63972
52277 69384
1091 18788
59526 68268
96415 17783
47047 70290
7712 86039
94246 81310
92971 41778
84930 69896
83162 78957
3214 6142
38107 89021
56914 44256
96623 85772
81354 71299
13836 82394
80357 11951
63484 41594
66599 82881
37500 75280
26215 84266
96670 89530
86386 28333
69223 94628
83430 36709
73361 22098
40184 18493
6666 68442
89807 1334
14964 81415
37190 18532
9475 26487
89134 95729
1378 19134
41161 52697
27182 79105
1936 90349
68953 91772
37903 29488
38025 7869
61444 81853
86870 48166
32771 65534
83663 56047
4116 37206
73622 21697
84275 34841
97695 82364
34320 57487
66453 95506
48653 23861
98230 45162
70467 63483
61330 75070
60477 44486
43279 92029
11834 40208
83144 14026
88591 70147
27753 31610
74499 65922
82549 36794
89106 9473
7009 31560
68555 23592
13398 81845
75186 22835
81522 13481
50782 75476
83591 22079
15228 92720
85051 35972
56618 60478
94727 98748
6493 13868
2456 66238
74428 66169
11569 38995
90146 45020
89095 26970
54272 83132
85251 27047
87192 36277
16740 8416
92739 93369
97146 20255
94284 81869
81740 71539
28275 21608
35891 606
19212 72215
67421 21848
8733 92284
5643 48170
30115 33642
22547 60373
59373 11723
44222 23305
39136 36154
84491 72366
85617 78985
95339 73022
27566 8125
26019 31400
23702 38669
7565 36591
75196 25414
82775 53417
52456 57610
61058 5953
72021 4620
95876 90998
13684 5781
86823 14330
43080 16035
48680 65779
63913 613
27512 57021
77121 91488
50079 89029
81809 9069
34804 6064
22957 70936
80454 62834
94812 37474
5078 43448
97721 39041
38202 2719
76181 10427
67196 73786
40946 11950
24089 46735
92169 715
25347 84411
44389 29814
57695 89450
34182 6056
38152 37791
9440 98061
66186 7058
85689 12743
10983 25197
98350 82281
13142 11759
41230 32092
70015 2249
42237 11581
27904 5219
95987 27165
96587 89912
74459 35296
2790 26709
30420 51103
16585 27998
22291 66054
60484 32426
11295 98806
31702 75202
74452 98884
17815 4326
59425 98648
67535 80967
9066 57231
71004 22222
11622 76282
98736 7924
5570 58013
61841 99304
6844 1648
97048 93932
18024 18370
6770 45304
22607 3953
2626 31926
78891 15538
37885 32100
59821 27888
18892 2389
6807 55877
22094 22064
14242 12642
46099 55152
26010 58029
42626 67714
59356 19230
1780 99306
287 41441
11510 57822
13928 6103
49643 73129
25972 83444
936 1578
15826 50690
36695 95090
16070 2077
70708 5482
85576 73270
14771 234
91235 57392
40248 2723
85430 94182
49949 99127
1622 14499
96304 52923
202 29224
60114 92860
96046 54857
18361 91223
5905 95664
1134 88415
54903 66201
11280 55386
55319 3989
54320 3749
88957 95527
26323 82764
41930 45609
39251 94131
80175 73416
29982 83536
72246 27172
61109 6349
26585 3922
77583 28587
38185 54938
34451 63962
53256 80376
54849 74754
24815 735
48810 14782
19305 27409
77907 67292
74710 26536
25303 51102
2473 46961
32002 28635
38986 77196
25462 75710
1589 32461
93866 85094
73242 53598
22694 27717
7579 76123
61032 1922
8944 98388
69218 27479
8614 46574
65977 81907
76924 48546
18696 50456
26821 36637
51739 17630
45352 26815
86964 92207
45571 93724
92618 24873
37284 61502
50949 59327
30063 34528
41699 7576
9435 22964
48566 10958
25204 91327
57636 95057
11130 53368
51782 76770
28705 99916
41705 37016
39568 54557
30256 71614
31394 11486
98159 49171
74887 60345
85138 55624
52484 38697
23284 52838
84815 35520
89033 28742
43924 39458
50068 27254
90611 17960
81873 87803
65759 66079
75693 14025
29888 25414
56776 74797
83250 12627
1754 35268
59812 64463
75564 11745
88378 24949
95930 60651
43660 20759
99960 14684
23461 63161
72426 95555
68068 86868
62122 37091
87006 73429
48389 15794
6426 35035
94590 16379
28627 37404
56138 47324
63738 44320
25011 17289
61394 68837
6134 66599
67570 50874
98820 17074
26375 12868
92676 55959
55631 78715
35504 55898
24382 92782
43475 68466
63773 72667
44402 65928
5542 48312
16992 40060
20266 70477
40039 5600
8747 92215
58534 70138
76930 97863
47022 34214
20122 55617
51172 47954
86611 58750
4515 46817
13408 48522
67767 27913
55049 66374
77954 99669
29162 84327
19418 56451
49522 96341
57001 83654
34245 91501
81452 17477
87995 80288
45909 73339
71870 28946
10282 47253
99088 49211
74563 76183
40579 32713
95983 54327
39583 36444
39120 54848
57343 38089
9498 30929
53460 29240
64888 17756
40192 56166
49159 62343
72509 68484
53177 45294
53940 98806
96948 65407
97990 45044
58737 40188
13287 28364
67133 6653
91101 43518
85339 96107
50181 79807
60159 20262
38639 6871
78708 77280
20605 39075
34104 30432
22440 99091
86683 15969
47995 57421
65476 92464
13622 91880
74219 90865
64588 57266
78944 75482
22085 2603
69315 75446
49245 23560
86026 44099
5219 208
30110 95156
89403 8706
86557 45489
90045 17230
95066 99954
46227 51415
46393 85320
63263 2392
69844 52148
33203 73467
56344 94446
22294 30723
48776 75967
63686 27492
75449 6471
66993 56773
62581 1144
98298 40773
43640 55864
25658 4339
56918 56099
8189 47445
64563 94760
96545 11490
78921 61319
48186 94408
21222 59001
44433 29255
44299 67048
32928 2195
77454 69522
89623 55638
78489 15626
8955 4555
99048 27415
70402 17445
42575 23412
57720 50790
43122 14254
28444 41384
24972 57161
90499 24344
9224 70044
1621 26773
74827 35312
25931 71254
65448 67748
77111 75905
94890 17420
96220 99605
43918 43662
3346 45441
72230 96515
47268 1322
63287 28604
73777 97673
21915 80667
13838 24715
13505 90997
84098 86447
19208 38775
58024 64427
5735 94270
35089 81896
53608 95325
76319 2273
60104 26427
2539 85864
20121 73138
26529 5026
16033 95346
82719 7301
32985 77851
97465 91713
46990 18535
48120 15860
66370 63037
44694 2708
82764 22943
47747 21578
96980 15613
80132 33553
42616 71616
86030 51387
47979 37056
19919 3244
62544 48718
13990 82973
2051 77291
63334 63610
7408 10671
54327 421
28154 40355
63733 94961
90966 11335
3791 92359
22061 80525
78473 3396
44190 53852
39162 56505
16153 30638
38799 54954
26629 67922
78022 44944
53434 66379
76436 40791
33960 76078
20384 67552
10767 35080
29125 66560
15877 7638
72884 19584
19251 37036
92496 21179
56824 45551
56624 4098
15396 42202
87552 75835
50750 83037
38592 30366
67199 20953
24259 88599
74709 37637
72914 87079
95777 64300
12839 89603
92249 15181
56658 34547
44167 4634
56312 58868
93320 56633
98190 28151
93997 74150
73282 63008
97597 7119
81587 48007
78097 89591
51412 34042
95735 6547
93037 77113
33009 67120
13914 2169
82963 26059
63754 20354
23079 64535
21249 47921
46188 34203
59062 29559
86643 86353
74934 7159
19809 34089
42655 79404
58353 81156
15366 28289
6447 43673
19058 88279
27677 48083
55742 96291
77330 75952
14011 82060
92949 69572
18955 75473
16007 11796
54215 72834
49751 13532
32667 21538
68651 24009
61317 812
67901 27264
23833 42507
78268 61941
30463 89664
51175 66229
86835 15391
70870 10141
58821 32018
69521 80224
23959 30101
55670 33572
46498 54136
72279 45605
28785 10497
73274 43601
99619 60775
6839 74475
17229 18936
79326 74921
91734 19475
65870 52118
42490 69359
73311 64336
46632 70643
3897 32811
51844 39291
32859 49580
90245 29818
51253 40814
58680 12754
97134 78881
17531 54173
88670 29830
12035 78152
40501 51860
36822 85651
70803 9654
76434 67442
2862 40619
37540 82639
85711 79397
69170 10405
5588 75562
64018 26534
67120 43030
83312 98231
5991 59671
82220 12175
97331 18352
46298 8987
94529 99447
53312 88061
88980 25462
41499 62728
3745 56589
81018 82150
42322 27918
89281 5106
37700 48832
76872 27710
76360 57918
70202 23279
92101 22037
4439 12124
33716 70281
82418 10866
84131 11088
18035 1075
61139 45653
373 26322
6906 16503
96137 4888
75714 3527
22578 85123
87336 9902
96839 51810
31774 9092
82485 34618
88073 43130
442 18404
11555 36497
24043 51884
67930 43073
11567 17204
44303 39187
70657 47695
18937 31975
90834 23174
20416 73903
71300 62966
14242 93810
3056 6576
19217 40842
18081 58136
83570 67206
58871 67111
56191 71881
68102 27849
35686 55273
43924 11616
83721 5521
32862 11231
33692 80895
35987 64783
83690 68519
60407 23021
57361 57390
30562 35626
17281 53007
66367 56010
29248 68378
13389 13062
15497 99056
14369 31242
32808 64520
85602 15959
60288 57358
69708 8002
34373 81566
53390 4275
21506 84013
93516 167
43157 85249
12733 32335
46254 19700
61613 62319
58100 43445
17597 13600
99007 36422
53758 49102
95359 98239
25498 99194
31187 11594
14475 76697
59123 32229
85186 28243
56904 6211
39105 67845
27598 10731
94401 28671
1240 44119
18925 98087
29740 90807
3173 2005
20515 65996
55101 81237
58027 33005
38523 82152
77797 28645
77532 69922
85223 62034
86095 73613
17114 31816
17496 26053
79421 59564
38831 99003
95136 85466
67583 49523
33706 12832
81191 12741
93780 56800
42332 40479
50284 32018
11685 34369
50579 42239
57566 61568
50559 76167
726 31587
92666 89244
85872 8809
67969 74533
76294 5506
58405 74204
6529 62577
51789 33456
82210 20049
61651 70212
4285 34092
34690 25518
80409 12357
57727 74873
11857 13968
45853 30531
96309 68213
61735 6496
12106 71824
93978 32405
30982 28916
82536 64734
41973 5187
10582 63752
39703 73272
70494 46231
8831 66621
43790 66690
22005 8693
43784 81074
32437 90867
71200 96423
16687 8225
17025 92979
16197 93659
64104 46140
83695 36561
43143 37342
78874 97448
70372 18503
4933 59162
36439 30266
88162 73553
60111 59437
75835 66960
16590 96426
68843 62250
94728 77681
86593 20553
4776 92725
51585 83336
55820 11067
79522 19418
13476 23774
91728 60385
80598 68461
62219 33751
18621 56491
93127 27080
80166 20431
44811 8054
49617 43330
68818 54100
54998 20995
16396 19820
71581 13734
51006 49273
92421 68624
75710 30349
8958 79933
76664 79853
36367 27675
64140 30832
50512 14028
23981 42659
433 86568
22659 95495
83858 74425
95466 71282
33929 87036
59409 27018
68319 21223
48380 44397
22579 67357
62115 74988
47893 37468
82960 58219
59116 2288
40101 75619
91345 99965
81012 61985
82002 78425
28197 19492
61840 58414
979 67234
481 27581
34287 36100
26766 39222
32316 90949
8662 89154
66993 49111
93802 27609
61850 80638
14831 3084
29336 18450
4799 6812
78204 24098
79176 22368
60496 80684
85931 89924
41422 22726
2430 64293
36710 57560
26187 65109
79037 40255
4879 98013
86825 56620
51196 90134
3638 84611
51383 23119
85060 28125
16570 62763
21350 73030
46195 69504
28900 94143
7843 22520
67162 28861
28641 16435
43735 31432
88917 45988
74431 7069
22813 18224
48138 78605
19179 12402
98850 79452
37764 16154
92809 99426
18274 47593
47729 95565
76884 19190
60833 59422
5369 50284
81239 17927
29673 6762
19489 21075
12684 75329
73538 81438
11936 11738
40084 69497
12439 28782
70176 22952
46358 34091
18727 29923
8312 30550
50237 81144
89929 91971
54984 62567
67628 84959
8357 90533
42166 10503
54980 53274
24112 27118
74855 95811
91576 64379
45927 94832
42752 4776
35983 59271
87918 6276
62975 88095
13819 48754
52682 23206
45364 43720
67832 71388
64316 24049
71301 78678
16136 45260
86560 45596
72193 22154
27565 18314
92422 3411
31652 12371
89767 39746
90543 72441
34731 85925
53872 36695
1739 3006
32344 81304
64917 56996
77713 96188
3306 67523
64342 26874
48736 94231
62294 54137
10240 84021
34292 36021
56809 8963
90601 27745
74475 91227
99393 21343
62925 11916
65850 58633
75560 87321
69256 15628
91114 58904
38164 55624
30772 29331
37528 45681
6908 94283
25348 57297
61292 50864
79773 58307
48545 28682
79064 9690
61677 12884
96515 42616
21813 81787
57725 18263
16339 6019
74521 16100
1493 18754
73279 70622
220 40963
94763 88732
29310 85733
8812 67364
20965 82106
65670 60565
91502 9640
76113 91326
1771 7659
38551 38116
85185 69393
34618 40288
61771 10908
85068 96543
98997 79076
22068 48288
31329 25043
1424 24154
62278 90503
97262 43827
98348 12851
53521 42633
4497 1022
92082 99501
39367 79842
6237 95876
28531 90414
83472 67333
77168 17893
29311 87613
47050 34845
65491 75341
14980 78401
30182 9227
55602 27216
91784 46109
7263 6075
88829 54081
31049 75146
22269 57480
19456 91288
36243 97494
91915 77235
78943 19876
74882 46525
34836 65247
72181 75918
83738 47494
72579 58607
14253 93647
66276 44832
46332 96674
48064 25075
37547 82429
62294 22670
51697 99630
21238 27981
65947 2140
90375 51135
18055 13471
43426 16676
60330 66915
3508 82261
63723 99850
96704 93980
50437 95046
81211 24983
7689 47075
39631 27897
38778 52411
40184 62186
15919 7296
11658 72418
93012 40629
3593 94418
58313 11733
89679 18427
9409 20235
55817 54164
46437 75128
85211 60584
32975 80433
63224 90934
90671 42334
66506 80368
13353 11293
74800 51420
63925 90300
83483 4438
51998 64354
39088 24812
87428 32935
62409 68000
25210 66071
34932 11178
2760 3475
67218 15572
94090 44623
83289 51612
56943 8021
76371 3317
87003 87393
66941 51526
62693 73572
56201 26889
13338 35106
91548 32685
41496 97395
95344 35957
27764 25605
4787 88759
10996 38296
7431 9246
99798 35809
5216 54697
99752 79016
19529 58505
71021 54122
78079 44807
80030 10327
23636 73307
29062 14357
32973 55766
99781 73467
88069 20633
35311 24151
47176 55644
71690 73577
54745 31560
55539 75525
30828 7869
64826 57589
74444 1997
59425 68565
26230 76255
88481 9429
860 80941
55492 55835
48292 73318
74604 2558
36327 28973
12939 76428
88082 88664
61449 21957
84072 95890
24194 53085
28765 68313
42757 54142
79581 71104
62678 57348
70883 5934
22732 37311
63618 52414
75796 29876
85312 15549
55372 21948
74454 94479
66793 4612
70353 56555
15921 89260
89076 70714
3682 99528
64852 18652
29289 30082
90618 22947
59756 93525
67973 37205
65 46196
21797 43406
85172 8513
29185 89308
38661 48118
28466 22049
69703 67200
63718 76725
31523 95358
86494 69154
19507 70630
10960 27846
97223 68897
30885 60404
65603 7659
98780 40659
96191 42452
50022 92637
64550 76897
56456 39330
4088 3275
59516 13955
11656 95102
52272 22231
62686 71868
63397 45577
81877 63640
38577 53687
87038 61660
40542 78165
87452 40035
63912 86600
86598 99999
39139 53676
68297 5236
98419 37935
95523 77403
64723 93395
24009 56512
84847 31184
36354 73477
56297 79375
37513 59389
20023 3376
24814 59121
12195 17125
74230 55455
64842 49205
72183 21173
87966 68346
19581 52570
68452 29955
84200 88518
311 61779
2059 79302
52803 14752
69551 80057
54986 30453
73326 63701
34243 38224
1048 63906
41110 73476
62961 43517
24289 5656
90257 42103
62966 63623
36547 67156
40026 64830
40006 86797
4264 52994
36751 87822
62380 57031
72069 18712
54537 62233
59492 80384
66196 79703
29691 85518
58454 56019
44718 87232
54989 4307
95508 47940
55723 56723
39481 20577
33462 58081
30046 51791
34119 98336
69076 250
90667 61350
68837 77859
42437 15197
44299 99999
4618 68837
32727 32310
92387 43953
26219 55269
84494 8486
26624 36157
6206 8415
3009 97
39799 61707
99470 73388
42259 41389
36443 16137
31391 62107
93070 79481
36638 59840
96196 23057
26757 18107
84556 75225
53949 3454
77354 65518
5733 18639
28406 56448
1934 618
69563 35125
26941 88701
81464 70852
38220 3018
50786 51099
41352 36969
64512 35834
26516 10787
33710 26006
91718 41848
73243 83351
31717 9050
74186 1849
25137 1328
17909 18543
68059 93012
32293 18011
94408 36629
44347 89784
82738 64022
29739 38641
10887 91981
14428 79622
68680 63749
48105 73166
5419 47164
4706 91760
94394 390
66956 52073
58674 17672
74877 3113
12005 67069
64161 2229
21176 91669
96760 11783
59270 68433
11701 26537
15099 66440
78496 38046
12089 91206
54581 97370
21974 46279
67683 98916
19036 33568
63279 33275
79497 91191
16718 32782
97004 25702
72398 78883
2382 94428
58637 31473
91366 93947
14656 22085
64388 26843
10926 2529
97415 48870
67571 97080
14247 63994
8126 60372
748 1322
17970 64849
52436 52253
19977 4703
69233 70446
37676 34691
43177 2282
43068 89878
78741 83125
71821 99909
66562 88837
22821 10255
60883 24549
44290 21450
84924 42004
7473 17055
79081 17540
92696 46473
51701 71003
6029 60154
27891 40533
86460 63575
94025 55520
62340 84631
96432 64958
86363 67303
44181 64775
550 99081
84923 52260
69186 30480
82775 43989
88190 34597
79411 81580
13790 49030
32331 9296
54522 37602
10803 82971
82268 63486
18383 8156
53926 66227
82169 55894
61450 12077
23230 62879
8656 81741
93825 44386
31443 91336
75031 70814
19140 28551
24682 27716
5510 83205
55543 9500
88752 15188
92783 68289
15278 64696
56057 87776
49409 99690
72110 14974
77978 31478
83644 73647
42179 46077
79332 70719
54 28596
33309 42445
16867 39331
98062 25867
48879 12232
16599 4896
46704 37233
23497 99078
35122 47749
55817 44396
59892 45468
11761 25300
44172 37026
42767 14102
32095 21208
35141 36252
53418 66579
74151 24964
61852 55227
4096 46241
66873 60685
35885 48122
20568 66266
46144 47562
67046 29670
69086 20222
66754 8330
68546 93882
5534 74290
14872 36405
17028 2015
28514 55800
431 77222
18007 69314
68494 58191
18431 67719
89572 53783
69432 4076
4619 82574
89300 78797
36268 56858
58297 64408
30056 14546
91583 47343
24786 16836
31574 74474
77523 25648
7677 19027
12837 58827
48204 48392
48345 42749
34315 51868
8049 87875
97081 32502
32198 50733
39750 44112
8259 95937
68345 40313
57640 57335
44042 88980
76616 89882
14665 63639
81355 93645
41750 95021
50189 4420
12166 24084
44477 8199
87269 68032
96351 3315
90222 55670
1930 88024
85845 44658
27755 73628
90973 78561
69953 73718
28002 84552
51326 4980
50513 15931
16236 6357
21995 93446
14022 77584
50054 520
70586 53260
24747 55379
89102 96646
75993 45614
94776 56974
16513 66131
41541 49545
72 21809
49203 23536
57000 72522
2230 48048
79439 16182
60343 78761
45726 35007
84080 21551
21035 85507
59089 14444
38847 11574
76927 89756
60345 6237
87855 67503
27658 73459
34159 17770
22743 9480
6558 87590
50554 81533
97999 5072
94945 2121
24938 58888
73582 75639
10955 20002
91189 61670
67041 77095
93345 62855
46704 39157
69071 63299
40784 82619
30545 49939
3723 78078
59948 21670
54467 54839
30426 17310
98666 54003
20553 19571
9703 52625
28091 9198
77912 5512
81604 20943
18635 71134
35119 66440
31363 92370
63225 21312
32665 93619
12724 96562
88249 19622
20070 88939
40833 1956
98599 22543
23013 94713
80199 84116
44494 59079
91685 645
67926 93953
45401 59424
493 2576
5035 76889
35479 68754
22393 92533
30924 92597
61237 8112
41783 52353
18277 31959
47736 55851
11714 59375
25058 6211
74201 31084
58365 75207
54125 34747
15973 37869
7251 76248
4393 1373
42676 13272
77581 67989
88558 77025
56200 6371
99668 67853
70823 9550
2441 80843
36488 43054
39497 37054
60576 49103
5921 15676
45462 50963
978 98512
57221 2157
72626 29592
71262 10694
41898 22407
55939 16379
82937 39012
54094 3261
21423 71370
21320 94064
73939 44582
2930 47820
81598 59900
19839 44799
51742 44355
78168 86282
50164 54564
4791 9407
39414 26174
22476 96458
4270 76741
69051 15685
22904 41471
31612 60417
94568 25670
48666 89252
12546 33288
91989 46854
60928 72458
43168 68275
10736 92065
86307 31852
97811 5527
70042 66182
43584 74732
79348 40329
78078 84947
60693 58386
16045 64720
82900 78417
1086 51041
86814 90188
7158 92402
22641 9658
62320 44423
9378 78025
77176 89110
45079 85625
78512 30442
86350 49247
80334 88449
34612 1891
85756 93679
97615 14562
17431 39449
69813 66476
77489 88347
70738 18311
49968 15171
45254 9930
25004 66931
56133 91491
91604 5187
74197 59314
70282 17468
33107 77323
57794 37406
26446 37240
28615 11323
98059 47797
29271 1466
31487 1170
35490 56757
42680 2805
51022 56923
30933 40725
66454 95406
40105 94368
25574 59430
14012 72694
22753 5901
31594 32779
46620 46754
72450 33673
82752 40246
95336 62892
51083 49
72563 30084
86448 85710
46000 83606
7730 74874
41629 42396
67373 75641
50479 28960
85902 41025
45516 58949
26102 14622
88370 30622
77274 7084
84558 19285
9222 59648
1254 86854
24437 57376
95920 92641
74971 41350
80824 5387
74908 71969
91038 64573
25330 73875
65397 3012
96490 244
78694 28479
18215 97421
40395 82821
37534 97503
57396 36508
10297 58842
5317 22371
51828 11526
5558 32329
31651 79773
41490 44275
4490 61742
9112 78106
1443 41724
88797 8394
99836 43453
45576 30821
39126 16924
53109 43582
66855 67320
47731 46911
26329 75971
59430 12483
45129 66371
12389 14620
1065 17204
59805 31790
54270 56675
30860 67378
12322 7413
31367 47444
12675 66398
99060 92854
94978 59179
34513 93611
11798 65657
97899 90620
54502 61627
81512 46855
54546 36567
54206 31163
93099 3402
87577 65405
64727 64352
42809 20421
22766 89948
48785 32258
27967 66134
81706 28466
23340 82904
38590 36523
29769 77120
38813 117
23073 82114
39563 80430
63889 59523
96672 19108
37899 83967
37511 31070
54453 18051
9855 22100
41959 90835
42237 10002
83473 71174
37864 43193
31570 46853
55676 95486
52098 24464
33480 26314
58825 63512
71440 52856
8645 95718
7275 71065
81321 51923
10245 10451
8792 93230
29631 83230
2862 94137
73322 95942
75000 80364
88624 3148
68822 34001
67979 47525
97696 95270
83724 43129
66110 24894
95477 93989
31055 74400
35583 96506
35619 40743
48981 70683
24129 59392
59415 17059
23874 84591
32888 49501
74228 12810
8481 56202
25559 732
27724 1183
26211 33188
16329 63492
20321 3795
97084 65142
27437 96818
23613 29349
25115 24793
52407 70743
9295 7609
47337 38595
93443 98420
34120 11383
30693 90495
44251 80979
31958 8519
49470 21836
90540 93065
97408 48554
84433 37880
88228 42
79137 80890
73316 35004
7472 37036
49097 25190
32770 82842
83796 43455
41649 60039
99801 39989
76299 53675
80318 41768
63730 25744
27265 72396
84218 44949
21295 36619
43214 73323
87726 10081
48715 96122
83892 48126
11330 24381
93901 76264
83195 38018
8153 97654
91085 95211
69675 98198
97895 77871
89931 39879
68970 77433
85685 4512
27277 30248
20280 39591
30648 30318
97976 16283
56361 12690
28429 13387
30642 22766
12546 41629
9080 30897
88054 69096
6774 20541
52638 20666
50776 42058
11329 31986
43489 98210
28251 66087
2597 41059
70043 31007
85423 84512
4100 41785
51421 56672
71664 25604
77343 30557
46728 42341
66555 27783
75917 2709
89676 47647
91859 8641
37022 76380
51520 12776
81524 79273
19762 32673
61699 78149
50518 65810
21140 75137
17490 11578
53349 33542
16283 85160
46857 91661
32448 85665
86979 69668
57373 27262
73423 88112
71113 86795
89594 72037
8425 49994
35877 73840
78298 28462
9414 74958
1707 35200
29158 83538
72576 80446
94628 4675
76721 35767
61776 50875
65032 99728
67313 25193
96871 48002
27904 45424
74144 17017
87083 80294
94203 21462
66099 94870
76531 23406
37710 71582
75385 16202
69925 48946
39664 62661
66135 21303
22927 53617
75669 1001
99138 35730
95652 37397
18505 99489
8094 32863
53496 49098
64913 65790
46358 7502
77502 82203
80702 38050
93275 56822
33152 77263
71890 79777
52417 18224
64320 85986
1686 23447
96982 79477
66030 34279
2204 40680
20581 52891
19177 27774
96178 24606
16780 92941
44922 81137
86854 35200
56026 95337
6542 46965
88225 6543
20299 19071
69555 15582
32701 22821
65735 9639
50997 73249
22826 51472
39737 98403
40442 54161
45601 42636
62540 40726
29564 52531
55399 78528
88716 8483
27655 91172
26629 55739
65563 77162
91026 65709
92806 3375
54129 70335
95393 47651
74898 42925
58904 92844
37083 64133
4649 70178
21799 43881
38632 84625
54434 28337
98974 2106
61103 93830
15877 94129
40450 40
69678 6784
54343 82633
15835 71171
39641 91504
77477 44747
70347 24311
5751 50875
90307 60782
63313 72398
79674 19894
55302 87215
76829 84870
14846 54046
33231 93928
91317 20274
58245 7005
47130 62258
89192 13269
92945 43451
5111 12121
53649 99485
86018 63457
17351 39966
89808 12062
27121 51317
64954 85873
24388 24336
45869 22418
3495 99055
79212 23018
74678 24838
75468 75609
87103 78303
54199 45617
23464 90134
1802 49784
96263 43739
84054 82730
44041 53171
28034 83317
4972 42200
60007 55932
67204 26548
13459 99221
90426 32906
54663 56779
20392 9261
7033 38108
92894 9671
91603 74683
31488 16308
60786 62607
30310 12772
3207 96307
65915 59036
90970 36948
93087 16373
12418 67350
29061 77404
8366 79664
35701 78961
5055 78987
65611 61736
91435 518
81462 80171
37116 70837
37338 35413
37199 67486
56623 25720
90070 99034
34463 76217
80662 72922
99500 68111
71114 41952
8615 12359
86206 4353
17242 81763
78068 40938
43648 96310
10883 48984
66343 25289
6227 15294
61013 85754
74210 49795
98880 95064
64738 76321
51989 34696
16088 30216
89810 87875
50559 19736
77195 29813
99107 21770
34600 49024
90791 56808
99942 30551
60991 8689
23634 93315
26966 7702
14545 64994
71786 44704
5147 21219
16427 23175
93307 1707
73727 94940
58801 17523
18977 76128
66864 85767
8893 97195
94624 15432
42550 83558
30013 57835
27649 96241
22102 75737
57895 24414
27279 92141
14247 64916
14655 99641
44465 71757
9843 45313
91340 54424
87081 46173
56785 15415
54678 90204
8845 59010
24769 71324
29475 44195
96453 78419
50408 1368
755 55721
33093 82485
32461 60475
82617 31
48460 92250
94261 92913
21916 73098
10750 87451
46651 70211
43950 83198
74461 68020
74770 40817
61515 81019
96173 51807
16127 35886
82644 61127
88873 62645
36721 65723
63693 62189
48993 19617
66307 83398
21461 52021
20886 81478
94548 27717
44934 22885
22680 16244
56550 89135
61165 76183
62814 50341
31861 68283
36426 46652
92614 71773
84985 74140
76298 20912
59950 19874
63294 29787
92899 31742
65427 98712
56385 43254
59889 72119
85674 98689
42543 21369
66512 75437
87356 2709
7386 4218
58041 3286
1190 7549
32989 98202
55233 95294
49776 58645
14129 55290
51888 55148
87916 44257
8591 19003
66750 40377
43890 93455
79943 51129
54996 3309
40635 89455
31841 97513
23712 11963
87131 82512
39571 12178
59417 41695
16451 94427
7395 41673
48277 27957
3063 85844
98302 35760
64583 22652
62956 30607
77785 16495
28158 76524
24773 43280
54599 6932
12123 13685
69935 8999
98875 73065
22738 47865
75386 52650
16639 79220
29635 83756
73562 57492
44084 53204
33242 71081
90781 74813
14123 30489
86437 70071
78606 35323
77605 46243
63604 54204
29418 95288
78471 28286
60503 78817
82914 44788
30049 60445
82419 35560
7665 15646
55424 77814
73222 81194
77439 8046
26640 5213
49340 69237
78646 30917
79671 74372
77329 17093
30307 69352
67471 23730
14633 38208
62417 83833
46371 48419
83437 35415
12833 23447
99852 2527
97255 62395
51629 94296
8173 20254
14272 65021
16222 69349
61324 15963
67993 97481
72747 87990
20819 79127
54600 38532
65747 26478
83816 89808
16053 16804
84734 47705
61864 66594
10804 69264
16592 98243
97705 638
44356 12953
34414 411
71857 73544
28776 32856
21877 50729
60625 92182
73541 13385
72215 57133
63783 68519
476 12134
58553 52825
23380 2145
14184 99080
26602 3568
40058 41103
82427 81434
88101 88064
94233 48281
48853 22847
34793 60444
34634 67973
96774 53990
26839 61278
54204 69101
15205 51563
95853 52956
2894 23297
54320 72049
46402 59593
8493 2528
80421 82334
70146 70254
81807 68082
94721 48662
62986 25768
36463 60840
22520 41339
6567 27397
37131 56854
25237 32228
46763 18363
81084 44049
99444 91549
5360 59144
28821 68037
37661 38430
47857 71344
75454 96601
14274 85775
77222 6867
9041 38917
25371 36731
33151 24653
93269 9363
22720 94898
97956 83443
63963 12725
53192 35077
15947 267
92502 62983
36481 51452
44378 58316
70975 25253
62447 71323
70142 50711
58985 51374
50409 32150
86219 68117
51072 1562
17105 80785
33014 63889
3080 40889
28916 35835
23537 78712
16372 621
15074 8652
38150 73807
67044 9065
10830 67710
92854 96468
40260 4842
54632 66025
17842 12921
97697 50070
24218 25379
98938 53917
55022 88403
58689 20598
50102 3372
2423 46794
7534 90018
98962 92857
74596 62237
68572 43093
15294 47706
28210 20357
80659 12745
25029 60835
66829 26512
71549 59422
95885 74982
93201 22329
76807 51193
66224 26346
59905 94185
12635 82268
27481 19562
47624 4141
54268 41254
84385 82289
70416 32921
94691 31437
59883 5779
38944 35869
51673 86906
33661 10574
13850 34853
63508 22980
6753 44578
80627 30166
55350 75024
18428 45677
88405 2822
26595 24841
51501 18635
81203 10556
46754 33179
87497 1932
49644 54440
21047 16981
91862 20759
98211 37221
39967 53343
16357 23679
84540 57998
9260 63225
99924 93507
10618 81373
45891 80245
56196 68011
67928 68874
70771 21430
15670 55905
2117 15267
3031 6217
88908 44365
94052 1031
1230 36899
12318 89684
27875 61448
4505 93245
48475 66931
6939 27906
32405 89069
2178 83255
36393 55509
32251 98757
68159 82335
99915 70858
25942 33040
76458 27605
4702 75108
48227 81035
34558 80617
10838 48389
64751 19105
41431 77231
17438 28356
56556 77195
78030 53083
53586 44684
37524 55942
20920 54524
49625 19160
76610 97270
46204 23317
94951 428
11885 39515
74900 55010
32051 13814
51144 15377
97671 60714
14646 85253
49239 7213
53541 50240
78404 49513
1267 35925
42660 74719
25518 205
23681 14079
62106 72453
87223 77010
37294 5390
63578 58320
24022 67660
9134 55114
39282 60312
74893 95393
17526 88830
39525 27148
27592 95647
38615 11895
49926 14704
22329 286
50813 39450
55381 80758
23795 52632
3528 27973
59069 54012
27012 75845
1865 92234
76110 49381
79830 4794
92096 48392
24375 24986
36584 42531
47669 23179
65800 46403
99978 21504
91540 76837
5318 13794
55287 85341
28557 31758
63118 46224
9494 59412
66443 83353
36750 46042
21683 94920
9203 82456
47361 82110
53498 71994
97473 97106
83850 82849
4117 26511
77151 48770
3892 32500
70503 32133
49766 38194
85864 34855
72425 274
72504 99928
43343 32269
94500 80126
88926 71857
82474 54289
39630 16579
41854 69789
60751 93143
37289 7779
82176 72186
54053 73175
77305 71433
45730 23363
37730 22551
88581 6883
87865 73899
67588 85640
53297 90719
45195 9429
49261 32002
52313 6085
4137 10135
81572 22819
1042 24340
99697 80368
85512 74724
30909 61408
40387 99654
64023 95805
39659 78219
739 87651
38047 55195
19160 95042
32879 24113
32611 99552
95522 29979
18146 62740
13233 30651
97514 57036
62922 43304
82818 93192
38926 6446
10150 46556
96851 69769
57348 70450
10210 38638
58402 56550
60922 32867
49366 51496
5547 29314
40492 59966
78044 74234
84357 12799
19463 14382
49682 49528
51639 58836
4092 5803
81872 11798
92928 2060
29800 52277
58123 18402
50278 56449
76418 77676
64298 83298
29565 83065
9797 14354
839 68270
476 95137
66816 40261
71049 55632
40955 91816
11770 27926
41568 44314
94384 36990
56459 3438
34466 93607
26187 62606
34263 13443
30852 9493
60239 7352
15598 94325
25659 87522
53651 22131
65953 66191
84661 14054
30297 87041
96869 74971
22898 46096
92621 14228
91054 97382
23976 11780
24705 43297
78212 98581
52086 78740
2695 17186
20362 97350
49639 47869
83471 4849
19984 6154
47147 32740
84866 27874
62134 94306
73457 95921
21855 1
48803 68345
56328 51628
53110 25389
42566 96834
95287 97014
30690 65876
2923 54418
85978 71498
29578 87408
90304 21855
71775 70933
76730 18913
64362 50426
41088 43826
65694 13739
20066 31209
31235 77193
74912 23218
24117 73737
88111 17770
56035 32692
4507 31172
8177 66149
86975 57190
89046 98958
46766 99180
56991 82835
14894 45060
7914 54221
25560 5073
15020 89128
730 60361
41900 21765
53493 50743
28901 2457
83358 97913
71304 87564
61633 78562
88183 6011
32026 67354
12267 66007
33242 43065
9648 52676
19880 75440
29092 91035
56925 53568
31515 45896
71783 93184
64350 13196
52967 6267
10375 12060
87443 20336
58022 80544
75828 21169
37567 80821
27945 93828
20778 26444
98243 89157
722 67240
25191 55042
78903 74692
15599 88445
27020 69163
75849 87278
65209 69342
9142 93919
72761 31250
9420 1518
60573 50639
31029 3630
81608 93010
60910 41094
7666 52555
1865 94128
12549 80832
7051 39227
88963 62665
38190 92010
51965 93938
24608 58067
56573 95612
44227 17505
52798 5851
7275 99283
92974 64121
48931 44122
96627 34930
85480 77407
2467 83126
3820 20506
60746 90923
1013 2652
91176 5288
98779 11526
84369 9467
79501 24848
16907 75812
82733 61059
66035 50680
14031 32863
57336 56383
99390 61110
77279 52181
51288 41967
15485 19597
19661 88900
75296 80457
30179 79396
77447 62820
73429 90482
69189 25992
70895 7204
94178 21688
30740 33285
98778 46280
22905 40883
75164 98751
60647 71233
85003 11356
24284 79510
96385 44046
18186 5453
35399 78683
57271 54227
27391 1626
44636 80716
10074 17945
77766 47343
13986 27607
60504 23045
1905 81099
39175 92046
94936 58939
36413 22204
9562 78022
10678 48501
48174 82971
83974 22261
4384 44351
12368 20778
41104 23051
23600 81174
74993 51852
73971 79953
31564 83842
31962 63589
24091 9921
33499 32240
88750 6163
75743 60357
27017 47507
97957 92523
81700 17235
4702 94076
77866 82423
96687 80456
1786 8472
38290 83760
76713 70275
20693 90155
71966 35351
36057 11364
22965 16938
36820 76633
47677 37
80208 95774
56474 85923
88362 94488
70211 80118
99155 29731
53893 24354
69011 87693
23870 51872
60353 2552
10659 37757
75756 20316
6906 52440
11029 33410
78561 29095
71602 94282
66021 15635
83565 40998
24748 73335
84035 17853
20012 19749
68550 30953
70065 54881
20635 27193
66235 46724
41885 1776
46269 97818
31544 66308
78783 51236
45007 4607
93597 12343
79766 49090
24327 64604
35064 40925
92767 65102
52178 95736
91454 83839
77558 89102
36174 54803
96874 27884
87985 13218
14054 96407
88025 50971
87354 82499
14318 56156
78981 78140
62796 29115
30207 35553
19650 86112
42704 64324
6931 8488
14454 82059
29241 74628
64899 52594
12221 26744
52445 38599
84832 53468
55549 77389
47414 31646
50352 54298
17062 71678
95289 11576
12011 85713
22765 16807
96470 60319
81749 10394
95721 35301
82352 84406
96189 60180
75118 15990
69501 74096
25782 68745
11689 96785
16801 56370
25396 95365
69084 48615
78119 96908
5770 43475
18300 28091
99296 64789
8643 78042
58728 95487
95840 34918
31390 31703
47659 75184
4630 77337
88398 18203
22708 44979
16299 9794
83794 62855
87924 69488
12606 41484
78033 33350
32217 9550
31005 71512
14073 11434
44169 68496
1895 93939
49848 97674
68706 97552
22689 24758
44923 8571
68337 47354
23927 70723
10534 14221
59504 26859
4021 33693
8788 80745
93796 39274
95556 1768
66769 65672
71959 80806
87625 68321
61396 77270
58866 82129
96379 37568
90370 76680
44765 36828
61189 50668
78783 49819
8826 70452
41404 82750
7607 95950
82560 6012
90817 26618
31757 39841
38645 69036
57914 92937
20802 59022
29519 13897
15660 86363
13546 37927
50507 47686
11165 20989
40874 93105
73741 45018
86696 32822
51925 9824
94682 7106
9025 90247
2823 37173
12851 47033
58603 31619
91874 28180
21556 25909
68758 59851
58376 4521
81293 27493
96157 26030
56921 1853
61440 30345
30400 14400
31407 99060
42363 50098
19807 11257
80151 68553
89302 72667
30999 2256
53489 83821
22640 24358
73984 50456
17963 81821
47205 97082
70086 86171
37465 6498
10964 47804
51719 63637
67992 21166
70703 51308
5294 38163
17412 38900
18883 43331
48591 25324
76888 519
17322 39690
28226 62943
34085 67991
12749 46461
48452 41102
72180 40328
89246 53473
49899 730
96736 82804
96982 8354
93673 33472
10863 26627
4587 75505
33219 13555
8880 46953
73589 16605
3379 34075
89018 31679
83523 30096
78332 89293
5443 72741
13976 47980
37613 31915
79519 57144
35114 63878
89592 11390
28187 83407
58845 34243
1748 67826
50105 87419
23419 42545
31249 9490
6990 16895
2232 68935
11450 20069
56248 53420
74852 25536
72144 52136
10468 50657
19217 30805
63269 53964
82560 99394
15751 79769
45816 80497
61981 3351
37285 33978
38192 3204
50601 72711
96473 86038
88250 20726
85195 19189
66690 73082
55367 70558
90782 88986
55397 71554
32352 80817
65586 4164
17710 2220
95788 38751
61344 96783
92360 22366
96997 51280
8397 53474
30687 73051
61655 11424
86242 69452
75828 96160
29625 23256
81770 67999
82881 24868
79023 15822
96173 92524
17040 54128
26656 76446
58507 1664
58326 20636
36148 21513
23291 60094
32724 27692
50706 60014
53541 5406
2031 28682
12311 56679
86397 85157
78831 18211
39290 3686
9155 99749
70870 40839
31039 6672
20248 28695
88450 46332
23705 49145
50146 50807
51206 80067
31204 24577
54402 44864
33157 38798
4738 61166
41012 33352
911 55649
4629 50251
48775 8542
42719 88775
12125 61601
24511 37378
58613 96279
89459 37331
30377 75268
70352 26024
6982 62463
6045 66465
75503 9617
49685 44850
24057 33274
2633 21157
30478 89036
11548 44470
23146 76942
10277 90741
76737 62810
91920 91048
26327 27359
35325 42022
75526 86879
45568 41469
17852 71922
46207 4108
85690 15874
18680 24394
9238 12525
67224 82013
79642 45703
4804 68964
54114 17333
76052 98926
10114 96466
49875 85153
29022 58254
30753 83156
87057 28138
79505 72436
67047 68445
19755 85443
8610 73618
15819 98676
84824 37384
63584 47857
15155 69136
87278 37237
31472 19667
50892 68755
60321 53098
78503 13933
95115 47748
67613 55933
51208 35875
15523 34799
28263 57471
38784 40837
92519 21601
83568 99858
4831 75785
4353 85184
32025 83273
33657 31338
77587 69576
54254 78882
84957 24769
18156 14732
97469 44321
88435 41761
5518 6892
10423 54830
14908 41528
26174 882
23817 34448
26341 97123
80044 2578
13596 91818
66669 12146
5477 89858
87402 9525
40473 77949
74358 93303
88963 40415
16276 85925
21763 10497
19072 55460
56300 51567
84230 36584
74214 59659
79753 90813
90221 50376
47390 96898
74512 67599
43022 553
71283 37757
89496 95225
63661 86019
56492 49324
66795 645
34321 76209
47467 86844
77984 61227
10594 48724
59622 83504
28598 75022
25414 67178
15333 66143
14741 68314
35741 27311
67260 50256
80769 380
39098 8084
81610 69780
70911 86081
33956 92062
98674 21252
72845 69298
30028 67073
42617 84156
87771 42575
93872 98301
93376 92695
9967 97290
48337 11320
35907 72779
9368 80454
94481 4829
43698 70727
94673 52017
3440 27061
39150 9227
9977 58814
26535 52419
81542 12743
73138 65351
44421 52325
38708 59383
85112 13730
1129 54792
96691 14238
86210 52770
74688 65387
67490 88386
18558 80720
67713 19993
73438 35976
57545 80938
9189 4224
7900 61776
84142 55484
20427 66518
71589 21682
46016 80253
61356 81741
53046 99417
2682 69579
92987 85684
89750 33664
34965 5482
20353 41457
84986 86060
17354 51322
15286 92605
62615 60073
45481 25624
65346 73344
454 18759
97978 6839
39510 66221
13726 87479
96435 54910
88070 46688
19981 15746
12666 54724
19560 29014
36408 22282
7708 38282
37522 6988
66100 64259
42510 48793
38352 83291
7268 85715
39747 92892
11812 74962
22389 40905
86925 12064
57090 26230
53367 88635
79224 62250
50794 1207
55293 50244
10693 14041
31304 62195
74296 11741
21955 33117
23370 32048
57584 54489
97555 31190
64320 61173
66051 18021
4925 55888
20410 84745
4929 72001
29166 13310
4573 33518
80520 95065
58132 40310
53958 12928
15069 66216
12379 3949
35428 2602
11563 4687
13769 45747
51664 85192
46111 6672
33719 31152
44014 79683
55395 13648
24275 66719
11881 937
1851 57710
48755 94603
48843 92747
88702 88798
96635 54696
37179 21148
98518 62025
84081 4212
58971 56263
54425 25449
47775 55215
93185 62097
71785 59488
67146 92791
10421 44913
23274 77114
25298 70216
71051 50124
67556 64132
16522 80435
61986 92180
12153 28203
3737 59165
74205 71713
78343 9016
83184 93370
92448 40081
35584 43562
11437 96585
99470 21950
56840 50421
52881 58099
92098 38718
94257 54396
39390 47487
41420 93663
88915 95306
10260 8696
51917 79203
62350 89238
37548 6819
31316 56985
18467 64822
63412 57306
91578 8414
69360 27939
31437 19566
34876 82706
80108 63503
92099 27707
59641 77310
38563 63043
716 80108
82156 53702
93906 71997
83940 29681
62730 79018
66598 78088
33927 76959
85182 74690
12817 20125
56175 14664
24899 63449
64109 14010
2734 63131
45891 99209
90133 41824
64271 30430
39216 64793
20833 73650
71945 61994
64000 76276
18497 84523
60708 28358
58636 49226
73277 88384
49329 24296
29451 63276
53899 29847
8035 51304
86186 86563
70609 57703
12723 16998
96336 41904
83388 98609
37843 59998
10225 8426
97920 54046
818 52360
9296 18836
74418 79993
30001 5558
91738 21726
99620 39439
43171 55721
86175 32286
224 82277
54699 24148
88146 76846
39751 46106
70129 88181
6275 60136
52010 77725
52870 95151
74268 1249
1289 18577
57530 49132
122 87779
42924 45695
65370 93010
20685 48494
44703 13723
55886 14659
93651 94257
3378 96154
9267 43802
59856 47811
91344 89811
32693 94180
84177 14472
64287 22388
79696 11612
64579 83521
56313 30727
88007 93227
6446 40243
80168 85927
57189 22495
72662 37372
93544 37564
691 98281
51668 45490
85720 94142
54523 48764
37649 35678
55586 85831
91835 16931
81123 76216
39341 15290
40524 44995
46988 20899
95935 74356
23253 21106
71120 83626
13719 64273
39530 53879
95062 92412
84202 63586
42922 14179
50562 49317
9022 69547
86520 29006
45553 45741
71364 25314
77784 56694
81269 5462
63706 73734
47213 16437
26802 39697
6048 27197
16113 14337
58649 6337
13722 1969
89910 75784
62596 88723
8295 8684
67164 91084
18354 41821
60544 27475
33778 2684
18341 69941
56276 15392
26257 10964
6680 8916
94433 46883
31638 34967
29733 8588
67030 79802
56191 6122
88279 28518
77800 23279
61385 6548
52331 11487
39315 8978
79656 32307
45614 27397
84562 85880
31591 83457
11826 82125
97953 38579
17313 3336
70609 15064
88242 82386
57760 81699
15782 96646
60909 66747
60437 80854
52296 25690
49996 57382
72568 45039
25577 53615
2006 61405
74113 89598
55920 17082
18523 35474
75591 89297
6675 88449
30929 63104
28792 8915
74647 49275
62957 39366
84664 52071
172 96488
11909 83551
27326 98304
66051 66291
80708 97446
87500 62020
29330 54855
30222 83466
5966 94018
65194 76302
34133 97837
64470 7248
47607 46000
66524 75874
82838 14312
42681 5290
1003 31718
47871 54276
64257 51822
55507 95422
13624 11417
57807 76219
88707 57427
52641 71089
72586 94653
42186 8459
92809 29900
43489 40327
72335 70056
23886 49656
77152 45486
70831 6629
79572 88239
72918 20200
90294 40815
75592 14257
52421 68582
69791 48833
70774 55170
21674 53103
67760 92803
62376 60998
64590 68126
30545 33061
81217 45691
23821 91678
93548 50551
410 1175
28550 18243
72906 60876
81051 96771
47970 94187
96908 61263
53149 25046
93898 26965
33895 25669
25535 77685
62179 1217
85509 57156
91942 1962
85772 12138
10777 34258
44249 28356
62522 61760
79489 30434
17627 4334
98930 93354
58850 41260
47819 33235
80584 2170
351 52715
31098 93170
32247 71346
86651 58299
56588 53021
18400 7575
87473 4147
26130 7126
96519 45587
20688 97697
97894 80589
26474 71184
9435 81540
19175 78708
49508 90643
18912 67598
56182 62756
43491 79446
7992 70490
85617 12213
65637 99529
20448 59499
33870 85400
95801 56522
79734 4358
97595 9080
52212 49122
98646 90417
14356 41458
90321 36163
67862 90061
49285 72561
7662 43873
27456 39569
70146 86254
90403 34542
83439 12616
34436 54982
43045 51737
43117 19372
41094 29884
10075 44935
1419 6435
6720 6386
22079 21939
9377 71034
35746 63683
45240 46211
74855 29601
20019 1956
51254 15820
90579 14726
41419 61146
7054 50600
469 38964
4878 60990
65304 37590
32272 81070
19883 27984
15174 17937
21499 30823
35157 53464
59526 74196
4504 40933
41249 69124
72347 40749
69075 9302
94144 31933
32087 91456
6942 73906
34206 46571
53757 37823
31147 79506
63387 61675
4341 75239
33066 80592
86056 92782
97615 50750
9988 97728
68581 68405
2397 42250
80664 58670
47001 67915
63371 10003
46517 65913
51442 39235
2241 21821
19960 67375
55999 74418
56731 39840
65576 45418
25483 62766
68935 54441
86639 7498
40123 74088
16255 56181
87226 46899
96811 20551
64169 63340
68050 49513
6468 71462
31532 13883
96124 51626
65313 72527
72724 83637
4016 58380
43588 86968
56265 98700
21750 80663
31635 19166
94092 32331
46215 69892
58776 16288
13298 11126
92417 2327
11255 13214
57733 53381
78763 51258
45010 41043
8792 43806
38571 58268
27450 3119
37033 79633
43045 50280
35767 85112
28797 18521
50229 105
43452 96131
10999 4208
43535 95517
34979 57486
14426 89234
84374 45656
8240 58625
12992 20758
64987 17436
17827 5445
29914 60169
73464 35830
14238 71396
62954 941
33996 37595
53176 52706
28318 37009
80759 59427
70306 79387
559 98160
18457 50502
35641 78174
76569 27503
57127 78613
44972 45097
22940 2962
12655 51547
18832 4678
22388 56991
92269 57524
21728 1797
42069 92311
30957 74989
98617 7258
9065 3153
20579 88990
35062 20313
84333 24599
56136 34820
53928 59599
28490 26502
13719 41250
60537 8612
10225 49409
51751 95994
39426 83215
30649 53557
874 18471
91114 25914
27548 51860
79974 54621
37921 20310
41872 18443
18099 64644
68380 52192
78498 73669
53397 78289
69746 18614
96696 79236
16667 8615
82391 26515
90952 6206
35288 52045
56633 97970
88436 16053
96065 60721
59928 29633
59400 40442
60199 12604
98825 27140
24341 59300
69877 6998
83598 53677
28975 68556
84333 3612
21103 15897
47173 22508
85919 1951
37596 40941
40673 44536
65451 92896
32134 40401
28031 13020
76568 29674
70459 80556
77105 66967
76148 89167
36898 20418
25043 22391
10733 86694
15095 62698
59372 15637
94832 2948
80328 2068
42917 30099
58402 41498
59439 82810
35309 54036
73500 25774
8273 85028
35181 81500
14666 35229
11928 64865
62216 30345
38182 84560
67245 9379
99446 88560
4562 67837
61625 50716
36481 65884
60532 19201
69116 22519
94529 14755
16789 96923
41614 45560
40052 6218
48380 64203
6485 94487
12897 65531
78375 74027
34983 90841
47374 6340
57418 49774
95105 92497
92158 43058
55148 23447
24135 99510
24912 68879
47136 21371
46334 86757
50197 30009
77952 52923
71336 31705
47184 10756
18639 52731
77599 58249
37940 74513
56976 77895
74452 34402
84058 92335
61953 87176
59177 48101
10432 79730
79325 10306
6924 41411
44969 4146
6737 58673
21109 47287
43281 97351
56061 67876
31395 25059
16145 64770
93103 14073
45171 77934
54099 97358
98491 92921
85345 15069
69782 6983
32670 49302
56739 69617
23269 23738
51829 26595
23682 42592
59700 20318
29784 53748
35451 32791
78588 94706
16603 33302
86455 67855
30423 28632
59751 49521
81126 28430
52702 76882
40373 22332
70498 77473
92162 86715
58956 75232
43426 95959
24841 53735
96763 27153
7036 89952
92843 27454
6234 76713
52319 64038
17132 25205
56477 70374
32272 4779
70203 72398
61657 42053
32901 548
2347 27187
62331 53856
41056 4982
92848 51950
95749 57093
41900 75023
4477 59403
47147 22935
24765 12518
36925 66896
29966 79786
30404 3574
23151 69468
92664 91098
8305 8664
36486 80736
50105 64076
21229 78336
99425 75098
43552 11432
82422 84090
83847 46552
71995 6645
11965 10308
41446 2635
43827 51446
18494 54510
44268 20170
3139 88549
28415 94769
36870 17898
16665 66286
49804 62316
62872 94748
8591 78638
13648 37925
76797 7718
24362 4940
90871 40063
68128 36613
63955 42167
1891 12952
123 35842
57301 41025
3436 20773
51023 75795
83544 41564
61660 58448
21892 7476
9468 69746
47531 32497
43523 82598
49593 62506
22903 67084
9680 70824
78805 59960
50694 4235
7276 16148
78565 25125
37504 5340
83211 59804
88521 43776
23400 14604
54257 25029
32002 77699
94138 30309
73779 59588
7766 12490
62474 82693
81261 87863
27750 53936
55898 6943
34463 24197
30158 65292
28221 151
78892 14201
28926 61483
67403 51096
52916 46332
19096 35534
72485 28121
13457 33586
70058 65189
40970 68049
80272 24023
52620 96301
92602 74936
30065 74553
33916 61799
86218 7711
70082 82488
77209 13850
96807 33648
39863 26268
75902 53259
52303 52329
79757 4279
45793 43066
63693 20534
95680 35484
57131 1440
82612 2638
25642 32798
24217 28871
19167 5328
28543 75021
8212 48297
1160 3614
30213 79565
74764 30539
92166 71514
78328 13304
91579 92796
47978 53214
66302 55319
58647 51658
56540 11905
15078 11707
94552 77764
60499 71527
59015 11937
18413 27414
51507 5192
27383 23974
84057 84834
16939 59014
6058 78631
94226 17435
31597 33384
49773 1789
7323 77702
78448 51387
70882 41752
29793 75475
52131 15530
82237 7355
90805 45912
21300 35611
61215 48535
6088 4848
44545 22509
46482 17035
51308 7796
47773 23440
32677 74875
44937 78328
89863 96197
37769 97391
734 775
22629 55286
2156 89198
185 67970
26759 74487
64884 8603
17209 18902
13914 42078
53119 63184
26787 41244
12331 78368
79546 57177
6626 52950
84830 50189
75903 50707
37284 23334
15310 26830
54163 41221
68946 32722
55590 12988
13119 93181
54990 53782
26112 20867
6798 2287
40466 82474
64157 83608
42375 43
17415 34965
6917 46647
78861 35166
54372 43248
75584 81825
56820 64043
99082 85886
63700 77525
43429 5162
90300 24683
3265 45421
40212 16096
45891 50116
22395 99547
83328 12543
1921 61142
3590 20228
21197 1312
59636 48106
30775 56764
2717 43327
96111 13280
63530 5347
13877 13975
89588 39243
51710 46400
31693 65407
29174 39212
16696 55291
72312 89411
80557 98354
77304 75552
54039 51622
60410 77713
29045 72818
34487 29432
97756 41792
43167 78124
31987 26067
19442 21337
11445 45407
14790 47099
13587 21932
28196 71495
70192 93302
28523 87171
98659 21456
75532 70953
75992 65020
60044 76552
90063 55092
24005 12323
90652 48517
18117 79888
34565 91599
37325 9145
19879 27270
33811 71327
63442 10164
31552 17906
59464 77844
17299 73914
54882 69241
96893 20145
14603 7909
95107 2407
98595 22770
14719 57021
46749 22029
89471 29194
80577 57429
40037 18873
41387 96033
57189 52009
66506 95863
1098 6796
73346 84502
14705 62920
47242 95437
37420 9337
27823 70913
30784 45293
46031 7915
60839 85510
52223 70904
61295 41308
29542 8551
71130 36857
84479 25998
64412 42267
83291 75030
14592 20501
62013 95962
37987 17230
91516 69068
66135 47648
86084 88337
7618 8346
29525 82880
45820 72191
48003 61190
63285 22533
50356 20580
10508 81143
79845 15824
95065 61332
21382 67056
32516 813
33273 95522
50987 42154
98039 86999
59360 82918
14955 41779
68297 41487
76788 80111
87455 83975
91335 61175
25807 29669
58732 37133
87260 26005
90876 3684
56187 59380
94473 6213
57973 83285
17014 27341
54504 88030
88923 85389
14919 19083
61250 73993
43861 5898
85869 37754
19310 77758
40462 22092
65887 15517
35628 67904
63401 60178
16869 14827
94498 55963
84646 23766
39763 55723
33045 988
82715 84970
23144 44207
42314 58704
29931 25682
16103 47245
2750 97472
6699 79909
77877 89476
53252 36236
62166 73535
73267 77262
86846 57734
4782 45578
3773 72641
6271 95569
94389 98893
73762 44588
22207 14267
38635 27828
10822 86159
94238 91832
99977 42721
40885 1946
44253 50143
77726 59506
94089 61482
40442 87146
44873 30932
67424 58880
75724 52328
88087 7751
81270 28418
12991 2950
25727 99539
79049 21271
49 12799
29402 80425
34157 5950
46221 94655
30823 68062
28206 89775
57830 74975
22335 66052
34341 52342
72406 72893
45141 92651
4381 21867
63961 25050
99665 62487
9832 21142
55908 28665
76814 9602
22204 65826
36171 61238
69393 7891
35666 32896
97394 79332
72332 10336
15297 47102
22131 67498
88690 76641
5655 81576
70865 86079
41532 64118
25433 6495
82714 35108
9981 25051
25852 2520
67010 83810
24546 68233
52995 6007
28607 13925
82060 16592
53147 41932
36160 50007
47441 96946
15700 21549
11026 49473
99473 85954
24513 43668
693 17886
502 37278
61363 37276
49819 57409
29166 9801
22065 84951
68898 26473
55244 48237
49084 77363
41907 29027
16861 47920
34913 96557
53018 65632
41671 32373
60319 56404
4935 51094
76647 61845
63834 14627
45126 54908
52748 33534
14496 94744
72219 26529
10255 27691
91131 88089
38464 1869
23188 74853
42966 19912
21794 49435
92390 12794
95061 54020
85626 25206
10927 51771
84974 39811
8680 98483
36470 45499
96557 1998
16566 79694
94493 87014
58056 25789
1131 23783
28346 80127
92831 60563
51053 72735
54357 23485
57463 89083
16636 32558
75810 2151
41303 66564
93451 57320
10784 7406
97252 54234
38656 49041
69650 54315
51577 71558
34287 49917
56636 83513
45673 67272
99859 6124
90945 11349
4728 19186
6510 18404
90684 70772
26583 16423
9281 48079
73692 39525
58208 4116
26350 80568
10117 89671
61875 50735
67310 50433
52323 46029
87439 79951
8045 4552
51920 72976
39251 1034
64013 67898
6601 76148
51861 49461
8474 54614
99693 31230
77091 23864
73674 25606
58678 75125
55642 68593
82809 5754
12700 69400
77732 22092
70339 98279
85511 71615
49559 89471
24097 76607
49427 6197
30026 81067
90728 20433
29162 85173
86297 36049
96415 43747
21213 70403
71580 55345
52641 47438
82404 52333
93155 76778
78195 99770
42328 84067
78838 28782
81574 67642
51981 17459
31851 24932
47312 3273
27764 63081
3303 6499
24999 90182
52625 92774
41434 18763
67678 97965
31097 13982
42549 50119
31588 62647
31119 98103
46958 4194
7066 48595
41951 69920
99318 4678
20979 12262
3451 68879
42778 7164
33458 78496
48246 68287
78296 96991
58495 7551
22974 24328
38274 7970
43083 89160
40574 19647
22968 82660
68806 78308
10291 99632
13794 28273
28829 46681
5645 6427
59628 32700
6136 41866
52970 844
42790 32954
58963 87312
4494 24830
48795 45506
56221 64856
8454 44689
34321 27107
85326 90112
77470 49834
8769 75301
8877 90605
44673 40203
67576 44547
16418 54672
59312 88531
71119 49511
41719 75130
96069 42776
27462 5224
81749 93627
24232 44002
38919 6849
82781 60290
72786 41387
87256 11122
46597 98128
34 24117
49569 57468
39989 86527
41245 52235
17825 85463
67457 67250
22954 72540
68779 91799
50824 73213
32749 20980
82917 10304
26444 408
25571 19452
49763 57093
96372 30494
8030 87251
73088 40040
10272 99692
65090 9741
11517 35214
48875 44503
37824 37452
51070 38530
56199 99725
73746 70334
17698 94380
76724 91792
67479 6454
74402 81329
8737 38991
49360 28526
84876 69805
11719 94086
37051 88507
56929 3535
75267 74040
88943 37394
32109 89462
41683 11946
51671 37147
26342 51497
31348 41635
9427 74580
89736 48924
18970 22978
75500 23880
57070 46784
90064 6879
60823 29616
82356 17898
96241 21829
36910 42441
86347 2408
36039 64398
89162 55223
84126 14016
88067 64288
47875 63961
92676 57547
31773 85960
61995 38605
64357 33232
74541 72022
27785 50375
58737 13316
38730 87064
12851 5517
3230 98817
42177 88634
42510 23222
22817 67814
60825 39932
12585 94691
60784 93871
65318 19381
29048 96924
3446 16597
61547 92008
13486 26191
48759 59271
56628 73956
7133 1061
31653 17577
80019 45089
75473 34694
80739 16813
30362 83033
74442 42096
40409 90352
52185 92772
60537 3058
10040 66648
87802 33015
48766 92558
56175 67467
42746 11166
92800 84079
74541 57650
52105 91480
17582 71112
96921 82158
48740 1683
60116 71950
58192 79578
47090 38153
98976 32184
510 931
82781 65754
64151 87893
61918 5796
92050 64107
89010 108
65110 99238
54747 3006
67806 26490
42445 64662
72635 81202
29715 7689
34544 27848
85259 1628
99444 21037
11397 14507
1459 61031
68487 31204
1229 13549
9836 80713
15606 92173
35520 23314
85108 59623
18054 51753
63877 50352
98610 44044
74518 20720
35408 92590
22508 55076
28731 79030
82303 48220
57638 17278
78778 15742
30167 92085
55005 18753
7975 59262
84667 28371
32451 14223
64956 80436
82830 74355
87292 51545
66493 43400
93450 58666
11609 82658
86538 4100
70017 41926
71444 30071
24229 90768
91731 6536
38092 2253
38406 45905
12335 51745
48226 42973
87131 1155
62574 95212
8243 70172
92165 19189
16940 22156
87288 63423
98064 98949
90154 99750
33564 70990
62706 35261
86113 33921
3260 13670
61446 40109
60296 19611
91460 72596
21258 53801
48297 18158
27432 66672
91958 55493
48383 58212
31041 73495
75455 48399
73780 5944
58282 30253
21036 74093
43897 66126
91706 28913
58807 98423
84390 21300
72036 79041
99207 20023
49523 84249
23116 71697
43724 21854
99830 61645
53323 17031
56667 19146
70399 76602
37413 74617
54412 31510
92849 58883
59529 34410
32497 70273
75363 80699
16298 50594
36408 21858
73847 4520
61213 33100
5028 37227
825 37912
83539 56596
15815 18717
57115 16835
8344 40545
51556 90506
29583 52803
24172 9136
76579 76818
17221 11664
38880 66451
6420 94391
6246 73919
76724 70377
53033 63042
78961 69628
83823 71646
33454 64507
27125 87814
78527 47588
86187 69731
78991 81707
7571 81810
75036 37397
55206 36356
182 51422
75279 79421
82947 40627
92493 29110
63294 82105
49877 55836
32052 34692
88110 31822
55525 7648
78484 11842
23209 3244
29366 26720
62600 77530
30968 4326
14657 87729
44626 64322
28868 88875
65902 3771
53016 9591
95470 17481
37942 57048
24643 61816
12459 79364
3767 73802
20442 53861
96613 18706
20344 45308
5595 6969
37902 56441
78751 67420
52699 86148
68871 51852
1264 91288
74399 73037
44146 6338
51111 10007
18875 21638
68787 85560
37720 62747
43305 33009
48012 71402
38470 68692
56684 53618
66010 9837
36674 62631
83367 32214
14187 14927
4070 82496
81240 62148
59810 25681
65393 21972
32282 77889
59757 46916
90691 77468
45915 19657
86820 21763
6524 29421
3065 73962
32614 58640
37233 6588
84835 37252
99440 72114
78960 35920
87693 77088
28766 79119
693 50313
32629 36814
75238 43973
47788 94705
47541 73410
33970 70350
92233 7040
21384 41392
1149 29396
55717 33717
22178 29446
6385 3313
37562 74291
74474 29801
33023 28427
89282 66585
71098 57940
98014 8911
9388 27557
28089 11437
20360 30988
86047 73195
38871 58281
9554 40530
82067 94736
27337 89058
23948 6027
47052 1165
88326 82582
62777 99610
49433 5249
32898 76387
48688 42802
25485 98871
20554 69248
54579 81976
91356 62489
3265 5406
15086 1597
7578 3283
36793 7776
79730 6069
35215 59660
57748 84664
91731 28765
30398 70977
85308 91171
63712 19467
15383 31843
83649 51846
52450 43927
4282 40947
37554 46473
79992 82153
96910 22108
48638 13876
11857 44835
84289 21424
1356 46184
12618 16082
17633 64039
93752 31296
13097 51856
22043 14388
74864 30888
25690 94461
10675 41096
26222 4317
48329 13373
55397 97484
10455 39270
89728 7187
23802 49946
3509 7954
51682 1791
1869 4348
91025 33076
88167 80694
97055 4136
68531 56475
59353 62688
72184 34682
85470 19125
58256 3350
35201 57555
66022 5381
4970 89980
79167 72690
65077 131
66990 29564
42641 34194
88285 99476
3777 59492
99851 70179
94847 69867
46185 74370
79508 14123
63100 26527
73762 39581
84958 16831
83482 51757
87805 6870
67334 8157
96539 73617
97056 45472
92108 46957
92345 33503
15259 76285
43219 5080
41989 67271
52231 99738
80636 78855
21120 32010
34469 49196
58334 56544
76667 51414
81461 58283
24266 78814
86123 20073
88532 39470
25757 80528
72240 26116
41274 26056
43206 74452
11527 61583
58420 35043
90969 72979
3180 63373
86974 88347
2067 82111
11285 26271
97572 98365
9553 83787
68459 28254
84154 27232
80427 33099
63019 54611
79544 40580
80661 93325
13246 2010
73691 97161
76408 29430
49908 85176
88537 74673
4013 25376
40999 85466
44900 95641
63354 7923
23470 37679
17570 81556
7057 26531
74431 71655
22155 86250
11494 3242
83401 55532
2595 50736
47505 74566
61073 42656
37433 27081
68516 51797
77421 97112
69855 34524
70029 36878
17438 91897
71820 72790
89006 92738
70642 56017
26640 26850
7035 20020
22906 37336
31414 22791
64373 17301
37832 56871
1888 82658
18022 27908
50635 1367
36798 67588
50621 32005
79599 43102
9519 95278
33803 92640
27887 5511
80348 70922
30174 21245
49021 10513
92946 60333
44189 71229
23349 12906
10432 3019
14308 2234
32861 95851
40912 16794
99616 61763
36833 57430
58282 65002
23502 65105
4588 32302
42534 87203
66480 76815
70314 54
94640 33313
32112 24585
28925 71758
68930 73549
80761 3346
15549 18282
95933 65469
83379 93755
45844 51956
12873 97005
60254 92529
45945 56197
53326 46270
26609 15639
53229 9726
73107 97103
26357 8357
53331 42124
74006 3706
40828 93792
24756 41404
73035 75058
34566 68154
19666 58779
11737 62330
8407 28748
95148 99763
65714 93479
52114 59538
38739 11874
80979 16825
8825 64552
82090 26363
83356 43575
33256 7298
51044 610
87568 97802
74575 33072
12089 94723
12527 11995
13327 87954
19242 44563
31027 94768
74648 70073
20854 91338
73513 95396
12290 78623
71292 24031
47377 20262
58921 70345
436 21797
99320 6931
24141 97371
67272 40006
88149 59191
23465 73594
8919 38686
38306 61920
58899 13321
83212 12378
69916 85476
56148 90461
69018 61201
43997 83606
45257 2883
45628 88610
74104 66051
21690 18836
2347 36175
48982 29523
90778 19670
73600 85689
10608 67773
34431 52245
36044 28413
30700 4874
22627 42114
17365 10926
26716 70797
42459 61964
37267 11283
11092 40610
46774 33597
36810 69540
51051 57126
99737 37111
87592 63424
21397 72246
85786 83343
70402 3185
85599 8524
20826 38505
57611 39523
97963 29782
41031 95957
58902 85825
59341 631
89681 74794
74030 83922
8614 46531
91692 58945
61778 93842
41696 49205
7751 51827
68181 79924
71818 8148
3307 54070
29013 8920
42549 53639
53654 97557
41083 54472
94863 35573
32345 58414
85460 98521
99294 43329
10704 13745
51438 46719
60096 52549
59713 12630
24342 36207
56449 97453
74135 50399
18416 25340
49950 48854
83616 14735
36311 21387
15129 31431
65348 14217
62358 78553
46460 55183
59368 25197
10823 88335
98322 81600
82947 13807
10187 88034
14210 15371
88255 24185
45514 31441
93582 43485
92915 31971
53644 45177
58445 75769
42783 25137
72343 508
64517 10678
68649 9132
83179 24531
48011 46459
45558 31844
29339 17040
31422 3130
70828 18085
73934 47672
17697 3978
73542 79993
2774 42207
52825 13576
88888 4414
71695 87909
25127 79598
60388 90503
14171 49201
16711 4661
71613 17943
61468 87436
57865 3081
42235 91324
63346 55199
64974 67755
2718 75082
51447 78960
1478 99435
72 83961
6232 13498
99977 21030
91797 46912
38933 98795
659 2237
8989 75250
29307 12387
57251 1591
73996 9912
60673 78186
91543 13944
72864 84336
62241 28817
29761 92195
21124 33606
78360 27309
74573 48301
83211 30033
95616 73713
94455 98690
19952 85872
51660 57546
69159 3517
65228 26821
14916 72191
50384 84931
96952 8721
51843 14249
89576 96640
81380 97616
92014 94672
39401 83493
37848 6008
52503 74184
61191 68897
4267 62029
96114 5354
39924 49630
68384 97927
42998 4182
18769 12894
79528 42791
95990 84936
83223 34101
44917 89558
43713 70778
36486 50442
67195 24480
37112 99961
20460 91594
8461 97744
16847 65931
53017 93708
67989 61484
94663 91360
76513 17003
44180 56787
18442 61431
33170 84447
32380 18261
38375 54803
54743 8222
6059 90898
91918 61214
71853 89970
19178 21975
78127 89022
80645 20956
26342 62933
13711 44470
3227 36200
90381 25987
85900 98112
6036 68370
29035 93525
61682 25448
16350 11160
84454 20125
98590 47338
45987 68128
26648 75555
1425 72111
85711 7340
93932 90048
25943 44645
84803 75803
8892 17536
94906 12062
41145 7364
13897 15864
10049 94987
59418 7310
87610 94916
52463 6296
15357 85265
85593 98437
89848 99146
99106 96531
20972 8697
49221 39864
85774 76892
93392 44444
48234 18279
12553 46172
36828 87551
46246 68233
22965 84863
34291 2119
41084 13623
88432 8622
18954 53864
45745 98189
85037 57385
37212 63682
63110 85733
66958 65315
91179 33371
38391 96184
25061 25181
80057 62846
60659 62129
41005 24741
93158 12723
59005 80307
63363 93873
15435 14976
26788 26414
30121 40152
31799 57503
30591 13596
75389 92945
87849 52481
33612 9761
64854 6767
38318 20898
34954 91139
88864 1723
69436 38765
58772 20166
77529 48083
14255 9043
32191 21580
22155 91842
34275 88998
84822 64877
77164 26433
59730 81052
24053 16306
19347 69102
73295 59201
89412 94263
67484 63275
13186 37276
70229 43424
33471 83897
17542 92102
16385 43227
30157 36052
27808 63303
79070 21880
9323 31665
8129 51538
10596 65798
21715 60055
40351 27106
12769 74254
88135 122
18544 17142
69306 86836
98392 11646
39560 90794
71940 6252
86231 48779
4211 36855
88034 53338
74778 58157
83189 6861
82752 34446
92755 89423
31553 57838
44689 22750
25260 55927
90328 17518
18277 42437
4742 14980
79427 7816
52685 68603
62035 14501
38771 78947
79123 6678
76497 55741
12280 95013
6133 98496
32265 13173
25503 13975
225 85465
70279 69857
41521 22971
34294 70672
77883 94039
73160 35082
19224 28285
82481 90955
93043 76402
79284 92385
93292 3311
13773 19855
20855 91329
17833 69578
27706 4871
71305 22175
4114 3448
45251 58027
89998 82810
63105 49665
12051 99148
63807 9480
62486 69725
26641 91355
7365 24594
50619 48839
93919 65924
68503 66160
58679 21344
30803 17804
57941 27877
38608 51078
83733 50889
43524 77277
57605 27445
98521 63650
25163 97924
19148 45054
76222 936
23118 42185
27144 4037
63847 56276
81354 2644
48526 52768
76600 31810
62802 88037
73785 43694
60948 82860
79304 74510
13066 87125
4246 20682
40126 84850
31781 71744
2605 74
10382 24095
51721 46487
65468 92812
1016 51368
34767 20000
4786 79360
61275 94791
91526 22229
99750 69506
32790 9362
96621 26790
89782 44149
72991 42907
27825 62770
39520 9055
52196 57966
82376 71072
14593 54308
47106 85477
16398 88868
27885 7590
33347 10479
65374 48815
46672 32508
51452 64450
72788 49430
74307 90193
75015 98972
23042 32680
2129 17600
85693 37889
27952 585
33451 63821
855 93329
3545 9618
48233 97415
17701 63816
99234 12653
27396 24027
31854 88603
26236 58508
6832 93530
85674 90512
6429 76459
41726 20239
96990 84222
39579 61382
87378 39579
58680 86182
4201 6652
65441 37651
87754 31953
45718 19013
8654 28442
18026 50698
60002 24497
32805 96162
11913 35742
63363 61442
38808 48576
52947 82418
82041 86219
24793 79407
31848 13156
62861 41193
38137 98087
35674 7622
1392 64610
32095 42973
46951 71703
75153 65948
8300 48638
89879 32259
87360 50208
20589 63527
39833 40061
73154 52272
95776 59943
15578 50491
26196 13029
98156 80824
96198 67409
36324 90893
17307 82586
88867 27889
38061 76195
19354 46770
83914 91874
18867 53680
80659 93186
86248 53919
45599 89057
60138 71785
37045 54547
63259 47338
25173 20029
75316 24434
5648 87643
1824 98823
99691 16538
71455 37728
40385 6046
34916 11691
2270 6238
33144 7047
65380 19843
7188 12587
10762 74605
61355 16158
43704 23566
79774 33244
29996 17900
84357 49655
76824 64835
88269 73076
85633 94337
66677 95658
77634 4681
67824 21031
25671 87281
14022 1002
96242 90563
20818 14282
27482 39231
29157 10893
38631 28888
18274 73650
83127 68147
37088 36456
7421 18635
4075 84820
35164 16815
69476 48239
92624 90626
58332 14022
94597 41563
64957 66936
2398 28483
11745 85628
97968 44089
90392 69400
17924 41105
21415 61803
23800 26192
95268 19972
72191 89042
77211 22664
39676 34853
48140 74288
13195 51115
47146 84552
44665 80700
7069 50546
17287 19649
53665 10273
8330 9434
12773 48542
4398 5561
68397 43079
71918 44293
38737 68843
47710 12728
75772 50959
10018 93282
79757 22348
52020 36323
91833 63758
76769 94293
73927 30327
48588 34943
55666 2522
12554 92547
89291 15072
49093 79505
39413 41670
82170 4626
80423 7709
19418 54846
98926 83241
98476 12230
23080 30435
14602 19403
90889 17047
33151 74468
22426 49318
24400 21405
97269 6341
99664 48690
16811 20573
76746 83096
91518 42665
46362 54037
9255 23835
73364 13795
86225 10583
48572 28273
85244 76981
85773 14434
69979 34723
43027 96459
96150 56930
41744 74201
39817 23524
53018 21641
73379 85941
86267 53647
75176 53807
46672 94512
9424 37667
78027 93383
85221 37527
59282 2723
61865 75363
36029 9352
69038 60851
2907 63306
77532 72904
61998 22357
74286 82359
30410 17575
90677 39912
71706 83316
83732 85208
83035 41474
23778 61015
24928 24138
32331 92555
76908 25821
4399 85836
3067 17629
91394 88134
69049 60991
95338 34746
54761 40112
25028 87068
26111 1741
6272 55638
57638 37737
29600 70916
34044 53259
16509 46711
15249 43501
19586 15154
22348 68606
56751 35440
46982 50049
34615 79132
75820 23084
34050 97303
11713 42442
45100 91285
48058 28218
21252 17504
2240 10413
73262 38548
26417 50027
4482 37409
11168 91535
47050 28781
35601 31239
90408 58223
78366 11861
82254 87701
5780 9424
97923 24319
92854 93252
79109 62145
17017 4909
2 81573
81927 52608
57917 36999
85020 15331
29840 79639
68652 99312
25028 96250
69467 85878
13722 22634
39363 22456
66373 34737
60690 79916
87982 4018
89609 3260
61455 5857
24222 44585
87480 82213
89627 97571
37454 71165
37565 43314
14503 47544
15189 74928
94255 51963
17354 86957
51941 72928
34838 30026
1534 78481
81381 67454
86018 17489
83993 31892
5738 70803
70888 86283
16489 99073
62204 18709
47519 35254
30738 2936
42311 25092
67932 96304
72395 34512
9727 48331
51690 45521
45493 63467
24153 13812
24365 81512
58687 79323
79878 73900
62647 17465
5911 8853
24242 73239
86218 99286
71538 74451
77693 46870
51825 98140
3936 17135
2904 22615
98105 94288
68808 36413
47235 42780
11668 48314
1258 11561
4005 77712
12752 66050
84309 23506
95724 77573
43316 66185
64198 85158
74279 58579
31548 45226
37059 47519
13217 29197
74038 86322
90200 92029
65023 12485
8285 55644
22929 85572
61916 41921
4692 31088
47576 43256
74148 61886
45446 55326
44784 7607
54127 49894
87260 96406
99154 26294
67231 16429
97983 85002
13894 58016
29661 91952
21007 53159
83717 93419
815 38033
17316 66065
10285 36252
1693 9805
17892 98142
14597 65213
33573 383
81189 54772
99283 41532
44924 80474
8389 54278
56986 29767
76071 74081
90470 66123
59609 50438
57657 88330
58479 91873
23169 85464
1359 7123
39775 98401
10422 72369
61577 9380
97587 97411
69609 79378
57451 96614
59132 87540
96179 27659
16979 52515
33305 45429
30133 83790
57884 36831
25595 98711
24207 28436
38803 58806
60218 31701
35199 33204
80089 92791
25267 97106
2203 68514
5146 42592
93156 60147
91696 9862
40939 98298
78601 10398
64157 44253
50506 18007
88920 80052
76779 76692
86929 39306
94235 7147
90191 8610
83963 50567
92621 35632
69410 8551
78236 42204
61335 45564
84798 61027
50651 46223
28908 62485
47933 95960
16690 152
3459 3112
99598 62243
70375 45248
23028 21188
68440 46968
83404 70875
99253 81465
80018 58237
68086 57923
53398 78898
19203 92232
90874 19446
40186 61839
54263 96796
94189 28274
49304 66790
76930 4000
10876 54734
56721 22300
57048 21313
54058 57820
45299 62111
8652 50954
32873 95068
52463 26471
86281 40962
4923 86819
3703 51661
27055 95366
39882 70957
42427 94603
20815 5032
95782 45535
85476 43285
38824 40006
36830 39969
78289 38711
43940 35790
67297 9851
9329 40496
2798 73970
1526 34254
81089 24013
46901 61223
78521 94133
99559 60010
17926 39171
12439 69372
79951 35974
91205 43030
36237 31360
57253 17989
71469 80393
82845 44745
90162 34667
97770 34870
37041 75972
44283 2837
80116 99239
87029 61252
87480 57147
66957 28562
26126 20026
88497 52612
23485 11028
2912 41779
69342 47114
16365 26508
86943 51699
9568 43598
57569 79226
38388 33583
53978 14013
64090 57592
27348 46192
75029 5060
31852 14456
83837 16549
77620 21937
87900 2239
10449 77065
13971 9355
24093 12578
63414 88182
518 27699
85196 75103
57006 44648
72560 32956
45001 89534
44275 44534
80450 33000
4855 88488
34198 4685
73525 46276
82199 6151
37240 91662
27690 90405
29248 47839
53001 31242
72865 31331
1346 77452
44641 12763
1399 33493
47069 65692
89884 80518
57924 8495
67324 60367
39290 75727
7413 50520
60983 33614
88663 47964
64358 63536
91624 58824
82886 71661
95747 5953
57900 2163
33620 75067
10111 56163
33982 72226
14075 94288
77557 8053
49231 48515
27876 48198
77567 65241
20489 27035
94978 49187
62708 76944
19077 22821
21196 14003
10790 44535
70633 85319
73849 10343
5883 71457
1191 50965
83522 67726
46218 77494
34643 76267
84019 8626
11578 90700
85444 7558
626 35990
97142 42339
46126 52004
90069 42221
71764 31781
69822 5020
85821 75356
46728 72094
69303 89247
74488 29555
99523 48345
54635 8656
76023 77897
64112 29949
26876 65249
43275 54487
56369 2599
53812 46830
75430 86423
98646 93128
57314 190
34960 82173
31646 7169
1879 1241
57704 41332
22674 94236
60097 53988
78045 73725
83583 74798
66983 96387
79500 85125
4308 54283
90981 59536
93531 89221
47355 60425
36904 10327
61173 83295
40316 52792
64909 15029
11528 80758
66319 3169
47862 96177
36957 70478
8256 81565
39821 62938
71543 18564
43145 85592
17917 96066
59310 61424
51787 48135
88078 86394
96972 85433
53966 73223
89056 84175
3944 70328
57914 68471
49738 42212
36930 33809
83894 64311
43252 57041
10304 53773
87712 95521
5427 15099
2568 78428
71788 33927
61828 949
22973 94891
29249 52078
5196 71894
55582 53857
86513 21354
5517 12187
65435 63103
14008 54939
2252 72895
474 94872
12344 97000
54466 36152
77962 75341
16180 15002
50112 14805
68807 31917
88074 88603
65351 15766
79535 80556
36180 79599
6407 72716
80354 36546
3170 7857
11160 36722
61631 43558
65489 69042
61046 21354
21341 18155
44527 24271
92353 55707
70249 77787
31315 71761
62868 25994
80607 99250
11287 10922
62085 93655
57227 15037
81432 33901
95165 54491
95648 9587
2320 45069
67929 4543
3705 8339
40882 73690
7713 4895
42575 46847
36167 28152
67368 6272
75995 84632
42216 8961
34404 53806
83854 80251
54331 19741
88111 93786
86414 54715
95154 5376
46462 90643
10770 60224
98241 30275
6016 41379
71744 12127
11999 99174
68698 60332
45062 95962
91648 27750
25730 32867
16759 70330
94353 92090
3129 17997
18919 3339
72756 52499
79565 95544
56521 17624
94973 98324
86446 52475
84743 47336
20269 18414
48304 95889
98819 28280
10510 89472
6274 45491
56109 84281
24527 64430
56717 86964
13540 61227
45601 70624
37455 40994
5585 97595
42193 33277
18425 70875
3553 19194
34344 73000
60487 95916
91202 78751
35073 45306
5055 79633
43009 21791
52105 11937
10188 94376
79426 26602
18076 82169
7260 17399
6528 5128
1438 81065
81751 71681
62822 64725
30745 59520
26370 86115
72878 46394
36501 41424
42196 26004
79897 38701
1981 77994
59287 82653
42798 39146
78928 20379
18946 60182
11640 75506
55781 61670
43157 45507
95386 98788
95780 54371
65878 12174
80949 43641
40130 71447
11498 9284
74972 96006
76892 55028
26678 83861
97878 6765
36182 93395
59928 82087
98485 4931
14357 73872
15936 87163
93813 43016
74202 35750
71028 64867
36600 80802
59553 14539
50051 40547
27616 39068
78522 22094
7561 85798
44877 64223
56230 17711
94403 3875
20633 9646
67829 78110
46036 85649
40817 45383
89342 89400
2808 21575
76533 13239
96672 13150
3943 4664
79826 50014
1271 47927
26029 3918
10718 32548
13185 24648
88072 79045
83541 78683
87571 17617
70658 84777
29587 65974
71734 38282
86609 98675
30930 61832
21383 97151
63756 25633
55493 35808
98606 8137
14544 18677
13429 33093
76958 7213
76403 68976
95099 56526
12781 95769
36454 4687
50301 42436
660 69149
37905 99877
23373 92666
42442 83112
24650 57049
6206 34188
3677 26084
14647 13538
35177 45558
23922 7539
37958 44610
93633 45464
36447 55850
96649 97376
4211 48680
4229 13101
89847 2568
16033 42935
37362 38412
42175 32871
35455 78151
75254 58365
87343 61475
75150 8075
24612 78331
95333 17688
16727 74081
52173 76543
5684 81049
81579 9037
26553 95868
12314 62470
2394 53431
68230 46720
18592 29321
64338 79526
9605 60616
69970 46038
52185 39101
28049 32420
13857 23907
91309 66965
82642 40172
92598 45701
63994 69852
9171 70561
21016 3340
38684 36494
51551 21224
48961 96032
47031 68049
45473 54371
54172 35260
76948 91350
93309 26002
17602 43499
4030 27406
38186 66985
4598 32034
51100 2730
44530 56722
91999 8477
14992 3255
16396 50501
42693 43581
16017 35384
63768 60965
68494 89184
89476 84068
60475 574
77082 63170
23009 95138
17021 19804
9116 71348
75716 51459
87488 38639
89051 91291
30865 78432
71554 99741
92873 90283
67116 74229
91830 39718
61858 58404
67865 51453
96574 831
60520 89164
63376 60334
71884 99080
88541 23662
22468 14807
24250 10064
81505 71507
16661 62935
28104 49066
49165 98878
32627 20193
32725 49584
34256 55821
27541 29582
93024 83384
76329 59021
25945 27842
36000 24501
55717 43133
24382 95011
24545 25392
18522 15911
59807 30934
21601 49543
72612 79484
3793 95259
13834 81094
91007 65839
77567 25674
91858 100
35397 82771
35749 80622
50000 15775
33769 67671
9771 89154
41376 66043
25491 40257
99491 64395
73050 46104
44893 13258
35109 57493
77614 14355
83695 49434
84266 39248
26788 40638
41911 12196
28775 87309
15378 13379
23468 34852
11435 78005
62110 43670
56836 73846
13690 35849
17526 86009
883 97210
32587 62400
48908 76213
19013 67238
46977 39453
45654 26005
42814 46762
31750 75408
75462 74054
72721 26187
26029 96303
93926 65837
36671 68793
59849 52725
63223 91657
60177 67730
14376 26298
86827 75658
920 80508
70421 73556
87648 37360
32132 32734
73325 60109
55326 97991
59810 85439
55649 11014
4468 81666
41530 65345
56972 10763
67535 53015
75369 48288
49142 46103
66363 94683
22523 83558
30473 79850
99742 64574
72620 19922
68083 6409
75250 11080
23104 59402
26460 5942
64002 61172
76960 33532
82856 91825
37607 65069
20470 8348
89776 37646
72452 5447
49612 86298
91869 49462
29696 70240
31617 83362
44550 23715
15235 87640
69388 27737
94827 77175
50451 87245
63732 24950
93233 54270
28719 56123
61008 29821
59423 9380
15084 50771
72699 92770
45465 9241
43920 59482
43355 85917
45820 14947
10765 77188
4052 83498
38779 15362
10655 76656
47143 14820
37240 73002
60135 68326
56400 70785
80901 8382
45833 35056
60030 82447
53212 59561
868 28918
68500 56656
63100 66754
65905 12510
73569 77235
17766 23551
65663 19842
29532 11860
11832 20857
99725 77042
99427 76982
58601 3874
99400 6157
50772 58559
69669 29379
67302 53531
26412 41140
94634 59322
36675 93965
13855 92468
68034 42706
29530 1016
87768 41338
89314 12420
72615 85934
47699 18926
86660 78414
38972 58014
86616 51819
25377 63921
90753 59694
729 30456
85169 18576
21680 59671
53326 95648
59879 23718
98289 76864
8655 22643
11559 30856
17650 27775
55859 94018
53130 17788
5674 21420
8584 95765
917 87961
95406 16359
65171 3248
86005 53568
91220 25548
86088 48807
25375 18266
34599 61555
67981 9310
8518 40338
35339 32366
76331 55524
23452 67861
14707 2974
55637 90578
37325 59560
73887 44406
70525 83679
32281 94570
82491 24788
42068 57382
94738 96330
95445 16027
57793 61596
33910 69482
85181 51797
73380 46187
50509 23126
27011 840
32589 80179
14118 86366
51244 38614
35383 59587
45005 67227
25813 71194
79434 44306
10065 96896
56236 2337
97296 79588
73364 95647
86284 28102
40054 80026
9363 26431
11097 53202
52070 36313
64888 81052
73531 78099
22947 17855
15036 15166
25055 9178
5446 91010
61250 69884
32203 70298
70680 52491
64336 88627
66817 70430
34192 69650
27408 31203
92055 30443
58349 50842
56839 50218
46932 26967
67254 71822
73204 73284
84814 36937
21490 49885
99725 47137
30499 30802
83491 28882
8309 34408
64438 51818
51750 79864
24160 24428
37227 40623
61808 71950
90027 46285
32389 34682
59170 36006
15447 32913
96255 88676
82894 32739
21574 1602
76488 12376
39598 15602
62487 77834
58531 27801
2849 36233
15397 38990
97727 81238
5480 49150
21566 21256
96115 76075
56065 33258
5153 40
28540 35387
38786 52351
6427 73036
59867 84555
28025 73478
9378 83294
82729 69345
80131 20380
62065 40494
8830 98910
84778 51663
20294 76913
64226 35225
69219 93364
40409 97977
18833 65149
5159 85516
31007 86101
95061 76197
945 44087
56159 32011
97919 12629
61017 27160
60211 48755
66439 51131
18639 69130
49859 87159
31205 9830
63194 84418
78013 34953
89327 37351
48690 79174
22295 15652
64437 46374
10940 16557
68713 55207
89083 18695
87269 7159
69605 32045
68277 11421
33473 96335
50458 92849
48552 95278
78661 58655
9128 62754
25792 9769
80738 15668
25637 81410
95309 65220
93348 47987
3792 71812
79170 28697
74635 3258
97749 84869
77519 32642
14153 92155
21729 88618
68413 54100
43292 1429
16423 23132
81100 48761
16972 51252
64435 50240
84649 49937
2791 13003
66541 55227
75314 69930
86812 91951
45841 91269
91373 37598
374 34774
70765 87276
72742 90381
19931 14193
50908 20971
22633 2715
90980 86791
34081 55082
37473 56172
63006 16531
38919 85465
50447 28350
82017 56863
4247 15016
58316 3655
95536 32098
95290 31146
41219 10991
73585 27575
39569 78506
15817 45648
99054 46078
62098 17389
42176 9740
82539 63543
23748 48105
70540 87630
39242 18141
75101 63012
21492 94341
61949 58880
74203 54417
13468 75996
77162 78535
11553 11848
31201 52862
32196 39396
95283 95012
21525 61961
16968 11609
59348 56577
41692 87633
91894 90283
84094 40694
44039 4504
97522 51716
13250 53329
21808 22604
91387 71758
41602 76433
36246 64
17866 48781
70508 63080
36057 85069
51245 72542
60665 80177
44409 73579
27749 21486
49478 53039
74828 79083
26109 88508
35761 91463
32221 57752
26797 83345
12375 95263
95596 17359
95824 90303
93996 53016
84482 56187
96609 7514
81851 8809
80852 44852
36700 80372
15423 95133
36155 39610
83826 87132
28161 56750
39858 71085
15725 92439
12500 11906
2064 32304
92742 34912
84431 92006
36039 1118
88612 67165
15306 33129
22429 81707
9079 70083
29116 50300
1834 39743
21621 40396
17362 14791
9587 40080
24787 17559
12403 96173
25733 26655
20295 16607
46098 77316
50388 5268
3932 64479
31732 17231
59477 7900
14869 72709
94020 25085
20825 53667
10343 54709
49428 29830
27820 85774
88081 69761
80278 95619
4205 90523
58270 81510
59322 58798
11632 39707
16126 60649
80554 14907
38897 3983
21504 44979
75171 85462
60795 34562
87315 34185
43541 47166
47513 90151
71166 93520
71325 69537
44794 66291
47741 60064
70529 53913
56779 45980
39934 60198
76045 85702
64785 21203
20412 76255
14989 60716
5509 51743
34458 74995
49163 26159
25940 61179
42723 41487
90186 60941
10102 36433
23648 26726
6402 27708
82701 71799
43514 61162
99230 87236
46241 9162
31281 27846
61235 61438
28603 10761
72509 6814
24003 27726
25376 83572
65956 74378
49106 32062
42159 29701
10204 52912
96007 74877
54909 75663
20259 37728
41733 15606
15503 4501
2715 44181
98475 68660
80600 81869
88682 99369
27498 18165
95093 69493
27378 7352
20422 4781
19014 21461
45133 409
45744 88958
3214 82518
96620 93657
88385 56725
46350 40770
58161 71322
9658 22855
73534 989
38122 36843
8827 59244
19692 99715
41296 93447
23233 31676
30009 34371
66304 71155
87557 64296
70832 42523
51544 77011
31121 35515
17161 62229
70708 73293
48869 26289
99902 12481
76394 23618
92394 13239
1197 60371
82884 43849
76756 97157
65742 26175
51517 99916
26014 52984
11126 12914
66782 34664
35586 52627
96747 97716
63898 21312
19895 92792
73225 74492
30312 18401
82351 43714
28374 35316
15232 2077
44368 89221
38562 56269
88504 673
90930 79049
62530 19748
33568 50424
83162 98307
16334 56183
93499 21444
88661 66774
23864 97473
58463 32410
81462 75753
79662 8317
96752 46879
44852 49514
55602 8665
88153 87457
84063 92738
33337 56025
90252 50648
77507 65945
74370 22638
88155 88413
40767 49324
66520 14583
75510 97802
54631 56844
90026 80057
43430 98387
95159 75738
71274 52122
42026 45700
70905 21056
55588 86690
48497 10556
60474 69779
9407 44661
28088 43273
2889 13735
68569 99562
85317 18340
62385 67058
26559 52849
78628 62959
439 11589
29356 71908
91488 9517
66358 66982
89091 91115
41445 7682
15546 83090
84430 19477
22421 69324
22171 74834
39192 29396
70472 25056
63259 85308
81609 70458
48361 72873
73570 56557
30401 46258
40077 81981
81177 16100
99288 28608
43574 56737
45444 46465
12020 1724
78471 22943
45540 52638
68715 17675
73993 18405
76781 95021
37146 74848
2303 16736
44644 88532
1126 24850
97605 16410
99132 53061
50130 16862
15951 52273
43570 43425
47296 23135
44160 97113
83814 74127
68908 30572
96552 91475
25819 3480
91463 5394
55715 41550
91537 73958
27248 57106
47343 70462
51298 29565
72408 58045
64268 78715
41403 24761
23831 28814
19546 16541
57757 71465
64745 59623
53230 94421
78771 75530
91598 14639
22549 38638
14421 36040
32097 84139
74766 84900
50077 28978
82392 11292
19682 45956
86568 12956
46781 16728
47717 64069
86896 39065
12587 60588
87634 35782
70121 26201
36491 36209
79107 84041
32378 25281
6544 95469
98223 880
3388 67017
70224 43980
31496 44181
82680 98362
18853 3968
65780 34831
89309 33224
47780 39477
95626 35491
39072 89453
53597 57273
98608 74887
93560 20519
82803 67723
82644 81277
52089 84051
9084 12417
99913 61871
20400 65675
58492 65215
62660 89607
88448 47613
17086 11382
52278 61009
34331 6124
45619 12186
5130 55027
72003 10316
26895 4487
61570 10348
16322 9081
38401 37910
70670 49580
29319 25336
4786 92539
8909 27796
1379 86033
75297 84034
45160 16559
99428 41995
88413 48041
33644 72399
84209 74665
94979 85280
75239 939
8133 84613
16313 19072
41222 31384
42576 66219
47370 86216
91853 48487
67403 93272
29284 73310
8471 99710
6076 92563
87248 10757
4976 62170
40074 14795
12144 97723
53104 44868
52705 27250
39167 63957
57177 57586
55240 17754
13956 68125
69715 11744
53218 8973
39095 24619
22790 54351
13891 10514
51448 73987
47001 50782
60084 21405
93517 10543
85801 60135
2698 87479
75291 43389
21741 98556
43490 8655
66728 81338
7593 38114
3808 8831
94799 13775
5360 77262
777 84643
11396 63452
894 33630
26783 81494
57322 5556
7125 38809
39708 34191
30801 29945
5559 49674
54705 36123
12629 91191
50949 17530
79199 5915
45203 92805
70582 66157
34518 7167
95374 91802
89690 81311
4365 2020
92770 63470
25393 63710
69091 43083
62151 54930
51718 50506
6997 50427
13417 95344
85649 1003
51711 8729
42087 72582
66348 75283
14038 29445
87625 44992
75316 70773
25990 18712
7238 87733
97059 62820
54185 38843
56790 77092
19788 74992
98504 44778
84979 62607
90936 74077
31222 51562
32758 16343
56383 23813
74825 97288
26448 5721
47594 58160
58427 62099
56711 11560
67016 56722
68417 66330
18770 66444
51150 93509
76650 89993
81367 36666
28371 44391
3899 45953
83332 11221
74411 60437
56073 68632
27916 26116
11074 95976
21528 26032
3683 41364
17597 21296
64051 63898
31036 27248
57709 38128
18411 64108
56257 51294
2324 2489
80276 42657
11732 8765
71100 42154
20156 19762
15589 90749
17236 53927
57230 55091
12627 30271
39853 3768
90152 99375
69383 58637
54388 17540
82393 82759
9838 40571
85138 79950
48509 36424
47958 13535
53026 31024
44508 19147
50123 17710
3249 4598
84321 60497
78708 50968
97851 36316
29111 97151
75880 54854
99044 3979
55818 88728
77174 97297
5173 94577
55420 86169
18420 50917
46489 32928
6981 83098
32678 64119
71800 29289
50223 78402
82099 53891
17778 79865
58545 96522
53443 95530
76446 43539
86155 2069
79005 64491
92004 43119
78082 68687
18303 93600
14201 7058
82654 14693
75485 8987
53050 64046
11393 99844
20670 51745
42411 12476
25866 75573
62900 89382
59825 31256
13385 97112
96923 79242
22957 69277
86692 94752
82389 5395
47355 96290
46442 76142
88676 9740
33451 10483
62006 75697
79496 43998
78334 43443
70408 54845
90555 72269
2724 49234
96415 393
33321 33556
20628 63946
90138 72047
72405 21700
14604 90527
66672 37503
53193 65785
3211 74967
73390 90115
99676 2655
8460 51063
41328 34201
32810 7044
24069 44031
7201 84205
20239 97630
13023 1096
48279 21782
72421 59007
65847 3451
61321 20755
45055 94583
17525 61556
79060 94181
44710 48074
76971 88792
35949 66479
44626 40594
91154 10003
200 80845
10380 10167
42912 77526
51850 13682
79138 37132
45645 41743
59210 18790
75051 9869
88551 74858
61710 16126
40445 94391
80947 78184
63012 81020
87948 87303
94918 31614
62142 33961
44997 62806
22852 67664
71891 8977
9994 30004
66199 95566
1426 85983
19279 10755
53299 59215
95785 91929
81109 76247
64168 88011
66422 93278
35365 939
80744 98014
82604 30942
13392 86534
43515 85915
90665 74457
24518 93263
55839 45389
19414 8091
65589 89773
11109 67220
54751 23223
93123 12867
20296 84671
61556 73155
99086 12746
18064 63622
97249 72308
96610 70448
38599 52203
60842 42426
16795 28593
89211 41296
94282 48989
40285 68116
28404 28411
59084 63225
81105 53288
9015 90760
49033 23671
83330 48734
44795 98222
1508 93228
52567 73289
58602 83094
22788 32598
32146 74005
58907 72920
36049 69845
23625 68325
50158 40471
35121 14568
51204 43920
40776 31071
22852 7273
53208 81501
26608 81565
90237 50121
27842 63613
28075 51006
77443 64463
53094 43369
71476 48907
78728 50638
50600 40317
52862 70436
99752 14662
40875 54644
54670 41691
95108 6622
48842 23236
11667 20979
26080 97918
47957 23548
20936 12538
88699 76370
51885 12476
13005 14116
85935 82908
68802 15444
71073 66568
78121 90042
36299 66400
32899 76671
46185 50265
7814 25700
67786 63675
5212 2361
98898 32419
29602 37990
66968 40578
82857 68869
15497 61019
63609 8581
40899 56681
23145 96457
78811 97111
90952 5863
22455 77126
30103 22122
13813 29867
60461 4689
63970 52014
63090 22541
43492 55211
68452 85191
53777 86485
75349 67063
93717 6510
64938 92750
30608 25841
97726 51949
94454 33801
36189 17644
68141 81975
64393 40244
16690 77455
17113 55557
33780 26779
23125 22321
79672 93911
9371 27967
8019 86707
43037 32169
80627 90613
98497 22814
79799 39348
90496 55297
19026 19390
21255 56200
36364 54482
46137 41021
98305 24007
57706 11681
38752 2756
68837 2276
33165 36101
99496 63566
59039 35133
88355 51738
29731 41614
50557 14293
74103 39474
81935 5379
71792 49526
45574 52795
97044 88826
5829 7942
88673 7506
34657 94724
30724 9128
36387 90790
88643 54999
47850 87797
52852 75793
11270 53962
57123 24923
27198 48436
86736 96908
4363 89365
27630 21457
62523 37765
76422 38508
37583 58062
1234 48400
83613 24462
3874 65287
91086 75128
64730 16748
94753 74547
11762 58353
54470 18201
90197 39355
69828 36538
51138 1729
63893 87510
5486 26480
20100 69703
30656 89610
81142 35381
87124 97538
69982 34527
10489 44033
36710 14777
595 60613
66637 71208
73401 19933
32292 10568
72216 64334
56912 84263
84750 70865
79787 76135
27184 50898
52835 69151
41412 27379
87194 42459
55624 40455
28132 98776
17257 46519
63564 23433
17805 32288
86351 50677
68394 52819
15711 45046
78252 93684
89697 53595
61171 81852
93264 4519
89714 62871
42392 272
12082 41319
72827 38048
52301 85663
55824 46008
30419 80104
86239 74696
34408 85919
87462 29560
34340 49877
49847 58083
14162 9774
83863 55446
44977 34819
42465 30518
81814 36384
12225 26519
38696 88454
85434 40261
31011 14410
36864 90751
41334 13364
14847 17623
6308 16929
16690 50515
28935 23010
23340 89487
680 41435
65331 36441
69865 22661
11840 45364
44987 45740
26656 70325
76360 32401
93622 29961
62922 6473
16950 42221
41554 61596
69612 29940
98722 14791
93683 40645
37811 23354
60255 96027
2352 74267
55763 31171
76377 59842
43691 17857
59745 71643
41780 99275
34289 72263
63087 12076
55875 35226
50034 81923
50343 62143
63526 65282
29505 51183
35658 20943
73001 28062
68174 31302
14378 85231
84377 65524
45539 19002
61540 42750
19785 31149
46941 69080
97315 73512
28549 57999
99821 26784
88978 27296
39829 91740
67534 21054
4609 99739
22390 15440
31912 22989
80700 32240
33780 51541
40261 33613
36102 67246
85387 64202
27762 89346
64348 79965
6110 97748
20761 63601
65448 65528
30904 85988
17853 71094
43939 21289
72675 85738
25655 78536
42768 85767
13734 7161
31600 91951
50229 31437
86339 12285
31902 98949
83740 76699
27888 97816
77283 64076
34186 18418
62388 51683
56547 49839
50910 39178
36805 37156
78533 14845
52941 27863
15937 43276
75757 21794
85053 89756
46187 39956
15832 43527
48127 69295
47783 68887
52569 11435
71377 46639
15160 10386
24530 23010
73396 63426
63385 69242
68245 6222
41129 49362
26937 78877
51068 93181
88882 46058
88731 26589
48582 7618
36263 9356
50125 63785
35892 22039
27991 96085
36136 11165
59908 13873
14241 5268
30377 63900
80044 48165
78225 99368
73679 15691
4730 3163
33343 76600
63668 75537
27499 9681
358 65656
77295 2349
26729 51058
40514 56985
35146 30231
18089 47734
13580 55408
20449 96570
90788 42045
71289 57547
14171 92304
36149 42119
68720 98096
80013 58751
45395 91735
34507 54904
9899 26612
32593 136
59761 19786
16945 34847
73459 62959
65459 59963
24690 70734
44818 76946
38948 39493
91231 32173
47987 55656
92765 83783
61819 54684
71715 92242
29072 81981
91197 32082
42902 40536
92651 68128
32583 77874
89185 63336
47409 59711
9574 79563
27605 10571
23157 75198
87241 79829
42494 82249
32087 29775
1446 7977
6812 64192
13666 58863
22250 49474
62144 77823
5670 82084
68575 85554
66314 54888
38707 88116
84580 82854
10402 42918
80278 39912
58953 18813
6100 32236
48407 91265
13513 97349
60048 29039
77170 42394
33419 57944
32129 6246
80245 20096
15003 2454
92300 6655
56827 23086
61445 19044
80845 6148
62471 59629
8435 24003
56046 63311
64068 15498
6376 30740
82472 75147
10843 25336
86077 76396
18717 43884
40213 42313
51227 11796
83062 17360
67315 90440
36184 33411
24889 54134
42283 60794
4950 48734
47566 7550
63204 91957
62585 29967
19348 83939
69748 17120
14824 50437
16893 3029
85465 99851
52999 2636
77842 25531
56917 13105
61235 33420
56995 95944
26895 88332
62590 33735
10062 47611
87590 95097
99148 64494
4499 76764
3704 77869
10446 3236
6774 27477
62387 43286
31197 79574
84502 38222
58618 60629
26586 34073
26347 62956
30523 25659
37157 81990
59654 1899
69455 78531
81660 91378
62053 2202
77715 27504
68085 26386
79860 88055
453 22823
82846 5390
94059 83404
31778 18159
32787 90019
75461 53193
85886 99238
30593 59454
20573 96738
15203 67846
74970 48023
3599 97867
34255 1561
4152 3851
18924 81970
38632 30298
82133 13886
87390 50909
36610 10029
75339 26735
72094 85828
93140 53279
81673 93308
43507 6705
35926 62402
49686 15449
79949 83093
91774 72899
61802 80460
96450 85550
55420 57709
44490 9739
68263 3511
35124 739
50275 24505
33393 82959
12410 97944
62825 86621
71278 34509
15539 8370
99984 39973
71454 46403
10346 40671
33644 65722
11799 70034
75249 99511
15269 87908
46264 5644
62042 32884
11390 69536
98412 46929
6389 45326
89511 45888
43811 58691
9228 87482
20896 44931
93036 16971
36827 49220
33520 64565
86294 6033
45813 34315
48902 23976
65928 35958
41108 71261
16846 97331
74398 21749
52991 92563
62390 89644
56198 12186
8130 48879
78435 22945
25755 45283
55465 58997
7470 34332
89440 72117
54846 102
69732 919
30047 31200
44196 86627
12477 58428
20292 6583
18547 42209
41915 5441
85077 50217
13654 19592
10278 34947
92147 30020
31170 46770
72007 59617
64438 11116
98169 89505
44835 44987
62884 79831
85374 65600
20377 39276
5555 37547
69882 25245
14526 27236
86176 89499
47696 14374
75927 73546
81232 59230
30173 2882
62167 1712
4486 53073
45619 94546
60731 66679
72677 33488
16630 89833
899 43654
99559 44271
30006 3593
87026 84199
36221 62719
74671 22399
35465 59777
60713 57598
47423 80192
62112 17084
90713 79678
89639 59909
97285 86481
98982 45050
42884 27363
55993 89903
3436 60660
65295 36398
20743 18454
22059 34003
72210 20016
32647 21583
5791 17693
11980 48774
48467 37066
5404 85456
80840 29883
68137 539
60237 64422
54906 29639
4385 70742
10317 82633
32027 89993
58255 93097
87653 41619
96166 49988
1532 48313
2664 5994
36690 29271
58529 57505
97837 11483
40529 93152
52357 82983
95180 20565
84553 23250
50968 87104
56187 86888
4178 37973
41359 19814
1865 94430
88176 57695
79458 19767
30396 92185
51890 43696
22627 58065
44263 67823
55115 79347
44384 70091
33455 98274
89456 69810
87131 91638
38111 91492
95666 5081
25673 71445
37577 80777
15485 3151
12105 97722
18623 90190
93008 96881
46918 76642
85969 84233
62 93136
9839 79410
83656 30417
66662 47597
4885 27954
15843 93713
46735 32979
8070 65834
27249 48104
20711 2516
46729 44059
75439 12164
84669 29639
52666 77024
93283 36447
88828 56450
84775 76773
56664 51032
88553 57555
17866 75687
16540 57174
26463 44452
20425 35341
62328 96057
56106 8110
555 85638
45807 50882
74050 36734
25788 78277
95097 41286
2249 25191
44196 7929
24065 17037
55495 38374
52707 94960
96540 93616
38244 49052
96081 47501
30923 10547
4647 25320
91028 63048
60756 27712
88302 85989
34210 93446
41501 91909
57998 44547
77688 38682
28105 51760
268 46152
83867 4283
7543 16520
3451 70441
76430 17414
29016 65902
11383 70084
63859 20119
33936 55221
28834 23712
81350 51650
61199 33118
43167 44329
80247 98839
89009 70968
83276 23653
63976 4886
95668 16600
93572 66011
93671 65872
64280 98964
15156 45926
94509 35584
70237 32356
88413 97557
84406 76008
33784 85083
59498 68646
2114 62191
46102 16931
67571 65666
99596 45978
79125 47896
12370 83867
11594 80138
71264 52423
35364 71588
11366 23414
98603 16423
33731 36145
35643 18632
62767 60536
65059 84527
69426 21372
46566 30266
2730 62118
8062 52535
71594 1647
72884 79501
55733 742
43401 58868
35975 55021
87889 82488
11084 72668
42227 62970
44743 65245
21930 65231
45069 65774
19143 9887
28615 52002
10796 7719
15284 58784
25906 86200
19812 87426
19588 89365
11550 55416
56802 53817
61531 60931
4031 63727
17160 22330
32772 99672
89864 32776
35499 3625
10768 11564
21188 14954
40490 9719
53715 9656
49362 69938
54544 56963
72956 64501
37989 84017
58476 56977
73844 60793
45084 16743
8207 553
40986 86223
78750 43233
1511 98194
57213 24662
6521 24496
84890 24880
13913 98171
94875 26859
97638 8794
52086 79322
61201 27943
84728 49087
54559 84914
66847 38677
81258 68475
68352 89575
39712 96731
1537 50357
48450 31932
46752 66326
39367 73821
5162 74545
96438 30895
54885 32387
30095 33018
4199 98140
49091 51513
47324 73185
60471 88185
89124 53516
20582 13247
68850 18119
20604 64639
8814 85333
56987 83237
47316 92650
66362 71504
81491 22989
6081 56402
92271 87453
35854 32977
14752 61001
8531 64777
47025 83191
23509 78696
54465 9214
24143 3761
1893 73547
71533 89722
43268 94176
78866 77197
88506 90832
74194 22795
28277 69957
39896 59620
1275 96091
52929 88480
42275 57954
86176 46777
51895 69535
75384 89631
86296 51435
36677 83283
43706 47123
84883 8236
34755 81206
83461 34677
44049 2634
89552 56621
3377 40536
37437 48133
48232 98108
52842 89414
32846 56518
21514 61288
11182 61307
3840 96028
73992 58900
35080 70884
3279 16925
17455 61813
57036 50712
22774 6684
91513 74680
68274 57718
89446 11078
89807 76790
95927 43136
58952 24163
20931 40949
10001 79095
5527 97386
90638 99521
14002 50200
71161 28100
11367 45579
80063 15158
85149 97476
59780 26146
59154 40056
17530 25862
71892 82576
35886 24566
35719 839
23420 64631
73698 35823
3093 46276
60049 51500
38816 97773
18644 27575
85079 70579
74015 74428
8485 4462
65304 47580
95919 36135
36925 88940
83560 24158
22587 12724
19707 37061
69655 58930
65092 99330
3273 16852
99831 40209
43644 60193
74488 50368
30832 72465
52354 72402
94584 22288
80577 68413
11805 18751
44919 25483
25528 99059
59194 9821
6108 58804
20788 97763
93354 84672
59618 41029
85850 59685
46390 87645
82713 43466
21078 55195
23333 43815
91162 10752
25075 99016
82385 63043
21866 24430
73597 21391
67366 89774
41650 12803
73525 59312
1979 89936
67229 48497
19573 90335
50228 82401
24371 91721
50919 49990
39576 99677
45172 69207
37792 75037
71983 60674
13463 3457
16513 43271
68032 53650
47844 85147
35951 25840
1832 1734
43663 57005
73778 83557
35326 63120
376 48296
82572 72819
30822 45365
62816 69542
58011 30020
13587 5417
65133 30752
65746 78357
55073 18956
9056 6900
75956 5948
99250 18533
62517 75352
6801 6137
67912 10749
2908 8089
44164 70619
24803 1309
90326 99192
46765 62390
76796 25995
21843 14149
11435 9698
52578 22114
60874 67037
82941 76662
3636 65104
2169 73025
89978 45701
3936 63413
34719 75096
56462 82264
7354 30809
43479 93350
13975 38637
1887 30733
5110 25326
56832 98640
93515 43110
1864 56645
62684 21720
81944 86679
53319 84599
8742 81924
76665 74989
47740 53695
6231 47606
89015 70767
6041 80482
98600 73423
25418 34486
25046 14956
81578 97003
57115 64618
91788 29454
81219 65439
23320 97247
99952 12727
85034 5746
66040 77678
16273 21393
15717 87097
65041 53463
78612 40477
36385 61622
12343 27638
43758 82930
531 33714
18135 42852
37346 98452
15310 18041
81203 81073
29405 30417
37669 26902
6079 20352
24463 14112
43010 43695
58555 34178
75340 16124
35815 68003
82131 18902
93507 12541
44483 6498
17141 38719
57692 80633
10296 91724
58386 27623
95000 11162
40299 96334
9143 11892
64132 82241
54476 55449
82445 89321
94623 41658
5128 41924
73806 42592
44270 15616
43692 31747
66954 22693
48092 55892
23292 99784
43322 98900
5399 51065
49010 13115
77539 27382
63655 83602
70620 65141
25998 50201
36625 78494
9328 37570
14854 78831
25548 82132
53618 52150
90962 13449
36482 73370
39113 22096
82068 91347
34378 38187
95069 75757
40290 9362
59908 18090
58516 78863
46084 96829
20885 15552
61486 303
44974 91481
64580 82621
10174 63711
99999 90104
52053 63341
74187 73988
91098 39059
38374 53113
21510 50066
8580 43365
28455 74721
52526 89417
85214 97835
52926 60183
15233 89807
9892 77627
23130 6879
26340 79887
60486 69409
47350 3780
96534 3281
70213 24384
9905 5853
34705 10555
28689 32423
64173 81121
34113 71559
70785 56819
3366 61543
54088 65798
16531 50501
99507 49730
49843 55796
71365 97636
44419 87867
61878 8572
2548 8052
33936 53776
44494 73839
69493 51223
67656 21708
73590 3647
4209 27237
94781 81768
54090 29058
4517 53351
3722 50306
63324 29156
47001 11929
45480 11260
32725 46508
33695 19295
82288 77751
87117 20819
46095 91911
30802 7375
28684 53281
95937 77985
14870 39481
98851 17833
98220 76860
61522 8891
1702 74374
17214 37505
60300 63980
25995 28503
45116 66548
77649 42253
75240 69752
92667 53641
94134 48519
77961 67202
20478 10724
55118 36838
30448 19141
39442 87413
9739 60149
30385 3171
68519 97138
31738 94010
36076 30191
32176 84950
69625 70548
73389 38535
23710 27513
43162 18226
55330 12815
24665 58321
99229 61143
60667 16494
15903 6856
69450 83852
35816 40909
28544 90334
65454 80389
13806 79758
35578 62850
37047 16568
81259 12362
77458 80460
59121 85977
14667 80271
45619 82269
28642 80282
67786 19129
68778 2298
91587 9410
75500 80238
42337 39845
73986 13229
61305 34879
16540 37149
12661 61251
2686 8221
2098 47736
64000 38044
83137 61145
87469 89727
71369 37139
78468 99103
11395 86314
5338 79497
62173 87796
3542 71868
11448 13692
84500 66478
45674 35904
40323 32296
47453 24116
45863 35493
43662 87421
70423 535
82415 96055
86752 52034
63653 83824
3712 58879
9098 99338
11500 56731
65292 669
57290 9717
58637 37490
15320 771
71937 23753
53539 75213
1427 70196
2321 21233
96416 18522
72216 65086
21146 58549
17828 8409
7238 6420
13845 7995
65758 71066
41118 26960
6225 88701
22951 30521
18846 73864
76428 68043
11964 10297
84637 98926
44757 98179
43164 85408
2855 12142
18690 54031
77090 87730
39193 91074
77228 81632
30211 23121
23936 38777
32722 18856
37258 15124
46222 84105
73101 4540
20787 18118
21725 31536
21039 56875
82565 53314
57032 6866
61827 78297
68949 2700
40263 20015
15264 26175
76088 38514
34314 36835
39886 76391
88103 38340
99481 85699
55614 12323
889 79696
11594 6549
46755 94543
53852 62082
92195 7248
72790 83655
20468 74587
30385 7029
27689 83658
5976 28399
70760 46284
53931 76272
96458 20836
25309 91523
50045 12425
34391 92937
25378 40100
7059 66423
18095 78292
7105 65877
67501 54445
19877 22688
58171 38740
19863 69128
82569 61221
53633 69779
44350 12910
61189 87992
80115 27441
22165 86853
75510 33990
85433 57402
78024 56918
30572 4940
8895 66913
52127 4387
76069 66969
98741 18108
23607 61413
37285 36871
98406 88735
9084 92746
94937 11766
22520 56700
85642 51245
91086 11243
33381 96570
24452 1175
48588 3112
51224 31252
89621 99765
92663 38028
21386 61493
46951 54267
17672 39469
36157 84913
62849 72312
9032 79956
32186 79366
65060 43259
26893 79608
4008 84692
4680 85158
29401 41694
10893 83865
84148 45232
33520 67729
1064 41168
14332 84832
74169 22397
45710 81004
79263 72486
43928 31441
34437 60657
7040 32477
17610 81749
42910 97523
16611 71648
49761 39432
9975 69425
71819 78985
54658 85407
38640 243
11058 38160
25020 70618
26285 90403
74858 90467
42793 54599
4333 31977
71283 33537
53803 30779
10217 64842
75900 37724
90880 65807
39600 68931
10846 96463
94694 72857
87168 25217
99574 19901
61974 56203
29064 15299
56802 87468
77275 70768
91965 44083
29503 30080
35250 87909
54907 59873
71009 29979
6344 67669
16413 2497
77875 40628
82735 27513
98655 51367
6673 85334
45633 91598
29811 81697
83554 81787
21465 64152
32961 1301
1306 25322
23854 78646
68099 47836
91024 26158
95987 17639
7808 78653
69948 2743
52204 89692
5192 27725
25045 48021
24914 60959
91313 76647
15593 73715
92457 2403
91728 71399
51164 28241
60449 67276
36507 61708
75109 64870
77387 27074
3613 42862
16966 77045
31069 53808
99802 924
44587 81069
45768 86339
49893 94586
71558 50086
12056 67712
86686 10970
12425 81402
17869 76677
14512 39738
40965 36481
37624 78723
59531 39293
5089 59824
80921 8860
47326 9292
98109 18643
53880 78489
83833 28719
50216 54057
59041 43533
32193 67880
22688 74209
50852 92048
64019 63536
27657 25330
73996 6069
81213 72660
62224 81855
86046 82446
31482 1361
63265 82828
32822 30882
24461 69583
55654 44059
89278 94988
45057 1339
97762 24139
79215 662
18271 62057
13870 81970
11499 43798
74192 64424
21395 6104
7579 22409
5109 40935
71335 78487
44805 35023
78435 35303
93804 93009
11697 24390
41284 42529
6854 65521
51293 76585
22187 38363
46652 68069
90878 56363
85495 68422
99954 40603
63642 75791
7178 89210
90404 22491
23266 38059
41834 90325
69734 39396
82260 86462
34105 60528
87932 13066
38864 14029
52082 11363
23284 25999
91578 49701
97188 6235
79755 93728
37712 73517
81330 52634
79551 81458
90221 20042
93002 97167
79025 66590
25919 8888
70917 17558
9567 47290
83300 47110
73632 66961
51775 62712
97707 89554
80537 90760
27551 28899
21833 89414
11884 76670
35515 75095
76025 39762
32943 47893
36479 57794
91865 23242
88364 39108
47775 44409
62561 58274
86527 99317
15796 41372
90854 81768
51375 80709
44441 2350
19023 34370
18800 29207
35718 47982
91350 72744
19641 62073
92523 19067
44514 49988
56322 54426
80367 55878
21059 23880
71809 50602
42314 8344
24175 15407
52390 77460
97248 57479
25403 20087
98068 58360
64928 47155
21724 91742
32258 24557
6174 43815
45119 52604
41906 5525
23468 79245
6055 13984
36720 64130
14782 29617
90983 87342
96494 47497
51423 77658
66911 88344
96990 13220
88015 99558
69626 47099
45840 50797
70047 28100
14215 64028
15405 26936
95119 99670
77976 43907
81140 433
89222 59271
4249 51416
18484 343
52882 89737
49330 60156
71179 87416
5186 70164
34879 37418
76541 73070
98049 53179
32142 37743
45591 70969
23444 59696
58905 81094
20261 22045
62711 23385
12486 60503
26481 59102
94899 48115
84604 71634
46110 61722
83076 62696
93831 78631
8676 75046
67785 56268
37167 168
99182 9325
97931 26012
98773 13570
9201 91973
88019 48538
94639 57657
10222 2739
38949 13603
20356 88675
97195 21505
31715 35634
49194 31302
25262 12989
36734 83545
65534 60405
49499 67445
64767 68158
42053 43783
61775 6993
80054 90419
90306 8410
46364 8976
18816 88346
37528 79335
41541 53318
5216 71512
15297 21734
44221 28884
15126 42423
23598 77668
59037 10089
41924 90241
5281 40930
26756 64122
77569 21978
74856 50865
99443 18557
59326 78878
62332 27788
21415 55498
37016 31676
56953 45494
91736 69045
19806 55186
54047 96084
3731 35910
27877 61769
49962 66060
97396 52154
79528 34675
34638 71070
83879 27966
6756 39427
97013 19587
52352 47337
29044 86797
70300 97285
7736 4731
34729 83999
78476 30814
89802 97652
88365 22175
2710 29364
23213 38262
98937 68837
78961 35668
52275 99038
11508 30810
59575 40589
25122 36256
15086 71954
22942 58319
21042 93506
9180 29479
95699 89860
88775 67482
27701 61367
89916 70799
66864 12971
89294 18720
79535 3075
49856 57692
72786 75033
46414 75942
85676 21946
452 33812
88293 31174
81125 25104
39128 67121
57829 72539
44246 69509
24272 83077
51074 82078
58753 45174
88852 26860
15723 36489
5750 57749
55572 51915
66730 69072
98325 41248
61953 92074
18843 61439
35077 85413
19305 17105
38352 66644
3796 8950
83603 83969
53477 44799
81457 3208
5787 57845
31233 34329
97958 54001
77487 60793
22925 32706
50715 10625
60553 4170
87896 26782
20616 37985
99278 91280
90475 2321
65721 87339
81512 87032
48457 21336
17704 12841
98048 36757
58634 59467
89815 19825
79999 90840
4121 82449
95692 30208
78789 67854
73323 46883
32656 80789
15338 43963
45665 13605
5546 4528
95604 41460
15841 97793
52088 98763
78361 11810
66225 87141
40078 75448
47830 95348
13972 14879
13812 84348
2127 21797
30441 11958
38938 50380
63209 22959
8545 71467
93501 12038
68550 5422
86271 63889
51967 90738
94816 65913
63510 87722
82051 3417
89320 57565
48479 4259
15015 29317
41056 32347
5720 42417
21926 78362
34358 54180
69604 12908
39821 60852
75330 79634
82623 42251
64508 18145
44963 90634
45506 88898
55521 2209
42486 69552
58327 56056
60912 51005
67671 74858
60669 29069
11559 74916
62428 44376
35359 11018
61280 68076
36078 13139
26417 53162
36342 584
86410 83813
33644 29481
6044 73126
34713 90376
65386 96842
28827 93067
32844 29986
40420 29134
61068 88433
2266 18687
3851 75186
3094 67041
99965 49712
43333 29065
54409 78252
20586 56068
31530 11419
346 783
81968 67717
75038 15357
84608 18439
45621 24821
84432 51026
39599 60402
15212 6506
76211 22625
37716 52647
53722 72358
38235 15287
48465 30071
33577 8282
31035 767
61306 81957
19181 45501
47806 67872
19569 58659
64023 86568
3 62423
84765 86285
3991 95285
40733 74869
88241 62218
75286 10008
47339 75355
75963 43329
92786 48892
49268 80947
69418 71610
32604 51682
98310 10962
41028 80982
20144 39799
53775 26316
7047 70032
15252 63892
16508 99991
63616 21684
83092 77307
72369 77251
18761 83199
28828 93487
9961 52121
54791 31800
82421 38420
29583 85234
66499 44078
14084 82983
3485 6170
16904 97235
88160 65344
57524 12102
61822 72152
56115 52966
61180 10867
54117 63178
7189 61746
47806 72096
32085 64364
27684 16295
67198 40013
25140 43062
92231 18417
87997 66420
4695 68685
76771 61789
97615 61351
38398 45284
14494 3609
5240 65739
80330 91698
95155 18252
36238 10708
17473 93108
73462 10199
37482 91650
85764 78213
74889 66093
42351 87612
31503 82683
2879 78479
87263 70827
43954 60101
48496 60716
51354 41913
44367 195
70429 81240
92282 89321
87348 59302
52869 33739
49068 25
16249 12329
14472 2812
29744 18231
99612 47118
34043 8926
99316 31265
22300 1532
96203 91323
56492 99520
40276 81944
60726 77903
50197 24581
35226 75778
66887 16359
67307 95077
31768 17491
13970 98586
41320 22291
10504 58260
66959 28199
56448 96989
89654 39233
5851 74192
25593 23528
63185 59839
41132 48854
19375 51214
23411 25722
98579 10678
16520 6711
14322 56547
78808 44195
4691 60407
68614 38025
33202 20645
41863 96807
96446 25654
49957 46833
71098 4007
72925 39180
67040 30985
76512 14356
12377 3008
84405 64310
36422 89157
47285 77174
40411 25252
90062 70283
26174 36255
69921 38302
44300 64264
43397 34799
43445 65579
26945 60432
74299 95874
25365 48328
49399 42079
94386 80913
58100 71046
72445 86266
36754 67439
67313 40581
70020 43624
36346 64778
75698 2194
32538 68147
80312 35168
56231 20606
60741 57307
93867 61342
76733 36704
97123 39354
51992 62463
63329 72973
99809 25886
20810 12868
75767 60917
99897 6819
81455 56112
19066 15008
45456 97488
40048 61798
29397 35242
51951 69876
95791 22470
55778 52028
35777 98081
68742 63364
40322 87468
15405 56392
53662 51658
82877 17526
78582 74998
25871 5584
69243 50555
80656 4430
54775 58778
8642 25689
2404 54631
11388 87697
18674 39980
7238 92297
56518 42853
5279 96357
92053 60483
97815 35651
13453 29577
97749 38319
87629 59442
9329 17901
99560 96969
52251 99187
24903 34799
94355 94252
19683 70744
7470 22390
92175 60142
4568 19109
36972 25965
70380 20158
11538 74885
90014 69021
91118 88924
66930 24431
81694 19433
28961 39608
25783 42906
2011 20559
32512 47119
84288 48349
83796 26140
46950 21602
17892 32395
40087 15792
34739 34072
65903 78990
43416 97139
32738 23702
15327 53218
49908 58071
93160 23900
12927 94835
35719 16623
98577 5922
92130 79642
54059 4270
40470 90580
69411 56309
30835 52195
29986 12458
21211 62822
62535 59925
73831 69580
97763 65774
37730 99067
39003 41253
13740 33130
90505 81053
83864 71846
88219 39117
9166 19569
91411 98590
31370 17630
51077 65872
67355 34231
65788 21652
32229 63543
40277 91155
17471 71824
41442 7846
31606 86343
79464 21979
65288 75411
65281 63159
47626 33569
79579 55919
37123 22227
23160 33965
24558 67324
43628 11441
64540 68294
13634 11661
55856 11948
88887 26696
62913 89184
72253 61500
76443 8454
3578 96217
86558 44311
88774 7104
98814 11936
46033 88136
60577 94112
24154 28
58052 38093
79033 46778
67959 52688
31638 31286
61212 83268
14639 94453
51468 65883
73846 89587
49746 70425
29489 98461
82733 63895
35833 38360
58995 81761
25083 79000
51913 85784
45786 79369
84779 64913
83531 94666
65162 55861
77207 14989
70249 93055
22716 17337
44512 94209
97805 56072
33977 4095
17134 52585
39126 76466
87800 4543
52553 73638
50523 73280
56665 67804
535 36214
63492 23593
74594 82274
90519 93781
28645 11764
47576 49949
35391 10740
92797 16338
75808 15133
29810 74104
96847 51516
15799 68136
80005 31125
90880 80014
46224 55454
75315 96523
73137 7747
72205 47508
73886 94400
958 64625
88225 84682
26376 53439
91926 2631
9380 34607
71121 91728
75677 26820
86454 48278
12946 80697
62559 5179
14008 14073
62554 66773
82359 38885
28296 73230
77128 81138
63872 20102
61405 75400
54537 57423
66937 31428
73443 30544
86836 27606
67967 48644
3256 6244
93314 62776
423 43174
90471 82384
85842 8168
36442 37282
5187 36395
53533 11385
29940 42275
29382 48179
93430 24538
16031 38724
29388 50764
15589 77841
2029 24041
32554 84950
61829 89623
46228 44385
30260 54061
69947 47604
7725 75609
16526 65926
78777 85243
40495 49955
71954 98888
97523 95368
1032 35624
79779 50056
86367 70007
78877 41705
97711 94952
53203 27144
50051 95325
68875 77329
15835 11857
63005 13703
55914 42286
13689 64002
63416 37783
28126 33964
23744 61504
30372 8355
27315 89232
84403 16923
25140 50438
81289 17849
52219 63345
19257 53784
75762 92439
15590 36008
14042 28975
84524 88426
98855 83783
11928 4373
49984 17726
77035 29973
71264 83403
60250 18534
47096 2676
19473 84157
37898 66584
15979 42912
6543 86726
34812 89001
78387 84931
1768 89670
69012 52905
7881 51772
8646 93954
46956 35520
89265 17361
35284 70844
14737 38345
6134 87760
42582 15828
65372 77423
81794 9741
19491 98942
43566 38438
25916 65016
89220 11715
69262 47660
81350 39773
30162 2557
68390 59009
23222 83009
32140 96590
92827 76323
85108 73243
92215 70978
74541 54862
23572 53039
60251 19781
29647 30739
4245 44177
96538 63974
13863 61143
39738 60217
25458 57069
7753 71790
67495 56419
36469 19418
13424 13335
31839 33258
17607 36639
20350 6106
92253 96100
92121 76575
31156 13729
6417 50015
80965 81768
83284 43508
80860 37501
16075 23149
91671 18745
8621 45517
37482 12456
27881 37738
51869 77643
3233 87727
40684 49975
17449 51610
18791 9973
5292 88831
53808 65088
6503 84259
50431 94506
15468 36865
85665 31383
32801 72329
54325 19775
73119 77340
25454 52241
66291 16658
73652 45931
64767 91700
37218 86659
96122 54561
56713 48577
54700 64493
69996 26114
33844 41662
67874 63447
2050 35854
81368 68132
53244 67084
68812 73633
86205 77914
67411 81948
14546 29584
83123 74229
87899 61432
62442 41921
72272 49744
93285 95240
74809 33995
23850 6823
20501 18832
36911 55407
68148 36441
38976 96260
5309 71926
67709 66622
28169 85000
48409 79595
96262 14022
62588 17611
47989 85275
38722 46547
80107 83750
1915 72011
88724 41688
77193 35568
47372 22394
61668 24883
51364 64324
54521 80023
58691 42311
22215 38135
34 88420
35521 14206
52111 69331
66223 47437
69995 10525
41804 38552
21580 770
92841 83081
39708 18612
61065 30396
77015 90170
3331 90273
39697 31950
43076 45598
47886 22368
80906 68170
78536 99088
7817 87347
19885 77239
76266 77337
5919 31839
27271 77936
69970 30119
69105 13282
77713 13408
36554 82955
80665 72434
47307 66523
80251 96728
12287 60344
86367 47359
94374 58457
69436 69868
50324 53708
82753 60755
97423 35377
73008 24896
82676 79900
61565 81170
10802 70103
30707 12987
14637 23709
34095 32609
79869 46945
88707 50816
74284 32165
38836 72294
92124 15715
86205 51670
23391 69736
89514 75846
43389 37012
50430 16928
28529 95483
90253 82021
52492 1959
61250 13957
57201 86291
67803 71304
22551 61073
56040 66568
30635 2886
53455 22549
87435 7721
52747 37104
15531 49671
84008 63088
83892 88930
36073 55840
1024 59597
32227 31646
73600 41777
42783 2238
68982 2668
77532 454
91131 79661
65258 91375
21210 7417
9040 81738
66227 46089
8486 33657
25785 79274
68412 69297
54388 41275
57490 98783
35680 81426
48766 19328
71405 65080
33545 15655
71645 4456
65074 60667
43496 73556
72905 53462
92603 47200
10165 16871
28180 70245
38991 95921
98824 25839
59749 8714
52350 52096
76440 95933
24850 57003
8190 20776
61139 63737
66176 1727
6436 93415
70077 92999
83550 41862
68422 45307
60141 96730
69984 47243
33519 62428
70885 2648
90617 50904
2435 71706
58001 95440
53979 43610
86708 4695
87459 67768
23762 67798
13605 46534
11725 69322
29278 11370
32254 80196
91263 59232
15312 79912
16368 87478
62723 6606
89000 95503
52778 52485
32278 67521
24845 39115
36955 70806
27016 81462
25006 64751
98410 53614
76278 71516
73975 64848
89876 75621
45383 59757
48982 99812
7173 66504
40837 28393
87824 97340
35544 63765
3997 90708
17630 96575
23571 48529
56665 70482
8973 70056
10685 22861
3228 49665
26773 14817
41283 92025
49375 75895
79769 98337
97931 54536
69546 89372
4383 66723
87990 18469
90454 33834
36593 35655
65468 74613
63874 47907
28276 42669
93860 82510
90931 41458
56807 56112
28162 89238
99023 88006
55647 82912
61268 2432
11932 29386
83201 24772
73087 48484
1590 3273
81281 23982
14118 15197
3279 23041
11001 50528
28044 31207
52427 81446
58381 49247
18251 77017
97211 5818
66685 88469
90741 49313
18361 17771
84427 67404
19050 53182
14404 26348
18447 62024
2937 22050
21885 70102
18872 16805
64795 78408
89985 54241
23972 38898
16300 92499
23433 80798
1474 31310
47661 37928
63616 59608
28295 38400
34487 1773
95523 59532
22062 1435
61153 87459
36734 34981
12469 42451
4757 42497
54405 15163
89236 98714
2830 88114
10289 13134
19456 11967
88214 56688
76125 79134
32096 74151
51166 71873
82016 35534
84014 34221
64286 11026
91341 16601
7313 82679
69966 7730
52488 60883
99449 39002
25796 4850
36138 47300
43995 1328
37168 25562
8599 21602
69743 26968
405 15501
85982 12718
84103 84333
11178 993
56594 17872
3601 88330
36913 8153
24744 8565
78992 76445
9366 28228
15697 73961
6070 8234
35339 93530
73689 66673
47654 47651
10274 55092
544 68811
96712 17157
19595 73484
77687 5992
62284 74581
32239 35542
87646 64265
54116 24316
33837 29694
26140 32537
54652 38271
83636 60643
90143 82987
36476 17635
83361 56307
33078 68660
42144 77728
55579 99752
95276 59050
24918 56515
12971 60290
41478 74942
80536 83145
78656 19077
55744 95703
26028 97114
1731 48789
26915 42352
21401 91043
93463 92752
86826 30643
57131 35255
67445 22956
69975 99286
65898 776
4453 84593
1040 33782
17015 75489
83424 87992
38750 14034
25319 4326
39492 89797
28360 74922
84644 67919
46072 36546
39116 87320
95649 39778
68386 30494
87999 75919
45308 11663
4742 79716
42950 83794
95930 71569
79936 17855
36149 83927
48126 88098
81540 79469
14086 50236
7978 23230
86421 86434
17660 41801
21243 47836
42916 70432
24570 27271
33727 2537
26955 13716
64542 89216
28601 67047
15305 50259
59683 45368
59735 60260
34942 90613
57623 19115
8785 90110
87978 61714
95160 26696
90246 10807
88610 36059
89845 1421
51859 33332
76468 23035
27651 900
85013 76795
77948 69870
45053 27420
99135 93133
79206 91265
41344 42860
29342 79520
55046 12492
1575 11460
88140 35073
57749 87468
51875 67957
12691 79882
46926 20708
64926 16036
63300 25215
88680 67766
93361 79753
92950 11181
33173 15261
31907 12846
51619 84869
93691 20717
34436 81572
59136 10326
55090 4142
20873 77000
47197 139
82590 64085
34601 30264
96765 40228
84462 84197
89976 32719
25207 38903
16309 43301
90851 87432
8205 15817
11304 9730
64397 20497
78155 63464
35000 79528
26600 34254
98722 11084
13488 47355
32694 92816
15942 17134
18258 32156
41314 40246
13862 63240
24110 78841
77849 40485
1611 59726
30020 6420
4589 8419
78644 82572
94459 54231
85740 41144
38480 48865
16225 79351
78237 46727
27132 60571
33540 18312
16700 90378
72350 71315
80081 85408
31031 34958
28034 16299
44269 93872
50792 81006
55380 97958
625 15870
35796 83186
55038 39400
31881 17255
31909 51913
41699 57743
99151 93076
58436 97221
60251 29840
52644 68411
13913 7064
57968 45653
37617 64569
17607 27341
55290 43127
81532 9837
50082 92904
79031 3959
68781 43511
63508 3969
22798 37250
17410 16401
41903 37149
64804 96486
30703 44589
27380 62959
65887 47470
18779 33169
23556 54894
21755 75525
98968 18415
51781 54327
6345 2665
83043 15848
64441 48869
82031 38509
49308 87779
22522 22991
9629 34805
46822 66505
50553 21410
48524 85613
44354 23812
22808 351
28125 40554
12615 44696
80677 84439
80336 67460
18822 70529
12920 93733
85858 33075
10012 32942
9808 91883
58507 96712
64472 47228
27466 29104
23800 54638
76142 77463
83522 67161
51013 25761
6779 8558
17774 23303
55070 79982
93724 47445
8663 78384
32791 72460
99689 10719
30074 47329
72168 68986
71702 84732
76480 16115
12334 93178
77132 33777
97177 64844
3519 22829
68196 4950
53279 63032
97613 81616
39429 33876
79369 4169
5822 6903
29374 54943
28653 5963
86378 79047
92487 29361
44890 80396
49301 80953
64340 46952
5685 3787
55598 36972
1754 44353
49876 93886
59656 71818
98182 29846
71544 9353
61975 85920
9978 56149
40047 85661
37646 51831
56138 75425
58442 44142
67383 89494
82679 28142
12443 88280
96980 86428
88683 82456
6130 47444
96725 74489
34645 25188
36984 83670
93370 94574
80551 69786
56427 42218
18474 36934
32300 26785
91676 63406
48210 92755
98542 16796
68199 81170
90883 50476
9448 75461
13586 49679
73255 69990
78152 3656
67913 49412
51971 76881
62888 71490
83223 97367
65746 44566
86381 78170
61416 98155
34335 1583
17568 62335
93342 72669
63364 19398
10412 14179
86449 41989
74658 71089
92249 247
82347 18602
87873 45004
17287 43464
11203 69573
70153 14808
8654 95002
78874 65050
48001 58228
74420 15458
67219 53459
53127 41946
70094 38440
67735 50270
87279 82300
65308 12318
18024 20296
82496 38111
66111 21563
50021 96666
91916 64856
49501 74556
86015 77492
60976 74501
19735 81788
77881 55241
42284 26925
83401 75506
93190 24827
43683 59643
16547 90827
62718 41782
36789 77016
96743 54024
89474 6769
62908 92488
64226 86297
81745 88163
77157 66182
32911 95451
47659 46212
7952 77507
71177 72143
34661 44325
48778 27804
52464 25660
91052 90640
62474 58522
65599 55175
30 57699
38474 84943
6700 95984
9126 10186
27623 3758
70464 29840
65879 77916
23067 34474
30008 82672
92044 92600
40633 77075
52572 94604
70718 72352
12330 39437
53471 93641
73351 87413
26151 80754
47959 51508
46037 73748
44342 28042
20894 93532
61649 42768
35785 48969
80969 4496
89074 7921
96052 77705
47847 63580
79996 76364
16558 5064
94685 85249
77757 73603
43755 6051
72097 84020
46122 44448
6072 20819
58420 55674
37558 8045
89943 28264
34500 88769
90708 79382
17596 22597
28609 67392
9743 85569
30184 78203
88159 71954
57126 61005
56581 68649
78445 24464
99084 18762
2946 37235
980 78222
18175 1560
2736 63073
85074 32567
40392 22820
89501 72250
48024 1196
64340 20095
3471 44001
79170 98170
45553 5120
97412 82864
76790 2490
68940 71964
3177 36915
18463 50349
34569 21571
17432 34374
65643 80760
13539 37822
16438 47410
58242 55582
68325 66118
16492 83653
19753 1084
51369 92519
20389 41361
53655 66218
8848 99318
12904 13063
91414 35759
28034 91567
78583 18420
73053 53028
72743 87891
52137 28539
61356 38252
19589 15841
41828 75476
48873 49811
16636 54579
86877 10020
88729 35238
41408 15835
87475 94525
74850 60530
27605 12126
82153 42808
44479 68000
62416 95472
12932 74929
92004 60592
39244 83729
64901 92643
5363 31957
94635 21031
34408 84612
37375 59984
45199 8445
16125 95043
39200 22288
73945 27836
22726 23776
55446 18472
74336 97960
15568 35468
1571 57330
66132 64476
45686 36961
23331 79236
372 28713
45043 16131
89710 47217
81581 50827
26535 85496
66288 28643
30774 35437
61261 83493
61319 89078
77225 80352
95290 95530
77374 93047
48835 14807
98073 25727
55272 28317
17918 90117
71686 69488
6720 39462
44973 93402
84201 10742
85247 34102
88632 36474
84341 23926
66846 39917
47770 23167
92160 40319
24558 86216
47032 3921
3556 70527
65876 89210
81412 4163
66197 44965
37322 69835
26258 97425
30821 87197
74963 33904
37849 51608
73622 35464
60541 29739
57036 15797
91966 80411
80381 12357
38522 75041
41248 89210
95014 86794
43140 64044
34089 71061
28267 9700
36670 65176
15401 46754
83990 99676
68169 55513
37492 4348
38600 31502
45615 97194
2008 94780
29011 75370
62655 69234
73664 55029
45013 80179
56298 42840
3849 87701
98903 56498
72477 15491
52932 41657
10726 52891
87072 18006
2893 91857
75376 13764
1840 75466
14730 67125
2209 42210
47129 43693
74630 36615
25823 21349
47832 43035
36302 78409
82820 76949
49358 41499
12461 61345
15131 12526
8583 58044
23524 41675
69214 70041
15885 26895
73453 41790
36974 4811
65288 49159
68913 56931
7474 66978
20792 74736
60935 14546
5204 18910
90452 57677
42063 27662
79930 70238
72004 6901
30703 9219
47361 45852
93340 66863
45356 2014
30464 70377
3611 70828
30859 82348
51738 49868
10564 2853
78121 37462
14884 36376
52988 97174
42297 97948
69753 1453
23396 38522
89597 62160
53371 5554
61336 85479
96071 1205
34316 45551
82663 1036
66418 81913
45868 7280
98004 22409
10299 35920
7316 47223
15406 98574
80804 55441
91059 87074
41836 45367
50635 71157
96168 70462
32140 57479
16967 81806
73824 62571
81453 60772
164 47078
82321 93489
53738 52435
98176 38072
82999 61409
8056 86420
76454 21043
1870 688
56483 99007
22601 30669
14480 33648
34468 55135
80035 8997
76016 22384
67814 43119
18479 24892
83510 3351
85467 61940
78469 62741
80285 51483
8793 23898
70646 64780
23402 58567
21401 92498
75399 97972
52655 56846
37394 22186
26962 5940
35263 50025
80882 94958
3385 51555
99731 69592
83742 53407
19085 6018
44926 68023
81003 45714
14559 26074
76300 46111
44156 32875
40421 74135
26017 40160
26941 54041
87345 73507
81552 48988
30849 16693
7885 13863
44154 9286
24920 26838
66362 69502
63432 70780
32596 68152
61034 40795
47371 64769
92412 38029
63899 12765
15763 87903
4369 67139
83382 18097
82829 20764
63104 69399
39335 45928
68002 27515
42600 84504
4062 45816
8076 62389
89101 95680
71751 4408
90298 67064
39100 60048
58021 94743
18023 21343
68130 86442
99349 60189
79479 72243
78279 45076
67873 56165
14195 962
29807 59466
14147 78970
8294 96669
78803 41923
68635 20752
92023 60791
90972 33480
63859 67909
44552 77628
5057 21904
13650 20441
39375 99439
61186 86145
21726 58507
26164 91463
78276 86915
50551 71764
62699 58763
75534 73158
91056 73704
56563 79372
97668 21110
93679 26987
77007 13251
2051 5532
86152 53617
387 81195
61278 78007
87254 21274
52978 18497
29559 71964
79866 49900
48503 45018
41792 91275
77848 67569
20801 28101
24723 98674
92431 49812
15987 48993
8048 36295
77528 37175
99548 60033
75510 9376
59170 58775
50195 55326
72164 33782
1740 88068
33782 96316
29072 38683
65475 35226
94883 36256
71496 59672
45853 46308
57175 38353
47209 33323
18230 33970
60871 37454
16093 90655
70506 10873
70044 32111
57210 96301
30802 80075
93874 95551
73175 22675
63459 29591
96179 87577
58064 58546
88804 13155
68080 14849
99005 57581
41008 19656
88641 97765
75694 43840
33772 51278
74495 16309
32170 61757
53353 66568
59614 72415
59850 27982
8509 58385
73071 72719
47792 48486
7870 68168
15254 80517
40973 72809
39231 44137
49992 56280
83954 7903
45583 84781
89096 96011
74133 75604
40750 88035
30914 92846
92775 60530
29842 64911
42568 24663
42708 5985
52251 30723
38509 97888
2428 68639
80114 32349
23647 95780
65681 49404
60456 29344
15273 66421
97649 78648
35756 94166
63144 69472
10500 41791
42126 88645
98700 43012
90425 74148
7891 98255
56082 64016
87421 6684
66104 89936
20257 25500
51772 68670
65483 62450
47843 14953
80892 22841
67847 41780
29669 86875
8374 57557
75472 50491
46097 12439
79191 22861
68047 48408
62283 77305
69335 84523
73806 47163
79209 4984
51289 26406
99350 30295
14199 95868
37316 18201
52424 89463
13035 55391
57375 4580
89722 25600
55397 7363
82386 11336
36948 24584
36778 44499
43612 86013
92074 67094
23201 45758
25776 77527
47834 8955
52014 35088
12020 34329
9225 48816
32654 33906
28284 74297
42139 85872
66739 88963
99331 6358
93937 61336
76737 34039
8650 86742
68198 44861
21065 33328
7413 96707
89259 42317
15141 30716
12003 65128
290 30090
72084 15438
68365 2279
22426 71779
37367 47967
7745 8861
65418 2420
89004 22247
36672 6777
34832 3200
19626 49240
30806 22681
14570 20972
61564 21659
49017 25639
85429 6079
49698 63662
6212 15379
56229 61464
43557 60764
44533 34226
42885 84526
74394 61661
27749 43286
15760 8751
28986 24017
774 17454
29072 75314
1440 3800
36802 34944
81654 45758
39748 90261
34355 48452
34970 74368
79350 94819
36286 5636
57172 26856
82494 98711
49780 57330
49243 16996
90898 45879
20267 19049
89468 67552
7991 93818
92856 1000
17726 99196
74332 20321
23632 39563
74517 71503
79829 60980
48225 91114
28932 54139
2516 55041
58732 31831
20631 55442
81390 95313
95012 90099
98336 80041
92716 94156
75884 90449
96529 29530
16015 75408
24396 6862
80474 76128
21544 87244
35316 7536
7333 71277
8119 35074
15286 30013
31727 13454
2627 57565
1502 34110
46024 24930
91578 75760
68788 98100
96109 19063
2955 50224
34996 59706
72069 55143
90497 35476
82572 86685
32282 7282
80514 3338
27799 3128
80345 98108
60999 71516
54265 44916
14540 97289
94109 55524
58938 18718
37878 98167
57372 88621
94631 16137
14064 65308
81031 25611
10246 36455
94594 91649
84228 99836
31544 44227
71237 92285
51965 11455
96405 81602
82199 54709
10775 73428
58692 3098
78207 27251
50993 80662
28409 92370
62499 13030
61984 65621
15282 14714
79239 93338
45833 50904
54996 47629
40232 34935
51840 37490
56130 83781
58136 52959
51423 29474
96671 92639
49307 71235
2250 86480
41509 81360
12834 29382
62529 76037
57894 96678
28711 35221
33862 37067
53121 59618
47177 33957
95793 23879
34792 1653
43529 49838
57616 71635
40817 59258
50180 73544
9540 91071
18841 56564
3443 14597
7705 17033
70080 8328
66016 13166
84741 72667
65698 51869
54827 62976
81219 38021
70963 39121
59325 16552
8016 1275
16190 13598
37707 17246
64391 54417
53630 40238
75214 76703
62938 65301
14077 51547
57345 45134
1585 40909
39596 39116
14939 63469
7238 5585
53506 89547
49102 41687
35680 28426
95866 77739
34881 76449
13359 61228
63975 3577
99946 23121
19304 98994
31482 68672
89966 59325
89955 99512
30902 36195
19324 17000
21234 10621
17266 22709
5927 32793
86499 79896
26640 91516
14308 23230
42073 77883
14236 22630
84452 33984
48326 37703
87879 50187
62579 94183
43020 54574
6245 18180
89361 25648
77046 9807
33638 28683
89039 7725
79857 17583
20305 20693
24557 84669
40463 70516
32934 7180
19826 15243
47742 3719
85652 6416
65292 26700
38693 58025
32184 33263
15274 87092
46976 17109
65176 6402
3159 48634
78429 22743
86432 25163
84600 57164
92535 28588
23580 40110
98504 62676
72913 4316
66646 4396
98259 50636
60726 67412
15153 48262
86769 90174
83727 70727
59430 77393
52485 95712
37381 1927
49181 48021
54549 82255
31641 2367
28303 53196
34698 32330
49504 62516
96122 74936
83435 50385
2019 65659
86885 38980
49174 33567
9847 49661
98326 53118
51808 50820
3802 95978
46832 59860
16014 98886
67406 52794
67538 40973
48019 55610
81274 80266
97677 41610
32492 26334
97501 2294
52549 37278
77433 1690
97908 49906
8043 99243
75102 22615
31184 7983
49720 85982
60921 82399
19184 21003
89229 95308
86597 43030
38726 41912
37450 7310
52495 94392
9159 13169
80237 91641
9400 756
99411 44984
19404 79905
61196 71272
40647 96916
94869 95152
5152 43294
61375 48171
47268 40483
61074 23622
24881 5531
84389 21125
44412 14644
9031 21022
18124 68270
92345 88476
99708 87198
36946 97277
67901 70412
20634 20501
66609 70324
30383 26633
83153 30569
56099 85237
841 68686
47323 99847
2583 4219
48146 95841
14511 41534
42068 31130
86457 48727
50819 85310
61105 17978
5238 83466
93767 69617
67253 72017
64637 88024
65790 64505
34764 70207
82275 60351
54111 13868
87530 85711
99029 4278
98411 58572
42243 23179
73878 19982
33520 10731
86442 89791
77464 20938
72031 10877
69130 72530
78109 22140
12298 55039
55011 40769
77487 4097
98113 62759
52166 10653
9726 51550
64557 32076
49842 94183
32889 65115
39885 27289
31633 42890
45039 18176
72016 27181
19502 31576
9255 57774
59443 49398
95544 1928
51869 55680
17244 67406
9820 90159
94046 41218
72343 42836
38302 18078
66279 83345
12464 1935
21530 30716
93626 33428
17873 7935
92345 97571
82433 92858
32124 42437
34934 98720
90888 86646
31820 81846
18930 18374
44756 97975
93032 59002
62709 84370
5545 94603
44328 59498
97256 72709
3739 64501
86157 71274
73231 29118
58035 79757
51643 25956
7883 98935
87878 14392
98488 62598
10128 83299
1810 11241
17258 32125
63811 1861
31481 66903
87052 52595
9623 49810
87233 58431
58546 95078
67849 81579
37580 28796
98303 46090
8441 51604
88084 58725
54084 61056
86826 50170
95818 95623
72730 33143
45917 20547
70159 44227
95938 35011
2025 62006
41683 71786
82780 61149
47071 43246
50126 59031
50309 98842
45116 33146
42332 34092
82613 68558
35598 85112
63293 2416
84793 93731
72652 63153
56365 55752
685 57621
65680 43383
7391 38101
15261 34577
75895 40925
72416 54733
48668 63982
66716 58679
2506 381
31333 58923
20240 1682
26950 21214
83250 5035
3709 65302
98439 66710
85786 7085
51964 33018
67908 74802
52559 66639
95251 98087
98612 77089
77783 5284
77268 63793
72016 93267
39369 59316
41779 22866
78020 64850
67948 87092
54343 11720
68566 94304
74603 20935
58597 78768
27612 38450
88316 33620
88376 49700
41079 62861
40755 36328
37827 36146
96917 5791
23169 79982
52474 64830
33159 93983
50033 13773
94750 58361
56830 7177
20549 55714
41369 39394
61164 86547
89197 37118
73850 59485
601 21876
9256 35873
67058 92242
59524 65303
89887 66264
19311 23144
47996 75227
9215 90964
70648 33571
79902 60589
20951 91724
4009 21818
61488 73705
64849 96341
3055 47356
57757 23342
23125 75776
91335 65509
55827 25824
26171 75059
97939 62108
12699 80962
96879 82379
23261 8465
33848 3636
6411 98481
39760 1684
58722 26986
71888 50107
8372 63383
90339 65550
16710 98917
13673 65831
48306 30904
79093 1680
77926 92135
91440 36940
4356 81627
63731 92527
87424 58388
90097 40416
58693 3972
4107 98782
71312 99185
66777 14808
85235 99319
12296 71572
116 26884
46935 74153
1579 76059
1305 87108
95591 75570
17269 91175
51146 71539
94025 8261
35496 53311
35171 98056
56845 95750
74887 54924
69876 27120
18796 5473
75888 93463
83742 16076
8679 57515
60638 33734
60689 74125
68253 52028
81086 66484
22853 20237
1773 107
35344 44239
10742 66576
34126 37579
26561 19159
69156 50972
69261 18694
91272 51636
29002 85878
88134 30744
95103 83544
73182 97599
22469 206
53507 46774
19945 10253
22909 12959
55950 23458
56424 96013
88009 22282
15891 83945
387 24312
96770 64593
75227 49715
18477 46676
58977 70741
22879 38359
16252 52493
51543 52083
32325 10462
72394 93044
64714 44574
14655 6331
99916 81592
71153 74173
34977 89642
65393 35587
64850 73767
78338 22472
77470 40791
89435 23006
55254 62738
5417 48777
91615 81097
71146 33346
44563 91741
84466 19445
3040 13990
78122 60195
78919 27309
9708 22433
35294 1810
34697 63543
85839 94087
14083 79555
59543 68690
18803 92371
76904 1839
94820 57582
25127 78892
75574 84780
39534 56684
66748 28889
62891 48581
91838 2998
43072 50721
52632 36728
46913 77761
25209 68519
50137 46549
14565 30688
49253 59781
15860 84084
62039 34507
69424 6599
38580 57047
94907 22770
45655 58282
96647 28385
69228 51387
77660 98453
5717 81077
37045 89283
98665 87511
41603 12083
20976 73906
92713 38018
71592 71439
23710 27552
15683 11623
73486 65043
9991 21608
78329 86066
65548 4919
84467 36619
41729 30281
73826 30142
73128 45544
37923 14688
39222 98676
422 8953
63188 56991
85165 44582
75584 18288
57937 78935
28173 64641
46109 2258
73278 10241
68337 42287
64335 80691
93440 38969
62348 73965
22034 7027
34168 87034
11971 53361
8456 61625
76354 65691
59749 44763
48563 40174
15118 55561
8846 25658
25683 2107
85405 90693
79963 83650
77474 6950
26655 76991
81999 65291
39853 22153
45131 7315
86118 58060
91124 46997
25248 26085
27160 39800
93348 60327
26746 30808
56785 95256
44500 6920
43543 3700
93967 41674
18781 90217
55052 26808
84764 73818
25790 84575
93378 67325
5358 24703
11184 89853
36342 88332
92572 33560
42694 75664
42608 43745
90787 78023
99177 81471
64259 79201
28857 80333
38770 34947
60677 36152
55695 1638
9671 24164
52847 37815
84909 82119
17498 64886
10360 13165
97545 45047
79167 57490
2862 38435
83977 29451
82860 11928
34710 13245
795 72389
92535 9892
16582 74383
81330 90862
36396 45359
34431 76062
60802 33138
73421 6441
65039 82263
39037 80828
73006 80917
94662 91412
14576 11666
95600 79844
93783 34093
16825 22259
60317 71445
88755 34843
99211 26895
53507 31499
93378 50996
88068 71078
8629 1840
4578 35042
26093 99237
91776 3914
22468 68454
12946 26237
39210 88412
64804 4780
64260 84580
18897 15072
91559 94351
37996 30993
82209 27553
51163 89072
2737 27923
53782 69278
47818 65618
74029 23635
92308 42973
25536 56248
97547 64586
38468 18317
19646 83681
7173 8324
14897 88416
37054 28036
33499 20981
16418 82471
33033 91399
43191 95900
46425 40046
7286 2245
28928 68886
30797 44634
28133 97729
1660 35077
52483 37954
76795 91940
79819 6146
12499 93195
41856 31198
86048 41247
16025 63175
61014 2587
66306 90113
51513 77199
44699 25380
60739 10268
60408 93374
35778 27385
54495 85360
30551 92689
61773 28044
73976 78947
69649 98334
77006 20833
38832 7392
80248 97297
48543 50019
19591 97935
56908 15117
73280 80489
81782 64022
46013 57057
33840 1866
23052 92239
35170 22826
8046 11357
55592 778
7033 32105
87921 78709
81143 1030
48577 23045
80645 42715
86927 34731
84757 79714
34632 44717
32812 67658
85674 26338
94788 14838
40682 93528
91947 30972
10671 88847
9187 98375
23156 64220
72576 28310
26186 37735
43085 70043
43187 17517
76871 19772
89896 34078
75744 42101
29493 84832
82525 40659
62808 50314
90937 6427
74885 82186
86400 55521
6436 55008
42261 77169
81329 21248
19532 47690
30652 84052
4560 32862
72327 88824
15774 12180
90763 93564
49225 33766
74035 89862
66132 59971
70206 89261
8923 43502
19137 39423
8842 10621
835 36252
33572 81307
15488 22232
66045 48518
76263 17533
56065 55985
96540 30727
48203 41156
61302 70438
48750 46583
66530 1855
94128 15931
79134 87756
73834 44017
11487 51575
62057 85744
588 93539
99376 5411
7232 13443
50420 23529
75948 14305
11102 43412
76370 65561
13613 17258
41419 20155
1457 80199
90530 56716
49457 12121
47735 33605
24294 37699
23134 595
76382 19002
16957 26037
67770 32363
38449 25186
48880 97459
67241 60800
13513 71493
29641 4494
60292 32200
43209 61883
95954 81334
22452 33452
47000 82015
75146 58042
70672 43812
17022 53809
62440 38076
70008 75187
60001 64658
95699 54099
61969 79268
24672 13723
70978 93382
89442 12198
40849 56157
35153 91526
19215 84645
35511 86239
43107 49356
59477 39242
37671 11572
58655 34867
75847 3509
66620 72924
91077 44120
17863 63352
27671 41629
52529 45520
15367 18006
22556 77026
90354 49514
38689 66621
90506 34515
99819 81446
50804 88768
49562 8661
31915 91764
55298 97337
20539 33893
45641 37552
3174 81854
3980 21904
40035 1981
45722 10497
88346 59989
48439 8865
64297 4302
53947 72542
25218 88576
88145 76671
58059 76764
24 40444
87452 2371
95397 72481
65732 31660
74335 94063
24549 63682
10946 43163
99252 5348
54493 42382
94234 38564
18964 74243
25877 73833
59774 9611
7639 12780
44712 33100
49926 95774
5136 92830
27579 14849
4170 53741
23075 15915
45631 68602
76001 28966
8873 88634
67242 43442
6425 33749
67559 54434
98385 61960
46999 89083
81162 68836
7050 65144
82928 62700
17447 27944
29216 60443
89639 12110
28113 59164
86935 54369
59912 86000
21594 68394
45602 38796
1573 72392
91086 82840
60994 2959
53168 69329
63725 25828
50272 9639
41338 62371
63721 26880
8781 96122
47434 26739
24576 40683
11064 23918
29056 9326
28410 54321
23569 59212
88748 1009
35718 23813
12381 73462
98633 24459
35665 11933
3833 35141
63135 3766
19655 64461
71827 81863
86648 80818
89677 58919
20870 13367
34433 51460
45375 24722
54518 86110
39492 6222
79335 79529
90347 25993
50821 527
35102 21655
55890 82380
79770 87357
46823 66992
86257 79798
99887 71584
87272 84530
22090 38550
7962 59826
11467 86108
85907 91086
27258 90421
85205 21519
91347 68597
22551 76917
21222 60835
63360 2481
81909 37822
76817 47084
18360 62837
91449 58335
89660 19502
77342 54681
48160 98720
62523 7965
52534 75480
17564 71264
72264 58616
64195 57839
35153 13076
24519 9959
71392 819
21008 32443
32889 15924
19484 51859
61043 92038
38333 84711
96186 83182
96249 41959
46286 35109
71145 84310
25667 97208
95322 22922
91648 2406
82639 76495
14304 7686
60380 12545
89075 85118
58061 90741
25342 41933
80157 98416
88535 20930
31935 99886
57450 35074
70969 91421
32951 97286
4932 72639
58961 31290
72014 73516
66688 43744
62775 85517
6976 58507
1303 15010
55328 79940
24663 57853
49796 89161
31635 12357
62884 35849
76703 87316
68075 62729
33087 5082
74136 21058
93069 50359
20896 69728
97782 82980
76810 388
48413 65355
19057 42979
47831 75531
32710 94918
15534 16981
57228 88424
1791 84785
56250 20763
27035 18554
34172 27747
83081 49182
10195 74297
84482 41375
61584 78537
96308 58100
18429 83444
41473 43977
71348 7407
57181 58266
45925 53315
81554 48316
7669 80491
25631 8629
31418 7032
57685 76927
63744 3344
84025 93993
66791 83531
15974 83925
71426 97301
15560 50267
14393 47695
82433 23045
84328 67150
63367 39409
39518 50971
12516 74067
59167 23537
31253 47120
11715 88385
31948 21731
84020 54737
55822 11163
7668 90809
10134 62011
57813 51941
68240 23994
44254 91510
1535 2817
75277 99489
51319 47983
80336 53870
77155 51864
93066 52858
50208 39778
23061 5749
11840 43046
20986 13669
95849 21557
13914 15202
88148 70321
1417 26360
9262 57263
28109 84168
77946 86492
31779 28198
73292 2773
36667 1756
44751 1741
67511 18502
22849 44331
18832 30549
86898 88969
10577 49644
77449 29558
54618 14470
9406 71413
52286 61902
27329 73244
70565 90660
69138 7478
55659 22015
66566 97089
41695 92934
489 34993
43589 15190
14838 28043
75477 52287
513 87403
3257 67399
69710 23006
65811 78405
42071 76649
19860 83527
45577 50176
50342 45
62407 90159
96676 39819
68838 47541
65149 64011
27824 11108
52148 68809
15009 43203
66242 55317
71629 73612
96659 13588
21144 47438
79845 99872
71548 53580
82380 39459
67303 96507
44305 97216
82586 79528
50606 65802
15179 48048
24115 91403
67812 5479
70149 34495
83553 84882
24570 92150
81686 73164
37629 66613
54951 7845
55856 39701
64206 72894
28837 76771
55161 1678
62533 71711
24010 16608
86633 16605
70389 2067
50435 47911
6277 55449
59574 7800
21431 27576
48538 35010
99229 58476
83481 76649
46012 72707
23573 72679
37166 63
92256 95686
98721 62392
97953 28489
15607 20727
3350 10051
58724 56124
7117 87517
17939 23226
58441 62165
34721 75318
78531 69242
5696 90475
20039 46321
34582 75816
88563 84659
75035 81136
37115 48332
71455 75097
8392 66238
96993 34606
29588 53052
33209 38733
38383 47983
66895 96458
14909 50549
13953 52298
87030 30045
63617 26825
6725 31884
49301 32693
85962 36059
53686 8368
91608 59478
10097 16785
56663 82174
26185 71556
20611 21064
65971 39398
67499 2077
15128 46889
29587 93112
16502 83478
42002 98251
85024 77702
63093 3578
58810 96776
27418 41469
21533 47711
94870 24259
37913 43617
35248 63498
90222 32121
84163 5800
83026 41381
40512 68997
22126 50872
37002 49054
65313 31065
27992 31460
66075 6147
27862 17403
81027 18083
59620 89019
17554 74109
83221 74931
36182 96392
77554 21985
67952 17165
20789 29755
72118 20652
77422 86089
28722 53622
79586 46920
6624 68436
52134 53512
40276 68063
3368 57039
88754 16102
16999 34261
37908 48779
86646 72454
90472 88678
39005 27843
84239 4704
82904 91553
56352 19385
62742 76296
31490 84132
57467 79221
66613 75078
862 22744
19626 78458
69676 32023
27942 9295
79619 96745
9828 92808
91864 94524
96400 3867
43218 37040
30508 87667
35596 79450
41422 5519
85623 99778
91424 32192
55093 73477
73503 28399
37343 55027
83069 28276
85696 87986
26752 58368
60952 45881
88192 98164
58747 57494
14893 90792
15887 30377
11462 13221
85361 69319
34179 77131
15921 39415
73100 10668
7025 61624
94271 57391
52970 72090
66894 56782
51366 47616
98463 76216
57895 95140
51626 81360
54399 50419
97727 24748
42230 88717
5821 91126
70696 59590
49660 74095
89796 51560
47748 43943
70574 79663
16564 24646
89469 10443
7164 39943
50846 5537
86146 76407
81551 66091
32257 47098
76261 41779
21670 13607
37830 10236
24466 74919
52528 86169
11610 78202
15952 66740
82634 84177
33836 5225
32765 9269
30586 51112
3559 92607
34630 20022
23500 55230
24752 12940
81478 86452
29772 59543
16226 52697
31296 66262
73539 12343
67305 54080
53374 46636
41462 18427
36477 76587
18667 45798
29405 63835
25760 36208
30127 13462
27136 62942
14426 87531
91435 82313
7735 62749
55732 638
28116 27043
52995 15612
96434 46854
41139 13529
67655 59461
69429 37214
5405 59540
68236 45158
29137 55608
9711 6691
77301 91309
34027 30873
58958 68032
33406 5569
15894 87126
64381 66504
60059 68611
1167 23085
60222 4628
83247 34726
1270 94790
61614 79644
37611 90988
49518 14090
48475 46125
26984 16578
44599 19683
55943 78344
52615 44509
47499 92693
27778 60669
20135 16693
26103 81883
66276 30601
37832 50593
7580 34150
47145 60654
1727 29876
80325 43763
81745 6065
71289 2776
13226 69291
67991 66328
60213 77001
12805 53120
62545 42659
26332 17364
50995 62725
39273 62091
65282 8881
26702 33198
49978 25658
74530 37949
30282 84009
68077 25066
49782 81691
48942 8571
85621 39905
86037 73004
4115 75262
94888 29611
58737 41037
5154 93723
23200 4985
52240 70193
29034 37571
47122 55098
47177 51936
63232 28467
48078 87736
52802 61679
88283 29320
92215 44725
4233 64129
81519 37728
12739 59847
29841 94045
3465 24882
96918 94352
5871 82064
94220 14159
90139 74017
65140 96261
43082 67450
98211 90577
27883 90339
10309 85732
77346 70233
69878 58503
98439 75212
78311 43571
92869 66722
21887 92342
42395 70002
64183 47093
76798 68010
72797 5348
16757 69002
818 65104
13244 2535
20524 59926
48258 80937
37205 92169
58730 44333
14090 24752
9838 12867
73084 1509
7767 82833
71890 74711
94790 97006
54374 85513
98351 84008
35875 11889
18521 81791
22318 40985
28895 8423
79674 53826
29905 1322
14578 81724
73204 9028
17939 60176
13886 77669
41710 49430
82235 21971
6827 39711
26155 1189
46465 62764
95521 88137
76031 80948
56613 7838
55015 36930
90963 22363
48941 92277
87930 54567
68124 51967
84959 72286
22801 10631
12599 22482
97918 69767
77872 85768
89864 22606
75944 4599
1706 35262
31764 39693
79536 143
92315 15657
90237 25803
86617 92162
44165 38128
29341 8478
8499 36177
40618 50940
78917 67605
72346 26795
2059 87639
55894 16400
76779 60708
59839 48036
78624 48320
36681 27252
12662 45025
4731 43647
81776 58514
56304 85436
38595 58674
97272 72913
63000 35122
71448 85533
47022 4923
43494 55759
55381 98406
32462 49388
85844 6401
10927 1805
17315 15185
72479 63870
24850 16618
40195 93377
99937 281
17112 65289
69862 86715
60845 18848
82346 32067
74566 43297
23852 47704
64091 61246
79804 14132
46294 35163
87425 18086
89465 42673
63444 69105
32822 96716
48323 9387
70357 11758
13391 85631
1521 88298
39054 19659
62299 69001
17833 55043
20918 15912
53151 69836
7961 42296
27393 91202
71376 16925
98932 37586
90332 23728
83410 41728
32846 82173
89673 63043
24080 40197
37626 27716
68796 36061
2651 23203
31522 92238
89654 80978
46023 37139
21384 68120
31553 98654
21282 78607
50844 48371
39340 33349
26391 25322
83549 13919
93352 3665
64708 81106
42068 75497
22402 4201
28120 65668
32750 56450
96067 15086
71696 36272
31225 73089
94918 18458
44273 8334
24418 91
55704 78779
40297 75872
55341 52992
34837 66093
28066 62921
89557 13592
60065 72983
95944 32300
16421 28639
10245 64712
15773 5097
43319 25982
24396 47730
56313 60084
6476 17706
57150 50342
7302 40247
61803 97058
54075 76817
12411 84906
80319 52164
42458 77942
28408 75729
88011 8815
52643 11852
83811 21333
26352 47455
75019 47323
50177 14886
72385 76261
78511 23314
15383 70449
45573 86918
6067 21515
78563 22397
43054 7607
16988 25602
73877 83403
71512 10038
55499 49138
51187 77773
36517 15530
65820 28817
12428 58247
20599 82718
31935 48174
93659 18788
11342 7130
12661 85129
99616 19771
10468 43396
79790 98226
1754 22211
35110 4983
75585 66758
10313 1139
76244 21921
61356 22822
69537 11390
48827 29090
5134 5497
1970 16782
23185 64290
12994 1508
72311 65247
99122 44371
22622 73511
87259 31325
78970 48647
87915 91834
89012 6849
95715 88980
70310 52105
71449 85769
2624 38214
2839 35980
17991 21559
50234 34756
19472 15531
60307 93804
28553 54055
3690 4369
83409 74501
82198 92855
2363 29135
5638 61941
62159 1800
28859 55444
32233 42979
81707 67155
5208 72170
14656 70790
95808 28376
88119 31635
87225 76671
81346 47188
47469 65604
82662 90007
64478 90526
62398 74785
38462 28026
32630 4903
50516 19418
93136 68787
4030 21425
61827 56101
4106 72808
17751 71343
29083 3965
31242 47320
90602 54239
50222 64282
15267 74163
19592 25925
65060 55282
95635 44666
72929 52872
84347 74256
95395 20503
803 65938
50916 33874
71391 44798
18676 46242
23514 75656
64919 96613
21874 63509
79333 86474
71511 64609
81321 43542
59440 29561
13923 61698
22869 18433
53766 40026
2134 4368
80506 64191
38354 52815
21403 3782
3873 71038
72024 41912
54123 847
49333 4592
85263 7401
96873 52320
60413 14406
35649 19980
83420 58069
57691 36685
1317 18713
91116 52911
31877 97160
827 57267
36095 35148
57827 97550
84776 77606
1109 10504
49162 44742
49940 21374
99425 28596
11735 87297
46177 203
39722 55701
35726 41656
301 85779
43650 17663
66739 80935
62794 65558
43461 29394
91049 40073
33117 25961
31796 42836
73707 44308
28661 79980
46163 22832
68169 46934
15149 57038
17186 96558
33732 83377
75749 43810
90296 84980
15052 14677
57532 59042
18853 59068
7096 38620
29681 85956
77480 52887
19238 74122
30587 64123
74126 35297
64149 15909
14054 91888
35853 2149
27136 77137
21936 54337
34593 48628
92508 92625
12771 95930
93862 93728
70452 16602
60628 57489
21814 89183
16196 79640
49597 29095
79459 82237
4884 49286
35287 55613
75928 1537
7414 53288
16571 7508
23500 42020
78178 46093
98137 99144
65928 39022
27057 1986
20249 39566
10938 12498
25463 95129
38225 84397
81017 76748
28966 61051
37831 6202
35931 1176
74143 76777
37544 53399
23699 63861
63994 90522
15433 13421
56240 88572
64474 46929
43773 41959
65587 59354
36457 22462
95959 61778
82224 63925
99354 50999
23361 25683
50471 98717
20160 80567
91388 29545
5220 23536
39113 20054
82650 86756
23509 56596
24384 94058
97305 57444
15435 30224
4098 47389
25537 33717
80019 53738
82624 75920
37985 7018
54837 45383
81397 14863
86598 25369
74862 87232
69385 2453
40316 6134
72714 97728
24678 78402
14409 84051
85477 67590
75641 26427
71079 12952
44547 78808
39533 43746
13953 52286
73581 46724
49187 45270
36912 74385
27885 49790
71637 75021
18167 98853
38413 7350
44588 7088
77821 55192
27083 45304
20383 78135
23593 45354
52736 69097
77262 75685
78020 62713
55123 2079
96286 91430
44714 57793
61720 40193
57942 31174
43601 16051
54414 50368
51482 9748
98399 27731
54072 54549
56967 65592
21094 31319
80219 91772
7791 64210
70177 8222
824 31567
30679 95380
78772 35630
67818 40615
75886 95073
14624 25970
3843 43695
61455 95207
2405 35218
80995 54506
27673 45785
66460 4116
97210 15975
63149 7569
87988 27986
77663 72770
9737 25957
60972 94300
83920 27678
42628 7752
6129 25617
61931 66785
73674 64611
15193 24025
28813 72015
2105 64052
63039 65925
80746 72234
23675 63558
69409 28970
99885 90217
12869 61586
49080 10458
58898 29208
11664 41237
75735 52260
22305 12655
84472 70867
76934 96238
7628 84758
50962 46220
75711 21489
37451 69432
66098 60700
50602 26868
66934 41157
4476 3448
37397 14988
9316 19822
29705 47782
28887 8980
49667 38363
97150 16221
67045 39368
28695 27472
92680 37406
5013 56519
19127 76385
87228 50770
70674 63177
57765 51666
71117 87588
10816 15902
59726 76338
63597 45985
44178 24808
61730 82617
94856 21390
31496 63994
25524 76865
78814 66505
62350 946
70549 81282
64577 45892
47122 61363
5356 50674
32975 24254
45860 75911
50041 91771
50896 76579
43475 67859
30796 44957
53554 88422
60743 17116
21888 89862
44740 57437
56666 80762
70557 43184
49330 34620
34939 73755
7757 28284
9599 13269
98277 21818
30717 84908
48104 93519
87452 65344
6743 13829
80599 49541
65672 32346
30910 87589
96837 44194
80534 96668
3819 59394
469 56666
65868 34998
85287 9029
93485 46155
46924 68116
47593 25733
97015 94933
83244 1307
11248 6920
26296 57974
69843 3137
47683 8566
67247 32298
74903 81645
19304 61470
19089 89633
21526 18192
97315 70446
98948 98818
435 81186
80305 47022
66617 12800
47506 85473
2309 34142
33006 48858
50486 74374
41537 37584
90852 55737
85690 86761
7095 27303
82972 17412
90349 39768
41953 21936
33848 83718
44658 76530
66174 45025
64752 29284
7959 65642
30255 39024
7059 49368
48533 78553
87346 3542
14784 79602
72265 98338
53949 42148
30692 1616
57810 11437
3166 89478
31252 49052
95082 62557
41490 17110
95150 20070
98184 17844
85987 20354
46861 25891
16118 51049
53702 54882
32938 86789
98704 21895
77492 56500
34490 10683
69565 32393
64168 87513
29828 73962
62258 74227
98266 27220
76994 93997
53251 51923
81626 35552
87035 83051
43596 92856
24719 83314
43584 95127
27296 59219
81681 82608
30084 51180
52464 19660
53733 99120
79712 80776
78335 89607
95320 61301
77446 89065
38020 52407
38878 71783
59204 17479
63617 65698
11020 42225
32381 29202
30723 19383
44467 49024
11716 47820
27385 39212
82815 5305
85145 66952
82201 49179
98512 75066
2312 23011
40624 92606
92440 64885
78526 1666
50056 88745
71348 29609
38318 18286
28416 29225
22447 9570
65796 5548
57384 40539
12276 42195
75432 80769
23131 88622
50739 77169
77814 86213
82496 18812
63639 89554
84348 88421
27491 55525
67846 54855
43221 91487
81488 24653
21977 6615
55300 59064
69105 22296
47133 17341
42708 33633
21514 85316
73354 8259
75534 94570
13873 87527
11746 72544
25723 13798
58034 2505
74190 64398
61084 9472
94690 60772
38548 68496
29767 21501
30659 3642
58940 92899
26691 73203
63769 20470
4741 34435
74822 31464
70027 72614
21730 13888
57390 38575
73597 6040
76345 73345
66877 76511
22892 71572
31677 44120
47674 94582
81578 52185
99371 72135
50405 35149
52347 66203
71619 91763
92697 28668
66320 36764
74889 32902
84935 65680
59266 43977
17788 51274
74993 28875
58162 82904
11380 60579
66533 24188
28672 36991
8482 20717
64188 74751
12714 32695
40164 90135
96979 60983
28934 71505
2566 36160
8616 22153
85570 41176
63008 69871
52984 92699
63035 24393
25165 5303
7159 23598
90971 38895
19976 3916
77199 49113
92855 55138
40269 92256
50430 37095
26280 17442
42285 15713
71242 32594
18888 23919
77170 35511
30887 68000
34577 38700
15317 52634
50060 72350
15282 73044
43165 41617
3569 70651
40946 6747
36698 92817
43565 81063
33961 29353
36450 6100
15757 97229
39484 25972
1866 92600
71160 62189
31128 71069
84199 45083
43329 49758
68689 2828
70279 98261
37677 33250
87995 7438
85066 46645
36071 78571
62506 28207
33094 6079
35457 46222
70790 37524
78554 16101
98637 53893
11602 24955
98545 97892
93371 83210
21215 82645
51003 21121
70165 32945
65162 55011
40775 94277
20120 69030
43198 21680
79940 49141
44148 76072
98502 98959
5657 52822
85126 35813
65649 1685
90626 64352
61620 21495
10060 45400
77901 36288
77738 32414
73436 24297
24661 75443
67156 46398
26650 34831
39037 36032
74908 52795
72947 87941
76335 76471
31013 22739
67647 6389
68247 94792
94727 32667
77120 25013
66427 91782
39821 81310
62558 1346
56412 79388
13388 20722
86658 93627
7762 46734
99718 72572
53681 74272
77347 46836
47615 47814
28234 84459
30117 14420
91997 36766
12002 40815
53078 22430
28582 58066
59838 74671
14840 44941
39062 15882
38129 38881
71089 60219
52095 22501
35224 2659
5379 48068
76741 46551
6323 2749
21384 30207
2584 71874
44261 92568
24625 91033
9268 95091
36015 9886
23168 46420
439 20959
85929 74835
34979 69918
32354 84574
80257 54579
96563 49877
70354 70728
3160 43789
48652 70779
85344 50670
98361 29919
18959 90197
23574 2651
72284 76275
42901 50249
81908 24267
72091 39256
56629 96472
48899 99147
18388 5221
37977 46072
83575 24147
34815 11562
23164 92630
86187 26656
20144 33112
63911 20555
59833 57141
1968 500
31757 92510
78808 29748
76152 406
14565 95065
66970 94136
19343 53863
36039 7086
98565 78389
19077 31867
51305 55372
63729 71667
62575 5164
18362 76190
89250 61447
2053 34936
48672 74404
34567 59572
75353 39197
32910 51284
73651 90433
601 89715
18121 75123
35963 98491
55047 97801
47132 85199
46480 10254
9464 58979
27705 47904
25182 77182
39243 96530
89842 50687
67492 99435
26251 13877
26039 70758
84470 26246
74759 42288
20337 24169
54960 90702
10609 61132
84319 58196
68188 78638
53172 55118
208 15142
54055 90587
52762 33658
92449 49709
78848 96393
68958 23690
94072 73250
35922 64942
18446 47914
49153 85991
38114 66939
49892 91672
74695 19583
7051 5110
3942 71353
26998 55150
70329 43388
49339 43389
74416 85074
1412 21878
70319 27734
27981 39840
92814 83130
79242 75989
57304 66722
76095 25477
44364 61383
73478 28145
51775 83638
59341 14224
58872 16238
76053 50861
41523 53382
65044 48454
49855 15460
628 24687
78400 36551
67986 18381
32781 88221
69023 42204
2259 5262
8227 99306
4368 90224
33461 31705
74809 66672
14308 72641
17332 97327
26929 21995
89759 54402
23890 80183
90919 45778
90545 28311
15058 44026
92011 76274
94870 80108
6514 95298
56767 70732
81484 91158
66509 75507
32337 91761
2899 3309
18128 4457
80026 58780
1771 82345
17596 16755
11830 86031
6761 54491
30876 96078
4741 58513
65434 56206
24552 48582
36130 54055
80124 13950
83098 23786
2595 68562
5850 88472
38031 76782
36850 1448
37768 72627
32993 28293
59978 14358
40959 99726
98020 81343
45876 9077
12889 76203
36190 55040
83523 92139
37680 51563
9771 2947
53485 59972
19826 77611
5617 63342
65516 96785
48296 35327
51712 33238
48533 92097
45673 98380
85645 50228
92472 574
58393 86123
53487 2537
17016 17195
71175 27771
22842 62607
23083 86235
74182 33990
98907 85088
99733 51667
55530 28824
4884 15373
47425 14595
9734 94685
17338 82998
58208 37986
5637 20441
26988 15856
23334 18217
85350 10444
93749 77207
56386 76914
90972 64038
65316 56272
79837 14641
84230 81192
6474 17923
56566 22130
11115 91709
62869 29111
9500 45043
69721 53431
9995 43119
86123 95300
18974 49069
80074 89509
40332 61085
72583 26868
56607 21221
50535 87648
19032 8252
64292 65548
98987 34512
70860 7662
43134 94177
62528 96433
95567 29700
7095 595
13643 48064
25368 50536
15096 65076
80291 48693
25452 96079
17161 73685
91539 887
15472 84216
65581 86403
48784 81631
17645 21089
63288 48642
39931 48497
4937 80170
83475 96167
58266 26487
18628 34029
61427 72346
8018 30463
65106 64988
98261 69133
97993 40310
86648 50620
68413 86231
73434 9189
75273 60834
35696 44629
57 33292
98145 53292
74672 57506
48425 11934
16002 52737
60215 90997
4570 10492
10638 96972
56629 19418
65736 68853
5606 918
96430 72757
96016 38461
60961 42787
68303 92659
16437 22764
75311 78606
33680 3730
82227 34362
84400 68104
59344 62899
4610 75768
23023 22510
32875 54429
96078 99568
83811 6025
86656 40757
50837 576
94024 42923
94305 29787
35426 46068
43419 58855
28475 27624
84777 33027
35796 26256
66856 62789
994 65772
99111 39926
85681 90766
18858 61521
45085 60957
82408 22760
10455 41939
60718 77023
42918 99712
3355 42511
74179 65444
59170 16868
50492 57112
6411 13696
57170 70758
91857 31094
28571 13037
84485 13455
20896 91198
9322 1961
20896 63841
84215 41074
67499 22417
44696 8113
82217 56828
41773 71934
68337 15492
27786 51653
10162 60736
51701 44520
95981 41915
47756 6298
7864 28468
80732 53988
49661 66781
84939 69795
74521 16157
78414 46824
71069 37358
76467 93751
13233 27839
72793 60905
34540 74610
48051 59850
83549 74239
68522 21467
56645 12912
22648 79217
52538 9955
29261 41844
74182 89963
44877 69697
55878 22928
19535 20777
97996 58474
5920 57424
23966 47849
35230 66126
62676 81456
68510 98577
83229 35830
22183 84857
14971 20292
50837 75387
98946 86617
48854 81375
67645 4073
73296 80450
29290 20377
25049 70869
19097 36005
86494 75740
18416 12443
74909 1455
24042 2846
57002 5628
81939 37923
26734 45763
77710 75479
6179 23577
97647 73463
40345 43910
87298 67702
405 80295
30978 38107
6701 78476
45698 93248
17741 26971
72360 69268
75604 10603
22765 27290
61368 66058
71230 79496
63230 47832
31966 38377
95363 96394
99106 74523
16022 23623
82643 59538
65659 28462
81424 47315
85737 71407
72841 16986
87725 94029
38949 45556
66597 36994
1053 67814
21062 59323
12222 70852
695 53336
33579 31802
93492 70766
39065 77703
38571 44324
2546 38525
78338 69241
68306 8867
26223 42684
35725 64787
62558 20659
18599 83836
8848 22229
52154 58401
25494 38256
42004 67543
49082 40227
57558 48267
19862 5509
91062 154
31354 16893
3742 48056
48906 58983
16779 94954
33566 64821
42990 68203
33057 140
45742 94507
33683 52067
64613 44043
43687 84232
88383 88450
46341 85658
83550 33115
22249 46319
21464 13461
61474 56944
97335 13250
1844 84825
76120 28584
82615 3802
22285 1763
565 73720
33115 16225
10928 16044
92445 19428
53625 94179
72575 41508
92154 8668
76611 43402
41422 62221
28671 3670
31203 32735
64957 44123
35839 30541
5211 3421
93976 23817
905 14074
50010 79927
76941 41918
6181 2864
61090 53901
85773 75553
62260 73629
49656 92937
4518 38681
11972 20606
16748 23039
81790 41129
9361 32387
69803 94405
9939 91434
37443 18500
3458 47952
93105 44010
15492 14786
76853 28176
89684 41573
47618 72738
3262 22029
3680 67394
97093 43175
87979 29827
894 30671
47378 7214
99186 42810
75161 93888
34272 71342
51895 60042
87576 2021
25401 12592
4321 42894
30845 83947
88020 24076
88472 85191
21310 64629
72177 73637
3874 71092
44707 30394
42229 68391
57151 30862
83936 46017
10439 66815
37058 6857
39732 39003
30156 890
96434 33577
30850 94145
76191 50241
32800 27202
90991 58383
59475 27252
88011 74836
51068 15904
41389 48997
98737 42502
62533 16138
72860 60055
46871 27360
93978 89788
80635 12568
72060 44526
29276 31158
76841 15292
26138 65874
89819 13992
29672 23610
38781 31658
2350 39310
85908 40587
56488 9475
7955 26923
98053 73889
50405 22589
18728 9445
32263 32550
26475 48448
71178 46209
215 36853
4374 96957
30350 6463
58370 41469
99329 61993
28125 26071
70714 3956
67720 3318
27156 73684
60698 72313
61341 19315
75035 10641
59803 33453
79849 19302
68100 29171
67062 55347
38916 18504
44487 51910
11675 40967
74455 50529
5437 31515
94162 85692
84816 43172
7642 52512
43921 60505
29606 45
15119 34369
830 9877
64079 52537
90720 43935
13702 95121
1758 91173
60194 26127
62814 27446
69442 73738
23096 51125
92121 45680
91164 28568
71919 10848
93257 15561
58848 8369
35383 85097
60507 22538
73390 37800
29443 68743
19277 39918
76882 91291
23300 28054
68433 47848
51546 95085
63202 91912
44712 19799
19190 20488
90811 77259
80663 11272
62422 87186
87168 61820
75822 91947
81791 46190
92332 56074
89370 95321
89103 63765
56583 95279
38759 56294
76978 85557
99707 32620
99707 32674
38052 53577
53173 43555
86864 86133
50089 77114
14208 49050
38769 69882
17097 68502
66557 19405
49271 12156
83185 9806
44710 29139
42501 41263
26727 38997
88996 49845
89377 95761
83245 1815
23373 26218
41973 86978
56793 34711
62275 79192
37638 98305
85299 85388
44619 53543
46196 88199
8367 1021
87274 89767
84690 27816
73740 56987
70981 11716
13959 3816
61869 85534
96313 28071
29796 45019
32471 64228
17432 78127
92935 58048
2859 7559
55495 57361
96561 87584
16100 64253
36661 62669
66916 74082
60436 2100
797 88753
18432 70994
34235 79310
23326 48371
71774 70802
99208 9818
66457 19689
64941 21247
70197 74837
77900 85644
41291 12137
18428 44768
63822 57774
49159 78924
17407 78209
22987 28824
87095 29267
58264 28159
88000 89032
49204 85582
46588 31705
75034 67049
44253 33874
57014 86471
7147 88532
843 9137
84002 69076
41101 41031
42289 27770
78023 80859
28123 96195
98039 78995
36442 49888
19277 85483
41431 97301
10352 61649
86451 92827
39320 29896
73282 85598
22901 68453
40683 28095
21415 71701
60105 98515
48323 48661
31693 68898
42709 80664
80217 60073
11128 57829
29798 31224
23424 90455
607 60085
28240 57275
68516 33080
93476 38325
63368 14413
137 47547
9684 45013
13344 37048
16834 81444
34815 50891
8450 12484
94095 84837
80728 4369
63887 87407
99932 51804
25775 83490
18776 36488
67318 81772
96110 5904
57437 80434
16048 97055
81138 60904
44998 6742
61814 84411
31243 649
50431 2856
68080 54658
23479 88130
94808 28957
89179 82320
69210 39563
91228 20524
29539 31695
70306 65669
80433 48292
26148 44286
82521 18452
87281 51149
56993 86370
26730 15484
63847 80994
81605 71532
10488 412
19468 66253
71002 51596
26332 26343
59331 56645
69703 78485
79711 70953
58194 68293
35886 77042
66519 97561
83299 53773
92324 14152
74406 48410
51835 23229
84115 2381
75568 84727
84505 48144
81230 18696
3644 24767
27570 45015
6324 68938
35726 2398
90412 35030
65064 69356
48451 51613
66648 37987
72142 47081
15885 95611
34804 35933
87241 72254
59185 7276
46848 45162
5395 52320
28574 2706
62016 95444
76830 78589
65646 47034
66547 50022
44618 43575
14915 98362
98130 4098
75974 34141
55003 77224
13676 40805
25803 46603
64980 99293
72095 79134
42390 88836
92871 4555
37818 4011
76453 46061
48671 13883
22770 97302
99765 50605
86937 62122
89507 33839
85082 77026
78210 72550
25352 97643
94303 80134
78284 74340
32797 92732
43840 79716
29457 76741
75668 4305
18308 14932
2412 82729
71765 59600
4575 44413
70548 40947
92730 20689
30408 38892
12668 61374
44266 18846
68472 35985
66728 703
62133 82825
13155 52730
88561 80156
38929 34381
5050 10322
44412 21644
9652 63817
70720 77692
99318 53424
75569 83961
1996 97836
71763 85488
73398 98741
68224 35077
28616 68826
13478 35727
33064 37241
60742 31895
10772 26728
56662 35453
16601 99759
92800 17363
45276 52171
33825 88479
86069 91821
35275 14269
82351 91513
70787 49275
66090 51208
34915 61180
61049 74470
46297 78742
45445 55156
30471 61844
83495 84679
84673 46964
72722 69831
34098 76841
57831 29585
39255 16826
7326 44118
27490 69922
34084 85082
82232 57198
66615 32341
18548 41282
78892 21941
27522 87668
90922 80347
13700 68655
88653 43385
13521 3922
55715 31738
78193 82319
65298 18522
69634 48396
6480 54506
52598 14277
88970 93486
43795 47080
82014 24030
32625 47415
4672 10856
20128 66794
91481 2796
91423 86666
3491 72415
88838 3319
25326 79945
24765 52547
19391 18023
30370 81429
34956 96777
24360 53224
34881 8949
89042 55593
27933 86210
1628 46556
26710 47646
81203 90775
15281 72073
91927 12773
75243 95000
56608 90244
81651 3603
32150 38408
12397 69942
56952 84022
44752 62996
27606 94249
77641 98287
71671 65073
76054 77794
18580 2511
97484 55255
51643 16955
76818 56017
71469 79486
8579 9028
40576 66360
68144 21304
62269 11579
21532 52233
99171 79630
58622 44842
65474 74699
45698 32061
2145 95745
27272 21084
62586 56274
74404 41556
6200 82806
19580 47973
88895 46743
87086 79907
63396 13139
47687 98264
89297 71197
96012 66463
47011 24124
74837 459
88108 23755
90829 67614
82289 82871
50132 30194
17548 51076
95965 71700
87147 76969
35600 48803
175 64879
29417 66358
46287 75285
23639 851
2898 41903
47262 23993
11960 2179
31765 67479
25234 1419
55849 94386
93222 98773
54488 43235
97356 68230
1623 46615
20211 59058
7917 86733
4028 77862
11254 18875
81470 91839
16544 28426
46689 14608
24561 70069
8771 47104
94591 72654
19670 20297
24182 79450
64064 6811
1494 43632
21017 46966
84243 91197
87632 372
70867 24738
10055 1469
1683 73845
48754 87248
72643 27292
65597 24225
71845 10581
8867 17301
89554 76561
32791 59528
49109 90196
87775 48327
21390 51575
40051 61974
28016 99398
84291 28204
23555 31363
41967 42130
68835 23553
69004 93096
51615 92585
76550 48192
22971 47736
36376 21697
32910 80319
39189 85541
29893 14658
43843 47387
84478 88922
81563 73574
96366 14771
81387 42043
68860 97102
92564 29639
69059 47264
59723 62344
99476 5394
88348 94287
17937 67423
15234 9508
9139 2681
67761 32801
64358 74659
50285 63990
84008 18552
77040 37476
33069 15747
97224 86338
84829 49509
90550 30236
35861 54675
10736 43534
94626 26613
59967 59597
83881 43432
92866 79134
59714 70045
19530 57757
3032 57176
5724 68472
76267 51345
47506 25586
43854 99094
57978 17280
91977 1640
59221 35343
51031 27865
15513 60124
90025 85364
67952 95322
5282 98037
97623 144
3002 21997
56096 61816
72475 54432
26576 89122
64871 50086
27681 91215
75695 15949
50977 74710
51229 95061
86034 29986
84492 17939
48424 95569
25898 1135
94510 80791
52477 29381
63329 84665
82683 38824
915 6835
12336 17082
45705 18259
22972 45974
34974 96987
99986 51015
70430 5314
30363 94478
51116 55508
26801 75007
95036 28526
33220 55652
21849 95363
38936 91833
60865 39705
73541 74958
99844 71276
64950 96137
72232 10603
55019 17697
67080 1334
28247 28100
25072 97030
37954 34834
70275 35909
72744 51519
45365 60561
95128 74837
93330 59422
57429 95087
82773 37681
17913 8320
45041 86181
22477 83914
57004 95498
65683 27495
19839 10657
5212 78596
7063 91361
43250 13569
84503 63189
20111 72594
77524 48604
91684 25185
88407 70504
86548 42281
90431 47296
58582 86524
73020 57053
37782 36031
98037 33040
37620 42473
56387 6971
835 11399
11220 42452
97516 71067
72809 80101
13097 39672
68312 69614
76906 2408
70474 91810
46803 9158
40510 82405
87996 96165
6597 853
11760 57287
48068 30718
40590 3270
67637 65540
44267 42542
838 13245
70830 56193
49752 10964
31539 23218
41793 31592
86569 83306
62667 58538
45620 14023
58547 25251
21899 98136
17322 24299
96731 60354
45047 93235
74306 84638
98804 26108
13333 73144
47021 2878
62970 93970
66852 50722
55599 80639
6991 20360
54625 80680
34712 2818
67382 65066
63580 44823
90788 41846
89261 11073
53975 84144
26000 59087
45711 38257
14144 42212
50079 3845
83465 70742
37999 7150
88301 82832
80219 25663
8291 38480
10931 76353
26099 80362
39865 76337
83419 59267
45221 86432
66765 1526
43652 77714
44207 10195
77717 93888
23001 72891
82091 5814
49658 97989
52078 3669
4340 87709
37562 98898
50908 32639
20989 27637
66491 78848
44221 80955
97327 60230
32625 78005
74122 41035
65955 35719
16626 41502
1684 97546
12320 84097
77272 87114
20993 79372
24630 64648
38104 17193
13833 87961
88090 23030
15905 77189
33968 98726
49027 39433
47417 86144
70917 21461
29765 75870
7283 96047
66683 13392
4461 27311
16820 79255
2118 64737
64733 92394
73639 25702
43001 88180
19626 59571
733 48787
29215 2096
75123 62843
74954 12697
66135 59889
7107 96193
44477 76337
25524 93707
9769 51081
56479 11567
38581 48027
56182 40507
71151 51231
15809 25935
75832 52286
7227 18144
52902 91224
52053 78262
98 94495
16434 205
25323 80122
93449 3768
20946 20419
24295 14873
12956 51561
13322 16907
4067 13583
31751 17081
10357 46347
23140 47715
3699 34152
89663 78624
53235 44324
46661 93495
88031 43219
71675 86404
60628 39002
88281 52762
25028 3605
75403 87355
44884 21841
14830 59682
48639 80338
9465 64473
34609 28911
8433 58979
72876 27665
39155 5139
1095 40888
60814 28435
3530 60310
53446 34879
30099 34801
7347 50567
18868 85029
40768 78608
79218 39872
82956 66004
15656 97221
15084 33149
7074 62218
44903 69550
42114 26073
79225 34586
3999 7826
41008 36459
99585 8616
1586 78780
19206 85920
80661 58272
61152 50485
23174 73977
32149 66391
24579 28769
74718 32679
7617 42373
62056 35516
44038 9060
32278 4097
98607 99124
27868 48724
50444 28478
36966 19625
90495 10717
99919 73286
69729 57027
13130 88900
83389 79765
38909 68724
85779 68138
97601 68119
69654 97551
18564 52773
11791 31974
73766 77832
51928 65922
1695 30814
76609 21004
66808 79930
25486 68546
48493 63906
3510 92434
32722 43379
59782 64676
60779 5689
86493 53869
90610 57720
23949 8925
64244 56038
65664 12210
27700 39502
47217 2274
58407 82350
79759 94390
20055 77433
23709 42185
12577 78327
98005 13261
33174 6272
65504 9286
43709 71333
89439 73069
25424 48967
45190 40206
43738 99549
14235 36746
15840 22163
8539 81238
65941 4646
62838 76122
20387 43304
26670 30580
50825 44130
51484 39858
57784 76365
54923 6203
62837 19064
64955 5543
68859 24422
84447 78946
79734 87757
50528 40973
48872 12087
89111 35869
35079 42340
64087 41530
12125 94311
92577 52769
55495 88837
6317 22499
16183 68057
25608 20964
33043 48595
8944 7549
22547 81524
63066 90778
29478 19091
51853 23740
67758 71771
45348 88023
28159 8907
95280 90550
72676 5268
21460 95859
89690 2559
18023 89471
51955 75397
8086 6848
95861 32980
22367 56973
18009 25489
23126 47156
87788 88912
32452 31797
28273 89278
55203 10245
44124 48728
47107 15244
30360 56433
24521 8999
31619 67856
26091 83334
17933 98607
28821 2735
63997 10205
18150 79705
83051 97981
10995 17650
73511 84037
11108 79258
60017 33088
62802 5702
76638 20365
74768 42846
35322 66141
41599 95871
45184 90936
58263 36217
67780 29945
61125 2449
41418 83118
13607 417
68140 34937
43794 99348
90295 82769
78989 34410
41966 83394
38867 7034
89062 68713
71669 90123
95241 18424
2326 30105
1459 70136
59501 45079
45144 86530
89158 53639
3644 43013
63905 61443
48633 6116
26130 89912
17853 54229
73407 57606
10185 20514
72485 20833
6291 13484
16020 18227
34437 9763
55182 31064
20283 41231
88236 55584
75721 55307
51193 51632
54483 30564
41557 64033
60692 11774
38931 65696
28055 48847
93979 81932
68993 24514
79273 78972
46149 93302
33260 31990
29646 10813
81128 75545
35865 43933
37844 39188
72952 21618
52477 9868
34928 12426
70913 99994
61051 87143
85973 43915
70599 68865
77792 72382
70230 96802
7261 34378
67100 22504
2461 84181
77956 36486
59619 66878
94795 40803
2406 74644
82723 68697
88562 96540
93202 63607
25703 66543
75920 65536
7385 92601
98637 53066
78606 90524
40584 91968
32995 52555
20921 80705
9064 98511
11464 89086
83263 70341
71859 30175
37185 94750
56845 13887
94169 24414
73177 96172
10886 72734
47603 31528
32702 36203
5031 10315
13190 95748
55096 29854
97050 25407
49819 88993
81228 31108
91609 82918
90108 91793
7440 82003
49445 29556
55507 60613
35792 5908
97734 69096
16063 29097
26178 91711
86500 10751
59415 42754
86918 93400
99557 80027
5891 41479
53762 11464
30345 37653
31479 66141
20539 18687
63523 13983
16306 58710
35958 68329
45753 286
96023 86091
2129 86447
45759 89958
555 72631
44924 8177
58960 2839
20847 90007
74076 88353
53870 40791
51231 82369
91555 90851
79899 63633
54954 6913
52777 53634
7223 46733
76500 61082
44206 46357
12059 60593
98281 54459
69267 18291
53558 10999
8772 57665
30070 53587
31719 2959
26176 29165
30958 66151
64507 90808
51260 87525
24039 96027
75081 67546
26101 98992
30399 63530
94122 26246
75456 56333
98881 52800
67581 15761
92582 93076
83776 7510
55259 67501
76227 13361
58870 70538
50455 43594
18465 44028
38111 67614
96314 80204
98642 79837
26032 51186
91676 1229
92204 19935
53597 86565
18405 66484
63624 67411
11563 37993
15910 38583
91869 21031
10097 77253
23411 95566
52057 37959
34293 8272
61122 18265
97377 20788
54436 88459
49513 22484
68170 16323
115 43071
92692 98648
52087 536
15893 73304
30213 96949
1685 58371
21916 55585
26223 27853
72116 41082
61588 74752
6773 70323
52935 81016
48062 55219
16768 16005
81215 55061
74409 15180
78591 72422
21572 88710
76726 32427
26082 71168
34132 54040
84621 67482
65337 99769
56735 5448
33946 47789
16521 66356
98435 38054
83757 91993
79695 19402
17413 2954
78578 13269
88442 7145
40304 41877
88397 76464
16611 5516
66225 59020
51352 39538
11022 45212
29458 50801
61056 60663
85926 59687
65271 19043
37822 88519
20693 28543
78679 48184
65203 83034
9986 83060
14715 72857
8102 3531
54479 64437
71132 52926
93057 56410
91826 79012
35193 40778
92201 73960
97907 52120
27255 53992
54622 63086
17062 16056
702 30631
66675 53597
90506 81109
720 90707
32718 34140
41314 40232
77963 82453
41475 29822
69010 74956
75489 96525
53549 70851
24445 83134
28182 83597
58222 80753
2078 66067
79644 14104
87560 7123
92005 21466
5707 65371
80506 5521
77363 94419
21091 47948
64064 60720
20887 96942
70437 21826
79013 43981
45674 41927
45327 22228
77419 75125
50057 65825
67512 42900
90878 49703
29619 85793
95723 55693
53236 39085
14275 89870
37576 7740
92713 16632
56238 46663
51929 63917
95833 77210
73247 12900
88113 88758
41694 53736
16849 29776
92170 43384
32778 94352
59022 24582
54271 23700
96872 16952
86695 74730
89096 26954
2799 63161
93172 3050
75157 43097
52519 33787
31822 58166
38670 11923
41441 21777
98345 87132
87561 13119
30160 18166
41526 26600
60651 51476
1037 16457
7257 63099
27716 11507
62986 84134
53703 24937
32325 72804
85206 24038
48931 25048
49956 29653
74002 52184
19929 35191
8499 68304
73361 56801
35835 36284
14268 16155
94806 27985
98940 70306
90688 38772
60393 61414
59338 99969
66448 94125
93915 49990
6352 99822
24044 51781
34012 18583
49963 74614
90044 50152
7737 11394
60555 73078
79340 73065
28698 52745
1038 16349
11020 34558
9052 79653
97688 35205
61735 44635
6155 85731
7350 25486
88835 19762
63267 14817
79541 40221
23225 98602
69895 54533
52797 13716
73462 21982
34242 31933
83858 38354
41843 93433
76637 39549
37965 84941
6992 60847
98465 84340
7606 66605
14455 26558
14959 76113
1222 50572
97839 7653
57789 8309
14972 4556
47870 87109
35443 31450
45405 9465
22691 25302
47269 10723
96176 97791
15219 9964
89042 484
40089 52461
54451 23595
68348 62101
26965 57867
55991 84871
59242 48433
27126 6936
20506 85311
87932 5621
1664 61736
80093 97979
86829 90230
64164 15869
76260 76997
67695 32354
22332 95845
16334 92293
46594 24763
44711 10291
65780 23840
3157 25744
60134 8449
8196 13906
31713 61629
1591 31684
10207 21675
58339 62021
96753 47505
42481 1639
30617 53870
72736 46064
15472 49201
79392 12572
33921 57055
35480 6457
4492 20209
85376 4489
6820 69267
83912 87844
62866 26375
67312 81683
38927 92352
29102 79798
81678 8551
35819 76479
3472 69082
91206 33301
71533 23304
26959 12978
52018 5558
8013 82821
7037 85117
25433 8817
71427 46025
59937 68844
28811 34235
10950 48417
63665 2632
18846 53391
79492 8025
50610 22855
94503 54121
52033 64689
82644 8074
44412 8136
78516 7872
40872 9018
2952 39268
91679 83561
57572 48354
91407 21772
39374 42363
95257 62414
74915 68036
24083 99438
51987 46437
26343 96638
44352 75228
87634 88709
98979 31575
26662 74781
16711 61661
44136 93525
8172 67910
65458 98895
91333 86686
91538 48195
71226 34790
88585 92571
26503 25363
93678 66293
61627 2381
26025 11620
95194 75058
14744 68399
52764 4720
72589 55825
18348 55854
44589 83287
649 28772
81106 29765
19304 75038
10603 2738
37072 79613
14199 68615
63132 25718
42829 38723
49661 20465
46200 60730
68598 25611
8147 70737
88958 2452
91281 51268
64321 16658
48119 225
77152 4253
79648 66186
36364 1696
16472 69943
98415 52382
94146 13426
3171 98123
1491 10393
22040 22511
73300 3295
19955 57511
32259 29899
35113 74884
53682 78519
62792 43401
13479 75122
80591 20785
98843 97087
91377 24902
62331 33108
87223 47435
65962 85980
54938 15284
74525 91317
47852 20873
38717 47411
5456 20583
73161 3995
89438 3262
11761 40137
2945 60692
45180 67434
44600 75424
58883 21475
28280 71440
788 9064
83240 66212
528 24549
15491 77296
21804 43545
78970 52638
4564 51478
62544 42922
65380 14083
83164 57124
77101 15994
78154 71921
87030 10058
59546 58507
45176 31254
78464 16316
66241 41683
45026 89575
76530 69710
84541 50847
74241 4612
46913 78286
52312 81897
48976 2896
49140 40290
86499 26549
84199 2410
47397 81474
86582 15025
65974 89232
13435 94104
26921 35340
28004 72118
90182 96630
48530 46390
53865 70434
87483 86263
28513 84218
59561 98443
94834 75449
75705 97784
99443 76945
96957 11962
52657 7878
59834 68863
95562 20274
31883 4457
86739 44447
72988 16304
66739 99536
85007 39517
30597 5048
92859 7440
26778 51072
52680 46652
83669 63750
1204 38501
41741 78937
28401 10409
22574 37470
98308 30804
39896 72494
87592 82538
88415 67093
29033 2817
10057 80757
14602 94116
22387 54593
55871 31857
33645 67522
49043 30812
82841 18006
76356 26794
92400 4843
32514 8695
40061 70153
90164 56048
49183 71781
1746 2010
34411 98095
26316 97897
4681 57829
97729 26410
9554 86397
34793 7129
77112 95839
96364 26283
89598 82313
38729 98918
42684 97962
53744 57252
32220 967
59912 24308
63680 72344
19434 74905
67194 56908
91683 6345
52817 4449
20342 85071
97059 79373
25848 30249
52317 48728
80659 23498
46597 703
31075 76985
47057 9235
41212 52817
14253 71608
30818 26655
85849 50918
38063 67463
77769 48556
31888 66592
36515 19496
99112 24979
42532 69520
81453 64095
60636 6028
22694 11992
21709 61081
58899 31364
62864 6887
18949 1437
43760 27868
15361 40882
7372 84976
10081 74021
83257 71439
37459 63982
61470 40090
29720 9590
3607 4166
34118 43101
16083 48923
53575 4854
98486 78102
55224 47269
98904 55719
49515 54536
67715 83380
50533 43019
70200 44180
39552 92658
84683 27125
30314 33875
56323 96343
27109 97081
98555 46575
91525 83619
99076 72389
46261 27010
25473 17174
65266 67230
39113 12082
72398 31730
44776 74687
85934 93164
87646 46772
28461 2798
17982 39423
41079 62160
96369 32064
29646 83451
36529 13643
94953 35599
63310 35946
68528 42206
40940 16185
95425 50031
75779 81352
39182 94396
39230 93309
70365 28020
19709 91759
24583 75130
19443 48172
92313 58019
90248 51476
14870 27516
58423 85307
47122 57347
97713 26859
64537 62409
50105 79712
18470 79222
91143 11882
21772 68805
20677 73998
10929 63267
67764 21446
1358 39124
53000 92700
98608 3695
30056 20371
64634 67069
89327 82430
78113 78621
21742 41223
66254 84867
82087 45674
87840 76821
71219 76343
63943 34509
25598 96851
80906 39290
49254 10999
92450 990
16799 16496
32157 33009
15537 81149
64316 24317
41880 8053
95989 53568
39844 76958
41297 73069
76663 89623
50479 98667
51786 76399
21408 96724
71847 54283
41097 78871
54480 46180
57508 76279
71127 67367
37119 49290
19812 66355
36283 19291
55571 71134
93998 12937
68595 74705
30369 88998
82760 54279
41203 69560
91465 73458
64117 92763
14466 43222
87340 58140
62580 18508
38003 37088
25040 49857
96214 75995
32544 26868
7255 1850
68254 77211
12076 84794
10939 35870
67743 85518
76249 38779
81261 31484
65617 38817
34760 16897
67279 70933
91797 15401
67985 45232
9679 78775
13387 80894
82434 49027
50341 99968
7664 52695
48347 90059
24112 30578
3260 46983
55114 43429
76333 62322
5500 51800
58819 76762
77624 74310
82412 41446
77571 63772
22951 39822
12376 63454
24487 29438
56931 73507
44436 15864
54215 72756
68329 43054
43577 40753
14295 96716
51746 70796
58529 55628
64224 94795
73406 99935
85669 82794
9403 84715
38167 15223
56374 46216
61743 79637
1668 76386
79034 68729
1035 88762
44987 57104
97929 79173
18279 52823
48619 27339
58247 5089
81143 66985
42713 32629
73251 47632
11504 1326
85051 93252
12976 30169
70303 86525
76146 60890
5858 53737
9894 72295
61900 88488
2604 20491
30809 21071
97690 59749
46425 71142
28153 56486
5742 46058
59784 27767
32496 36491
84504 81329
79756 83887
57486 83202
31009 90477
10212 3951
12226 15379
11463 43372
53271 26753
36154 12966
59323 80332
85074 70202
39263 54908
76761 9147
90054 24718
81708 3727
83591 34834
94685 39219
80271 2350
7889 17875
53916 42265
42882 55155
9026 11329
38878 23657
13674 73286
64582 23967
43662 37884
81488 40694
28383 6157
57094 54974
98911 32693
23525 19327
10151 46916
83039 76788
34626 76832
95417 4011
17456 44096
72110 85766
14180 97906
26122 444
25767 18549
72303 33560
18067 31968
75411 72249
21080 49434
24768 64561
46394 69407
49651 84103
13041 69217
83550 43413
30631 72357
81415 67658
3070 73922
76358 33480
21640 41766
14411 79399
87725 78288
54421 9841
13000 42807
95740 98948
62634 29089
66984 49939
93622 23341
72983 41541
23011 4650
17787 24212
76254 48221
78906 20112
35461 94463
80845 10938
39628 50013
67809 84041
56348 6198
69593 4840
19119 35105
72969 20214
77302 66884
59357 88964
69459 36382
38800 24699
65919 51070
59701 39220
47941 39305
3826 57533
16613 15736
19520 82683
44658 35383
3820 51842
74484 36776
27321 35231
59815 71166
33468 75503
65338 30626
64575 20837
28114 58642
47038 29096
54084 98781
31629 99698
31998 12488
74063 25426
28926 6444
23136 88491
16857 71413
25709 7155
11766 29668
62647 20469
53201 76015
8980 23151
94041 45756
64558 27861
89233 85865
60066 83948
34802 44263
49313 32528
94728 15898
83762 24014
71601 7099
80750 15530
95554 5142
74915 90875
56417 99916
67570 21258
57547 10866
64466 64311
91056 16785
75274 79668
53266 87684
16762 24583
89354 55997
90643 45516
12547 22943
7418 58449
46429 71909
21097 19705
45739 24890
91278 6970
6741 37472
52427 63039
75671 83721
43764 40646
6592 96481
26260 30722
66772 25090
1448 78330
29419 15933
36578 85897
99888 89048
7751 76028
71650 41547
73234 74263
96150 27650
55919 42064
69619 48478
48864 75474
20148 47348
50876 16732
2858 49548
7659 33280
30136 53635
12491 9988
3573 85001
29006 77188
57197 72132
37594 48078
75936 88748
39303 71204
13378 37453
63429 99198
55705 23496
1555 87333
92483 36977
43529 27001
2957 71218
26031 70732
87548 19463
25092 81157
66760 80193
48472 36415
94748 83587
57137 30343
84344 75080
39594 64129
43663 33915
25360 54915
66505 26685
91108 44312
44770 83106
67099 32926
12169 68820
43905 2569
95874 68815
81169 44958
60229 98627
53759 52792
64477 99222
23054 83879
1673 52959
7130 59724
95582 46092
38160 22815
65603 89245
97329 93033
41619 89222
59059 99914
68255 6929
38335 24116
74826 82362
52212 95437
72011 73905
31555 89202
28718 16539
87313 4143
39859 45042
2776 32711
16910 53760
16998 95986
63621 64328
72348 59866
9045 21982
78640 62525
71726 78057
49451 78318
18866 32072
94508 72212
89370 16330
67716 60010
76593 12500
97560 96669
24503 40096
77602 5905
22783 80568
69296 33725
27505 47583
14340 32170
90793 89032
242 59127
42294 65853
41925 44888
7196 25625
93946 41715
43122 44046
66754 72321
93061 10721
21157 21523
53395 30857
61594 36171
1009 75763
21616 22558
60678 24417
16937 74617
37421 37606
40505 8153
5015 33675
11275 86737
73959 38062
83484 78504
6100 50366
87870 48728
46858 19456
60215 90801
32585 91693
76607 80915
7045 657
5414 37752
81988 94414
19243 12648
36067 20919
47302 80098
46418 11125
35967 42842
63155 8294
39508 95381
96735 49017
40887 45006
24641 95891
70830 40821
98904 83853
65810 4779
67897 36115
35056 4808
4044 20006
39627 68885
74090 81723
65656 3570
23269 39035
10112 92177
58656 6369
93537 3417
85011 46271
73422 21156
58568 2553
55498 10401
24193 77639
17681 66067
81903 38520
82320 15503
98300 65002
93512 72994
63459 22003
25871 67785
75122 70107
13614 69496
45263 36671
10692 98324
81936 19920
53889 792
27809 28978
97004 50004
52482 1790
25630 22953
49031 53024
87973 35406
18070 27257
13858 8014
77452 33342
53419 39880
32217 82231
73866 94990
49599 58625
60667 19238
37463 57133
31890 36044
43500 9822
35091 93710
43229 98831
7736 89039
78303 65803
47695 75780
93401 31731
32537 75866
97831 17916
45804 84910
34008 57838
57170 45555
19600 9830
31656 54864
63366 79444
73696 52671
18023 10910
87167 98320
93681 63419
51872 70596
98713 58841
34543 63602
79142 92408
99790 51557
25363 38253
7507 52027
27313 54432
41320 20456
78338 85070
81386 48273
70336 99207
94187 88018
56500 77137
2769 39576
43263 34819
91156 5256
25908 23883
75875 21654
73148 86505
40000 1327
1937 80850
74207 34672
46371 88749
25451 22124
52214 14937
50178 45289
8738 18822
57268 64579
31826 65079
70791 68616
4133 17190
3606 86107
17072 80256
26029 41298
27387 46181
60815 92888
20223 22089
95249 78027
46446 90742
39740 89599
15787 9768
25294 72185
41166 93487
13562 88948
40705 8401
39587 96928
32645 86725
76325 48286
62286 3096
53165 44133
8227 40396
93723 2528
61791 44501
34535 87118
41427 9018
31930 23297
8705 33850
11216 83583
2754 24676
68989 75332
71426 14845
72901 23006
32543 93502
14529 57456
57997 85140
92161 43344
82484 62367
47141 37736
57904 24339
355 40024
93137 36921
76005 33266
36249 81359
86503 80509
59456 76868
64701 79028
31059 28477
42859 86820
47857 95571
34731 78513
61261 95283
71659 29073
99535 76188
87884 59503
39219 58884
59204 88330
38216 23572
66525 23603
71761 89255
7636 19443
21000 75439
65595 86210
81014 71056
33975 13169
53981 82627
73698 87073
74254 70869
99178 15114
74451 79397
62032 95413
38118 37865
54571 5410
82072 71498
26658 6595
30635 41667
30421 8927
68280 20870
46229 69776
26315 76375
88616 68517
38497 72751
15750 54497
32081 79802
66334 47450
14240 65593
6578 38235
37931 98657
74902 29506
80705 55867
10005 43555
78727 16514
4844 7363
43698 83880
52557 29341
35952 81041
9598 86305
44736 88565
71927 88208
45045 12514
67688 89409
90103 62329
74704 88000
8993 50893
43943 76553
86500 93127
11317 6321
63875 80356
62200 36158
15893 93077
74915 68906
81031 12637
29369 79652
30775 73911
92086 5294
6554 65902
79398 26336
8598 20291
77772 20260
34153 67115
86173 13048
59680 87182
57122 1551
63169 18473
92058 31504
83810 87853
22517 35829
77327 90590
75642 64462
19304 81428
58722 13180
6784 21437
25434 65398
45599 50329
2405 19975
37729 50589
9272 72173
39317 47441
82877 40252
86400 34354
51216 15449
68535 60176
85733 56416
60008 86833
86048 22719
34642 51725
26171 39640
8360 77007
73732 95907
71985 80794
53500 84041
38923 72354
44889 20138
74724 78575
28005 40248
89216 33918
96540 55706
80790 34431
68178 89546
82611 55512
78027 24567
84981 5760
54625 43268
85776 40229
83554 81863
93197 94087
22608 52267
90310 74106
71295 590
74636 9832
53081 64036
67201 11693
68701 75026
59742 78873
85564 26644
2478 34546
78300 29271
19185 86511
1973 8415
66810 98206
39958 60579
24178 46111
52064 95244
15091 40326
10186 11034
25837 32317
46460 69951
65156 97119
24308 57025
18672 32831
708 3228
34427 75647
72657 65854
59399 28185
69238 87498
62406 69146
55135 88022
79840 67745
14415 68492
94448 2565
95194 26764
86311 91340
87307 5097
24776 13237
94816 6312
87082 77967
92425 93124
33818 96639
55916 72109
42070 23486
56804 13827
56146 98521
61341 55872
37079 72080
34842 22156
97695 33015
92016 65062
35707 95095
9608 56994
81549 39534
7232 34373
11854 33259
41291 82667
43369 88851
35308 80834
23614 20191
74783 50220
32576 71996
36753 40577
50295 92137
46723 21579
36863 81820
20907 2440
53831 40350
76626 79531
6291 54634
42327 10714
27803 56434
57802 31186
19178 57850
34802 92031
18687 27963
22024 21605
6063 43809
13050 90618
36737 84014
82537 57321
75569 79221
84843 12272
4685 14015
45769 75650
49019 13257
88738 21255
87665 60932
60487 37559
16220 88372
98173 29891
56826 94834
35870 12492
82303 68938
35000 33321
44116 222
34060 67302
22995 97537
34256 86848
2189 67548
7598 51593
85668 78028
24515 98570
38417 94978
29280 39708
46047 38082
98925 18542
68238 73828
64865 99107
39665 77655
5547 92081
44528 79353
75916 34850
47815 95008
26874 95734
81445 36564
13567 96672
77582 38674
36152 80773
98618 72235
65047 35136
18483 61602
58018 48737
91195 32626
15761 66793
52548 96262
9235 85519
14294 46527
82730 65918
41036 79730
11050 98997
38871 42343
59326 47205
75994 58491
2500 51287
23852 20703
66668 31556
91513 57078
79004 90938
39777 47131
29135 81950
69656 69017
36017 42340
96196 28273
80581 84217
51203 17335
8223 56154
40802 77173
4267 13498
96870 66439
83460 21440
49959 34110
94973 80198
65616 39453
97436 91803
87937 96479
39002 29762
36493 66095
76772 82065
68444 12078
99773 55411
94602 61360
31866 4327
37222 52415
73252 57086
1524 79095
55034 6656
1100 25992
12172 2888
60216 37624
92833 57092
25978 40062
46226 56342
72772 97864
50828 82357
45214 70806
29042 54733
48387 88028
77977 20795
50436 77156
18571 28753
46403 97002
5669 58296
71834 41854
78168 1065
41746 15238
63147 54675
37132 79353
32119 82201
28860 83621
67914 94033
89736 2313
54629 15301
44077 65308
3294 39030
94395 67428
57919 47988
6324 60192
58533 39527
1073 31679
4641 59146
70141 41287
87482 77130
26775 14447
56906 13259
80853 60100
25725 68995
2076 58664
66165 38525
41289 72654
7752 3224
21291 21152
26016 9702
50822 43129
18458 21549
26257 36491
56968 97289
94681 40699
11983 4392
57468 67584
53546 8684
62351 72039
46821 48685
81465 84338
75810 5301
4693 47284
41528 27906
28500 56983
61454 93639
99225 75702
69157 47499
78587 86467
99468 76008
32326 29858
21385 3309
21754 49228
15159 55901
61898 96302
28834 20462
7391 63719
90029 96907
42131 25197
83244 45363
46870 33545
65802 19959
78797 94038
24965 89567
94958 67558
40749 10086
13188 49309
52552 5114
98481 40692
94609 15805
47111 41015
40468 12199
77422 96583
28244 75457
27586 43481
42374 6955
44914 66454
9043 6391
69090 68601
82042 85259
28010 90772
91883 65315
5844 35691
45709 16238
78786 26647
53081 98092
52741 28964
93692 75222
6727 16979
98873 75798
81539 18681
40197 81674
49703 31390
51177 11046
18809 30879
34500 83087
22447 92909
90855 92192
3157 9356
7062 32745
22731 1461
36878 30187
82981 72852
51001 55741
78121 2282
3323 51850
65332 14988
47273 92689
30742 80098
72717 51684
55473 62089
87300 28777
33118 56434
72959 99324
26695 26528
45381 37995
45102 7310
16080 23192
91877 57031
92812 87163
90996 97996
2491 20190
41751 37810
95283 39455
61053 15169
37182 86417
46026 33174
74745 35483
469 76641
32373 92087
9643 98056
20122 92244
10890 53443
94911 66837
53959 68094
87923 24560
53993 62650
14615 63760
20139 26635
63202 51764
4510 72315
84092 32109
15876 80198
63843 74244
50038 89180
69769 94193
80896 86243
28979 62693
4544 93523
67100 72641
76330 41527
55152 27613
59942 34290
24561 9026
21617 68376
82614 78832
91032 42513
59623 48793
96736 12665
8418 2116
79873 29571
26777 82635
65062 62449
59890 26813
89838 8894
92517 57981
75054 71028
92898 92161
83341 57494
17928 87604
35079 86136
72175 66516
63179 69089
83199 86900
53309 48560
6455 63899
17236 9972
89639 84196
81213 16147
93782 2300
61622 44228
87613 53256
66356 15765
5481 30780
42526 31813
55421 22788
7631 84235
84622 95103
90744 24237
90917 55295
18203 57738
49953 27914
39761 79729
50610 4092
82693 67591
46495 88867
92375 10726
37665 16289
379 88408
97478 10478
52471 23968
47695 66132
68360 41617
47378 33905
66045 9973
33816 55576
85051 39207
5440 59280
33175 17753
13978 51475
14175 20463
3917 35153
72690 35490
14163 92523
89347 70431
38903 33752
31642 3685
7901 97283
1107 90219
50459 61962
636 73879
60152 5985
96059 24167
6612 70349
16551 56492
99712 7882
73290 21899
43969 69638
62469 47610
52945 7203
59756 43721
37886 55001
29574 71894
53098 69393
41294 76535
37129 44843
86869 36789
87270 49305
34109 5931
66526 25826
33759 47915
24803 11040
10726 61145
8538 66530
1074 41806
53533 70091
29399 41494
18459 26513
4891 51090
73331 53247
2843 44247
55388 23283
12646 24526
15552 47776
11328 2226
30845 39053
47041 63765
59011 3381
81524 73179
61240 51622
96985 68764
24247 26914
10307 44295
86284 94400
43898 50490
35962 70283
441 24235
15061 43810
37649 15906
75080 82007
3269 18684
60241 8976
96076 91722
29920 59433
4435 78096
99548 13648
1368 44806
79965 35624
25008 85434
58547 38983
17153 95245
39550 33271
52745 39025
96499 9080
64501 657
39262 8925
73099 46761
83162 20683
73665 17770
49851 96029
18819 23576
99620 27234
62289 94315
69201 97917
68734 42737
11087 66468
65458 25322
17695 18339
27977 17483
12471 42230
27378 28828
99392 498
28561 12570
39385 86620
8510 64598
34066 67856
36900 78419
84626 30140
62658 29452
44114 93410
93613 97964
46336 92922
33644 85716
71101 62061
81243 79704
43423 77403
52137 3778
37936 61878
87290 6478
5293 6789
28933 98476
73703 98562
45750 60194
61766 43292
82478 96999
39521 41334
82526 39977
35655 64774
92176 19336
74329 59895
58846 90169
36333 50663
28921 94467
30189 99914
37635 22405
76662 39909
40053 74350
64474 69203
93658 56260
67422 97828
90930 83134
12572 14937
40400 87210
98146 88425
17757 94568
48050 67680
61203 9068
42720 24634
38178 27744
98583 80300
23918 93727
47124 18140
83246 69276
16937 13732
47983 60025
91036 45203
61648 60752
99141 46763
65860 3598
39283 72036
36755 3763
97640 78632
41016 27795
14745 64757
36420 94328
37103 81278
44602 47229
66856 58826
27985 27988
17430 71988
64981 30818
93535 7945
26759 93758
31675 80397
12568 1109
28698 35574
6834 10889
12923 39119
50991 34541
1142 14135
36384 97515
6739 79232
74119 36094
96209 2160
64477 33688
68288 41603
51917 68029
97639 52263
81975 83366
61855 32318
95950 60480
63477 77440
9082 4394
58316 49366
52471 54042
70105 79712
11220 61529
43909 93008
22581 82978
48399 61773
72722 84103
45863 3889
89910 21196
33396 43051
1632 31818
80815 57214
26085 40845
53990 54560
80940 79927
80762 33212
1072 84731
67873 39505
9730 32866
421 23888
42949 61866
52130 96353
65904 62593
90540 24991
39792 14894
61511 21303
78307 3721
3501 92334
6397 43102
98604 3000
98791 56399
4517 58753
79035 51791
32238 87336
2794 25607
93041 64447
44886 40660
61099 30061
99800 72135
75630 99980
5147 72132
87199 35403
67391 72676
60440 80716
85527 34195
11207 91655
40683 35218
4974 85318
92119 57078
50497 34471
44458 99431
38411 2909
71816 3234
92905 7055
29321 21080
57997 16888
44695 48621
91548 40357
89204 30521
18513 61018
80146 75018
55576 38446
77113 22656
20147 33930
62724 54960
6297 98477
17508 26914
61714 71403
67580 37651
19164 17097
52995 51380
43785 37763
49765 72328
68159 84967
92962 26474
46710 8631
89870 83557
69182 37067
8527 19034
26710 47981
83202 67550
35062 79643
21111 20249
4646 38504
53968 95560
164 31643
29318 62971
44643 96430
644 80664
10918 93008
57066 42102
53065 66404
45675 29059
13177 62304
239 47071
97494 33359
42546 85214
47672 30063
93059 37386
62919 98612
2022 74271
78146 88547
99411 11342
5401 70008
32628 69402
27315 4544
7051 84989
44105 84736
13002 6596
50729 36972
79192 50607
70036 97840
97747 18931
17728 66859
46825 20183
72566 85391
84509 85690
76629 43523
14633 14571
28365 12289
21366 13328
4549 34328
2565 2720
16471 13450
99817 57801
34350 2319
99051 50058
73198 60337
63525 75962
81901 18638
68584 2912
98034 57434
20118 45880
36733 93146
87848 32468
33471 15177
82089 36985
23709 25335
32696 49822
68849 1701
46955 8464
55401 54474
32871 31057
14150 25905
61864 2292
55647 47705
3680 75459
74907 77971
92912 12314
63322 4872
73520 60681
4397 19441
90413 30517
83642 31037
10437 29815
61369 50286
38541 77851
10137 38172
9740 21731
30204 89776
64381 6210
20790 86986
53969 25570
95250 477
69418 62558
8429 32173
80130 27880
72057 71352
91106 27108
29948 97226
78891 32203
65038 51111
44976 13930
1694 63269
58042 85760
53966 51631
65571 73795
48882 40963
41659 95900
4694 81685
48423 11046
55157 40682
6300 26835
37378 6878
10856 96999
95011 87870
75946 91227
27280 54159
72213 12219
86361 25413
13809 81449
22942 85101
51578 79576
92884 24963
60639 89137
28135 41596
88932 56081
34834 18526
85281 62889
40136 25027
11552 16893
12559 90810
13922 99142
23200 48486
7483 80816
28041 92381
18354 86620
90699 54410
30978 20063
35739 76011
53084 64065
95269 27091
40579 96128
69220 15401
75214 30346
36268 72360
36233 63494
68737 61501
3508 74348
76189 18476
20835 81064
92046 42636
25756 37755
16149 5158
63196 25434
33352 30041
6802 75757
74320 83353
91523 28913
56780 85516
37188 16983
3661 86540
44323 23107
51736 6887
37119 93261
35751 32866
25515 19683
33128 16594
54479 26981
22460 96161
42311 76360
21721 98223
77314 31284
7113 92431
95396 62118
76585 24709
99108 2255
88587 72815
82799 41746
8052 59481
80195 90122
86526 96199
46325 55170
3927 36751
66956 5211
28577 66524
37859 58473
78512 53548
29323 36054
98127 93907
36454 61182
99643 4566
1357 17682
61830 77905
59724 65877
21526 29554
46529 72322
27299 90491
21696 32163
47420 56580
77073 45787
48483 30518
12208 29790
10796 11025
43981 12180
96130 72711
41706 36826
24099 81471
65472 95808
25727 24243
51418 83531
58172 38482
95159 85141
44949 58911
14668 13448
23254 21391
71456 31239
87490 88783
95631 82278
68174 43101
21672 4461
2627 11626
13839 81976
82847 30654
31771 84953
62260 5684
19737 79861
26376 59897
24295 15651
64308 64945
22618 14801
84037 58931
70137 62782
85246 54888
32927 56385
6388 5487
86749 46113
98960 82812
13557 13274
17425 63445
51200 64766
57191 16564
95369 30194
97849 75816
98000 56589
25184 8851
82089 11932
69610 48269
31514 71745
61816 58879
42880 67791
89184 89386
28778 12272
85643 51998
44605 60639
18968 57443
8846 83982
70776 68275
19371 22562
52784 53949
25843 26802
71066 69732
48569 7403
70404 2910
25573 83599
10735 90166
53618 66065
60753 58731
98289 3610
97492 27375
13317 73704
63637 35880
55430 25386
40229 72306
57758 79205
42092 93754
31438 25586
61057 81637
41674 24413
67731 26375
31193 21735
61795 55437
96982 28390
30087 65620
69298 97472
18441 94127
71567 4691
55942 26628
51302 54448
5904 80944
90402 20635
93548 51103
12547 84973
58261 57748
80797 73234
54519 39271
31030 83884
90804 12002
44907 6638
37443 62180
94315 11713
4172 39998
5562 86946
16813 15160
50576 71362
16920 87949
47448 95877
43315 27114
5361 87108
4214 39379
91984 64395
52273 73887
33660 90395
20515 5943
99537 75241
76836 61627
57886 58045
92668 64380
85479 6932
60489 98755
56003 76543
94461 61225
80159 1858
34974 37757
58873 32533
94501 86977
30277 12615
5407 74701
5804 78710
97359 97803
3048 87
39882 37369
99370 17301
86649 93386
19348 93098
21595 19909
12479 54183
92320 76517
63223 95602
17327 64759
74489 2243
92033 67583
52860 45190
33667 53587
53733 47388
73944 59998
78513 4281
45941 607
58831 99079
37028 61831
33667 47682
84513 81471
97541 31611
71072 66783
72288 28981
30277 75576
76147 8875
41514 19276
92691 81256
23165 65648
94343 30093
50559 15281
28299 62254
45062 20716
43566 50421
58907 3412
63060 29822
2429 62223
50484 12250
59645 53530
7546 84876
6880 21505
88231 87598
93600 61800
66732 6605
4395 67333
49331 46313
98018 16642
99990 18167
4540 79680
52934 72991
16224 49071
69733 19197
41902 36439
56172 90852
78199 36371
80262 85910
93184 50161
31443 37933
79172 91347
93542 20726
33743 39248
89863 81649
83171 15571
8658 96018
76407 77819
76343 75715
41843 93466
4536 73920
9013 1847
2989 59897
50991 63372
88035 52051
50918 71912
82137 42535
23957 55725
642 75042
36040 39859
12549 40196
52737 4612
45824 10561
47031 2878
32737 82979
28338 91668
81100 63845
57360 83405
74296 21913
95523 74979
24113 78852
40369 76454
79063 77725
54483 91223
62046 83953
57622 33101
27853 19234
2397 64723
32447 35171
63708 26216
57540 65598
12639 51485
21697 85038
40929 42843
66188 69477
77654 40251
45009 20263
22049 97995
1680 79245
39806 43792
15004 85444
99354 82430
19901 4395
27605 16834
27023 65400
44071 48729
60353 948
14169 95094
77239 83386
91591 86688
98185 12188
39589 78161
44738 7614
78423 23224
54689 19609
3223 97880
15579 86650
48402 18631
47671 2912
57067 99536
3248 63137
57207 90897
12759 10629
86304 73342
12143 66314
69603 37500
61487 71327
70993 3207
32932 83177
83889 1420
62892 84736
2685 40239
91003 61811
6464 36775
75002 480
47519 33405
51011 71837
83277 34449
15015 50546
53108 20533
83976 20252
86739 40335
4991 34732
85051 13947
45079 48934
94289 89543
48080 98659
69616 49366
73437 45903
34852 44094
42790 78507
32015 58506
52487 492
80359 13272
78095 89306
42742 61787
19746 30386
59545 2298
6168 80453
79490 83824
35291 32375
38551 79434
78029 46176
22512 19116
58304 25358
16444 71596
83004 60353
30877 40789
44444 39726
5767 97318
14257 90109
39397 98961
59133 85355
43348 29884
68666 43049
77574 63811
79857 77499
28289 70644
89251 73849
48382 71857
30724 52561
92586 9170
86458 11619
95560 25760
71554 21252
37836 11963
29420 71260
4897 40373
87194 45704
15845 87381
33765 18648
90152 32342
71576 25266
32753 65573
88243 25965
91288 45926
29449 85431
71053 12559
70978 90256
89808 25483
83610 22541
535 26168
40672 68661
683 16137
29144 94759
69034 7654
61434 8083
19143 84007
65392 57244
92678 85469
61852 3293
49793 16969
8752 22656
62085 29315
97075 61352
18869 29460
20835 65129
63974 45276
87246 68682
34 4013
63671 81322
76101 19405
54711 77816
10595 28184
31994 73146
63552 5213
18718 80615
25302 60
25687 66189
64371 40846
12238 77740
28152 1725
98173 23000
22459 53159
51732 29115
60646 73183
69016 39248
31253 2892
48639 58154
91356 71433
31893 71979
68319 1699
43385 35533
74041 61502
59744 25597
7925 68593
83314 40250
58040 35301
15656 15835
18869 78617
96276 88710
5175 48577
86873 52122
47899 11427
42287 23014
5971 7288
11649 24783
82724 96113
37262 22030
88424 1168
28555 1840
60814 70986
15743 30804
81397 96652
64133 78000
90868 48787
21134 80109
3349 18066
44764 8710
63413 38128
7624 47949
76678 42791
19646 8967
68238 87655
14812 19210
38310 84080
1398 82630
90459 13084
38421 44377
55087 12370
17587 42265
51161 21428
23648 26607
37697 38482
545 12150
69541 78165
80811 50112
6584 29269
96716 12721
80573 19523
45539 34498
29040 92416
26339 40479
35453 15204
27732 80394
71175 15992
91506 32502
74051 96636
11340 45548
27898 33986
89990 23177
84395 39473
56791 57950
11206 32195
58188 71183
93074 22983
4163 40309
84391 54880
28913 43260
71925 82371
64925 58949
5692 71645
3362 4773
66162 84203
55121 54629
40640 81441
82029 64128
46981 67652
77677 40999
74289 66223
62685 50656
20587 80178
34429 24067
9964 70094
33120 33660
99202 71802
43983 87532
73550 80673
71332 73768
6182 9186
38959 22648
23348 18863
73845 40729
61557 45806
37035 73276
99290 73883
4255 229
63434 43940
17328 61836
67390 50252
73585 43999
27460 39432
59882 4894
47902 45477
85655 2974
10784 2976
21127 52647
64788 78316
97246 47126
74265 37328
32499 32188
19168 166
22707 93916
27182 43230
85500 12849
78622 27001
61315 53062
32508 66670
54383 40540
82986 84168
19707 27016
42527 66085
90008 17841
14146 23993
48840 69622
66740 553
23236 5255
16036 11409
14328 36807
32088 574
48034 5521
54666 16373
50934 14640
40265 11178
52028 16901
97716 67466
54416 21892
88707 70802
95010 791
16958 53429
5940 63258
66307 11609
55615 80829
52932 75482
58382 31718
32647 6790
31264 14476
64260 32320
91786 52093
78635 65854
94675 34040
22395 37611
50871 43316
49324 43749
96229 42648
14246 84992
68001 20096
2792 78049
90178 22591
47458 71843
11509 97303
7803 64022
49048 34594
94283 11291
53888 70509
20706 84009
7827 37560
42912 79371
57391 45015
70843 26304
1505 4948
16924 85498
71663 3562
27553 88799
13199 30475
23325 39883
57709 84924
5556 71180
65545 43924
7712 86917
70583 92960
34798 86252
36029 56482
43585 66859
6104 21165
34254 88610
46423 52971
23359 58723
19422 7191
13073 62869
72645 24547
50421 58099
78871 18580
4178 7882
69588 92385
94497 91422
87119 58775
66512 67621
45776 49336
91872 14762
49010 37079
50375 25836
6310 63165
47759 73884
43375 59176
10837 67459
44260 8455
81707 24825
32242 2239
82582 60239
65911 23945
12816 13606
21352 85969
25191 21974
64204 23993
33532 40200
75998 4404
10950 37276
49135 33067
99437 82212
78017 60795
10031 59175
27181 28469
34014 34879
28222 31325
49151 55387
38260 57676
63276 32638
39427 73774
19155 36894
35985 50181
47158 30118
12283 12132
74025 96468
71216 58612
46263 74812
9876 45330
99838 28163
26175 82575
35822 14436
32732 44175
19757 80175
34858 93387
3606 16229
67070 31887
22229 28957
78175 45596
19949 84707
78281 23239
61458 38707
92363 51864
58319 2402
51977 62508
25762 42614
75706 33492
48795 1929
68874 13204
35713 88202
4410 14501
44684 86107
33595 4275
62956 1524
34743 41055
7840 48223
57256 72510
94656 63162
7583 38264
72757 40024
55326 52234
67931 47040
66142 93092
86725 77164
79914 72076
75353 37100
99778 80378
89360 13985
75162 30266
9720 82530
72152 27757
15538 94650
35097 15815
65364 295
38796 5874
70791 477
35861 44490
28298 95201
18732 93344
26573 40815
71676 5464
15735 65621
20516 92778
90561 91669
26521 86788
70681 85191
1666 82086
77120 29524
15483 50565
91340 15004
52275 36520
89767 82481
65997 5166
3758 20634
43875 31719
26002 31313
48958 77238
50746 79237
51071 45398
63168 32249
62746 34257
52495 70691
70678 67018
46412 61486
83374 43701
32778 11000
20274 25082
13460 75125
76519 47925
43399 38698
26979 28985
43957 20339
86002 88392
44227 9725
78804 65277
47723 84332
9020 53218
45595 69655
48050 33594
11701 67143
18226 19128
85325 26300
67084 64614
38286 21640
78466 91712
87093 87153
15340 34262
28244 80467
34839 37069
60049 29212
76162 97951
18596 79631
42559 15286
76604 98018
71320 35637
44027 10783
97256 4943
96981 91750
68958 57614
7573 8234
50366 77421
24185 44912
82559 96127
93489 92083
37997 25734
95299 19298
50536 90940
44778 21600
80036 85677
96531 23812
24552 97115
67230 44055
14415 88633
8483 43064
61705 56209
82026 59547
96923 26430
19698 92005
14395 62866
29195 85810
88949 50994
27868 85424
15017 92213
2301 51073
34026 28264
49342 89341
93024 34892
20095 39790
58599 29943
7702 80209
5166 11727
2444 69340
34041 66642
51744 69074
51520 52721
60450 19633
54733 29360
4537 1477
70466 8072
49854 16850
44561 15750
19807 9646
16034 52649
87005 4451
49008 11111
6990 76690
70860 24265
33787 52203
34201 86762
55235 46871
74894 10556
14455 40718
8119 50115
34204 6113
70133 49527
95564 80721
47001 76807
50933 36917
10285 38961
64344 6361
5483 62507
75755 91578
97475 28029
47128 11754
26682 92292
24220 402
31814 14897
30473 56939
2163 49224
54148 34052
71393 46050
88775 98400
36611 81195
10240 53205
46817 99684
92560 48749
19319 85122
42862 43560
99412 13
11618 51065
65564 5666
10122 97829
55015 23346
5336 69703
69343 3649
52081 39503
22182 44039
82575 51646
89070 10610
66465 76523
70686 18915
43462 82369
45428 15852
57814 49695
78526 61880
22073 69846
70847 99075
365 20623
17169 6718
2276 98499
95101 21805
55203 43456
90916 58632
66309 26827
52698 97789
41174 79320
35653 23756
49913 63348
95938 44778
47523 316
73569 20479
6941 65347
21508 96968
88709 10768
78436 84373
7149 26653
95148 24012
25691 65305
4060 86276
1160 14663
49831 99723
62689 65437
22453 95489
49545 45862
69698 51611
33365 75969
56733 87777
89998 66495
40202 63407
11091 20328
66017 9496
71796 26359
99084 43038
46040 63834
23021 91612
72440 85235
37365 36285
64130 67449
99086 23841
56535 74264
45011 58047
80077 82124
49907 46814
71373 32042
48017 91258
73878 35320
58662 52486
1688 72976
26142 81220
71386 74593
4087 47150
74581 16974
26565 33265
97527 84621
74161 47565
26209 65672
35701 55062
77577 27104
30209 61334
26201 68389
75578 7976
46126 54271
65365 89407
49498 27593
87392 10141
86786 16368
1178 22908
84704 33208
97750 4809
98306 89783
89404 97827
73385 49464
2280 18465
43051 82010
39145 10441
7314 65391
30723 27994
10459 36765
67630 84899
50104 86784
68980 80393
430 26982
49111 26565
21048 63537
20969 64388
82690 25209
45521 86693
39182 10216
46317 69375
52435 57788
86731 90584
86297 81416
9134 46
87710 76243
95791 35698
11796 10647
13050 90761
9920 93091
14797 52362
82973 91258
88572 55138
56311 49522
98000 21522
39313 30358
78179 12784
7967 43173
8005 10978
15276 26896
19226 19366
40278 57535
54746 29293
96749 71693
60240 71579
53240 47528
35292 40233
52815 30738
99249 11428
96962 30019
35607 85419
66896 15620
98090 44756
79217 10741
32633 98343
43309 28264
50696 41826
20099 89475
56142 49139
72035 46306
26360 82369
93460 53236
11780 64516
1519 79641
51431 93064
37985 84778
81416 82511
34061 24913
94050 4555
89864 46828
30950 34568
15292 20334
80023 65248
44901 37759
98636 18501
21783 215
45745 31994
70358 85799
5382 90714
37308 45168
28350 12176
76246 73961
43778 25885
32680 51261
77580 38262
74085 37643
45100 77987
66359 78565
75430 36066
26781 35185
47442 61697
12840 48107
22875 29095
94493 96097
94177 63180
35830 47413
95863 28732
28961 87935
50533 59160
18591 82409
2919 95572
25830 47089
27596 79226
72096 43658
26104 36774
25290 67707
48322 21385
95670 7422
62967 75687
233 69666
9365 38712
13245 39466
86321 51658
38752 48108
26545 89085
94964 82227
51475 79014
59469 98078
80101 62285
53814 54302
51402 31439
17548 13116
71515 42972
95073 79248
76067 62906
71130 20491
67074 11744
77106 99342
26892 47676
45301 2545
37831 28398
20390 11133
30288 15274
5081 82194
58103 25178
62873 41442
54750 10906
64803 20788
66462 23738
53705 10146
17345 91328
95313 59099
809 56387
45300 52994
27688 79921
84095 70925
934 79018
48117 78503
7231 82594
5898 23342
8994 131
93066 40117
80755 73001
95696 35875
29065 65412
9103 18675
84337 59609
15117 19378
5481 63969
82435 18340
74470 51305
11262 34016
92782 81201
82849 80175
49119 23789
12897 58577
38278 4967
78247 65304
11177 48730
52498 98826
70526 8633
62802 2531
91889 14054
74286 32817
12642 35291
40063 69558
14404 60229
62931 5578
13248 11395
11147 27159
27664 58027
58909 20347
78788 37830
31666 56937
12128 76336
32137 16936
60476 13977
13235 73266
56259 90438
62421 70135
19701 36208
40809 27928
73989 22115
91485 27596
8315 11457
65714 44286
21970 62973
3806 69260
86043 87425
64491 24458
66201 19464
90741 37469
68867 16356
49520 88481
46182 76345
81696 57604
96992 56704
64224 25256
7302 82501
32956 39813
37695 30634
58166 89924
51046 72450
48164 89637
44267 93622
42224 33914
31731 55876
86647 90218
81460 46234
36043 78511
42458 72927
17329 4024
43557 18571
60708 8040
83976 66059
3888 8533
38892 70782
59863 54570
1515 81754
28496 43717
30069 46279
22627 1529
98798 34466
4718 27437
14350 62748
54563 63964
22592 4601
9895 12787
71267 71986
83381 37687
98764 20979
11513 45020
30818 95325
16790 29006
26241 66597
78433 26860
29336 47251
73283 45576
1131 83909
23610 46472
97233 75945
96824 45288
38422 24390
20739 14998
47611 48660
42740 80181
22001 62239
11608 6395
34690 12776
50 32690
97416 11748
59959 93306
16916 66587
46864 49606
70536 32714
27739 49243
40413 39010
40395 56084
44894 8006
49220 82016
40811 29969
7648 65410
98680 90926
74700 71248
42571 91838
67947 99413
74689 58806
47218 85776
67113 31102
73802 86035
3879 45779
30962 62884
6803 71525
16059 56767
88408 88602
97642 84178
13749 25161
20345 48927
95615 9056
25877 22654
18877 13247
12385 7640
91979 85595
8659 38989
26136 57788
91378 19951
61095 54526
31166 92549
88466 21364
53864 19177
14466 3872
4661 98538
64440 26333
63167 47563
51816 86262
89172 23298
5337 73451
65077 36794
99046 79955
73176 92177
33855 20565
63495 62651
53993 21742
32543 50237
47162 87470
52882 44498
58782 7642
18245 23626
62581 10348
50387 90310
12722 14958
42568 45309
32573 92323
13446 93723
45394 46623
64355 38076
52832 91337
22537 19573
74060 63680
78902 41164
32203 75603
153 20763
96619 74344
13883 7505
17930 30614
97843 32112
84445 54250
5969 30736
65259 68134
50964 51099
15856 20029
72916 71599
56347 38969
52185 96319
25391 69590
11393 93074
91750 21604
72830 53155
57609 99560
98422 12735
96121 5851
41186 19402
36714 54762
463 15770
91874 41140
57600 27322
17631 21231
12617 25353
83982 91620
38806 90713
7029 76142
48802 9424
22186 84479
35680 2506
34361 70940
97942 81941
56161 70172
73821 36275
14328 65036
47714 16284
14531 50926
52904 69977
21087 8213
37796 7050
75131 50378
46080 71873
44859 56779
79384 35653
23159 84487
19520 86768
79225 74499
6524 70929
58595 72728
38214 73579
10471 62674
74699 36852
65133 99506
61806 92727
36080 18157
32036 82931
65313 57900
67959 7737
41731 55946
93796 70289
87693 43577
76636 96182
84459 55037
65670 30037
78494 64751
9691 66259
49175 98075
74633 24612
50688 58882
32081 54740
39827 73625
34538 79010
44896 93448
82811 65952
27948 42669
87268 78037
39181 53270
18870 38875
21231 5354
39094 6337
82737 65473
38494 47241
30569 69159
96668 39819
10748 23805
41042 7281
60711 17336
84820 47161
99385 94560
62797 29590
36438 75282
16794 64303
79413 7615
40813 39487
60515 44715
86539 92211
15103 18031
29327 53487
20987 92215
59845 80874
48065 79940
11983 52653
33420 95019
23076 37751
37419 80692
51340 37276
91553 24668
38373 79073
74280 73811
24705 87522
86505 21759
63622 69965
56837 38295
89548 69956
47087 33833
70691 14527
65552 48981
17962 7880
41314 57968
77913 36893
14902 87106
40120 44529
50670 29448
93990 84587
30243 55122
21011 517
53504 36166
30182 53134
28453 71644
24887 53545
56549 79551
86582 94764
72264 38930
6435 7234
14730 40297
25011 52393
61018 51948
51346 19765
56572 94552
79739 27915
10919 43453
57570 30151
93192 30689
77770 83190
47390 41307
4175 37405
12123 11641
13790 2544
61257 8602
40376 28955
1411 32501
60211 94973
78423 52657
24280 1768
53291 7179
18950 94147
48085 58931
64686 45352
78626 32590
80085 28774
58256 59285
74997 46303
55251 43637
98908 26219
86580 29710
91659 83124
6893 41204
3640 26872
42542 66481
77036 19979
32892 51905
7686 29010
12780 53396
77751 75368
41964 20623
81060 29757
74491 54763
77127 27890
82604 87253
43438 16894
87143 49965
94523 37356
54056 48071
60034 92315
44382 84908
46286 86076
26253 10490
44284 66040
82733 95840
8190 74824
7592 60867
89977 26811
7424 13308
86791 14067
14759 15352
83798 3112
3908 28598
29032 64483
12085 4077
61169 82660
74792 94275
51804 1341
33152 79351
29638 50229
57046 72984
91553 41735
35062 61739
71923 94048
26142 12137
93524 83556
96610 65822
41524 33289
17067 48876
90546 43034
50035 74694
98822 41813
11786 20533
46680 16174
93652 77015
24390 32426
55849 54938
47746 29925
30772 47334
60786 83404
7829 95184
55311 8996
82591 95016
90502 75201
76154 47308
55674 69456
82178 89650
91328 47533
89606 34370
50561 29805
10154 74906
58747 15190
2213 62600
29441 64674
7076 18579
26550 20160
50661 67219
30934 68915
82013 87924
53998 71889
91059 76920
62783 42437
63810 96146
34431 19597
66107 92267
38167 5692
40608 96608
43494 92825
18635 71618
81820 73183
10661 90965
97824 44571
31791 64113
91915 52049
64764 96804
19787 41848
65045 56399
71649 81273
27220 45572
19683 41843
45001 59119
72219 98330
93464 13578
20709 44596
6041 16742
3925 31899
92375 51593
69871 6909
65714 80139
90093 21951
21309 13848
20637 13270
78272 43281
84704 14060
73079 99371
52525 72321
50737 10990
42539 94664
89202 38423
66746 49541
35473 97366
51819 92726
7707 82097
55043 81991
2990 19391
25277 26108
49951 27054
86405 9579
36820 62782
54205 28127
41643 85412
66811 1334
49873 34408
90953 92580
28716 12423
30020 20590
5810 14897
44606 22864
66287 89132
38717 73912
4771 73135
74137 66152
95394 22696
67137 83032
39666 78071
35159 37105
87824 82416
26351 82867
47243 19197
81268 37520
22632 53722
66372 18351
89980 87831
51055 38506
37013 89946
56283 65872
71858 70906
50211 81923
78246 22597
71859 90491
12089 13883
9038 4258
82887 6832
85065 8791
10079 38382
88013 89707
98533 35089
90968 80422
48560 76361
20125 40419
10477 80219
10239 46351
54682 96161
90554 64302
26092 77765
71899 64374
96777 51466
32067 25555
14191 90563
22471 50209
44939 96890
85011 24181
27907 68907
33602 16341
83629 8710
15496 72859
68469 51472
15337 37654
88123 26498
4479 20840
37906 9769
4439 28617
95267 44164
11956 2946
42600 37898
95819 21748
51089 96801
97158 39727
18722 46632
62145 33595
60403 95982
31440 4466
83759 49368
33719 72675
97237 38047
50672 15537
16154 3503
56073 70802
88037 68778
84643 65745
67858 94403
81332 65517
96944 35300
92710 61816
29059 10472
26966 43832
25474 25153
52022 26185
90234 28083
77995 95160
88489 37879
591 47242
94244 88921
44528 21011
58865 59035
43119 42880
72142 76208
5443 66158
33256 25953
26067 29712
24613 95756
52159 36780
36091 59264
87288 27903
25302 87330
13988 5973
79990 72810
40795 16145
15982 48839
20652 72651
74567 88791
58297 18541
41851 84912
10710 30005
49082 41978
36366 28247
3752 85907
68542 15864
69405 20489
17272 62644
34948 63683
20770 92344
71068 86489
68020 20456
29466 80343
43998 55867
50245 1246
68031 73562
72313 98563
3055 77893
89765 45711
74902 85965
84813 97053
25362 14747
2504 24446
8406 8552
10146 99288
47013 95587
24188 26211
6171 63246
84423 10635
44069 33153
65837 15857
30627 94086
23144 72714
333 60347
84457 8702
15147 88307
83794 86186
28892 35861
78876 24415
55536 49628
22258 58400
75118 59573
244 14280
81615 29348
37525 95938
60833 82143
59422 85455
16772 93169
53449 64164
4080 36121
83494 3529
96878 70536
56185 85819
34202 31335
44858 23818
93544 65774
34612 86556
77244 46350
70438 58536
27248 8585
14277 94172
20626 14548
2072 72824
24579 42076
1691 73713
43833 5982
39101 26959
21374 85069
73633 63439
8974 17807
44705 9569
26205 52769
95430 47051
32079 99439
1361 41348
15710 20188
68694 41082
25528 20096
26619 90317
91071 90053
27038 29553
91111 68874
99980 6416
96027 92832
56395 95014
55608 12431
52625 53123
54895 63058
79210 17069
69288 39511
63958 20219
84730 62592
20136 10139
37300 79716
94088 59884
51191 8398
64722 44837
71898 41437
62229 52780
74213 83779
38581 24928
77238 53287
82506 59984
16287 31491
7135 81922
95973 3814
38547 89133
3907 722
10619 23743
38309 77247
1566 30871
62062 33015
46904 49772
14354 66968
14680 92772
220 3701
36065 65086
9546 94645
56525 30953
60460 58578
80421 95722
91720 38300
89674 5306
54745 63316
17936 24550
83243 60145
54237 61709
94369 96094
90255 45478
47984 37146
88787 82199
77569 94294
74927 25855
41138 20283
21560 18733
8534 54434
23357 50950
13776 98041
506 71971
91132 57317
77894 18352
64839 72858
12262 31727
15730 86725
26359 14259
66547 48355
25800 58277
27411 53543
75357 62691
13137 80440
87854 71132
22589 21008
11589 39605
32830 90110
87492 89095
4717 92933
65757 27358
81592 54491
39480 39387
67424 79819
62192 46355
38107 71475
51318 45391
62290 83815
77741 44426
33956 75340
43468 92470
78658 86494
50239 68631
12593 10954
23334 24486
39915 55956
1781 18575
59518 45235
76851 18355
8907 30128
22491 34215
91112 32715
2109 73684
10975 33814
70302 59157
72589 65047
77491 4284
12771 80074
67915 98060
83081 21501
75906 37408
23670 15315
36911 12803
5593 66530
63255 87830
28659 47349
36247 86478
41147 13194
51966 58260
53912 44308
11152 92067
69290 72922
64004 8140
44706 61526
55175 89461
13894 24888
71031 79094
1902 78305
11113 83227
14313 67688
86564 70021
89177 47512
78052 7433
25714 50256
40344 57583
37983 53122
56579 7988
96478 36212
10494 12232
3295 9282
84949 88593
57864 12954
97670 6407
91476 54558
22757 13270
65807 2758
57627 70431
14108 13659
87362 18646
11599 11997
82059 21541
30548 56862
46136 42152
89894 74053
95810 38320
83192 1164
87572 22880
17488 98659
51310 96083
9959 25931
77027 3220
20426 7067
29499 22275
33308 49757
81010 73495
52978 14578
73303 14615
55477 60202
974 28608
1476 80142
67822 96066
94863 90646
79780 72483
3773 883
17326 18202
94023 95270
32673 71669
81786 25639
35428 50228
51385 59423
95091 92491
74905 58286
37212 77668
13476 86694
45509 26043
32727 86477
54980 48864
9123 26431
9254 89592
63983 92042
29193 66813
20212 94353
31841 78681
75360 26858
92471 3407
41620 21504
18341 85074
87846 50769
94011 2956
83200 58000
73917 36825
78751 74628
38211 81065
38804 5928
6552 10401
68231 19305
55932 15130
61647 77579
9858 66241
58331 62949
72658 94454
78092 98752
3304 77133
67064 47195
77587 39344
79881 61130
49175 75450
32636 27507
60652 10621
20259 55599
70780 88510
85667 74575
47561 74996
99415 44565
12292 99308
23787 84662
12759 78152
95329 5759
7197 37211
41936 97197
92324 7662
31776 35155
59474 67103
85903 81368
22877 91933
30095 64886
97810 78445
485 76317
51151 73352
49324 97421
82920 12410
88368 54399
101 67173
95924 42845
42467 10172
1740 14982
17455 40584
41155 49483
92206 62119
85527 42677
9976 93416
92280 48124
82104 71984
97484 9201
10094 27864
16878 3157
57613 78764
59882 64608
89981 56173
66051 38779
35706 76976
12238 87270
17875 16286
77460 74803
3692 49362
57012 23401
89692 57726
638 48674
29328 4838
98553 12621
84966 12514
46014 69388
55059 6497
24090 93687
18430 66529
71664 54328
92322 88984
17045 51597
78832 65838
54290 77130
43754 29792
19878 89556
82281 2495
19650 48038
96473 21423
2219 31216
44760 82472
53979 69779
12890 1785
9407 40774
51464 22528
14906 57364
99580 47891
73601 68636
68838 35162
4510 20816
42154 37874
85518 40790
19104 66283
1346 8618
36307 38923
79393 18042
74979 74762
49733 56329
25379 65396
71322 14988
53723 34954
34402 4432
75655 73377
54227 94354
79158 37505
89623 63621
61067 9159
42347 90992
67168 30755
93760 22061
78238 99675
22846 28684
57447 83878
73788 1742
48109 79538
32041 52170
19671 47487
69318 1195
86403 25666
79178 3471
92862 75587
6013 5354
46446 38495
56573 22273
90473 36294
94620 24912
80251 55166
53823 46788
94948 23998
52865 41666
95096 50036
14158 12158
2045 1696
84872 54213
67856 52695
63558 83060
60736 85888
12912 32030
28402 77946
57668 84169
35163 44917
66100 77457
97161 42708
17158 30276
71259 52113
30738 78213
66628 48889
58472 52906
46764 70668
39144 40382
25487 55454
52903 13759
56220 60089
41392 91073
88183 51033
9505 60393
90551 39182
20202 28082
60840 91486
13330 58156
42059 85568
73810 75224
79953 94113
14071 46189
75908 63011
34596 35926
37727 27513
50158 64242
38544 52237
86334 98675
50909 75707
34515 27679
94044 84787
89917 81234
44217 20666
35267 35034
52724 93897
4158 16730
65440 11533
56636 43687
5126 70981
15774 12398
1632 18952
62522 26572
6110 49436
52921 45172
93444 39744
25178 717
56714 28067
73869 62802
33467 68778
30905 45584
7574 44974
88952 61067
80720 31324
81429 12633
66416 49427
71573 58981
55954 65001
139 10190
74821 8967
51361 37477
94893 36488
96630 69331
43009 85374
16475 2192
29518 84013
28949 13037
25010 5678
93598 25899
40418 92046
30980 58306
45316 28460
7721 20315
36182 26654
23809 31254
11685 61197
19831 10757
51959 46388
9416 98319
64642 38533
92358 62638
19218 94116
5302 70193
2503 35946
38771 47931
95220 62083
17865 37314
84450 74736
8314 27249
62539 91014
92541 88582
49567 686
44090 76853
99266 99843
59215 84035
49420 78039
41998 7275
11911 18349
52796 10429
35733 88576
59700 74074
65480 94587
91938 71097
15912 34080
14985 83910
57681 482
12125 76317
87986 3754
2410 55507
68686 52053
48843 6862
81951 35476
80819 76264
67022 25962
68104 23088
59452 33074
14498 60168
51005 94391
66833 41320
39992 63770
66613 17050
23656 52080
4515 28028
41214 51969
2695 56897
29596 88490
42364 35152
73499 19228
98262 72803
57190 55963
4376 48746
37629 6591
98942 8006
63251 70966
51957 52078
79153 32128
30590 42637
48337 12530
28111 47425
11971 50036
47729 4670
96107 36707
22435 54537
91809 73839
76405 22750
57007 4254
57678 46443
49783 6088
31847 22770
5323 26232
83406 73195
57619 94385
16516 29055
10827 90471
23263 70510
25249 77730
14537 3978
8475 86623
66239 76122
54128 33390
56818 52056
38218 64853
87402 79667
65674 27467
75614 1902
51524 43134
46589 52639
49054 16782
61448 74033
50774 48783
6005 31746
80345 77995
1038 91462
2029 13598
96688 47746
55624 16152
8429 11314
53974 19391
86538 14883
38583 66154
17505 56377
254 69031
83648 22859
97043 35093
37449 15202
12786 40235
2832 28574
46218 61520
53472 95089
43487 33248
14230 80225
70985 56845
95396 1098
55699 62172
86096 18938
53436 46308
84274 16116
89721 53683
59833 37454
32433 75816
93255 86290
50816 3258
46641 93888
63733 93263
80672 59243
96595 35142
97298 7864
96948 62446
33561 36322
9025 23404
13403 56568
33019 87833
75696 78909
18070 50690
58696 13384
30776 62055
27714 90178
75327 30780
34838 56138
87032 17514
44524 11092
59464 72527
54211 17061
1415 87866
395 33113
84256 93232
44427 16798
71827 29834
78716 29014
99828 66196
26475 94745
80809 6256
17179 48944
89519 60241
46561 88635
61109 19361
94182 80877
1599 43003
20553 97450
60228 58737
39514 63792
30065 12743
35136 14155
23685 8502
9972 56671
66643 27306
3876 6402
75074 77253
69009 8606
18448 43994
48529 11348
51371 70866
31470 65524
9431 84938
93188 49063
47979 46067
76231 97733
16051 80497
19675 41631
72719 97277
91482 406
45011 74371
99826 59841
26309 97796
39204 1132
33827 59509
51430 16083
98426 97503
28930 1963
49904 17245
33781 94618
14170 18977
86449 23162
35430 26991
16667 63450
87795 36671
97581 28669
2644 72031
61717 56056
60434 51408
42549 18296
77543 76613
44865 87674
23939 60743
19748 97170
33898 34931
39771 28933
93427 65209
6616 45390
68875 95967
36928 43773
42192 50461
46606 79763
51095 45087
75566 81639
2599 70758
63714 4036
14364 87079
59073 91657
5892 96426
49683 74375
37733 27596
33238 71399
11989 55293
31068 962
12257 87203
85355 56006
29191 18550
95739 27320
88027 33666
39164 2508
78214 40424
1133 52015
17154 77468
358 21214
74367 93256
64463 31564
81250 96264
8550 44384
28257 87725
29470 20
20712 67610
38458 62807
12246 21994
98582 29772
4097 86856
78399 62377
60142 80469
2997 37785
28954 88261
44496 54363
21876 84610
90168 59776
96672 96936
19020 17680
74357 60615
69372 56614
26848 29221
98735 17360
24255 11769
94238 84400
69191 34033
81943 53309
23711 45325
55419 88451
46787 72833
69952 89630
4481 46007
11247 17219
97311 39531
98791 63576
9459 36013
98040 42327
34057 97539
32009 74895
11202 84932
2004 60259
60751 47197
7652 28841
3993 32208
65789 62027
25021 721
93205 45322
55848 37671
18515 2486
31615 12849
2679 31639
16410 83902
78322 93415
24804 32947
41737 4214
22429 12234
81846 81061
68440 493
27175 4491
99517 77471
18557 723
80456 52051
35855 56892
52744 21395
38468 25912
9793 31418
58396 90637
1867 42266
98920 39383
71024 52920
99502 89124
37586 97195
2150 81430
88354 704
19199 47941
33802 91577
39355 73339
84421 59817
58926 11286
4577 92218
85539 4073
56836 49191
10103 89051
36516 98594
93180 79622
70317 32015
39960 87705
50911 81895
31075 31479
35726 35894
66540 49366
18880 8094
90965 99937
71955 3282
55027 84503
15988 40763
73359 65257
50568 29399
38951 703
44871 85013
78733 61940
33180 29690
9223 96566
37415 57727
18413 75399
59067 84240
33231 60478
24320 62798
493 95271
52498 71534
24892 53311
60224 6745
15880 90937
44334 97258
80076 36571
37459 98643
52571 71425
59932 49144
89595 38393
44263 4370
70405 93158
55241 77165
43335 55166
19465 36362
80386 90700
95362 59806
41099 57326
87365 78257
82606 80887
19700 20704
71591 41551
70120 45980
79559 45934
19917 6825
63317 1541
8097 94400
76106 53205
38136 83117
500 9973
10235 41649
83668 45776
24260 13089
75360 35941
50179 39141
58177 71494
27196 99098
5142 73497
6695 31025
71888 57850
57263 51885
32340 19543
9620 73001
20668 15442
12841 6320
48342 20067
34006 53091
17859 54004
82998 31991
40793 73859
56474 82932
35362 56739
47045 99447
70267 36155
91087 67984
31030 52357
13282 58053
55672 30640
91232 26958
60955 98207
14682 98999
91021 75080
11450 32833
5808 55062
18427 36128
9848 13192
16235 63134
70928 91855
4848 59767
85557 31092
15936 68923
47673 26831
83911 62864
40706 56433
81829 7149
27400 74939
61422 21120
77178 9573
36776 31657
17658 79256
26896 15613
7324 60308
45269 31684
7083 77355
30748 43738
75077 27588
50874 1394
87258 78489
8381 30702
55344 55481
77476 66665
92130 51239
79522 19053
38172 1657
2623 86685
39713 90074
77399 43693
99686 82728
52537 49028
2132 87734
94248 30913
42729 10859
32862 67091
82263 86306
4452 17248
3332 16392
71804 8895
37097 46337
1975 70654
29779 91780
28031 97788
93253 88058
79310 34384
70196 13987
66965 80512
17002 66545
22487 80747
10371 7274
81131 46336
93235 20202
65501 71204
78077 20799
10285 17616
21341 19403
78254 94257
85632 73158
7625 92359
92359 68410
48312 74502
93576 4677
3659 58392
85548 85274
73510 25720
19122 92384
63009 27864
80043 7761
20583 51388
35996 86237
64599 69469
36191 66213
52358 68552
35202 27264
20187 34652
89286 69785
47026 94607
6721 85070
46426 39914
66557 42675
78263 29224
21463 96205
41888 73083
68256 10232
65090 94887
23392 34338
27259 8709
85454 83373
97440 42594
56217 39313
21815 90877
76418 53879
22494 58956
32383 68255
21634 89272
21690 49019
54057 5084
92080 65778
78665 10026
18035 88382
30190 97190
5288 10926
52248 82313
87978 49381
16058 39135
74757 20985
79164 97801
25500 29556
60122 45276
26947 43639
85540 32769
83493 29362
90684 7827
3423 59021
84507 95620
83267 22083
71403 63640
56119 44833
64846 84935
27891 59852
16502 20896
3399 8824
22411 31297
33554 17073
13129 98304
46348 73942
69151 90181
79357 20729
59632 90509
41187 84128
75734 36201
57840 63783
44186 90589
92586 9532
63037 18689
9418 87298
41491 4931
5309 26351
68963 68099
26662 18381
31272 63542
85434 71996
25363 37412
72578 40463
75142 32490
97917 18475
81658 97145
46587 46283
49882 88405
31971 76894
39942 77334
4750 51975
40241 27882
16233 50620
96196 12273
67575 75208
72409 10624
7693 88362
76576 6015
42581 40468
90493 89611
13163 62284
84264 17237
2979 27214
43531 74048
59105 56456
55976 66823
71743 2396
91569 67029
80683 12801
22702 25291
99526 36835
68570 7645
45382 78591
91238 33237
71604 56328
7925 59887
1199 72741
61502 52027
56104 61200
13390 23871
8004 95192
52707 30226
14717 87584
67762 13986
82369 57086
80545 29167
45969 23933
13806 55949
74724 28347
40038 80934
32417 82827
47023 56054
77864 44053
83551 51085
54890 69553
39490 5041
58636 5904
57239 69145
78985 92275
3156 54611
35469 5809
67902 87295
2298 85462
26162 84017
50151 46686
47231 66067
21020 48126
62121 9952
32407 89084
18056 99147
30154 25202
74183 90038
83482 1519
50597 81563
81154 50709
64855 8583
76206 36796
48036 11834
39680 99470
17320 58760
6063 35689
12881 44154
21187 4096
38757 37198
89402 90970
45370 15987
94854 78258
8189 43406
15853 40565
89612 51417
63464 63783
12572 31934
7940 37054
64819 44064
88900 32357
12494 30866
58845 39771
32733 11325
4792 30290
33282 83647
25107 16432
69558 19399
31201 54257
16068 44442
47205 89923
55916 43825
30235 41992
51841 39673
46096 22360
89228 62257
41669 6492
57031 41295
18543 20916
45122 83516
51034 51218
63169 63507
97153 78813
73819 52166
280 6287
19517 23193
99715 68887
2886 39173
90396 26136
84488 46774
77360 52104
94125 53998
898 29138
67984 81664
8935 54004
14048 70069
40457 75938
45216 94538
20165 19713
12106 26448
25068 3693
92487 29963
88517 1043
88088 1396
48842 52088
48529 91127
93190 22320
45112 86134
32766 1767
26603 47716
31301 73596
42199 22602
30597 95009
57793 2821
86461 31133
75425 92998
88638 10762
20226 81393
91373 4183
89892 638
99717 74022
36794 17148
76498 69103
8653 80809
75126 24860
87286 2619
68871 25131
15336 65018
85231 22831
64548 56707
26475 63663
12450 69383
42221 12934
21903 11913
3419 29025
85929 99972
26765 9636
22181 65315
61330 54149
34890 98343
53740 18096
84564 26181
81903 93825
42257 61765
22758 94125
37639 72452
30862 93305
49260 44819
90650 92577
50925 26933
76493 53395
3272 56389
99907 74257
84465 66510
44616 10259
76081 16017
91551 42659
58754 78467
80284 65247
18580 16172
62698 16762
68684 90792
51271 43771
32320 44810
92387 77020
93852 7317
97061 25580
42367 49601
5542 35598
78975 27676
38195 50200
90305 15206
53743 57973
20866 52467
94095 44675
74897 17261
91580 4246
14770 64144
15764 14451
10716 6188
8010 9526
25244 53191
35458 74284
31632 29048
78038 91993
40237 21677
12403 95508
34842 78214
59548 23142
2770 18743
32902 47791
91142 31562
72315 44545
15929 6619
52343 2243
93794 80602
84078 57135
62445 84173
74180 60404
62650 56811
14035 36532
77757 6370
30057 90151
31420 84945
24391 13335
9333 33007
74211 67618
16309 53218
15047 7676
12865 40489
66479 37162
20785 92851
26287 79271
40368 76326
27179 60035
40510 88889
58462 66975
78094 65753
30388 28466
20744 45192
74447 26023
42024 34905
39461 31645
75325 68694
55648 89701
81931 19642
29021 9768
6857 55960
56782 51583
3236 9106
41592 16729
55962 55074
65653 9848
88416 29524
45364 29812
88893 83882
70900 78934
99917 92407
26604 69406
51262 83333
20806 43102
92086 59887
50560 11581
56875 81991
27658 73558
42409 52913
36586 89814
62320 81766
24763 58657
88244 41171
85609 89293
31387 69271
2678 75941
72002 8776
93593 44775
24441 75567
61050 73959
80226 55879
39799 35946
77878 28802
65891 58636
25088 19748
76481 122
85120 64902
88653 3577
68201 88564
78547 95581
30179 91888
82262 210
67594 15821
55339 34423
98765 68404
60923 606
93488 29858
25829 1358
59114 20552
35161 16609
3688 19626
62782 27558
1224 14049
34381 10560
39263 57625
81267 97797
63731 4147
54963 55583
11394 99140
56482 61679
77242 59124
83817 46181
13822 49441
10343 24425
50951 78137
28684 14102
73537 84131
56159 73369
20202 94999
95385 91766
52246 13825
62248 68260
15853 76130
35085 84780
18572 76335
17598 25197
41504 43408
29509 46523
80366 11586
30271 9468
90766 69654
94077 17962
61227 23856
17190 54963
12676 47304
79347 12572
91855 780
87826 84954
57169 51196
99045 7863
65574 94349
27200 95699
55615 69543
41645 56032
80447 14759
51115 42917
80446 26174
83563 23517
77254 76463
43538 36341
85017 12213
45851 32209
55976 18427
11410 31015
6749 71970
80793 69058
56211 55038
44135 49600
80824 94777
17763 68341
19314 17839
26286 63366
13847 50353
74967 21679
88211 19202
85636 49470
90726 80541
80655 16917
26403 37772
5799 43308
79859 79538
27979 5388
38480 33251
30707 9173
49418 43943
78471 50073
3493 8027
24165 76863
37593 63663
61727 17281
81265 33128
15547 60334
25869 26208
94641 60104
7392 10369
92913 84007
75986 52750
12026 87349
62079 59355
48388 68688
33461 9775
12535 81996
50874 69129
9650 2830
91301 7352
28965 40690
15456 70946
5687 1573
37709 77438
66400 86667
49565 82970
20080 96442
66138 22069
67751 35070
63934 26054
57371 78163
14554 53235
10453 64334
12913 61051
627 32949
53722 68237
90856 42434
70177 69679
83032 25380
33830 19000
10845 49821
86908 62485
45636 22373
51883 83272
2960 34149
9168 22852
6518 46718
17336 86323
38528 63520
20328 50416
86859 55251
87768 95981
18792 14353
17203 11822
1694 10921
56664 15500
89958 3198
55068 12756
48942 28198
22310 52581
33271 36780
10354 6454
64759 56271
62703 33549
59128 96225
72929 17161
37367 88328
51039 98937
50310 51040
92886 54562
32586 25270
34852 60989
23645 9103
49629 60086
32525 82847
57578 63662
61915 64819
17573 73690
34206 10216
93279 17123
67806 49169
12411 94692
25305 30100
17136 84047
67041 29709
9194 38440
23227 4427
96457 92872
4737 52686
55840 2939
91361 88623
10551 9603
84221 99864
98442 49811
1481 80039
19529 76180
784 93872
28342 42755
69072 90200
6665 76561
2233 81563
65935 42978
63857 95654
33799 58063
21267 56509
13028 59556
34955 94327
19886 96322
30460 48989
26336 16478
82522 89871
21515 18400
1872 80862
25202 62533
94140 5971
33069 33374
4046 45255
80006 67439
87821 48041
36062 17360
27345 28283
53321 42191
74506 80469
42254 93933
26200 72321
616 44988
50736 78301
61287 66184
49886 72476
28848 20107
64637 60581
28025 64566
23520 68051
88622 36815
9229 81779
90927 67085
2397 70633
48559 83838
77374 90443
42807 82115
47921 16388
35328 40974
76204 98131
49725 57130
89144 69833
40783 6227
58100 30863
46542 5050
28624 97597
63207 19778
19251 81092
67129 86630
10614 57830
63127 69297
49447 12984
12201 47492
76423 83943
86122 92275
69292 52048
54123 59880
43040 52582
9551 92959
96416 52783
86061 31848
86237 58952
34610 30569
63966 92125
33596 3673
22429 65489
41760 32646
98982 73372
92516 57456
57499 61704
66853 74636
66418 12852
14675 86401
74869 60017
95888 11342
42017 34215
15413 84611
93928 91985
75150 49315
24495 75356
59896 26536
82416 23597
44330 97151
60409 74776
28009 32328
92844 8073
32914 69943
41437 53375
50804 78998
97687 58316
72563 18113
63895 93463
11431 21736
37423 26842
70811 35184
35205 66147
71534 78098
42033 76375
70069 94171
57954 62891
84887 1291
8762 69610
81295 27254
45389 84210
57710 86982
76838 42934
44055 77078
29923 10717
97665 62552
11124 55457
71993 83825
4575 75058
24797 86072
85983 55409
38914 75546
18721 4629
32398 80153
84997 21225
98302 39336
50659 65740
79906 6705
44451 9711
19292 66575
54436 29787
63269 8148
29398 49257
45224 74084
4960 43591
741 63736
4763 45658
21327 87453
63252 99894
4687 77074
68494 42472
11294 36877
18078 55789
57583 84951
21517 17304
60323 50123
12378 10032
84466 71963
91765 24527
90889 59019
83525 80132
26214 56628
30787 15794
13502 35971
30845 11247
56824 46615
30132 82406
96624 31846
51166 28597
94549 76856
22852 26224
38506 69867
99653 72444
93225 5421
70482 98964
48923 30821
29232 51144
13313 3499
41433 35513
19823 80716
1147 34943
46603 6887
49655 59427
13874 46770
62755 34053
62740 45045
89097 91063
38515 25965
49638 11007
54760 66987
31596 71705
93214 76595
61952 72595
41397 49118
16060 36208
19072 75352
57614 85286
77799 71778
96503 2592
98982 53841
80782 28476
34156 89101
19739 68237
24989 93203
60348 87642
5713 4052
75715 41021
19411 95380
81557 26758
21762 40459
48812 31990
91827 22375
82711 99076
99853 36264
39413 16379
73419 15619
20254 61210
50462 97344
16378 15859
95401 53820
37511 46700
32675 24520
97367 78209
57368 34696
76815 37088
13385 89300
27626 69483
46471 17882
60212 65594
26076 8314
15440 50294
59138 79465
35859 25887
233 4751
84070 74375
4086 30025
91399 28917
61118 27399
97320 20611
89135 49647
1039 94401
15880 98200
5749 32847
4892 47088
22503 94087
77460 4535
82568 41968
19049 75202
87789 34252
93358 67896
80191 86379
14468 53080
10237 71798
739 1874
20663 72069
75672 63977
88628 72105
58305 18296
54573 515
98963 98761
78480 34219
44853 26591
84638 86282
9858 34222
16717 50336
2827 82685
1670 23263
75891 24267
71688 34829
38097 29063
19875 60486
79633 79127
26846 67576
15827 30354
80786 46502
19979 56486
61325 72006
28127 82067
64016 40963
7340 68557
61169 88379
87842 59614
68922 91713
93731 59457
56616 50620
26088 78184
69581 56551
81212 61304
93806 22991
78591 53320
33189 6680
60452 96550
19456 94393
91251 95409
78208 9019
28840 84383
33915 24797
52146 4697
20571 8275
58869 12571
70493 68163
67592 56213
58067 83558
71384 55180
13538 50157
94947 92985
43557 13114
35646 46025
18824 6466
82864 43995
82733 39538
46324 26021
69835 50631
89115 32080
45290 42260
77064 26295
93576 70240
44754 67084
90775 89317
34725 99571
91612 20051
54977 84261
61362 53386
78970 29359
12037 29603
66294 60080
66584 63304
43410 67614
83167 1944
68382 47330
89285 1732
8348 96279
86312 3925
88357 99663
248 23587
87172 32942
69340 24223
152 94925
25516 58378
42071 63576
15448 23644
70470 59633
62207 71774
83329 17739
95033 69648
60601 31215
88782 98788
31473 36122
69853 83329
54625 75677
98326 48833
67283 41308
98240 20595
52713 29840
61588 59769
91797 50725
67551 91979
72574 53020
71972 3283
66594 68042
82264 36047
32111 96824
95781 86547
99464 63393
14759 86372
96806 25302
68210 99773
61780 28285
60522 26702
63794 17198
21321 16120
63732 15317
17340 87570
30912 243
23079 38727
20627 24413
88221 95542
46909 96667
46152 52465
15872 74
55239 63838
53397 18555
26187 5017
99175 34546
34169 81648
23413 37415
17899 62886
48276 57928
46703 93520
4524 23989
9222 7707
35606 45539
23302 89348
68580 40410
30489 52574
42425 5559
30492 21328
15629 86347
71297 85844
57258 84537
69293 64794
16082 24028
54842 85858
90198 38111
84374 62278
66112 18051
83971 10606
99722 27260
81525 73017
17989 79188
1431 68635
57396 62823
24006 88921
718 52742
65268 73199
21119 44948
97190 25642
98567 13068
16343 975
42489 56825
49619 59090
51614 34619
39773 56576
91824 62409
38121 31381
28383 30986
24738 40550
47 41371
56997 3353
11480 84620
86436 12616
79909 56611
64773 66914
75990 14423
67713 63914
71518 83094
32613 67638
88709 895
33172 6097
56486 93481
21986 26521
36818 58811
45723 17378
2604 24145
74266 98801
588 69790
82962 18177
43964 19524
77033 58274
43966 35197
25400 24149
2435 85686
78860 15601
5109 74703
36712 79809
33614 67676
85921 70084
39583 7335
51744 61292
57866 79851
46628 92927
56585 6458
89949 45593
80421 63769
18322 20424
42879 479
27484 59759
88330 44953
54377 29379
76622 25321
36250 60497
10727 30690
1317 65654
41541 95886
96563 17989
46922 44008
48579 20293
3375 57218
29638 9361
79742 1185
27041 41206
13337 40540
58222 51416
49330 43936
98811 22317
13041 20943
59145 88192
6706 77276
88046 5584
41892 78256
82612 87470
52235 75113
17687 62531
33982 65078
55307 94151
29641 79196
83188 25963
21997 724
93485 66448
219 10922
96386 60846
66973 9184
29877 34510
57645 57641
6780 31952
60188 91566
70145 76550
24205 64140
42753 84119
2007 98868
57774 33501
83014 89066
56109 26951
65882 41959
98201 97208
60550 93463
60702 15590
46130 6748
29534 67580
47962 41321
53424 23864
10830 72103
17980 76590
59344 70771
69056 70051
70200 26078
43022 1426
3027 29100
50347 21771
33664 83830
33490 35759
5970 33160
69263 56117
37521 92707
62693 93577
3896 24060
52841 65511
76440 315
2020 27972
48084 18237
46324 14790
85603 54163
39019 96711
99218 91073
40079 40246
12351 54336
28889 73397
21919 7996
82806 57916
18168 95958
25097 89045
82920 93091
37543 59070
61084 74027
99577 10602
33722 44203
39581 57024
69976 82899
93286 98106
59810 97417
72344 99272
36344 63301
19437 7403
85293 48819
60434 15034
46121 97876
97098 43296
3656 89500
13514 36891
20858 38773
95131 13983
33 96635
64348 65873
72149 34815
2078 54221
71267 30693
6662 71553
3114 19909
1742 24175
1597 77805
97379 69039
6404 18749
15432 49034
29690 35049
43699 69600
72176 72283
62283 18883
92137 59471
98512 80282
20956 28822
57619 22175
67158 51539
3065 17921
55285 50241
62076 78883
22061 77578
50634 72251
9895 38641
48772 32948
12253 64362
88224 91596
20960 81245
4584 26519
83954 49510
76633 30298
51180 99768
10053 81201
74265 96149
21137 63721
76121 24727
78872 72838
58176 843
65830 71231
36532 46705
28765 11261
91922 64349
83475 30432
16393 29913
59314 20282
29245 65249
1496 68977
88550 45669
44469 51361
51918 48362
5903 30648
12759 72234
76416 6745
48467 9551
26423 43066
55466 26972
71443 36869
30583 804
908 12378
85291 85585
59594 39212
83593 44926
85227 41024
75784 3933
52385 25201
63317 72755
45746 25902
22830 57079
98903 55162
7143 47574
6749 7148
76841 3026
55783 22669
72398 34110
4457 56892
15271 93220
28623 5837
67830 61375
46580 20293
98868 9057
39115 75040
72620 28814
52698 45196
81694 96255
12986 14955
95677 18337
77624 80053
15153 81555
25175 55123
83094 83340
27084 10469
76348 47474
87969 43774
34533 52963
70258 93634
82601 64208
68147 92655
85941 65181
72840 51409
51687 69091
267 93612
68148 70639
24329 27670
26595 70464
8069 96153
7376 97836
39764 78070
98346 8059
76320 23773
2996 65963
13030 19831
72904 22091
43991 7612
57967 5376
86522 27805
7946 91042
72616 68571
38957 92992
14159 43085
33726 40472
32368 99615
62202 96096
27010 717
61777 32928
12140 99052
69317 39861
6222 79714
67983 40368
15673 98889
9626 86165
29650 49200
89606 67325
86100 8570
72294 16948
66251 27324
84642 25179
85305 61507
29110 47047
37812 95340
45841 37216
13606 92235
42391 40355
48140 99493
33664 92481
31288 73813
75063 80254
86415 84427
53531 84754
34860 64008
32769 36491
67835 30275
3504 76522
23199 62055
42051 71809
89772 60274
14507 25947
6733 77656
54859 52148
35391 64447
41242 41501
44244 55168
86660 16602
2930 56076
45994 97059
9169 47397
15613 31846
5217 27008
78855 41667
19905 46250
9890 74223
92777 84928
4862 97106
68321 17941
2016 94057
21736 99632
2365 46148
38830 45323
56003 96969
97466 43989
94705 719
57092 50289
33466 85412
76316 93941
49607 41640
62306 29932
94321 2032
20107 49525
55818 61028
69859 93825
47957 45376
85829 21880
54090 84055
58437 41397
18708 55083
41447 43974
2322 43447
83268 99053
29337 31333
2508 70881
72880 54360
56671 654
5810 38404
50163 6320
66128 99345
45521 35388
84429 51451
73112 13944
7072 84725
25369 69982
62325 1633
69625 87997
70316 5625
39026 29176
40217 71754
11538 66981
20066 62932
1786 36526
11844 71147
51680 49012
67215 29049
60589 12615
72581 21753
16992 90223
55455 77470
62378 32102
56392 84458
7088 86204
5088 56855
1228 2738
37146 75794
42092 78815
3934 39706
39986 25294
64712 60678
32146 63614
21383 23932
23735 68609
24831 41051
55678 28669
41447 73618
58489 29902
84172 70342
92749 27170
91788 29200
80436 84923
51324 18973
90716 92465
85955 19628
27751 66862
96828 91571
85513 59568
76760 43035
18317 57354
45914 60383
46256 49827
91769 34385
62084 69525
7777 9622
18575 7311
33074 33381
26857 19412
73824 29547
80930 98298
79697 27881
37113 56364
86978 5077
98534 93513
11363 8661
56913 52418
56822 27623
42136 34079
74740 29372
83693 70139
74312 18840
25174 9700
53649 82932
2732 41852
96516 79228
4764 58522
59721 73714
44681 16234
15833 52489
37320 80457
62438 90538
67138 87082
93619 42994
1525 21971
37592 86930
500 13792
15647 97998
77986 14879
45322 81791
92699 78419
4139 3761
12940 87698
5161 709
13110 96615
56322 91632
52655 46544
39395 88251
11904 98496
80786 99553
29256 84095
45125 87732
6487 15589
25576 41655
99828 44770
26875 66501
44504 64090
41234 27913
19281 9025
2483 33252
87776 87651
68539 25195
12571 87199
93338 30054
95884 85478
63602 92690
3311 37953
97628 46816
81336 9001
78979 36244
73643 41261
550 26182
26562 98575
95386 66116
71499 12615
81414 73359
31271 52127
49766 6585
83949 1685
59785 19693
49988 61084
90483 72039
91980 79003
4444 17240
55382 20460
69326 25700
52263 74878
92522 36387
22810 15188
72036 66851
56091 13060
8323 60708
23948 21049
96770 58331
74627 83634
81394 26384
45482 65888
93270 20639
80862 82860
84005 46363
86545 33230
17771 28167
42729 45367
30664 86875
95070 34952
39823 12805
66751 41977
33033 18885
20078 91379
86544 23951
11135 64598
96148 26669
46782 66580
11801 52315
87654 49108
73015 13769
49802 62480
71801 90749
58127 695
63199 8366
38896 82444
95068 62890
39225 41029
78328 92625
71725 35724
6382 42391
21153 706
29743 9222
61022 61591
50878 761
98690 76947
78419 82755
1504 63281
64120 84934
42811 40926
25582 84956
51695 54014
83401 97490
81097 53064
57936 80744
35658 47429
4830 43314
63335 87381
81412 52314
15532 24777
70724 48763
1620 2858
7063 54792
80115 79121
85705 13443
66317 1773
25592 31782
10396 11392
23896 35806
98765 75330
63665 86314
86179 77917
88031 38624
19699 17551
15282 8521
94631 84875
99020 76544
81755 44568
61413 53400
81411 3888
23402 63411
32035 17571
26202 70859
30037 31474
83336 40748
5959 49204
75740 79768
45370 21428
88338 59618
59172 38992
36825 5523
47439 4412
71956 88457
20632 34301
52349 28659
75921 43695
33309 40342
46463 37216
43990 9227
75164 69042
31641 90430
54806 90237
19216 69009
93006 42986
39605 70167
18555 40985
93753 11033
40676 11644
27838 60468
55785 51482
20637 87097
67419 5421
49122 1356
21728 68548
60459 67430
17392 15138
29836 76756
41594 44541
29229 8149
87424 24671
72522 73535
86006 16873
99666 55098
40071 33995
18346 48963
9264 34157
33191 12907
25571 95498
92087 98134
34918 66383
48345 1629
75249 53633
25824 52396
87092 84884
52884 30500
47374 50964
76592 48890
44503 28480
3269 59734
77815 20074
87318 75030
32588 56216
15258 70728
8425 76614
53982 35763
71729 89666
94912 20815
83168 92495
55125 26472
10627 59427
86211 20351
6074 92520
67400 5865
29309 82782
90353 34670
12148 83032
32772 13323
83326 36059
9879 84624
92683 46722
8630 2915
64130 48220
68449 8444
18012 95852
39019 83079
26951 37064
52188 83077
24899 40219
92336 49131
63400 41956
83191 77825
87167 97525
4275 22532
26725 29812
85404 12580
54507 39709
71327 54823
8792 77533
17851 32964
41509 37881
14115 4073
68640 1797
3167 86422
10858 59150
15754 25312
93113 53073
70965 64271
90199 2177
89475 84831
12352 27781
35147 60931
99720 70839
5786 20669
60787 92614
28782 41544
64283 6965
67611 69007
55054 45274
54378 19730
73870 47328
60853 48712
17807 53349
75597 71224
23836 96220
15732 33439
48786 73677
39043 88653
27106 26000
62437 27463
65172 2966
11290 12679
5791 1824
18965 87447
43570 67461
35615 99770
65678 25137
74354 68164
90058 864
64126 26108
85518 71751
89831 45249
42744 86124
2533 9186
92346 4777
51266 56133
53049 16237
15776 36769
40304 63962
68689 8835
27947 16552
98173 10029
35149 89793
43167 74706
8362 44739
5000 97180
48717 51105
89147 22375
25460 89858
32495 41923
28527 17345
43537 19381
87972 50443
40543 54454
28942 17540
87437 60563
16665 4290
74180 68075
24008 57584
62142 51892
75088 15117
51628 27735
27706 67979
51536 35535
83236 9744
54851 6542
12993 81912
59280 43545
62869 53617
8759 82663
5465 47677
58507 41125
52957 86228
30900 44533
1409 34175
84302 94730
48443 4062
67368 64077
36116 62563
86055 80924
29835 80533
67168 90661
7792 26030
82913 72848
67722 60157
99336 62482
59442 34725
26954 44091
48630 71292
29038 78345
50135 27053
41072 29810
30763 88470
56446 90911
91355 3947
59390 53387
69254 30001
18918 82856
58205 56932
87107 51738
37797 25681
50451 63386
37240 12253
61803 72532
66340 83612
45905 75817
25290 23642
13954 67822
7712 61174
77134 96107
50544 55874
43127 54590
75223 8261
25622 51893
44614 84665
46998 49623
8005 19789
69527 49532
63115 45123
21164 1840
53191 14707
42173 31476
33946 21479
19686 55901
23259 6333
75958 61971
84593 5288
69457 77075
44989 63247
99855 52654
81517 57357
69819 48808
20778 65167
76564 76506
48235 61241
53679 12208
93215 53089
19155 11115
42152 16403
49691 4543
59610 60875
34072 17399
88928 24222
87821 78701
48472 77521
18033 91090
89714 93344
79536 99564
81460 64633
39178 18226
68185 71710
91699 22994
26861 23687
64273 33804
90035 15646
63266 79349
45919 98081
83411 5813
39677 76675
33929 38793
82920 21131
60796 9825
9587 20691
9303 34627
9764 73258
46426 54150
15572 46547
22936 31352
98128 23588
13945 35385
65787 75816
74393 830
85578 63421
90567 77519
53638 15575
98631 22665
61070 81723
54737 63036
25938 40197
96816 54605
25497 47234
20515 97750
54364 19798
36127 93954
63720 22072
62251 2737
6912 49169
52578 59482
77689 7233
53973 46916
17373 56314
38375 4043
69513 4643
24207 7810
20494 49718
59257 5515
64947 23650
3397 65120
89041 85577
93159 35438
52950 25891
52101 53269
70499 89754
91612 68617
81326 68620
68764 14644
63873 19341
68583 67090
25561 74178
32022 87059
50343 90470
35636 1148
53299 61705
21121 31910
40212 4204
27920 22334
47897 3270
72489 34659
68035 16386
80072 79372
41800 17119
29724 27551
14418 4174
81609 48219
45150 52248
53094 14575
37950 97110
5696 44192
56631 7831
14549 97671
54116 43165
32538 74033
86097 55488
87318 75517
64128 51817
33668 28482
65800 23672
19317 98086
28689 54207
86284 13448
79225 82021
56832 74263
7346 43013
1117 91224
51425 13196
66211 30020
1953 33054
28326 77447
3742 9585
45260 13411
73979 49456
62290 86315
46636 49817
63272 31080
16284 36480
26736 37335
57129 90442
59491 27401
54211 64755
172 930
32976 17800
99722 84859
64715 24686
66290 64257
81793 81369
47051 67347
7954 36085
43249 27975
40950 24801
55571 65925
23797 81263
51733 23755
61838 88134
94191 30727
24305 14080
79659 90528
39045 42380
1995 32110
40963 78605
45280 55517
62776 33049
25940 81967
90887 74202
82562 12055
54021 90641
15448 97598
42619 52462
20732 56929
85960 15513
32004 51889
46589 41485
22876 42290
5471 50679
16356 72604
31336 66331
84752 40317
39141 41040
32486 2934
67417 78335
91907 13849
87065 24711
17591 7410
90671 95228
72356 57275
85848 55460
29731 56229
67525 33689
43103 72726
51518 34249
50647 61862
40570 41433
128 24097
86440 69214
69153 12936
20649 72418
20278 12303
11827 96773
15950 21153
35952 11961
24685 2647
13885 34501
92682 22181
47243 67268
22866 29582
15170 92771
5411 31786
33017 55814
62802 86023
67999 49859
43654 75397
42037 40389
61114 60409
21042 41770
52671 92875
63070 61222
35703 89784
26967 82302
35228 94864
79183 84430
63031 98137
41227 44868
96649 36266
10150 11010
7333 50641
87884 86080
49716 19726
87551 11463
53072 64277
56054 10551
75209 90928
74969 87714
14467 25211
68198 85487
55382 55622
55919 28760
77933 82039
52218 82412
33255 52389
70336 64397
40537 94334
6990 97939
56299 3074
61671 32552
88726 21317
58463 54634
51948 1681
66145 92749
38352 41762
65835 8278
26809 78376
64141 51328
36436 15208
878 37211
54047 55036
455 17992
25679 97198
87973 90334
89771 54849
75915 34153
88782 16232
22638 74181
41417 59693
78359 69031
85278 36300
74245 97461
57094 50293
20136 14601
48077 74893
27911 42962
68784 77357
57499 49874
934 74178
55314 65569
96724 73931
57101 64712
311 21855
28930 58471
43359 60804
41626 67665
38030 36985
49684 15947
65084 17837
80928 29840
28790 71909
74501 37391
38619 96634
61757 72491
7166 41976
72627 48442
9447 32993
23372 23495
76146 11304
31803 14097
22638 58743
22826 36393
86526 99305
12920 17240
59260 336
20502 65815
44817 21456
11241 64564
40447 92002
93867 71732
95511 73522
68458 36331
80291 3618
65352 38918
15357 30757
81625 35778
5238 82468
91368 9394
63600 32605
54962 98940
70788 43903
57481 26940
91197 25711
25586 62369
95259 95237
30248 28267
58066 32656
62999 59347
78984 14
89153 35139
25562 40053
77725 33529
64247 28525
37459 23913
93668 17396
54209 40408
93046 40376
21433 5570
94139 79712
14208 55668
3506 38948
21297 45746
16878 15664
12312 41843
35031 7845
17304 29792
66696 13528
20517 30585
92146 79250
75115 21807
99512 15726
39941 46571
96785 63741
42246 16006
39562 79173
79444 96047
50273 78526
42279 83016
62283 75252
61071 39241
47790 80584
20492 17116
10568 4175
71667 9951
87270 881
36880 37029
50094 79115
77246 34453
37814 15470
85937 98090
69866 89405
96588 83409
65706 12275
92971 38190
32905 22683
83067 17591
76239 75030
24093 18871
17656 91993
95335 83885
50355 59948
62562 72490
77253 42380
19629 855
47107 94665
56 88172
94427 329
9866 91450
55404 47491
67516 75267
39176 75301
55228 16956
23993 10159
49835 65522
77818 12534
50559 15778
46746 45346
34146 2527
6429 89168
79281 31887
70170 92656
12541 83695
74557 1320
9102 98251
76839 72847
59675 10566
33577 52691
90643 20088
50893 51508
18231 85035
20269 11398
95005 29982
21370 75891
93135 29506
4246 471
97578 52223
97882 84578
86496 72080
9873 94361
50518 98978
5371 92470
12358 81434
38795 4259
90590 46156
98218 64259
57856 21028
84082 23530
67968 96737
36435 12863
95241 28149
56593 15905
56248 55111
16899 41855
84127 16752
90870 17759
98180 66817
9801 4632
34687 27068
39247 32343
49280 59063
35888 9054
95014 82333
98375 32512
53769 56108
36613 9799
21585 98967
42221 47951
39292 39653
19062 80200
33756 97680
29036 27607
30135 92232
19088 69557
85253 33518
55251 99471
39990 38713
447 76644
5257 34964
55566 5195
48214 25278
8401 53322
79397 59240
69130 86016
85813 4411
32402 14332
46774 9775
45428 56419
22095 87861
81520 7342
73977 10255
7609 4489
30145 14226
96791 38070
62698 57451
97318 74696
79753 88375
43093 91272
8423 83305
6088 25332
97027 40552
38999 33883
40685 76494
85581 44002
11340 56394
59881 10434
93113 88191
11552 56263
36322 59875
12441 18322
50792 42177
5840 63768
69793 4631
82835 59266
65623 217
48808 7979
92806 82828
31749 83717
68834 20715
81527 81812
17359 47942
380 81905
21639 25662
42344 12296
39640 10411
46212 38330
78083 91606
2986 35964
50142 25311
67435 45783
20531 86136
78409 88742
63743 7527
78077 33690
84180 32328
84754 32025
65559 64873
1032 15547
8898 96109
55794 332
19491 44074
22168 29517
53756 25226
6102 54067
11361 81390
72379 91782
17757 21638
57547 13092
23053 97946
78526 73243
93699 77028
91262 24530
65124 66708
72397 63137
19563 75467
3101 76372
69956 48672
37142 45836
625 16510
31379 45918
78121 86372
20581 75570
39156 60932
64207 30949
74640 32580
840 87687
16399 46944
99580 17118
37527 94726
89803 49602
78048 21816
16297 87006
9818 38318
76092 69750
50628 57777
98946 97115
45174 38625
88712 13976
77752 64112
3987 11625
24648 41605
89531 79359
74841 37050
89963 54589
2030 72607
76067 81022
47587 7284
49110 66445
14021 65363
3756 72330
7060 11267
88865 72172
2920 43590
82788 90266
70922 8460
29081 31985
43542 74974
79640 99393
22655 41428
93675 14832
13579 23551
86740 51765
27283 10624
27493 99166
77829 78831
80486 35627
99330 70293
57106 99568
79680 70642
77274 73751
54920 16440
12256 87516
85689 94125
43806 36239
57892 65133
47133 44597
9454 41926
14654 58632
48689 6331
64309 89042
9434 1442
18824 94326
78765 9286
4852 31911
32029 99013
13449 55887
76244 43826
45513 21386
77841 46228
80813 20328
53061 38502
12320 64846
65205 75317
60513 5621
34939 35941
62918 43274
62277 1197
74132 59149
20884 66390
74536 2546
84319 22975
77361 73603
90285 89660
3027 37339
87582 99859
27205 16300
41763 5853
72628 83354
82594 38411
98590 18559
67955 79647
61240 14565
4485 75502
24489 16271
93146 45989
75020 8880
66374 14849
40818 36401
11540 67829
46110 62864
56481 92840
23047 34524
40703 43892
9849 68218
38292 85512
82772 71683
98712 79143
24075 67555
96666 41191
89767 15644
12700 21235
92450 41889
69555 8362
89548 56795
9352 98973
45258 69736
8729 85429
16849 90935
3288 96586
2607 13101
43915 46253
74915 35842
52491 27839
73856 23205
74661 6040
97262 67124
23676 51393
92105 86693
97380 48346
48192 46112
93737 15637
18839 13859
48678 55897
17222 73085
19662 14304
48439 59603
44519 65881
93516 45437
38538 91334
11798 84650
36325 50591
77055 30200
59577 47246
14594 81853
20571 10257
45805 21761
49975 96572
7782 81025
43081 47732
5283 1006
53762 16180
37712 13644
873 19148
39149 58035
37815 77693
38734 1362
40826 90142
86905 93959
10643 58106
40747 99464
54616 26000
39444 94461
9778 51794
82422 65059
60704 7302
37066 83178
5043 86632
57658 89112
66672 85254
6344 84197
60561 73923
89574 73725
60356 95572
71196 34209
68746 58662
9094 42502
20569 59478
58387 61780
44987 23703
57543 64872
88301 13008
45049 30578
75329 9275
70390 23928
42748 2888
30140 18801
30744 12151
39488 37131
17891 49570
43049 60262
71039 51185
30162 61335
75264 99235
85484 71654
36529 70892
15769 20368
54063 3569
72242 33925
54252 76750
76355 67115
60046 58480
32234 45273
13677 29820
56251 94461
38424 9158
56574 85207
66129 49307
66832 21276
59724 29207
14142 24915
91284 21743
83757 94683
80007 6153
31637 40771
36309 44031
76193 18193
69444 64960
54224 78556
56879 79279
22583 94578
9346 92258
62045 12659
80096 15460
70078 28467
34590 22387
84361 6172
36101 2755
1058 24522
37811 55289
70080 7693
28122 94128
91952 53098
864 17240
90448 5115
66174 76722
35061 68906
41762 62037
46310 63290
8684 75532
8574 37790
22932 78390
60846 23296
23395 61413
4504 71100
93557 75359
51445 95266
91102 54976
24304 6199
61281 82934
86697 96532
47802 94276
19604 19622
10934 13951
6007 88684
10262 30548
58415 79773
89648 60160
66667 74175
67246 37142
11568 36593
52140 99997
92051 59650
19326 89808
45698 86295
24168 22236
66364 21833
94052 53861
22516 43301
71584 78529
73330 20650
12829 74235
87794 58798
5553 53906
69186 96826
86502 34935
74024 1545
2489 95475
9723 25357
49019 54238
54821 5994
43508 22601
85575 30361
89915 29365
51957 14311
92735 91866
59286 91059
19745 91937
64229 41875
64439 66954
4019 76879
92971 60679
4482 27589
8538 76223
82923 14180
52982 12236
60217 35217
33861 8861
53196 56613
37407 19061
41496 54636
56307 92266
36835 60039
74499 62983
46730 94603
7619 75722
91292 87072
66750 68231
25245 10852
44369 83171
38661 70597
31630 55865
40895 36170
42139 98233
98730 16267
90832 16516
73147 14740
8669 52273
18425 2087
62177 43979
37696 88918
35380 80529
72543 25773
76254 27125
43706 49222
79037 22974
87912 84562
94660 42534
80694 85175
20182 87100
79554 66509
8047 21442
8129 69952
97531 22288
49305 39857
35389 88687
18663 58613
77546 67840
8923 15572
4139 68083
4504 84715
6111 28848
69941 73323
52950 84785
40318 98104
36727 56390
20371 27658
6459 17711
55527 93295
12623 19014
21218 7655
80278 51251
4960 73191
9989 15669
3280 20535
47942 56864
15126 60980
27477 50009
16170 6030
28678 95740
74999 4843
7741 44087
10908 64386
91828 96972
42702 94497
25497 83731
75252 2728
24781 5589
94378 37676
32038 12242
43999 30133
94861 34172
19895 59904
30241 65146
39977 90365
20275 4902
17953 78994
2408 22159
27488 81174
35770 1592
46199 16151
50935 12439
5456 25973
37824 66135
68645 94916
88972 17430
83495 66414
80162 38376
78200 72271
24674 47186
87793 37879
22461 54736
74877 21868
67704 73327
44828 78469
54926 16595
55457 5744
50347 55411
74997 68300
60913 53240
61073 7184
12087 58082
84264 87075
57701 84099
27067 22721
15353 30753
17474 2716
93573 84792
13002 10073
64174 69014
3634 62415
48271 94014
28781 9996
30132 34022
62019 67503
34271 30456
82703 69519
55847 71028
8418 21874
92052 97869
83103 79095
64164 91752
3933 61773
53770 63360
94984 41209
20841 49828
23809 16052
84157 40567
29145 28459
88658 42672
33562 32509
73899 43000
92318 4641
19901 27246
74197 73341
81521 22310
36356 4496
70597 39877
94337 1161
84588 72455
75064 78157
70121 63706
56457 85493
31096 93312
95783 17229
64422 54737
79994 65591
93460 55894
68606 35398
49431 4815
24482 39075
1019 13742
43274 19276
96283 57306
35022 29552
88299 50893
77465 68596
88079 95255
44842 55761
46209 63192
8982 74387
43630 87530
62532 29404
90873 67380
82383 96383
55991 45304
26088 40357
91506 19974
38450 14091
9671 53063
27556 63778
64295 52339
51819 4110
94105 8155
60389 72040
53367 50880
12262 5244
71404 84537
55159 96139
76349 4818
33842 5354
98077 66919
22120 76130
29815 50381
43899 95502
33895 26218
51556 24512
24321 1528
69614 89916
13961 80646
96825 66266
54426 13655
21304 15432
256 53824
96403 11655
80253 42894
2950 15209
76903 1118
95264 63578
30856 65540
61253 3124
47869 34917
38637 20616
24728 68476
20354 32796
89535 26104
69062 12488
36362 25757
31467 11224
91592 11967
79161 15789
44187 82442
70539 93436
49047 51612
96018 54605
25095 56681
21233 46237
56776 27895
8543 7708
31117 53151
70504 85776
99641 28050
37836 78129
38216 2642
66911 21451
42534 77780
78759 41151
86774 42085
1889 76833
61228 64162
28605 89179
1491 76766
18237 25353
30665 60864
17498 72028
37662 98530
23231 42199
64985 14867
14732 86837
19539 72214
15220 79393
22489 94977
93535 78364
31534 41855
73961 70138
66663 30255
67937 71621
6253 52962
22699 65369
60286 94464
93855 94918
85901 2372
58375 96562
90782 40668
33637 79828
43883 27914
66987 56122
56769 837
3616 4644
8291 14233
5538 79686
35174 38306
14239 21034
88692 89269
89114 28140
91433 88664
40973 73340
57497 82213
54273 13919
22472 77515
36375 94735
44336 30445
82274 41366
10143 18913
80779 37367
57494 86737
30732 7782
6667 57406
37909 95498
28424 63000
12139 36642
8682 59175
41988 82141
35106 50341
38604 63616
87863 95970
57090 44997
21827 16191
63771 33270
91730 7923
31071 43670
17190 92649
88935 43896
39925 39808
35174 48102
9129 17322
23580 8443
57343 99757
31556 43977
77257 97221
93672 58517
4940 46272
79271 91222
59906 46848
99926 7449
38234 30589
8924 100000
2291 93793
68532 23806
20612 69066
65295 91484
98775 67819
88847 18712
31626 38155
68238 5537
76301 49380
21909 21340
45830 53157
17765 26562
22032 28721
59697 2879
3863 31518
81602 73429
56093 79831
88658 55863
33017 23674
56977 33134
62387 635
99684 3736
48681 67391
74560 53636
55118 7906
14195 61815
48869 34002
26172 24522
86282 27281
59246 9001
51369 96662
67985 3029
18501 23437
21633 28035
24147 55539
8621 43484
85852 52475
64857 28347
53311 71915
3260 81906
45004 8543
4483 73349
84938 1669
92556 8172
58802 85600
48492 71158
46225 96934
17674 14753
31690 73282
47777 58851
95570 35570
48706 81828
94674 25449
4880 45313
84361 85839
74978 78443
72295 36636
98724 25382
65811 40576
50550 38699
30342 87615
87500 89350
3918 5965
66316 25592
62860 75638
63571 94902
18262 62105
59760 5320
32470 55111
89096 64971
61545 19017
50096 5264
10400 66328
89302 86074
418 68643
41497 67524
968 60940
25388 46457
60576 99755
79255 66490
89804 66345
64374 99292
45568 48583
30712 48711
14791 83605
39393 98776
85021 50107
93544 86975
83766 62195
52122 97154
42039 55596
25077 36825
64664 42121
8398 11951
36808 30304
82188 27239
17672 12348
36586 40565
34895 40540
35385 95041
37796 7921
76827 16008
33480 83780
76969 46106
65930 43117
34095 98973
99248 89725
95435 97928
50580 99221
25233 35689
76485 56941
89609 92320
65954 6574
41231 10530
40195 32696
25043 45463
12304 91741
62679 62107
50951 55044
78068 32513
12090 68295
77173 73131
18031 77589
77145 50131
26078 69169
29781 8198
64727 36657
41616 34500
28281 53055
73894 11777
29404 26140
26822 75655
44008 76344
40436 59122
68220 96155
58631 23250
83400 10112
99692 68941
64819 85716
4385 87706
12533 84219
27195 7110
95134 82380
42433 36403
64206 98608
32302 71253
11035 63047
30675 38835
35694 71170
41778 66668
25094 41802
42052 95951
93011 9816
26164 41249
50300 74427
7362 45243
96250 15285
93858 70058
50650 93118
62938 62446
99743 57504
47655 63387
26014 78681
34616 43994
37281 96796
20370 64329
87013 60400
45514 36343
89627 86383
44334 31593
78730 98793
14813 34744
40171 96191
22570 26609
94668 92840
40349 36275
52334 62543
51345 86004
58279 98994
43095 48029
513 58565
50898 61481
6329 8685
16986 60874
21441 75110
93849 87812
64798 61854
10480 71024
21194 90167
52595 85819
48435 11752
6505 89924
85915 93821
15821 12609
96118 74739
51088 11611
41775 61661
64692 94349
17475 74274
44402 65129
98404 34268
72565 61363
38263 92794
59741 41028
20598 9311
29502 55240
9263 85953
96382 7136
42020 8682
30682 65377
37161 52507
24417 27476
6857 75044
63415 26292
25346 77229
75956 91219
84612 43185
60675 78229
39541 63357
9411 36882
25904 58454
82025 39512
8545 1584
64956 33672
74923 36759
37400 68309
78178 97418
72588 66216
61681 16347
94076 1438
78102 84720
77183 15752
929 95749
39938 7242
4409 74856
83875 96764
75670 15612
79702 53612
10824 62806
2564 78938
50511 7011
58599 60571
97696 9792
77808 45303
39015 33857
63201 22987
42783 80203
47955 97288
57947 58297
30578 75506
72353 70330
2395 78145
10218 86897
28165 63683
34052 69684
8981 92184
62032 50958
45000 24981
63044 702
33293 53762
7913 45782
35016 45308
67774 63964
84209 25299
30323 94636
70163 78413
70959 14067
63021 70754
62443 55126
6292 80350
14549 49033
37231 47969
81614 47609
45434 98594
70572 96995
28164 69352
65913 88666
145 75952
53074 15781
51512 53130
38600 54430
51525 60156
69570 79092
43353 68957
33594 83978
19429 62043
14332 60374
32595 16214
26602 93123
65213 31362
15354 47567
56372 55721
36918 60909
48730 94695
58779 41157
94952 7948
9115 73167
29545 45406
12539 33788
78141 41940
89845 84813
86327 96092
78583 83193
63103 19222
18723 93100
28113 52758
23917 82370
34365 88742
50624 10032
48517 56193
55961 71644
43585 92026
72138 30048
41566 35443
93369 32139
61083 1830
38942 30047
88906 6304
82792 25652
42549 4640
39545 22708
66967 69277
60741 48637
88575 74941
96279 45858
39793 97439
7661 61290
17572 38706
72375 37072
47364 94907
69372 23681
76945 59764
58996 46689
89695 37767
11087 38
58069 30391
26604 14875
91246 43831
18915 14399
58042 65456
30556 28804
51934 74144
74678 41328
21040 96438
87585 87551
98812 46903
98852 67455
86658 49884
49688 46258
43125 69234
88170 27760
92669 88760
24605 2210
21782 39268
56966 15592
15471 81567
61646 27028
90700 64484
42036 16301
7685 65509
94408 23373
60453 65510
24081 59459
3723 49792
46632 34866
49388 24479
30555 82416
74095 6149
23627 69736
76943 84453
86606 5048
49917 57640
64781 41684
95516 71755
51495 3553
72227 96735
57197 84379
62079 22024
29764 88687
65838 27871
13478 47010
18916 20144
48865 92584
92714 17757
64470 14861
506 82713
96795 11568
22116 70925
18810 1187
41037 50358
82384 97517
13483 56485
79183 28264
22218 38622
32156 26819
59210 99193
61489 68800
85502 65829
39644 71959
55566 66464
26654 44626
56022 80288
94126 20047
59781 29965
46932 83937
50847 91492
83086 62383
75228 53974
14478 62068
38054 21286
64089 49597
46207 80495
39657 366
37049 26588
28013 58717
45947 20142
90980 83990
21123 43098
44934 78069
6399 36072
98747 6447
4626 70421
90881 18633
11638 92978
78506 66175
7508 32450
6715 53471
21357 67904
27343 58987
91733 89303
35762 14363
55634 57224
55975 98681
82593 60648
76675 89187
40242 81822
88623 60876
13543 27369
59177 25211
32409 38361
90723 17770
80851 56722
78403 68136
45141 77100
22018 89016
46802 34709
35821 51664
78578 5453
30951 13019
83473 62600
5925 39447
50110 11504
33616 45240
50589 83649
77671 37763
52038 94507
34074 26804
74595 19380
86800 64440
45462 73299
96290 84947
3985 28982
574 96156
83483 87485
97765 1884
37522 69244
95245 69011
27396 37117
15167 15603
372 65980
11546 23843
28795 30953
47758 49373
88197 8522
26722 30512
59632 88630
52079 58942
91344 97979
65155 20607
48238 20408
74079 77245
10436 32580
11353 87094
6210 59173
68155 17310
11821 76762
89410 5146
64763 58450
7552 86341
41112 26739
27962 16782
46563 99476
18378 26713
52113 64834
18558 10394
68906 68991
13591 70749
36679 8606
16267 37985
34170 26121
52932 72247
86278 78587
13503 71688
23523 77927
57038 88109
57116 10895
2966 26069
93840 35821
40498 3874
28660 47533
81582 23020
23151 89553
39340 96540
56572 85260
32579 39314
65164 73192
73915 71616
40129 75392
20274 88973
42804 9030
79898 77908
14833 7134
63384 86242
42678 71361
25191 58107
16791 53724
17331 27477
82141 87630
15487 14299
41314 26093
37343 50283
74102 45410
33022 86521
84478 92168
62938 97130
10095 55793
58083 53274
70903 56769
59136 52694
7605 44817
39817 52483
98428 58893
15854 32501
89428 77462
5294 56600
99577 92609
55809 88651
77754 46775
95247 38368
92411 11187
57943 34462
71187 23207
26057 16415
28399 15575
21516 38610
71789 83068
82297 31738
5442 12610
54846 54765
77653 99850
13115 53109
99777 95593
80520 89587
76983 41991
30254 87223
50778 46913
59497 13961
21633 62152
69325 65764
74264 4064
8030 30901
33279 18210
42614 18240
15369 87706
6115 29627
96831 72105
89734 9074
12283 740
39829 67969
74125 79635
27609 18365
65370 36755
91217 48844
90775 83061
55502 2632
21714 67516
37845 60671
88746 58211
97024 39958
93426 89429
47421 91714
79762 71795
32109 78381
31046 84786
33158 73143
45725 55834
58866 40978
68955 20232
71950 52069
94359 61996
68300 74443
20574 44300
23857 28689
8718 37536
4247 79451
11932 84692
24428 93151
49039 29481
73522 80904
11170 69043
44029 8980
71718 21436
14616 855
36157 64800
43168 16950
5248 17360
68391 9293
81786 14479
86322 40234
38987 28536
14172 11375
16999 8853
67345 97459
36436 73449
52180 98722
84399 35336
24185 72473
40808 55610
76907 17387
9921 94811
8903 68926
53939 78462
38976 44527
26056 52133
92953 80362
56290 66475
15886 60466
50707 60858
79275 57599
41059 26709
31699 55163
23630 34864
76282 61988
51747 19442
16492 74606
33734 39962
96868 69182
37582 67575
85333 7311
71784 62383
28581 38833
8562 48697
11725 99237
32065 1027
88474 55170
93019 83564
59087 30420
84958 57579
32257 22551
663 67430
15993 77952
6700 8540
32502 41909
46259 76956
65736 976
77720 19211
27062 90975
93403 58627
81849 90759
58448 95438
42463 49629
35549 95727
86793 20651
68479 47897
55565 94289
31205 32918
62516 1730
70835 90241
86781 11107
87457 67436
74457 84175
72602 123
26829 86741
72318 98119
40787 63192
12416 70557
81945 84462
9544 21788
21696 16642
3377 43579
32702 37779
48812 2080
66781 26098
69692 16105
73593 54792
82552 9031
21926 56750
78637 36575
99880 81234
87481 29896
11002 26009
22961 19855
58248 12919
46716 86773
3988 46905
97845 12719
52276 18267
35405 66182
41234 18899
65606 55733
74219 59844
61497 35022
87953 91531
11921 18453
70377 19895
61326 90115
56270 22696
18339 516
46092 91575
26489 46425
31493 27726
17066 87191
97008 55371
62630 99431
95477 93666
39601 79588
97746 15064
78691 78144
24505 26345
95591 927
1552 42626
59324 23161
69903 37991
39415 7293
60005 32079
43679 24937
88340 65155
46864 8851
77329 65763
64857 26275
46437 73024
59390 70870
82382 18659
65430 51773
9950 17093
2157 68028
16507 17845
31652 8331
46974 57685
65932 84952
85140 70045
19375 17924
8704 30647
9191 4833
26135 89153
64805 17306
47682 526
69195 61260
23648 59877
31122 50661
13537 13217
85829 28236
94668 4207
90244 92408
18010 70259
6691 26807
53496 56195
1256 19433
94825 19306
37040 2467
55170 31847
47402 19213
69100 20747
89978 57060
68038 29407
53240 3513
51841 48283
24751 91375
69954 64880
89854 2081
41155 44959
61274 44378
90737 92480
49002 42971
80048 77405
9482 12056
25267 74835
22921 93307
89252 11064
15562 90144
30338 47823
84135 97047
91710 35221
54345 35590
56477 56377
95569 24836
97561 18011
46803 29503
90048 10452
40214 57335
54323 53358
12309 95937
10600 92136
46304 47684
74185 67891
53052 13599
1555 37687
57151 69313
80696 52271
21781 71088
99741 53544
67582 79683
14685 51687
76205 97064
59972 88000
80490 10559
30004 62207
70161 12796
22531 3011
6865 63145
60251 88670
92399 20610
56698 67190
72544 79223
31408 65159
32626 85837
89731 63615
78659 67709
73101 3809
3944 28884
76445 16291
51976 13650
92178 13039
78879 27083
11364 18758
39964 72713
54747 80312
52579 82727
21013 15021
66251 7511
42564 32991
12960 85982
57038 14238
5858 14355
34604 99755
3845 58851
53803 44957
65680 56496
37742 81887
67806 35277
89705 4304
26239 60452
13928 78305
55800 67728
41766 92731
77215 36195
42998 27670
44992 16481
66942 14883
20091 83011
75031 92420
35139 69302
92559 41006
88192 86809
99334 80846
94798 63874
11860 70625
88636 69978
29538 91578
81326 26748
52108 52768
93916 20538
56294 54285
12784 90104
3732 93744
21964 24943
11888 28076
54402 82283
68999 4055
75962 89454
81500 16316
56431 90059
17668 95993
59794 81451
77833 88418
38822 84236
44264 38364
81922 43996
11762 85346
79794 66370
8910 61892
27895 85238
77909 7747
83586 25764
52469 14519
41405 90222
24815 31561
85218 15975
14266 65753
84833 58936
5629 23289
14367 32574
81720 28911
81554 70250
95612 63671
46182 84416
80174 85791
25082 47929
26473 27466
95396 54529
45337 86606
62921 53593
42272 55573
53830 14454
37812 8384
82986 60576
26847 78783
35929 65620
2750 77082
81450 53475
28355 15755
80330 34289
36563 322
82136 69590
49673 69984
59878 35520
72753 11292
59198 67919
21166 17025
66555 59704
43444 45998
25324 20611
3598 32628
75796 57869
59705 78876
61709 44103
65383 88607
15392 14868
71582 68364
61422 14383
44886 78757
99627 29347
34847 30754
38461 52721
67512 49164
60609 44206
77881 71299
57543 12994
59978 12953
63249 65066
50826 10261
63192 89014
33865 76593
55367 59308
17326 70653
14078 98531
21425 19705
19664 62313
33602 43838
14469 7454
449 32214
96729 50134
37539 87200
64763 8347
70260 59149
85743 89257
98543 64998
93165 26033
42472 98083
84799 44086
52131 71125
35943 53010
76633 15805
150 83794
12666 98931
54902 13462
17926 33728
39202 70355
66355 80324
29545 21968
80554 93137
85966 58124
26218 49037
39274 95382
72804 47732
82505 49524
50045 35604
46025 73085
57071 15152
30526 86591
36328 446
74577 5113
78345 91337
97052 53058
76392 48399
41199 94913
75886 95587
41039 78066
46362 2348
4977 29927
381 86053
23619 85381
97852 58299
30052 70659
52497 68178
56199 50190
92362 52448
77140 55208
77129 73041
91303 1860
58978 19233
55631 91788
19360 87909
1424 66716
30432 76610
95074 72932
61012 12980
49359 76585
9089 56777
67257 3332
21601 34020
79122 1697
64866 8570
27009 26018
59078 95416
86788 27386
11457 45883
7561 42995
44670 97206
42611 77576
84538 88880
48763 87531
31047 47907
2637 33760
40587 5150
70215 50080
56190 93348
26685 36888
72720 98283
6264 5607
93696 65470
20402 77859
22726 1500
97307 22037
14826 23990
19639 46648
60138 31509
91070 72286
36376 35633
20987 69835
3578 32763
41966 26584
24809 65620
98730 1617
3410 51604
19223 63512
88408 12164
62865 66016
42608 41732
74183 16754
81091 9510
73309 27147
43439 41809
91498 6108
12743 52799
92283 52521
36270 74079
84974 68811
49696 86835
65432 28878
31722 12051
74944 30643
99341 35753
48385 91119
27199 31795
90092 90634
75657 11109
84228 81602
17642 37188
48640 9285
2930 83499
70668 91930
41896 23626
42632 12473
97925 81314
82471 17838
4695 93738
87538 71674
3967 33165
24995 52146
27635 51114
2314 40030
50269 37715
3147 39739
57305 28942
89566 18362
39835 77015
71278 94239
135 10172
48027 65186
73559 45056
20760 53009
20921 12216
5645 93228
2734 84849
89974 87304
20621 59240
9058 31501
56125 28112
70485 77816
43070 30288
36390 83162
14273 85922
85154 8790
84843 87670
70247 94919
8567 63148
37482 90232
18417 56222
76177 54730
96923 30900
41594 26225
8779 32173
60435 11127
71627 81629
40511 59960
27032 43593
90615 26469
40004 90637
2406 1697
80117 35830
45100 62343
23843 80745
4797 56994
10333 98746
67647 50578
26437 60118
26767 68174
62447 69177
8125 78813
34375 56344
85515 20252
83624 76057
49330 76507
29573 81110
19644 61823
45539 76446
40811 80450
12637 3764
49745 12815
23039 10862
65206 10918
10540 30263
70166 88766
74009 22797
17760 57790
85455 14979
99416 11714
28972 28353
14229 79420
39555 7935
6564 89969
71095 46702
53667 32088
6628 41199
15591 58943
50263 27321
59446 43621
71953 32599
1934 37729
98823 97640
85980 37498
4357 40606
93734 32524
22534 7007
8834 37353
41982 72615
6428 98166
10033 38820
48660 82218
11033 7065
94621 89906
57603 13019
45536 37424
43058 8695
80119 65399
78267 30346
50834 38193
62248 28007
98293 35993
16629 50389
12568 51649
56438 85775
99206 84206
7375 74946
52766 76055
28058 75474
61046 79337
33765 91093
31571 79238
16401 99350
2769 84065
39380 53940
18369 30339
54520 59584
86182 80106
29786 90498
54263 45893
58828 20309
32545 59929
46099 12359
39170 67487
68841 7418
90479 37827
15548 36486
47247 66278
88013 1748
96797 51294
70547 78980
31753 71729
27509 4360
64536 52157
20948 91175
4544 91059
40030 13883
10349 48375
29084 83443
33695 33218
60741 26002
59273 30432
2920 49902
86164 69395
41479 84114
83514 91470
29718 50268
73739 18586
21920 78687
17931 29716
22850 32259
85490 29421
22862 12544
22347 68489
93994 36135
25749 66113
73391 35353
98117 77153
45706 44845
23650 94442
57533 51598
29576 3793
89215 37371
63686 64350
26648 6790
38016 26542
68487 1782
32685 30194
81180 66917
67897 29518
91133 52289
32517 87130
30949 29423
19266 31205
92385 13924
35738 13389
44305 93962
88967 96584
46317 48866
68218 65438
36317 20476
55093 68204
35360 44512
68305 72546
75430 47528
25177 83878
15670 76868
76173 14800
81577 63380
46977 27244
41005 6898
11387 4411
88451 38694
13048 77777
98944 48303
43559 11064
96112 70273
46860 97804
83759 60449
40959 36318
83182 23499
7787 51889
38676 90829
61007 78176
72730 40905
54656 48374
46062 17879
15045 95764
31409 65120
76922 84430
77529 76100
78030 37038
6832 5205
44932 14096
84466 47610
55190 79973
84883 89549
15885 39184
76311 25661
98378 18540
9912 57357
92001 36867
8100 68019
67033 55128
1149 59738
1869 5055
55767 15712
71885 4960
861 60921
38782 83351
16300 69642
69078 22583
76725 91247
99489 34338
66336 86869
11903 11346
61604 60128
56259 55956
33232 42119
43221 68552
81734 21491
80689 19042
57818 58692
76902 82988
31607 81932
19768 4578
5082 74097
9087 73076
60821 96143
35622 46599
83309 53844
6380 91636
25661 6627
99430 88744
68369 38545
9787 37987
32300 41611
23847 2297
93730 83630
47769 22132
46718 42382
70260 9967
54910 11184
70034 75260
58546 15567
66940 13216
74208 54650
24275 97266
78915 47636
31371 66271
71847 26708
16746 21225
62767 99523
75438 32707
36848 4128
55108 6679
3923 44319
87890 76928
88150 38181
62158 32272
3468 41230
2212 30315
42105 83784
75251 26154
90390 13909
43537 9210
39443 38669
57923 90586
40048 83417
35462 82048
70499 13209
82505 78389
36757 37439
13520 88884
63237 93426
46163 58287
19619 58988
45404 6250
61686 67037
24877 99838
2583 26469
35256 98008
43156 63581
21701 90903
40046 32975
18575 94193
94811 26490
78215 95918
4132 77967
68272 27372
60840 8054
225 70746
51000 13898
82854 26749
82873 39449
97599 60525
17317 18277
3360 56281
69450 9509
4176 20031
44873 47717
52650 36053
30360 55041
99710 40963
63393 41294
30737 1958
61313 37906
23193 4559
6665 17671
62146 34114
12769 8764
22827 15256
45760 36500
16906 17245
70005 68868
31460 34194
81537 71961
23254 42988
73691 72272
12751 34099
55658 60541
43667 61316
35919 99941
41945 28592
73528 3011
3950 43675
18254 8710
65009 1117
64328 34769
8628 99460
80021 23419
76545 23696
47607 42829
659 75350
51714 2950
28281 89790
50433 95610
90870 30245
21266 46767
55331 27100
50181 19646
74764 16839
43552 80504
82319 16254
55710 41343
66208 94159
2155 56136
86408 93754
87402 54464
72513 9524
31759 49188
83068 3781
74374 46535
12731 27050
22602 88400
81879 91539
44078 28857
77307 33414
94232 47409
12775 34330
73761 70747
35150 69821
36630 86541
61912 67151
47450 29202
57121 21413
82114 89544
81400 60583
47063 9763
92641 86129
30488 67112
4595 65206
72597 63091
70779 88376
18357 74962
78936 53426
42449 66471
8636 60526
6870 25737
37009 34191
32743 41060
91442 95529
34169 14004
7405 49476
31062 38478
20424 55036
92955 91320
35225 54276
61081 62188
74029 56158
47863 51673
35010 65188
26894 81186
85324 78179
82124 75197
70068 79227
59986 18740
64468 97056
4662 60424
88028 12732
23554 26377
75857 71754
50867 87903
61576 34141
59258 92804
43567 75991
95711 27432
17189 51090
36409 91532
46045 46171
38551 69415
24479 26193
93754 87396
52423 37355
24088 53922
70436 72335
33499 97779
1626 48668
65312 99677
3585 11201
86105 99132
74371 29507
2603 89950
77986 19195
24145 89765
98672 97494
82327 70601
76948 29139
28191 2132
11948 37992
37120 10948
97606 44798
3074 39724
65029 43856
86531 67667
34626 69392
54293 28083
5961 30339
42589 31611
51064 96
83990 45358
3683 57268
70540 33954
58451 52416
58946 5378
57538 24697
30700 31852
43648 91432
73941 51476
65041 54600
36635 7135
62253 60971
14190 40361
10815 34901
60788 2752
38375 96447
90792 34150
58424 74421
31767 45522
54874 94393
37601 10192
70729 69950
75998 81245
14612 7565
3894 36684
12063 78979
93896 16419
48481 31217
28900 70014
87143 2587
9329 24363
72079 26266
17352 61101
95566 1850
63414 35802
49803 40540
94366 16733
88961 89461
28597 74804
21953 65870
101 67538
17901 81090
43082 55326
69247 97794
43480 54099
28864 80948
99347 64158
94033 25104
19573 76675
5829 76962
34251 13337
69829 459
54200 77673
29419 68608
21201 27571
96807 84937
12416 78504
80701 20963
78338 76337
9637 80255
57608 44871
21674 10017
37786 58809
17388 77921
39727 30729
82846 68653
36118 12431
43336 51589
32944 32724
18790 24638
52403 22553
88519 92704
87369 51214
23791 21992
74799 68731
17045 86503
8918 71130
39590 20256
11622 1818
43840 91470
79798 26942
89464 75356
44533 44796
77652 14923
44868 78143
67154 15760
42426 75718
55199 86035
99679 90690
58785 27408
71537 9340
97422 47482
86562 87372
82706 22611
32311 47331
57997 57846
14123 11778
10259 30318
46538 56257
60458 2588
40086 57833
92143 81524
24806 74266
75569 76896
66690 60998
37749 46972
54600 28884
88912 22648
39594 62238
58128 81402
11982 79411
19572 93305
76589 16950
15471 41347
60948 64125
25513 34839
98790 14258
63038 93996
93943 56278
47005 58793
10226 25849
21898 49866
50837 58467
31804 23618
20336 44207
64544 8243
36714 81322
62804 47287
95516 29528
589 59675
22771 78448
99697 74335
38322 6107
82142 18071
95918 23929
70977 34349
72048 4187
71264 58748
26135 58026
5905 34998
94323 25791
20672 87808
55499 36105
54669 4657
5912 17866
18219 92598
72584 72954
74723 5617
79516 483
28015 15285
46250 42915
34399 87884
88475 73837
17655 80145
9038 33416
39727 81078
61299 47278
8146 67648
16177 55503
42623 88198
15234 10539
18539 59029
97361 52316
55197 15951
99235 40778
12177 22183
79819 27380
80406 79430
93075 90126
96016 74794
39738 15613
19830 30498
33329 47613
39605 19027
74717 97244
15563 75510
42200 75452
4877 21271
27344 32084
34753 13112
59207 88112
67813 98092
69649 40205
27206 18172
64185 48798
25962 30661
17404 59210
88327 2328
97228 82795
35849 46521
38798 99568
7600 37505
10461 79004
5455 78332
79781 27781
27247 13868
20264 43733
45482 94116
74461 6381
96080 7213
15372 14013
81445 49444
1267 21293
52545 20954
56516 15608
65487 65555
48100 13163
84078 41608
5838 34539
78227 80197
11822 57996
66757 64523
25703 39322
640 32591
74957 96756
38419 12761
34380 6476
23041 99654
90175 2024
79780 66279
87705 17476
91205 47072
12672 79822
11782 8682
82925 681
28632 70001
68365 70986
6565 20022
98275 20926
85255 49518
71171 42274
36623 6529
97305 18665
39711 2636
33216 3578
92688 10559
32044 38800
17997 26752
78176 34584
95542 44679
6168 6454
37598 14848
94209 41088
95822 68748
44188 12321
74176 76543
51935 29144
4580 23492
72467 94775
17502 53428
28663 59460
71686 98947
38491 14523
17607 75284
33766 96617
4864 34527
29361 81299
43846 52242
490 72141
26048 39917
71218 35908
7338 13573
51871 12213
62162 44641
60603 5747
23934 640
44515 46469
82021 42194
61225 49669
30897 18618
90642 27778
4003 61011
16952 64191
5455 88679
34601 81522
86363 11993
85222 21926
3525 16893
11493 22745
25626 81691
36240 36862
32 49807
2788 57597
73805 68364
33331 92686
43277 94772
85826 50050
57696 27106
95467 73850
69401 59936
15741 93645
15744 67825
53719 11463
72081 50120
65872 39716
38523 36655
99314 68761
55586 46978
22842 59468
73630 75729
96154 11447
99994 35777
760 10249
91029 39244
35596 67268
2788 45116
53286 74752
14670 70836
89637 40071
21071 47111
10881 16183
31766 88927
84162 12547
33126 43223
60582 83826
52761 62658
95615 59103
25688 23618
69491 10775
73348 56753
49466 20638
25425 82972
13636 87946
13381 19298
60369 66374
53790 53913
47894 98737
98665 71402
55262 65757
65836 17616
59431 75440
30172 14077
88929 78534
66088 59254
64083 98445
8620 39506
39158 44455
36799 21950
21879 30348
98342 75547
63865 73573
638 81759
37105 95154
93846 6416
3624 50053
96050 44108
1757 32293
60138 59428
3968 94604
32776 67421
49624 96649
56686 91213
98238 22207
30606 47396
43840 13348
72848 23968
25087 19491
85295 91639
17169 25690
19164 306
34176 45693
59578 99308
61800 66961
41408 90007
77117 30034
35354 33975
39459 72909
29224 22277
26548 94599
1406 39245
37150 98740
27075 63408
15522 80320
60850 82371
11158 51338
39163 45774
75620 43716
10499 27374
59081 97397
88799 50324
67703 34775
16829 95876
41587 35033
89340 96791
5335 96413
62448 15769
72945 65659
41471 19531
47267 62045
49414 12130
60865 6113
33428 28678
99510 57242
87437 7220
6911 19183
1480 52317
58510 73275
89874 16037
38024 46411
92041 1700
71144 58787
57922 14441
48634 84761
69412 55282
21152 22680
99691 8340
71601 80799
83589 21945
56661 98880
43960 14493
99530 61793
76794 52977
39714 84190
43928 39193
92355 95781
94704 91277
67781 92888
67638 32923
39928 49007
63923 49667
2619 30899
54881 74554
91974 15044
50737 61480
28449 33941
24933 60714
82442 43754
98486 80784
21204 13281
30703 72896
75650 38534
20720 96625
12720 55773
3660 54449
57195 79676
62699 79616
42899 2926
54377 33907
75392 14129
2773 47730
75995 58649
18195 31706
24736 59243
75578 74491
85955 68707
7703 82234
35975 28014
82888 71185
94376 26032
23810 8203
97011 8832
95436 18856
73481 12071
73762 79583
86240 63429
39186 59479
56001 73516
43682 86380
48843 60195
66216 26641
56719 63460
85968 58056
48018 97726
10491 4331
87918 39155
26 59239
83312 81883
95255 21980
36124 24992
76172 19838
67685 64576
59145 71031
69301 89999
25042 51043
29259 78130
35391 34738
79576 30468
39323 70953
42401 22420
33286 48993
87616 78534
94899 30407
63619 5134
98538 26234
95915 37784
9255 52977
76143 43779
87289 34322
1527 52352
62596 41500
61697 77656
16832 54142
79518 96164
16663 59261
2134 13074
61387 12082
41088 30215
82509 36394
7403 81912
75911 24324
72153 50703
45108 65015
34430 68588
26626 72777
72517 15265
51927 8505
24843 12021
69705 97142
29186 4163
71524 37733
37936 42904
89417 15135
21997 50584
72489 83280
46440 53977
53581 66906
5539 59174
69202 400
36051 87357
30181 47419
71233 69042
34059 93048
90667 96554
16796 27544
7203 54721
54051 10047
78543 27684
78368 77638
49480 73752
60646 14554
79323 76497
45501 55482
46827 96283
23617 90012
49324 87445
91553 16456
64042 99185
52513 88348
64096 46166
14520 7654
83234 39838
93587 90797
3795 11032
79696 45609
82831 42439
37412 92614
27971 46689
77078 96998
12592 83056
23489 56956
12299 91893
33910 90673
48608 4640
23255 49666
33355 25081
28061 62528
56221 40475
72212 66863
92861 46131
10074 72007
41252 24581
69763 5398
69088 38055
30488 75836
78674 29253
87859 93806
4656 21883
34276 36980
26019 97022
88047 18956
53386 25076
38348 13636
3030 37942
80774 8355
90892 82837
46493 27649
44550 12147
51748 59306
22514 91910
34275 65791
97105 70328
41462 26324
33081 72137
5420 11987
90292 51083
55016 66744
52607 57989
68324 44532
37580 28210
15593 84139
11232 95423
39481 35765
33909 77136
36358 91968
73146 20091
4951 47532
50158 31275
85930 17102
40680 53438
59948 14958
70706 18760
72323 32937
63689 65102
33669 97167
19135 14860
57822 42982
67162 74480
46094 31781
47506 75836
10025 4570
34070 96807
93973 18757
17064 26237
45551 78682
86204 56763
31046 7907
71517 21716
52735 83516
84297 88366
40463 64501
65968 30886
29796 33172
35096 30408
84829 12912
4476 69527
27949 30903
95752 30059
94108 78889
21919 49678
1510 8890
45270 89886
46490 65012
88118 73039
11132 74899
45373 32422
32195 8103
33310 44958
9467 73749
20060 36999
21253 7478
57203 49058
9874 54615
58672 36550
18252 23064
61011 47167
85166 82669
97780 57833
46630 53696
66300 37945
95770 74636
74247 91701
73728 85988
14249 58167
39396 27306
66245 75277
96358 28376
38327 93852
5209 64955
88108 2073
72230 14610
48901 55406
95591 89779
83672 69147
82924 60327
65775 91091
96953 11658
37702 25755
29030 62956
47473 3982
830 40882
43764 41467
92256 65941
42985 66693
78081 96801
33214 42306
79464 60056
93108 36445
9393 53581
5793 82997
18571 96522
17071 12347
81050 14858
39355 78328
97781 16607
88374 42789
30345 73133
69288 83184
80468 2573
54376 57534
28171 26187
38629 30435
24948 46537
66208 84140
78477 62202
11407 85269
82755 12455
78908 67283
88284 81390
29956 46380
206 5213
96857 79738
55077 73691
74209 9933
1889 1504
87156 1989
16661 99865
12801 9083
17258 645
33706 37881
97626 50746
84195 98173
99349 8384
39063 5851
71967 20052
70083 31544
77264 74983
78105 53135
93202 13245
59007 82320
14983 15119
24429 58876
41057 51305
8307 39915
66248 36716
42672 52646
39224 9293
58236 95725
28928 21396
33055 55633
63107 7615
67159 4891
3771 44092
40599 12100
24241 49970
31458 3963
70566 5401
68788 85922
99982 49661
9177 19665
59344 8191
96436 80498
97671 60308
65242 88131
25220 10916
36820 78295
81737 90124
95361 22229
96239 43677
71793 45143
61089 36058
69995 37421
26815 67614
67720 58584
67132 1492
31541 62927
81697 27453
82229 98397
19688 19278
56029 16961
11393 16079
81687 37772
36048 42525
90943 21639
14733 88936
16233 14250
90530 7702
32281 78438
32241 23646
40137 7868
62060 67502
18599 26372
21083 79686
69588 94503
10042 50843
81318 72293
63063 87637
11430 90448
98648 52880
86419 56815
78579 82783
26014 6236
31957 66564
45356 23975
16284 8186
25111 49072
35709 13676
97677 89008
88542 92506
38319 87409
85021 82459
69236 45106
15719 73238
48003 59332
15234 26120
67420 10223
17636 5377
90032 10798
11449 34310
3748 31950
26017 80657
72627 39540
65711 71980
39049 40948
72907 34618
232 60346
29297 5071
31175 95173
66864 21042
60014 12967
60908 44930
78587 78118
38205 11630
97376 23710
42478 21148
70242 55933
23838 97123
20924 75174
31042 33200
93754 90223
84225 64165
45535 95074
6775 55477
48831 40960
1330 52618
46341 78457
69176 22912
4398 72277
43008 40679
91085 50350
72884 26372
84869 83060
26933 22160
38386 68520
88887 16216
58400 4033
31616 95707
94514 24138
89006 19919
84317 14210
35118 85405
29834 85306
69445 21345
23511 24411
80555 26155
52023 53405
19947 24416
76397 12465
30181 43545
39189 90361
53932 5922
27260 74026
78505 98621
36291 44817
51926 15037
68063 971
59299 88267
96796 52843
70388 90917
57909 87576
62208 51130
15134 5804
37460 85871
315 70422
18511 98781
49062 29753
86276 32272
36332 23275
43098 10633
44881 67127
23503 97981
81991 3835
72433 56437
89819 33579
71428 72492
95817 17260
32031 8180
32034 74841
61678 67249
61357 41250
15025 23356
91940 63112
25084 67617
29010 19075
47637 85089
89660 16892
95290 70161
79637 66419
35736 65657
93128 87866
70772 3223
73617 18263
80390 54809
17060 9222
98169 7334
26661 2005
94221 84918
20495 551
99829 53109
55214 80786
9722 56964
31876 77056
40277 22968
89255 50642
35993 55705
33057 70840
44135 14949
29103 41946
36183 58314
47363 30834
17174 943
84867 43856
23970 3084
19655 69621
6032 74605
75902 664
80295 11571
65066 19748
90179 90771
61855 75480
66738 96757
33064 23621
80794 51190
49282 46420
72401 10054
78624 38334
38084 89931
15685 3058
81649 5436
83949 95762
60620 56999
69316 73142
21662 3596
84461 55079
58081 40224
49628 89989
54597 29483
81020 35202
81711 78858
72875 14117
52341 8621
1017 85608
80131 4314
74061 18747
86040 58217
61600 62334
59242 37605
85279 29770
39710 45201
18413 72745
99185 74401
46495 58074
22578 44029
93214 46958
26885 31810
14953 83950
36577 96896
57840 98290
22355 76061
10490 87627
80441 64944
57248 52762
96936 99495
48527 66679
59719 13794
79914 79947
99729 26517
8230 76982
87415 60458
60365 23370
54460 54237
94491 20717
70871 24318
31268 69147
87860 7154
5932 56834
15155 18003
31917 98597
3240 52363
31061 11194
3513 62333
63749 69004
64836 16540
64947 12665
53206 85106
17769 11220
21556 33339
50980 10148
6454 67399
39701 64676
11431 91035
36099 50177
79463 22864
99432 88639
57097 18515
58384 38036
26805 77316
50653 72364
2631 45399
46981 74851
33966 37686
29618 45774
18830 7260
9473 30290
16382 42747
62372 30027
97227 45047
68064 79591
44308 81353
69167 81769
45291 95678
67040 60454
47642 91990
11154 60011
28636 47877
43388 25301
84063 69492
88136 10455
80553 33217
70100 36056
37104 42235
21488 94578
9568 14375
29762 62644
97977 65278
33893 93857
29839 9420
59717 22287
39240 6835
53316 97001
66593 61606
13017 57134
4778 85710
81356 99439
93189 16713
18587 79477
39339 16069
29209 5848
72871 77546
26921 20425
98489 13805
98791 49993
29748 9534
6911 82576
97120 93787
28948 90503
39545 66810
29851 40590
89006 71491
15421 48887
99171 1108
21113 96617
65391 25627
42687 40670
83711 33663
99798 98757
63473 53112
45591 70368
58074 57522
55055 60103
97025 9231
58017 73348
71521 46146
4002 40661
9611 61940
40123 84334
30529 67426
74091 44372
29820 27933
44226 31074
41640 41641
64775 16840
97667 67198
94771 71367
53313 33066
69876 502
9419 92878
82923 97248
38427 11292
72526 50084
77601 86080
37639 56724
65473 82644
69619 55702
8051 20297
85987 22022
32258 25861
9950 72306
16366 97216
23262 12988
2922 23718
2446 58716
23678 97848
67699 89628
2917 53259
7104 1370
46480 56615
86912 68521
28290 62537
52912 92432
3315 67201
87489 90441
32973 757
84091 46276
89458 67196
40373 55969
58387 21444
5822 48602
84026 82061
62615 12727
28706 25388
58039 87831
38745 64809
32454 16686
65701 26657
46850 96385
15324 33892
26493 748
79914 97368
79452 29308
43215 11284
82713 8182
25726 38470
70915 7342
38784 10670
67513 23889
95119 7936
787 21627
12731 72998
49753 56289
73480 91932
585 82761
52846 43058
55893 71245
69432 15246
51075 94620
39238 2535
65067 10201
18859 26059
81981 86746
60143 7802
32824 55402
17550 21256
7860 43911
40247 22239
37241 43172
54765 5403
31590 69609
91338 28524
33835 44302
10359 10327
41295 9924
31318 46262
14154 25836
856 65683
6860 157
97287 49457
75541 91330
44509 62083
44603 78074
95403 65171
23783 54231
33748 91805
6328 96255
5455 13585
1758 79310
27880 40148
22752 67858
55263 98911
54583 69774
85223 1119
10000 62615
52585 66803
64078 88250
17887 14354
25094 56596
96089 2498
89250 34872
7995 41794
26591 15277
20157 8289
64878 66990
57866 98116
94454 81832
63937 45956
67664 29951
29079 31438
21258 9161
20435 51585
93509 83761
46673 77299
42999 2581
52992 45805
80042 15593
36932 13098
58875 19666
94740 61372
92444 2796
38525 5703
68370 61925
30397 76484
23383 3231
99689 49792
87769 15762
35431 83930
71450 40391
85813 89192
79950 4126
76960 77202
35264 31785
24494 44758
69965 62543
62133 77315
90023 60106
17121 82174
56499 47689
62994 63072
1867 97839
78747 61077
84990 93362
8036 5534
45771 99741
3785 87664
54985 75918
37562 78963
32578 19192
94841 2405
54100 22787
50431 60244
74863 6247
23414 6599
25241 69781
45472 86166
90125 31694
65487 69965
48631 32905
97803 26190
65434 22513
51920 37547
91658 86085
4556 272
46226 63895
75493 76343
1584 2510
64274 78897
37140 66148
76061 74660
48901 15943
53095 4424
76571 27580
25636 72009
83334 36504
14395 42984
22854 5157
67047 51162
8752 72484
39481 2055
93744 2021
56883 60012
58177 63312
36334 29914
74582 35615
80725 42612
39221 55841
21032 95253
12695 48057
32666 12840
10762 83198
58164 77966
76431 121
73040 62428
49884 33929
79518 17594
64186 82658
38530 42469
17032 52585
29012 12333
30550 41114
5982 91896
53035 82211
73410 24125
1440 83142
45906 14730
63459 92891
94230 40127
94741 92139
42729 26801
24972 93846
90620 59848
49650 63150
94354 58241
6532 59706
51810 43916
70739 98132
25 6511
29446 44683
8245 95201
54615 49986
82923 16400
51538 95823
38369 5692
68185 74365
64373 66553
98146 21834
67380 9553
88151 45610
88900 99360
92949 63778
52154 10038
72558 6957
32997 69465
60903 5755
98049 69344
14842 19021
62565 98169
62293 56315
73878 21251
9594 22446
64721 36437
14013 39558
57861 91829
39817 28085
9078 61506
45659 45537
80124 34539
72837 71654
59010 12246
32205 41426
60103 65498
61835 43976
78912 46821
86382 43101
68756 4534
21208 70974
86367 79588
26301 65480
86639 63253
69417 22479
85994 96072
30423 19096
71238 24908
79034 81182
49104 25382
25848 13168
9158 86735
22121 80369
42205 80436
30365 7224
23291 45172
63763 93710
86141 32838
57859 68114
28883 7440
60053 41880
31487 64113
65864 58661
67610 20216
79980 74933
7791 12330
18792 98518
39518 65760
16853 59274
45850 71814
64320 6729
8684 45662
90124 60796
30510 37147
7470 25571
99824 49638
45103 62064
45302 98333
71822 18698
15383 64335
14459 4715
94592 9793
24221 71075
68368 32652
15661 86258
56601 956
19961 94097
58053 5586
74978 69034
39439 59620
45310 38460
27814 87768
71958 7800
22637 20876
13065 37478
79198 47345
93768 58593
1730 91979
12184 30615
14554 38931
59955 52106
93786 18677
28871 48593
22312 56978
27349 64024
36322 38847
84851 3547
96437 86277
13227 8751
62726 63775
32442 95706
56877 58655
20498 32022
75189 68136
46936 47090
39774 34037
68710 68337
8763 56465
43402 93864
97589 85342
81286 21732
70565 32142
50670 32962
2910 26029
17165 22198
16737 28821
59520 11461
90822 78359
40089 13226
99514 97689
20349 64180
99227 73107
45767 77830
68798 27601
3747 19575
56426 10644
6003 36528
65947 97841
15822 51568
35647 59856
23132 95627
62780 34574
89211 14599
52520 76635
63325 95069
27440 37181
2184 84030
81234 86892
55284 87596
71042 89492
9584 43932
67177 73270
45438 32923
18689 91782
66899 81894
12890 82382
4536 24528
44121 96170
50219 99296
20756 82475
24575 49968
58007 78420
31799 2639
9025 91904
62607 47168
53511 92314
31283 62265
64049 32899
12230 46117
27769 34959
95229 4706
19375 72104
77985 46660
67511 76586
77905 90960
7656 68805
73949 55618
31119 32543
83884 62759
36938 98639
31703 68452
46574 8963
64844 74637
19682 53595
93708 8687
46977 57355
6605 6822
97596 41981
47256 77223
25398 7181
23884 60088
72678 85227
9945 60371
13304 57276
16742 39495
96972 69786
28364 88119
58166 90543
87225 40025
13628 44926
59982 49015
83548 99322
5953 91089
72259 32269
49404 15354
72278 82547
78844 91767
8301 14684
28403 12675
79347 57005
21862 55438
99944 73760
67055 14009
76575 29343
98524 77371
64192 60205
814 11711
21767 4125
49532 484
19171 66553
42861 18140
21848 2876
17601 85837
13117 5720
90377 34643
52735 60786
19019 58076
5212 14465
44447 19210
94505 51282
69268 94709
86573 86471
70667 29478
53284 93299
4539 49758
44220 70335
47244 17197
9243 95369
62108 74843
6135 4096
69533 738
1404 49513
53908 76625
94730 59933
97148 86091
48821 73288
52641 75398
54499 38476
53478 80493
40113 14684
12191 19902
60303 34721
5048 93005
47295 2617
29036 61151
57626 80627
14798 22224
5131 71284
51812 45998
71761 9269
77862 51131
22786 29314
25636 53422
91555 60092
88318 29939
96656 34328
26601 96743
90971 35327
66929 16701
99652 63116
71345 14427
14694 28849
81372 92125
40011 32018
3544 93425
26898 82055
27390 46586
9520 92255
90012 26030
93003 60376
84914 41912
35041 47560
22776 87222
1888 33463
11159 20155
19691 66082
47691 71790
27643 80474
13960 62730
29692 99139
86354 59516
96428 81590
38019 82280
21887 15967
92009 74501
83005 60447
22757 68316
65730 16363
19341 86989
3454 4587
48842 88361
42867 34876
65979 45369
71514 60814
76497 25078
83998 40903
16145 62255
11262 34879
98805 55046
6544 69154
41355 55507
44473 82353
34772 87327
99701 83361
79046 93227
91797 90074
90731 66631
26652 92537
12800 62651
97122 8110
78583 71649
50865 99743
45749 45960
27947 70147
66772 69747
24033 48392
4418 98712
35549 97198
6529 48706
58969 52778
92101 73808
71334 50884
56857 92211
13095 34489
75322 38420
89715 19417
28218 76075
1142 68554
36542 96425
83184 54851
56161 92463
30612 7762
23695 21301
6699 67607
23883 74756
71279 7175
16073 77212
29328 23593
88660 24271
32594 37660
33225 64516
2349 76624
54683 58997
41132 49928
54349 13201
75055 87614
55099 82939
33673 85183
81 38345
26562 3883
24274 89637
45013 54838
82386 79856
76499 14250
73821 71258
19647 51459
16590 91307
37329 60113
22264 3774
81235 7226
3553 46016
29895 59253
85058 81173
55134 68463
54600 86868
30882 74794
93238 55238
52461 64569
36705 47691
67056 31782
19154 11892
55470 63085
36296 1130
94238 1182
86323 57574
99788 94814
95098 61303
92120 85990
4214 7807
1525 64419
4373 87350
4779 67989
37912 84486
29942 72720
12245 12941
25190 1245
26581 32862
96509 83706
82103 59040
88884 74582
20332 26989
85942 64374
64057 73973
63042 9907
62648 55512
80397 25914
13463 16656
18366 51370
63223 86757
93297 61561
43214 33334
34613 98096
51206 96375
76334 49610
66907 44717
29235 34233
53889 90548
94673 88289
12412 80762
74150 21659
64007 83073
33062 65108
60974 70400
23674 87659
82355 67715
41724 45046
71692 63079
19197 35038
60899 97247
7584 76318
52181 22834
96060 70696
86612 22938
81469 56960
46565 13286
75171 48159
1731 47129
86081 34641
25306 31785
34399 25143
96236 41696
51993 25894
72496 65695
64735 8519
31726 19030
81491 1973
55812 30605
69453 97634
99428 6335
74042 32146
12628 18745
16889 79005
70508 12799
12829 98481
91259 22376
16686 60559
43811 75133
60999 45194
64313 43838
98553 64683
45830 87389
34375 47439
73288 56192
74025 67047
88401 29571
57609 36630
25735 51988
60488 5463
23779 34838
54650 69685
21522 56830
18118 20305
36055 44953
65575 51456
66247 72868
10413 7178
84651 21426
40861 34636
70338 63594
80749 54871
61532 35623
47625 84399
84064 17206
89361 43980
60135 25467
40344 17660
84894 6060
19654 92191
31304 75700
791 62986
64986 33042
32987 85733
38078 24568
308 82253
86608 38988
30330 68562
4100 89354
84602 41306
91998 36831
39187 4157
66552 24656
37112 62342
18559 75505
46577 3192
82199 40175
40793 90919
96947 39911
94593 56987
44637 93100
65644 78065
77012 59045
13777 90073
43785 43980
3773 29241
95969 61552
83726 67592
70678 68980
28345 58292
29590 48526
84964 83421
65378 78665
9324 87479
70768 98595
33793 85996
67466 68367
58245 82680
70093 68149
6641 26059
72043 86989
31632 11467
35529 68840
37954 71055
30082 32903
83963 77285
58242 30945
58913 76268
44587 36386
87505 2043
74676 63174
19354 87129
772 76034
45472 36930
16860 45852
4123 27689
82507 11022
50645 87248
68311 89831
63632 72177
59323 4329
28830 64281
78051 90188
60327 66215
22193 75226
35942 54610
80924 57393
64364 59136
84268 83876
65084 44336
96511 6714
92109 79153
37991 55374
72620 29832
77514 25741
36983 47118
82401 77979
58946 99920
74169 91790
12822 53902
7893 99761
33229 5180
81609 76131
80472 59779
73217 33174
42169 34369
62904 5264
25225 53093
90849 81133
37139 9524
2082 18714
70807 45543
48244 83580
58728 23306
87749 86440
66447 37119
9781 80424
24069 75929
61436 34556
72861 47042
39395 20054
51864 64853
57926 19677
37518 86340
73145 70603
56332 75635
88704 77935
40080 50779
58645 97676
71727 39592
11621 78168
96816 30812
49715 798
56911 5930
87348 99932
64699 88827
10962 36422
21623 20300
53706 71009
57853 87822
42221 6697
81782 97765
15842 28491
49379 80650
82338 1771
73784 9577
20571 32672
78235 11108
71086 723
50505 52045
99506 36
53810 86128
29838 92997
65496 70727
42658 2621
77172 85476
59455 7814
3121 43339
14058 99183
88975 29364
46366 36218
46657 61549
22887 8703
19951 38231
31015 88520
8373 54533
69620 26515
59746 94144
61080 4755
32410 3557
3024 59055
31125 63140
93582 30018
50558 55843
98871 87545
97460 16090
99014 80184
80972 50549
86375 69141
3821 66805
81021 68891
27442 37455
38748 99721
67692 6603
3055 61489
70238 94822
6803 83513
11839 84145
29946 6717
94491 38671
82250 19051
23027 23931
70844 47781
92088 9056
40669 76771
49236 76415
82927 84142
40577 95564
2185 81062
11151 17073
57811 80862
26723 58154
7276 31802
51570 99208
51844 43192
13770 89070
28642 73444
51594 20215
54718 40930
70789 83086
9384 42472
58596 20756
64480 11585
78240 69661
10843 21675
21452 30387
18085 88506
69961 4562
81849 71219
62383 83498
61195 22162
98763 2081
20447 19268
58939 53230
42574 64077
1684 51039
37480 40772
20541 91764
87341 88370
6769 31105
32435 27415
91041 28208
5988 75877
6832 42173
72220 10659
25941 45400
40111 20139
56028 38055
35873 13100
65925 961
60524 43336
74500 65556
29182 10679
51551 92095
81816 22051
38899 39129
79792 49770
14960 69032
70735 18655
94488 2283
56212 1322
72580 27953
32560 67523
43615 65440
40968 7130
28553 35983
25014 70994
26581 2699
72968 25762
79403 38102
37632 28179
7495 58531
5234 39429
13784 6396
47433 70217
95746 64316
67458 37960
78204 49461
84655 79067
93779 9868
15381 18992
69061 43480
53262 79340
99815 45894
6440 95460
38752 33176
27781 53794
20203 73409
90585 53734
63833 12587
655 54818
15245 5041
19876 66685
1118 23365
14890 8369
24568 23883
6343 22254
68187 53500
59763 29141
36571 67493
53694 75901
69246 24869
36263 69393
90561 76402
80390 97487
11924 55573
1283 60203
49081 29673
51068 53994
40617 39200
69251 48008
40303 71646
82078 57138
83114 83484
65702 15149
31408 2630
20520 53165
34822 37885
27399 67358
54184 74390
4952 93055
5639 37914
94756 89090
4966 96036
38761 6382
3613 16038
33530 33277
18902 69668
27867 59710
11827 36407
84581 2100
81158 52619
76296 73653
37974 19777
73092 60075
74817 22254
94319 18647
4788 36730
56466 75913
62197 41410
18988 20937
52346 46487
27277 93074
65007 14301
98044 97265
70164 31085
70098 36362
1021 27123
88989 85491
68848 63216
20734 48024
50986 11481
98411 98357
40123 17014
25102 39711
93221 24580
29635 33404
26497 71572
41342 14789
28186 71177
35779 92459
20719 80382
97900 5104
38069 18558
34151 98858
48500 81322
22421 62019
45381 86039
69165 56763
2010 5709
72150 88100
73014 62217
81264 38821
71345 87611
72012 22137
61653 19241
31215 37677
87236 61707
63668 84901
61903 21485
3207 31639
37088 20560
64426 54478
98993 46024
30067 63176
45971 74687
34764 44569
80169 30737
92466 17926
14570 48206
2679 99307
40962 58396
5793 53270
10225 44626
19944 34633
3210 97246
76603 17115
18038 87360
29020 80504
89327 81581
29312 1053
51717 69357
56432 76157
97276 91260
94410 94590
62028 38893
93856 12925
20896 92226
62200 67014
81144 60342
26314 22652
36775 11635
13094 28343
6709 12956
6059 96801
7357 73253
81425 11384
87792 11029
38272 16496
64113 66251
38294 68526
18680 67702
67750 14381
75439 55580
18483 32957
96983 83828
66297 73823
69444 41772
76869 86698
77021 74403
84216 43626
18333 96496
65895 71483
44053 36953
85854 23282
63911 24285
20632 70357
59308 39339
86857 82110
1488 6280
87957 42939
79953 19470
64342 61617
2659 615
33945 38517
86446 68950
97057 5393
58286 5486
79683 91013
14355 53817
72873 23140
23903 59058
71312 20723
38411 3659
91177 27789
98369 88872
10395 6753
51843 59874
75775 31282
76835 19014
81251 55990
58505 51059
14760 32440
42737 91616
42532 91639
14378 35155
40993 25124
5304 14890
71388 63688
56274 68150
89575 53275
56740 93948
15783 81710
75535 9010
99542 51907
69508 93544
91330 83855
17677 99292
69868 49375
17028 34116
70763 3695
5050 17097
43590 87252
19057 49190
55262 85492
40962 36877
13537 32137
12889 1954
41400 7170
26068 29214
13466 92450
24519 53901
73654 8223
89402 67984
92174 46660
12713 2140
91574 43855
67588 97018
93113 30484
73741 34629
77716 45592
47420 72911
47545 20726
63006 19516
38606 44990
21650 51940
35052 6609
78987 75126
73856 76711
57361 77296
67500 41449
5759 87496
47719 29302
12966 48838
46905 42370
72713 38311
56993 92659
50879 20028
72751 78403
88341 5033
35945 24129
50761 68358
71018 13647
32848 87617
24959 293
4624 69306
20104 42765
83815 9478
2269 8037
19298 51629
34630 71872
76679 51852
73506 89317
54156 2644
31457 77742
55357 76553
36938 57387
42970 73827
15286 6813
61174 33104
49683 85403
89913 69456
53410 61040
2207 10104
58904 26075
28536 25072
9185 89997
65926 85749
89209 32943
31105 4888
85617 27673
14326 79772
43792 95388
14852 83548
7663 17241
17278 37539
1980 53832
74092 35154
10584 24434
86121 8349
32153 23799
16230 72878
86729 47657
6982 6945
54884 60079
73312 30726
69342 13475
91457 92835
32027 48117
70759 29679
12437 933
72134 11192
18746 87052
34343 28094
56556 37396
98020 77333
80447 41852
29774 32519
70654 37717
36295 87344
47014 28775
99976 33248
5704 77677
55260 1021
25324 53172
75299 32862
50505 3681
47281 86097
27246 28616
59756 60502
43805 89173
75441 19841
6154 47815
12687 95324
44800 61840
33034 91170
81212 84150
6426 42950
43248 87157
15209 53802
94817 65467
17145 8872
2090 35275
8220 91309
89559 56923
17754 20089
72939 94485
79822 48416
96826 13818
54281 79916
83951 91514
36334 82040
14024 26077
94868 86294
26229 6013
92520 35115
69564 97034
99944 60078
87160 19621
35368 15180
72821 46885
38257 99591
58166 73589
2621 63250
24208 80019
30109 9686
1740 67283
41427 66897
84425 65211
64600 74610
47671 39332
1719 86846
33309 88831
89040 91470
42707 38222
62390 22703
47497 57350
53553 19520
50367 45044
73789 53943
51755 90133
64778 6173
51606 50236
33434 81805
42559 17232
43237 4985
36854 58699
99032 4165
45442 25340
88273 22058
14428 88870
85989 98388
42002 21215
81595 32485
36133 77874
6351 17904
13867 89981
31664 60766
64621 61428
35585 46604
78314 96380
68475 68715
41619 12400
31338 72319
27437 86432
3244 56385
88530 5805
53654 52189
55248 40879
71854 60597
13640 52495
37105 57692
39952 34957
47567 40475
16082 75611
37418 1455
90571 39487
67483 6729
97804 29493
85581 72461
39677 87179
52640 97875
66869 4708
69031 30154
35939 4918
89802 97584
49288 4459
37477 22587
37915 25700
47751 45363
63651 87761
78452 16181
92449 48762
79556 92818
47715 68473
83970 66189
16594 11678
72781 86081
66917 28458
46106 97721
41515 8212
71600 39350
2982 2311
68490 52109
10186 13986
44985 75462
24834 59286
81600 10494
60620 54828
12342 8998
93816 12349
87143 21313
68716 89816
36595 30922
86979 5439
6542 19884
14537 59626
66879 96168
33633 81954
84513 52499
74560 1991
324 78837
94383 41931
972 22603
93196 27125
22097 48677
10089 7231
53758 95529
20716 54265
22547 48654
88654 79555
71203 50242
16188 35702
73654 34661
46105 98908
37096 11787
93146 25012
5480 74206
16968 20271
48442 40474
17346 82966
12310 18576
72568 55201
8967 55875
46481 49089
80972 70349
57798 77111
54746 283
35269 97338
46840 55725
59374 69206
89441 27575
32057 64840
19878 51811
50063 90947
97482 85485
41997 14637
97252 99653
98596 21058
16928 36017
15355 1936
64702 71720
39083 20282
23954 94712
18786 34646
5250 22400
11777 64047
61675 48119
25278 40515
61053 77988
38019 11845
79930 56451
70093 48508
81211 87878
39053 92963
75307 63186
95371 32967
57898 26270
68510 8652
77131 67831
24693 27048
94646 287
12465 64647
83623 22313
13224 10437
31789 57023
92612 54391
50828 125
54210 6402
22523 13075
68212 12898
91079 57702
84287 65509
81614 88559
33566 2350
25605 50170
86589 99570
26035 77929
49182 66974
59475 3439
42072 41839
99638 45430
23379 25624
75807 89337
85101 98272
48261 95690
52792 35905
1588 69837
73177 95722
12140 38363
75019 66622
9281 62337
94746 79219
76057 42686
18281 23444
18737 44616
62924 68608
43993 76680
38094 47976
84499 26521
50221 97845
72952 58157
92569 61951
92051 47112
96312 11703
14083 40771
44549 18014
36861 34026
2669 61068
10633 93087
50544 39850
79872 55573
60134 95992
35924 41909
85495 43464
12456 35324
97058 86433
63316 63611
49079 51037
994 63126
35869 38091
13236 85542
90541 81709
90363 8759
59252 94171
17185 53546
2357 90655
37825 62644
78917 11447
84937 68637
36750 54743
5311 25123
40908 132
22457 34740
42259 58937
15939 89495
22727 96294
84573 86596
14306 55756
28539 63751
74993 22978
89827 39361
32663 50995
70290 97223
93865 15902
23064 52609
92177 41525
30743 98796
42636 53854
3464 4089
74731 77909
72694 53292
76246 22152
61696 73469
62404 24825
26459 81082
80868 55616
46382 91363
10295 27975
84885 6509
21907 83468
33023 91200
11970 71842
7312 6361
3905 27216
47584 35113
79202 81808
32985 2675
47530 23409
34204 96946
33235 40438
35197 39121
72555 38069
23107 15697
36404 4633
63881 262
2242 40449
42400 60026
3520 72991
75691 89705
17995 20409
88833 92420
47157 70667
99918 30766
71587 92962
73842 99234
10480 13059
39072 15370
68840 38626
65697 73001
17261 65099
55503 36339
39638 22301
2394 51312
16139 69610
86342 18173
5386 9753
65067 36266
86021 63716
45396 31740
95138 48826
73952 23853
6266 79934
42821 31079
72154 4006
72712 34349
12165 61181
81541 50515
5647 48385
5325 63648
81411 55109
75811 92563
17599 44849
61599 65851
37939 39549
15499 53150
13414 16666
50568 18995
30065 81993
68490 4296
91745 3457
50584 4156
73593 16237
91309 98822
97902 3980
51962 86796
41641 33456
37857 71341
49065 16351
2331 70232
24318 62485
3540 65331
36815 94816
79498 60565
67477 26083
12977 95339
99422 21459
46705 70199
13163 79549
96742 3532
86162 65790
52864 88276
61212 74601
3201 3306
49000 22789
63425 96128
16934 15085
18861 98522
27390 53358
96388 86034
4615 34764
23481 30610
85103 34045
46516 59868
54010 18220
98865 57990
25435 33207
69311 84694
78748 41458
28001 11339
87420 64098
13297 41076
2572 20643
41464 26934
67313 29091
98360 87146
39493 42276
58754 42716
37622 48862
57344 79309
98310 30810
30924 74002
23305 92280
86999 56404
28010 99850
80291 86222
10982 17271
60009 95218
23791 41753
96949 93636
24202 36415
69124 13277
78930 14380
45325 74505
76563 5206
66645 97962
32143 72008
58297 83923
6397 58784
58920 35917
62949 32337
11527 48949
22309 51715
92139 15484
4559 78926
32418 12134
12104 2115
18123 46252
23915 22659
40953 51802
54884 3621
5908 45233
36598 45780
16983 92294
55157 51183
11859 76545
62605 29960
64683 97183
42937 38630
33654 92977
95980 28002
77313 19547
33100 90893
57738 84309
46194 25353
47270 41422
57035 2220
22203 87780
33530 57152
37063 52716
97044 7142
88631 3857
30946 3854
88433 9805
24866 54944
5419 43153
29671 48054
721 24355
77141 89951
65603 78875
95301 20382
85620 46853
9767 23498
14988 47074
95643 48940
78439 34694
54615 611
5876 29787
19812 22467
4120 25053
37217 31537
71336 69117
38975 65993
90258 72350
61282 14201
37301 97787
53863 56131
708 10623
23288 74783
13959 42155
82713 4662
31129 52755
11999 67336
70699 27425
60980 73767
62560 6225
69205 18330
1263 63060
80116 9563
85253 22669
52694 24409
7776 44022
58901 40727
54324 1948
79839 57963
1034 10911
11477 11840
81180 11316
37549 31860
73915 68674
65393 93627
92969 61096
97406 42042
35359 61526
23462 35116
19080 30447
18926 64641
48164 69133
22064 8858
19622 16893
68155 99311
51255 48575
43950 52137
56593 90759
84416 75272
80292 72095
92731 66333
19028 64451
91644 84433
98937 15171
6517 73373
53757 64548
31372 77648
10530 37983
66937 26253
68698 59713
57388 8617
17421 50826
51556 36209
92214 4686
27321 36994
74278 15511
15027 95056
48544 33920
30416 78528
51195 50011
22274 21741
49380 34733
87087 49798
39193 91437
37039 27086
98542 74696
70962 58267
48204 76960
97464 87705
64781 71176
57526 40452
12898 46730
40215 41905
71085 91361
79417 30981
60839 74303
18764 80924
69723 55016
21399 10852
71497 87925
52147 62207
11524 84083
57037 59877
56084 87233
55080 11679
32757 66325
65625 42221
65718 61240
29481 93057
64187 59973
62455 5378
55676 25134
92468 27466
74852 10871
37604 73705
95154 61337
76323 86591
10619 53089
55422 23973
81094 8398
66678 45029
87375 726
39681 94654
59716 53121
97897 24801
31723 3053
25162 50358
11546 44808
71864 9624
17886 37945
70871 83413
87317 10488
62977 33711
89267 80690
14852 18589
30305 87750
40609 44843
54169 62506
61870 20085
67148 27814
46965 89712
98844 98743
91795 55010
86722 54542
8474 13605
53609 29071
94223 24296
26449 93971
33772 77549
33293 65286
67935 62124
46213 21161
82026 82799
99893 85777
2369 36660
90604 25126
85743 57487
23246 86821
24145 25701
43059 18079
2489 64241
89222 19512
52108 56610
29030 28616
80101 67803
33544 48125
14864 97139
33075 44471
33135 41171
91426 15115
54297 69338
70438 44769
99254 90620
25570 94742
8676 37215
57229 86395
13365 55772
61811 91220
10895 4100
29204 44537
77066 72665
5700 19544
76534 50992
70761 50257
3442 63094
865 15129
77014 59176
98649 50776
83466 71545
38326 24619
781 15888
37072 322
48879 61895
44434 83139
74006 52525
18396 91237
55005 62885
80289 4790
12369 43205
94121 18070
54130 48248
7856 31098
47064 11836
56645 60777
19308 13925
10540 22850
44138 92952
31005 1909
34982 84593
21219 94597
83171 85373
33789 39469
34909 15553
50400 20855
58241 97393
50419 25062
73776 87769
58833 81582
18560 12472
96907 36950
84474 8224
2692 61501
25309 31800
75507 27122
62234 13434
87844 46203
62230 51093
25591 12943
14603 35660
83520 26684
12614 95444
84997 58178
17259 99322
41443 56021
64205 15131
64202 3743
47382 78475
78588 5563
31141 68559
33138 58107
2059 40834
99159 44932
2157 84308
30315 44333
90853 62246
66881 64548
42625 68175
2817 49832
83842 90074
4775 24848
70751 58342
38786 28098
84576 28325
62806 20733
14243 95229
38042 35664
53657 44522
96987 35104
44906 59578
37015 59462
69805 92335
27747 89775
60849 43905
44742 68442
38040 61817
63739 14301
98998 17335
24051 40737
64342 21518
2769 60225
50709 32099
73772 20495
57509 84753
34192 35407
31468 10247
54973 1626
39298 26472
12071 85021
71574 97674
36308 54967
69642 55896
51521 36094
39315 79280
80189 83355
31354 90982
6253 53161
22845 46335
23591 1978
430 8215
63638 12658
18099 53916
25404 26666
93413 23792
73899 84942
24401 58282
14603 672
27514 43286
67544 18483
73204 85809
55425 66864
39531 76686
7722 13044
46010 94067
62411 39472
2133 23804
82574 89032
50783 58647
27989 78421
44724 90343
38833 75267
68545 85954
19276 96435
94279 20659
64033 10874
36860 71608
36382 58785
70953 37476
36169 54211
26669 90270
77304 38865
1848 48769
80311 42769
40721 64026
3462 37947
71633 29901
11065 90363
95014 36593
49750 87346
81105 56719
13370 74165
10632 74567
78677 60076
29332 8874
19913 6452
24852 64961
13967 36510
38169 80229
68497 6830
69128 92997
23729 38204
8635 65315
66081 1974
50336 44247
79561 45180
91672 68106
66373 14179
17657 25500
85348 89619
56397 91360
53802 46121
48625 71931
49326 10838
85495 40296
98461 71165
79428 60150
11541 77273
34547 37384
62123 44693
5520 36116
14278 78866
87965 40517
97 70756
54608 57434
81581 32597
12755 61028
99916 15009
5667 13804
46040 25
15826 48618
64762 73728
68582 60239
69875 52977
77975 76796
75510 88151
15412 53865
97964 89619
21055 6015
69423 85145
92684 8094
29935 15603
60166 24312
1584 37341
67947 53940
79242 73255
95403 83660
76840 56183
95980 96399
64649 53316
201 81184
90114 44988
95694 309
3322 5374
45758 59896
89133 34561
86542 78442
27050 74796
35143 8315
23477 7771
92423 93171
33509 2369
36577 54605
94631 39456
51608 26038
3353 96850
72744 74834
99280 260
50014 8248
37139 54518
74586 34705
15293 45212
72916 91197
40543 66624
71573 68557
2587 83165
85241 78954
51050 23749
7220 51373
30007 62749
99849 80069
29186 63324
85460 87572
89535 87727
96226 50034
48468 77528
64500 78633
54270 26378
90432 17527
524 58767
2384 66543
37027 15810
23456 55000
25912 93813
14820 69164
11001 59565
97056 95482
75973 83841
81326 70885
56623 9886
37660 80004
48735 95526
9163 39616
22449 89036
17617 7128
34676 78201
57880 15808
50475 64043
90237 61437
12208 87857
33937 90155
22476 3408
65692 32216
58048 61569
39861 74438
4032 32144
22539 30732
10547 81567
49023 52182
54228 67169
31015 61889
52116 30591
60717 72416
5493 3638
13678 33306
56240 99127
44284 27977
15440 92806
2365 84444
59285 15900
57545 58902
42867 3717
89071 23628
83376 25475
99025 81739
9481 75241
47619 28049
99373 12896
78928 84303
34784 95397
81685 41453
33722 52873
81892 74342
91686 15440
74755 38599
5892 27411
47786 43060
70439 18398
23625 23108
31383 29810
44031 31360
58159 14852
82340 38984
7680 73500
99456 23310
53645 67543
55569 12312
21293 40486
12266 52514
43981 941
6862 55802
60235 45861
51129 27523
28060 98330
86263 73746
80774 71629
51883 79380
98855 64051
47818 4614
56588 23796
7197 50843
62235 94733
43779 12922
76234 22670
11884 63454
27013 15517
95871 66452
35724 25778
72725 25280
59154 41465
3995 24504
22015 91667
26580 32199
51055 76180
85493 76940
89041 16358
61992 30904
49034 99845
44361 97268
28847 86210
45612 55449
43438 91265
6389 11765
86534 33978
68830 93453
94537 17307
24757 33653
56865 47364
58299 83706
25001 73609
4102 73433
92080 660
93663 6085
68058 22113
4421 20133
80382 53441
7465 10995
66120 33719
74544 5182
65913 4542
40692 809
42370 18080
56675 42410
1453 68864
77598 97868
50740 64626
83804 5773
15624 222
38276 37696
22379 99520
45238 16621
31670 23403
49155 61900
70996 577
70929 622
53413 25052
52728 53364
85660 79145
81319 13429
66498 99432
50911 55389
67537 24237
86775 92744
16217 22850
79191 94539
33694 19843
37181 87724
19095 3392
73499 47717
96817 63070
37334 90693
16107 82039
1353 75214
35800 42517
4224 27608
90720 58779
73982 13133
45822 1692
75447 99851
2915 5570
6486 25253
31602 71208
91640 55010
15746 91009
27504 33757
61471 80975
59777 62179
20074 97964
13767 39736
77428 77220
60110 99410
37607 29113
48537 34076
99229 46750
26013 40405
82855 79389
69443 71758
12295 9841
36585 86544
35542 71180
84194 88916
32991 10963
40689 60680
41954 39709
18610 89265
48530 73143
66322 5507
10391 62594
30642 80459
99053 82132
66055 9926
43139 11859
20765 1255
85597 47581
78543 43541
73779 92867
94161 52938
27440 56393
32551 469
70355 70216
72235 39897
51569 62413
47979 97580
7121 28919
60008 24345
89199 92284
94744 8510
54329 77445
33988 94607
53045 89677
22123 42289
44441 96422
97181 65536
29714 16948
77058 5577
28446 95823
62545 17168
26097 79526
85113 11180
20436 14199
12059 37862
44065 14424
31341 65310
62665 66513
38713 4902
73518 24287
99932 68581
61097 21171
89927 15061
8933 52689
11649 96325
80002 27058
93188 6871
62259 26850
2364 18723
79872 23618
88939 40179
96421 41959
8295 96901
72657 44825
26202 748
45576 94389
29057 38223
92482 13804
38990 37289
36873 6594
85895 4391
80447 89231
26084 68909
89942 47521
56852 60177
94262 6873
8537 57150
88186 95049
12807 94419
41843 94204
26697 28162
4772 60718
64541 77329
89572 13168
30003 25788
57887 83814
35409 40369
63125 36040
21650 80466
82746 71012
80514 55863
33844 40730
29060 40649
45121 15199
35244 77512
83150 475
87110 83239
86048 32395
19053 89386
8399 54399
43860 61039
26726 43869
42753 10242
54565 86172
68557 11175
49663 97450
29125 19892
53276 64167
71788 48148
61336 79784
56727 49797
63906 70965
47471 67515
51550 41834
80211 49019
73124 85018
91027 8832
77982 97959
24118 45594
50030 59116
98741 94570
15718 54611
77117 47112
79886 49503
56529 28861
28513 14148
69094 1673
76144 81706
96646 39198
64285 34477
91949 78819
90818 55328
69871 67986
2376 22437
44208 84858
39664 74422
30474 12797
7885 27168
3723 26867
68360 52579
96468 26118
26011 83507
40667 92724
4151 27002
98186 83184
13022 67027
59070 79682
94601 41617
86152 93794
45027 66038
39087 37248
5707 76092
52653 48127
82871 3184
2446 41366
24236 17233
60020 52622
22183 22934
49525 1895
5655 55365
96795 66706
7392 19005
11907 13784
39033 80525
29407 60018
14927 55866
57076 45582
68736 65949
58717 89489
86305 98883
78470 15056
73625 36747
36849 41525
8067 10828
18932 57408
95696 82284
31257 94531
52578 25897
49886 54853
28051 46932
77779 7936
20716 85650
3262 60132
33582 63098
14394 2034
45452 73145
24563 93857
97583 27984
34379 42172
20529 48693
68665 2945
94466 79822
709 48068
17319 48633
42989 87690
34069 4327
17028 30959
11834 83260
31309 98528
31317 27921
42916 41153
80665 27219
38037 41641
38958 52641
86851 4353
76432 95217
80611 75465
80846 42731
76158 9267
71084 31948
16211 2022
87074 7749
68146 64572
97754 55386
11522 53348
45782 25636
60380 7393
76647 47823
49517 53993
11927 57661
61368 23302
76224 76384
19922 54841
20467 54340
4100 63730
34739 43363
44877 91161
2711 34927
98717 1289
40267 76491
18011 99375
9551 16722
6592 54863
86423 79983
80250 159
71497 69539
11466 22923
56322 74083
32838 79983
95921 46359
67448 70624
42235 18780
91037 66180
74677 28867
6950 70516
88877 25296
54522 62337
15266 40411
69939 55533
75495 74707
9884 62413
93252 15190
95930 37902
43285 86969
864 22733
90697 25126
18937 78941
69988 24793
9410 81125
84381 26627
53932 6688
86401 19752
25439 49883
77614 35456
2482 90554
54265 3897
80980 61459
53577 13491
27718 17265
46937 42243
58687 90130
19066 24721
75623 66698
44046 94745
66684 40510
66222 30894
95568 64202
44550 92371
72648 15516
37428 22592
1951 31798
26988 15523
76321 17071
33270 24604
83248 86003
28814 65887
20291 30687
46436 85686
94690 30630
73722 33117
22251 55406
96521 23556
1904 94932
51900 55153
25111 12900
45490 58491
2968 68481
82912 56720
74179 86819
68781 25360
6231 66836
63989 97519
30060 89138
70375 5943
34602 57617
6663 38980
61360 57078
95212 326
5230 2172
11171 79554
93099 57267
49130 16401
80319 94076
19222 26048
71642 21902
3182 85135
88124 10389
58381 9330
58555 30765
24964 70259
7200 32427
79989 4077
27402 35989
55513 52467
18537 86308
27259 23911
77956 27241
155 32067
64596 91238
72365 39220
871 29585
40855 9017
79614 96628
16182 97608
10030 17967
92953 27946
48387 4341
97189 32027
35673 56843
36239 97323
19073 58028
41605 14591
66818 80775
87462 50096
3477 20927
15941 68202
25480 76554
22442 25487
18812 659
6960 75282
13960 36409
11688 90268
40435 18605
42293 18507
56957 64024
66255 8750
10935 39858
38816 41418
34342 79596
44489 54808
91236 62023
89662 47140
9983 44507
36102 13040
19033 145
92348 57295
53830 44233
9777 58890
53681 2997
34951 5375
38231 67644
79031 50396
84906 77560
52044 94856
7471 1432
94598 42235
39552 84287
46105 99074
59596 30339
74411 34844
56786 98639
62809 97119
905 45025
27826 5619
21851 16781
18042 55253
66854 83096
78633 72726
32186 12285
26026 48666
59677 8044
84540 53722
76138 74118
3220 7906
78413 25858
78649 49587
12201 87916
61959 50306
51058 56416
90573 73911
81011 21651
46479 32208
16490 48939
80036 7291
24167 79586
40505 94175
78097 77383
588 52724
81024 93404
86449 58278
43332 58713
26737 60406
74909 19624
58406 22585
77920 53799
88769 36791
28345 80905
73796 99501
1219 22325
93160 75020
90706 99621
79417 91255
56745 65865
47477 1993
75108 96290
4944 20301
61200 75015
43250 24868
23310 12131
88503 49795
31412 34132
26254 46258
67627 590
53723 39118
7346 16823
43638 10599
19673 7848
8298 44675
64679 35890
64854 93017
62741 22550
4559 86679
76081 18572
9180 75837
48668 31709
35833 11872
98380 15529
54325 34792
9707 72642
2260 74737
37974 39919
90029 68238
59902 35850
13132 25281
31562 45059
7794 99877
96948 41466
50224 81157
93064 26824
33104 73153
81576 56759
84844 12464
43370 62758
49301 5497
30904 73414
15245 31449
96911 88767
18189 38400
43105 88044
91616 52115
45779 1594
6822 39180
31551 8077
69394 46229
87891 88252
87501 32689
60177 85936
93232 72820
56493 68233
73294 35973
25010 32569
65512 89059
86429 42214
20022 59485
11328 33228
26533 83097
75457 3513
40788 81134
4440 93904
61142 61129
83572 55015
14034 14828
11159 63528
11462 7306
86005 59636
44288 88397
20570 52187
58500 75537
29473 37957
75881 59462
77341 23532
12475 93425
95028 55040
75227 43595
85278 41378
80186 12993
60715 56073
15202 87250
59674 42112
19533 596
42755 54341
37099 80208
76846 91020
20673 27809
72218 98299
20709 9785
12279 85643
931 6621
91596 64493
43099 33092
44274 34211
79712 65979
54230 79650
69850 81732
9851 32599
46565 56626
33622 69247
89072 99406
73200 29069
39135 29334
70664 17224
55274 61433
39214 17770
10844 21628
71561 22946
14996 75832
62770 49459
21959 93593
36567 53171
71484 24544
50457 67757
95758 30466
2382 33279
94894 7464
80959 37020
83775 99341
42059 52044
48728 56035
21667 55815
85926 7438
69900 97310
3207 44455
54656 82578
95823 17466
72173 20923
2087 63464
94676 8674
71465 35846
38635 44423
23558 40348
66332 21596
40576 79656
52900 23783
58032 9432
89013 9188
74081 84179
15892 75265
15603 84241
76091 42913
46041 76638
91896 43930
54043 52315
5549 5526
19349 7901
2510 60950
74486 6796
13190 69226
39906 83205
13938 22938
20977 70553
40196 40288
73293 52812
88033 26668
44664 94551
45892 50847
17348 57350
78585 26864
28473 77338
31650 68426
36914 97928
52982 64204
20896 12504
34973 83911
9926 19687
27989 81956
55675 59109
10672 92284
23275 58712
83060 49501
19542 93719
94105 14860
53168 88880
71822 56926
30975 9507
16373 10141
69536 31333
35619 6089
56387 45630
31425 4340
63978 39819
33645 37029
40814 21564
63514 86486
74266 30359
67403 40118
45134 16660
80028 81160
39453 82334
21849 74178
92911 92216
26917 95663
8224 25718
51253 22222
2047 10368
70322 53008
79056 79059
9499 95614
93323 54559
2208 92368
85242 7850
66312 45879
3551 44843
93036 35956
79660 81392
81530 64958
40584 60248
52691 72161
43409 53466
79725 93114
44309 53341
58865 41692
13687 28797
42526 23981
66673 87597
98340 88521
21548 59759
44138 13726
25417 30141
96041 75023
91067 72260
19375 97298
57099 50244
23421 36050
94547 1521
38473 90509
79555 92373
53853 94390
43616 4748
31830 17108
12928 77862
35110 25986
87375 57672
95826 36525
36812 3691
90324 48057
70924 40572
27674 33564
39895 83259
16549 27874
81958 78652
98412 18631
30699 79848
87062 48000
75977 62269
73187 98834
69080 43658
59684 67769
48867 50804
24287 42371
89833 26292
12172 87507
41471 48151
33690 82590
69132 95964
14186 64305
7403 67034
40531 1257
71309 5463
74941 38457
4372 74130
94470 96328
97434 5242
93152 56592
32072 77108
81296 8864
93375 15161
31281 28411
64946 19317
73679 23191
7466 86794
91117 17823
85345 56075
75487 1298
20903 85985
53521 9281
96481 5641
65790 85941
18340 46708
47641 93254
17598 1318
2632 75973
85934 40344
99491 99571
33127 79191
63194 808
22417 30594
6829 53517
84680 12591
54897 88322
30779 40678
47378 68889
15566 13701
31627 91001
7800 38234
80015 19036
94438 19916
79300 28081
46454 41555
10883 20762
51997 65211
78330 89487
59586 53062
74921 26810
16256 68615
53800 34425
36520 1927
13920 60832
15581 48483
11981 59508
29494 90476
92835 4944
21055 65606
19238 42468
99352 43561
1264 78865
93941 45507
24079 63310
39964 3317
39684 68966
37258 11345
89605 82776
59982 42595
66875 67926
62189 3621
19845 74534
54044 520
75284 44036
52105 52466
82925 82238
25843 26459
14250 3478
5965 70607
19833 28580
96191 68687
13115 94738
12165 18479
32998 35838
59982 44186
13092 40795
61214 73930
62674 31600
74348 53104
94050 86295
95813 78066
29081 3103
49031 78183
87601 23275
50631 65405
40376 64913
44652 13940
86576 79996
10993 80385
27757 66155
43111 5196
64058 71664
89424 73746
20212 46161
15621 91779
64749 45066
34546 90437
26954 17320
96533 24815
43014 15216
28930 56207
99277 96278
85313 15621
70882 37542
65998 75237
11193 65727
17497 12985
82781 39059
47652 81341
28875 50921
6984 15873
93942 24827
55088 94059
76961 34200
96827 2642
42120 35523
52894 57348
41719 93234
58240 33505
81073 28304
31453 37597
67690 24955
81636 6274
1294 89638
37209 98156
27736 7577
38323 59147
82235 69868
66847 73092
49533 88976
67899 47729
83767 93734
59644 50076
40118 50117
20489 65672
17021 84120
67869 99432
44737 60190
30793 60710
43979 76745
73039 54206
47706 27295
19272 69248
47870 85372
74367 39601
77694 9870
28948 18954
44019 73176
72027 11256
32971 73967
72986 65178
28263 86304
17518 11335
36413 64392
54022 58469
66902 24186
96710 73619
66513 66461
73414 7264
36511 46283
15473 97137
56677 15124
27719 14847
70525 3609
37723 9750
93909 71793
33973 93560
30062 66055
88976 93464
64350 85817
37501 21184
52527 56763
52607 22123
33502 20050
52750 73195
83132 27386
24244 43332
28848 80545
64594 31151
3124 94473
67260 98712
3732 22794
91481 68801
46578 25261
29892 79549
63972 31154
47054 10421
18868 82475
50169 59271
1279 45823
83038 33794
72567 56296
57736 60587
55425 79317
26615 42426
92888 88137
30495 90142
72 33402
67398 81461
93587 64403
23337 51669
86512 59986
48023 60550
46439 5162
58132 78982
95990 36419
8600 61347
26991 32661
51470 65636
49720 34737
64053 33761
16425 90776
9122 12102
49745 64577
14876 51092
6610 37879
14175 2304
24321 8793
38394 77395
36103 43129
33041 84392
77570 1310
91803 92976
28964 97153
36613 63121
44979 67667
52493 90819
94600 1366
19879 90386
62160 57856
61500 74207
12750 93339
48038 49183
8791 81959
64566 35482
43668 92919
47214 67245
25060 37488
37767 9993
97655 75341
35821 63473
83668 39741
10141 15392
21492 70211
76974 84833
44420 68790
64613 85877
35495 81535
22751 51857
58450 90589
41547 54877
20239 92068
35309 44438
22874 85401
60829 26028
92327 7032
50470 56421
41178 39663
24839 5112
26701 54336
96693 44051
11021 33347
83895 33718
89342 67201
72937 22294
78131 88026
48410 25531
68086 68224
68142 65314
87014 88218
4444 23547
42708 21666
7248 46924
16133 24199
13066 65164
17075 83660
45342 35593
84428 43975
34707 74563
36273 92899
10020 28142
9592 83070
48546 96884
97163 6156
72303 87057
95303 99858
89604 31317
44830 50731
53036 20485
65365 56423
37959 56699
90695 10631
20904 81121
41728 52963
6135 5402
51554 25508
2960 16634
95076 97322
16259 8360
64813 45574
34322 9091
12734 13121
73749 1274
21190 44436
857 35507
94699 82318
72573 49285
77192 39058
70259 12765
85417 64661
80773 69053
3216 62148
49550 73721
60148 58460
66557 48632
77757 84304
10742 71641
70953 35336
96656 24459
48970 20924
84183 8691
10630 15036
13099 86986
84918 26379
92672 46173
4167 17407
83101 92587
5244 69188
89533 88331
43689 42934
43440 57667
2010 36714
81147 28434
88810 93317
96724 19527
55660 95875
82951 4327
24262 65490
7220 64363
29425 89556
14766 11263
46523 16097
1629 82117
58212 17954
62973 86832
5252 4695
98397 7817
82916 61938
81953 88046
22048 94362
66401 78798
5996 28809
99528 18830
91180 85871
97493 43303
49754 14604
50045 72645
79299 91481
20583 8745
94666 26656
53166 20456
84036 63520
90115 54731
20795 4426
6793 99373
86764 56262
35287 26272
42248 40463
57785 55912
37206 96371
16144 43838
18479 34036
19725 4494
61761 60489
88602 48665
41358 8862
85905 40116
30922 82991
89538 38216
46047 61009
18482 50736
90508 2026
27927 54685
95682 5908
52669 71573
97798 74334
4740 25200
25363 6986
31647 26170
78805 60464
38614 23796
18990 38586
93669 81459
11412 7526
80443 74048
45553 23656
41916 73398
9730 86981
13184 61318
38809 10776
55249 16246
95899 2256
62001 76318
27043 58768
29714 40938
75485 78351
26043 37467
49932 68982
77930 76646
11268 7332
65517 84627
67568 75149
551 36415
5421 21943
33202 7258
29485 76763
73175 40938
42486 59690
19511 31943
85377 87942
1638 17213
78235 17956
10922 31213
93575 51409
32992 62571
12345 90218
52280 40033
45756 84866
62484 11307
92366 25920
30541 36666
59295 26686
34606 44977
13942 59979
5527 19019
61099 60394
33979 67059
83918 64209
63330 54185
18431 87851
38248 38660
82067 69334
42460 44715
42934 42374
7266 83451
74179 4768
63282 20836
43822 14784
69782 28172
60251 93299
26992 77610
23716 20286
26193 75756
42198 74677
32739 402
79732 580
86273 42864
38003 26666
46906 208
17341 82585
9745 94926
81422 51256
67775 70362
282 61441
46256 36185
62437 29283
65410 64485
11593 6337
28969 51848
61140 656
94190 40805
65511 27357
20939 37903
82808 51781
59760 37456
62129 93756
3330 55044
77646 33639
97463 69819
94595 21953
4442 73306
69044 59578
5837 28730
54075 56083
28482 13128
2502 12803
27010 11108
87767 8981
26822 97186
21826 78920
86688 35404
28850 60686
63187 43389
70948 2829
33943 7271
81290 51969
74806 99118
13545 53112
84050 33228
40699 4276
71421 52843
56846 91885
15294 36910
4036 98764
12627 73960
14193 9041
99114 39042
11616 38031
35398 47706
7246 60235
46112 19039
93581 75232
11204 918
20323 26557
52336 88024
51752 50565
19448 93841
10924 13678
72325 35651
23758 63395
79473 75009
84294 61570
24940 79988
90524 9279
70906 87418
73806 62015
59155 54274
68078 20350
84194 49105
48642 49386
58503 91904
50659 95813
38613 45403
35166 98022
29780 28419
67606 84761
8416 85677
84128 63419
40840 6338
53573 93630
67984 4157
41763 66443
367 70864
71981 22491
34322 9535
36135 14813
68087 7842
52586 40660
25363 6088
53830 23510
80205 51983
97723 50894
63808 21197
33375 43770
45885 91818
53947 66509
50151 82371
34574 84718
76181 7657
92552 31160
37523 36672
15664 51000
5857 93152
65151 56754
95634 44280
803 67165
86543 40646
47101 10818
94290 72736
23843 83297
23339 62894
82687 5451
83583 89101
10349 46377
1443 29069
96161 25364
15781 24948
27135 34235
72420 5274
66401 22432
43347 5451
80213 18107
64410 43496
1916 43829
78069 72838
68909 47790
55731 81357
85071 17721
3896 9402
85378 40027
65019 19677
68887 79151
44617 65340
5907 11396
84160 65646
593 95357
36725 81121
81501 56080
97775 26741
73145 8040
4137 78431
33339 94212
57652 56615
93101 77045
20626 74698
10156 5860
84668 9848
20650 73865
94077 29911
7373 53493
39797 28542
10157 17321
54584 96347
92666 35325
46988 27758
59507 29594
37486 94188
54128 82240
91694 74460
59929 52257
31790 33661
50284 92932
2599 80799
84123 16323
41987 84805
44620 54957
19428 74729
12503 41413
23228 50232
99180 47905
68019 35762
85354 43723
64709 68139
105 16580
19457 47661
61841 30876
92363 36596
22849 41755
89050 560
33353 33020
59995 24998
34447 41548
77644 53744
77582 42959
34850 91032
65011 5212
28131 23073
64095 95228
79149 54590
90567 75215
31981 7609
80759 88326
50121 2062
11690 41098
70071 92077
2388 61908
52291 24795
43065 91091
80077 19793
54355 70025
43689 41084
12143 55822
18173 19099
80208 27852
26022 56549
71435 4353
27859 88800
85738 19168
70920 86443
65482 33744
89021 22357
92860 3819
13213 23715
65671 47520
2120 55982
95716 15346
11377 16419
53697 39896
42496 80993
95295 79707
61968 77214
39476 29978
44146 21347
23498 76521
42473 63499
64286 94733
11020 22664
34690 65378
52392 94494
38043 7893
14875 78534
47203 59339
95066 35693
24584 23736
28876 43922
39083 97161
4972 69099
2467 79899
49131 35233
59736 22689
5227 28047
22696 91490
31429 13127
92964 94040
73092 99181
45108 59762
44872 56218
42383 85618
66212 20666
77828 75472
19457 92750
2709 58710
44505 99787
76310 38883
62364 34553
14578 12552
39982 72054
36998 83501
4007 63280
67332 61581
87826 85582
12594 44853
44014 82728
79337 42441
8240 5194
79062 48864
3839 28694
78971 91779
88695 26111
23919 37522
6695 58030
88282 76575
8307 55296
25819 70064
64050 5798
46242 82593
15280 4355
28373 95584
11790 42290
87055 24656
49981 29182
25053 60006
41863 35016
65151 10703
8582 9157
96461 66632
75659 12509
76367 39268
68600 97997
20868 19370
10534 20198
53852 23189
17216 32172
99038 10162
60966 77623
74019 54533
50028 36533
47897 2820
75256 39430
24545 43610
20359 32191
48368 68486
58952 3688
70642 64537
55359 1694
20355 24284
39332 86929
36500 64808
63170 64135
37132 60491
53112 95351
27780 82154
83355 94319
88874 92185
44274 19983
58943 25733
42393 64748
76377 88555
50175 9806
69538 77758
34087 57074
47895 96357
61771 53032
14665 21114
51732 65238
43327 97228
68547 13235
97107 13758
43564 27149
64176 99206
31190 8196
2939 15950
52796 12940
17031 46967
40462 87311
70143 4817
56849 12201
19392 29253
6011 43978
88571 52555
13560 30712
51032 70996
584 91978
27726 40417
66078 20718
77772 57545
38466 94083
30932 50711
41808 85920
54298 37610
92663 61100
27945 78452
21980 27331
65790 15932
92180 46039
54539 75068
28013 62541
33621 67235
96069 57404
16823 30931
57873 29234
35837 30372
56920 32206
47178 54432
89686 19079
18482 86277
63418 39715
57312 93574
85511 30753
58258 88362
41239 39408
36600 83212
43251 11765
79384 91001
55932 585
96301 28821
28166 10105
19427 10390
50040 74436
73405 89703
28077 68961
33392 89159
66293 1334
56549 18823
99061 19074
97371 20976
4099 77652
85890 85051
64267 57905
80321 55254
44300 26418
59216 35526
49596 93603
48159 81343
59104 67174
60142 86926
54869 50318
28819 43888
42346 19685
49271 31800
98627 65318
4025 60461
63000 47939
14089 37897
80243 68768
49710 25467
75862 48150
52577 44518
48947 8017
49968 34048
90418 44723
35484 49204
93742 19055
38843 44064
2360 44590
68182 21784
84019 74125
44780 50497
44470 39613
90446 95159
62509 93186
37473 30119
92217 69141
64543 44437
88267 59650
87446 7960
60621 93322
36359 5145
62457 77058
74280 52920
93151 92275
28675 80455
58948 23416
42165 81485
64286 68259
91375 58244
98041 71416
70905 46618
41204 69743
56298 82036
84997 69942
81169 30919
67377 80142
80463 50718
52885 36297
14523 93047
91904 31891
8349 76389
4310 76582
71571 49391
62254 87059
15919 99536
96405 87680
55382 45909
12106 78181
32866 79042
51391 942
91362 52685
94878 46556
57333 32385
99778 28708
17106 55677
51194 7822
24868 34675
46569 37847
96614 14473
49545 6607
87979 90331
88195 47004
52600 37495
78808 87382
58440 30719
36476 37897
71175 87051
58933 16406
7768 20644
39360 85649
51792 13578
30285 37476
99320 93360
77214 53035
13550 2362
96108 67255
48068 77254
290 28075
95392 68736
66848 17666
88571 95212
50265 38439
22338 46784
97813 34747
93080 89063
60208 27698
86802 15679
53305 13654
68761 52572
66068 34755
77100 10531
96440 85641
20475 67951
96370 94190
94413 98704
28801 99049
10331 5831
73879 36456
59155 60140
89278 64683
34326 85288
41361 19046
38105 38811
79166 53091
9768 791
30379 46846
41951 18531
50318 55335
38735 10969
44148 89860
81951 9320
76251 75628
55112 38578
90071 33516
66680 62223
2193 84038
5264 2057
1379 72110
22886 61054
317 6859
79268 80513
82020 16412
65959 97209
52429 89648
35808 97057
24198 33708
48407 91014
89710 67946
39107 62476
75288 29300
74643 66026
13068 71149
40712 19913
52614 57640
60120 17192
4629 59663
4141 34843
51901 46717
8868 21320
44502 1956
68847 64105
81034 42025
12659 24076
3771 89347
39147 74710
90811 67935
9475 12508
22065 7295
74973 29192
71387 52118
11280 52666
35847 32205
7780 19748
47096 8322
15735 83533
19207 11396
77531 63375
15232 11736
47669 9402
98977 82583
72192 77519
48798 91213
71944 53445
5152 75420
86736 19719
38305 94839
95404 15987
40657 97415
81095 6909
17492 70986
11775 12650
51554 1903
85508 34102
9606 76187
60221 90414
63264 11111
94338 97334
29987 63103
47491 90245
94487 84612
87327 67876
25784 82507
65038 30739
33013 43581
81336 28196
17170 24981
94780 2430
37158 73541
59370 6843
51518 16561
29449 10922
26456 16178
50354 17006
55337 26260
33266 28349
38232 63640
1068 11873
69248 10867
49749 78459
75314 34701
58807 63483
1393 68227
96398 58089
73588 54022
90542 2976
54791 83546
90843 89293
92874 10328
19663 8788
17040 89196
79607 77035
49634 76599
20342 28510
79322 36526
14401 45961
19560 3801
26850 79361
89808 67253
46486 83051
61130 83603
96495 28675
5345 95030
53330 94583
87637 99033
75417 3370
92409 36775
70258 63249
41237 8801
59006 77145
29029 43644
2771 8863
56152 43232
5275 50518
44594 12490
38259 23077
74602 36298
31085 8134
18029 68102
47822 42153
74073 61430
92016 87023
89539 97829
11201 3343
23217 48150
96035 10036
34849 41917
12906 26108
94048 44002
34689 90587
89524 90818
57573 22134
63795 24557
7048 48937
92329 76553
24367 74050
9558 72813
81013 78659
82478 75751
47302 78051
5911 5303
83460 86126
41006 69138
13638 83297
48419 11136
97716 69103
60632 7133
90156 99294
8037 33244
79776 53610
81975 68607
81302 78338
40141 62209
67751 36742
47898 28332
21888 61615
61190 28227
73860 31975
21805 54650
7175 98092
21662 22392
58548 33362
38973 23164
41513 3198
63201 49525
29622 68843
51127 43433
5986 19689
66877 68047
58150 83481
34952 60437
64399 47890
97886 78618
40672 20479
1533 7253
53262 13343
86802 20460
43810 53444
22723 86686
15707 22517
57958 28538
47497 25483
50503 13381
37523 66743
90086 64440
26226 17883
86166 544
47604 89005
82432 97373
82906 6743
68222 41155
98042 9593
46848 62683
72573 46278
15818 16355
48034 29538
3828 19018
13850 19435
17321 95157
56906 91021
83336 87869
52428 27020
13062 99567
69101 77342
36651 48618
72017 97262
21296 54884
13419 74875
25671 79142
55269 96694
85235 5707
81438 36264
61483 50789
60167 90665
64188 86872
86693 76234
2244 4349
6899 78764
67800 46785
43612 79943
31294 36867
91685 97220
12596 10841
41537 41091
35783 47436
64059 23030
16221 34551
60336 19780
70348 28172
64498 23879
81792 38735
68230 43214
14713 40377
45575 57308
63306 54806
53185 97319
27420 87623
48118 21370
65961 95201
80157 59411
57569 70701
58686 79750
68936 26150
35479 18712
94966 40638
48954 37060
1398 81241
31148 90106
91303 66095
23944 43931
55262 87471
55642 88318
69602 96215
51685 39343
26703 49565
4349 85898
7924 67049
76782 31620
36053 38136
63379 64899
19913 95611
97471 93025
30556 5942
61048 11149
69199 76033
18999 12329
29203 31498
64585 31309
93426 32113
74961 87171
20742 88779
13988 50761
58336 36320
82891 20722
3266 93133
49220 61637
93029 50019
30690 11676
99604 41958
2569 61383
68015 63854
11858 84167
17962 92553
12365 95059
53931 57431
15930 21974
4783 95629
41167 45006
7781 52275
24661 20303
39505 29478
5003 37182
86443 66647
59170 99607
68926 43273
74591 3080
4137 42327
48572 23539
32353 38604
21094 64304
79117 83880
84480 1640
31209 37090
9119 95835
59108 16033
7629 5083
78881 61634
10343 28367
20570 86581
24159 86865
13752 86688
48634 46193
86588 65434
91858 26639
67354 43345
62325 54756
61273 88357
18628 49210
89428 42058
5525 1999
41755 56458
36434 81399
14611 85441
53272 18327
29394 9695
91545 23531
86500 23498
474 85792
18985 92089
66294 85338
30804 88666
36089 6992
48941 57677
59205 67467
20816 3910
2960 79403
34540 25679
40516 20546
32645 99683
20830 48566
80051 54709
28240 99779
88257 23463
99968 83255
64686 21395
5414 93557
8303 24774
9138 36371
16971 64767
5475 35547
59582 36789
20945 85198
48023 43054
28100 84668
21209 77609
8026 39597
40094 56373
91333 48763
24975 22231
43275 57302
53389 67241
37092 5087
19020 77461
89504 1869
35154 45086
14335 91851
66301 79191
32118 43287
49274 45769
21265 43557
5839 65330
48779 41051
64433 89377
3991 68882
28207 53883
60187 1179
69605 52025
9744 5847
37002 27080
26115 3902
2819 8967
5335 46266
9933 18028
41249 95529
84983 60704
35690 70590
96037 87070
86033 42239
2799 23992
52263 27689
96639 26802
7888 10664
37431 41701
5768 55552
5705 93021
47900 47015
16989 70140
58861 4360
91022 79829
45137 26369
29933 93873
20786 96485
37661 18349
85196 93820
93781 76378
27251 95582
79873 74268
91211 93212
9889 30124
15118 9367
55433 60214
72938 32903
53792 45148
73792 24917
67681 77585
34790 81665
17212 15614
11526 99261
45846 7776
28765 57359
77637 58088
7261 8819
56917 16058
55371 64119
61893 72270
89473 39102
63499 2451
84365 318
27788 84391
68593 95041
97797 89184
57153 96232
5125 17254
76232 62083
64656 80182
82019 65690
47549 53473
54500 11399
25 14794
71152 61978
14499 28652
61282 47764
74029 57586
35430 63724
30593 44989
90910 85325
18586 20802
58561 80982
94631 44745
93463 14360
87083 97263
90942 63100
99391 869
68776 37467
48943 26126
41915 21507
92409 39813
80047 63801
23441 70805
59508 38386
96352 65791
97545 78776
49408 18520
69254 66475
86338 36744
11059 28221
12328 10507
12303 33461
92523 72372
13994 2445
44950 83910
1930 98004
92905 42297
26954 18157
24247 47195
73591 80046
57064 85868
23698 29058
88024 71104
41072 53096
54358 96705
92477 69361
71558 49195
65716 71141
31775 61166
31657 66047
34894 83728
95103 9037
98513 22824
58802 90193
84381 38052
77039 39810
5145 87684
58135 43788
39809 27228
67584 4012
21187 13846
33971 2517
36325 26510
42287 28685
35901 64756
23237 87408
73016 64206
70394 78124
92116 54579
1352 2244
89189 15665
70268 110
80980 28359
23866 72181
90843 50892
13205 45943
54890 58982
68695 31591
5477 90580
799 82924
30276 66405
95902 16929
71378 59647
52889 75571
56847 96857
90346 42374
41486 39296
85183 18160
51095 28470
83642 62332
50438 34382
58927 54089
22698 8786
19113 17737
67559 74173
82117 47970
90837 32226
91860 71344
78142 82915
45534 6817
77732 87386
86682 32375
39832 67475
40823 65642
6180 85648
4087 32708
17539 40932
32462 35395
88515 98041
53575 18618
82122 90250
70143 2640
99822 49033
50632 84447
45884 59482
50792 70614
77362 10134
45879 63288
15684 4042
48741 13595
45019 46837
15569 89642
28049 73549
81715 24356
50518 83707
48275 49114
6510 11066
39951 58773
62609 54076
89529 11373
98986 49157
40151 5299
54329 43502
18050 7528
55793 28323
78567 7012
70938 34277
21961 33328
87504 18154
66780 37836
18722 73848
6860 34858
16020 78925
72884 86832
69757 79578
35208 17787
50826 98723
63563 79191
73433 67137
3641 75687
33215 38976
56703 62499
17027 46977
32062 86357
12256 79769
56588 82299
26023 46384
16626 79081
14682 1827
66063 44836
24563 72931
46771 22631
98107 24276
7525 99362
19 2479
33086 2102
18286 77472
7372 75258
41717 76936
99536 94905
71682 27484
47296 62610
21925 41444
68229 49719
78050 60925
13534 75502
98161 33208
86172 25043
95421 56217
10116 94548
2246 82072
17744 94163
94015 71843
62574 90984
70000 92026
82943 34493
11317 33010
89433 3920
6749 45459
21798 69588
40812 9466
63683 57552
73081 8184
57474 97470
66673 72880
13480 5869
45778 82621
53648 88896
80785 58922
10246 49005
74356 22808
44940 44895
64729 15707
13784 46357
62861 19133
88180 76928
40982 72218
23389 89001
27754 49283
88517 87529
64437 16539
10706 15214
41527 86653
26588 34492
34244 80563
36978 35594
32674 37536
75190 41505
17390 5272
13052 54945
34359 34563
36911 23068
42594 87997
54061 65561
91076 36505
50406 69266
83755 81561
12800 74806
94326 40248
11222 82504
39672 60416
83284 47038
90969 20628
45981 94371
69301 53576
54982 24373
65787 24643
29944 56295
13071 84964
66641 30208
5896 19258
12612 87259
71283 41835
62004 36613
53582 93422
64957 69315
17358 20081
23660 68169
18553 16147
49569 35299
18797 82699
24628 96400
45015 81183
1166 6754
85309 68078
33803 52607
43381 58791
66175 63363
31051 96143
15470 51580
21599 55328
81745 5005
83940 75268
93560 78859
37187 14302
63011 18851
46454 18049
9576 11986
36205 53175
46705 57387
20236 17723
4890 84821
96843 22047
14807 61130
8405 54055
43212 53402
92425 24876
72819 52070
9884 65275
48986 8037
75605 81459
88418 23298
1648 82411
22273 2299
2204 48361
68673 4
58973 88972
51679 20258
89962 25122
41836 93585
7184 38515
80656 36095
92397 79509
7394 17998
2486 29205
65937 65238
32017 53108
44510 81280
58172 98727
98015 11852
2596 78167
52318 95340
21551 27711
72056 75143
4179 34225
72863 8375
24412 83153
47865 54315
44586 17624
37694 9318
16144 48210
50365 41598
81111 2561
93784 52862
92761 15832
28707 11716
89542 58560
6057 80259
67906 24438
16231 65347
39557 39851
24495 85212
18617 28739
5799 53567
70912 35543
43911 53165
1100 16115
94847 84029
43237 6808
33358 37594
96967 86715
61324 90051
38849 11236
25153 16010
49238 50320
85771 21045
8608 30800
36829 78400
26088 54056
18874 34905
27727 98384
49150 99651
89577 74966
12789 74388
46909 44379
66114 57110
33862 36337
378 30793
78197 23747
62246 3456
28812 30382
7173 27136
71940 90176
903 66756
62760 82432
71667 31163
25432 83845
45538 35784
98663 64765
40577 42498
5470 4616
78227 87122
85687 5787
77389 99223
65570 51710
57305 78693
32291 13678
83923 34977
12690 7708
65967 2439
21081 74571
46289 61733
80218 65846
75059 75613
56103 97480
80771 96615
29384 48578
34178 21964
88569 12984
9382 98988
81864 64116
57016 69177
38203 23314
22327 62074
73 25154
36596 89161
61980 53674
12532 23829
88597 48385
50865 67457
67144 29941
20793 59075
155 24614
28909 67750
94828 88809
87332 80040
93320 6853
4933 8573
50101 52633
86320 79146
13225 29076
69078 43946
11248 42780
59229 89677
79626 26408
36669 98708
39082 97670
84325 75479
47000 13910
74966 38591
7376 98956
49735 28684
94721 40210
99168 9583
46287 6244
44575 78129
23186 27538
2262 38379
22517 55233
65002 35916
28439 20682
52470 14487
79789 46874
31398 13377
13118 51409
69853 90647
56134 63907
55439 20982
70964 98298
45191 55633
68523 59249
40130 71471
4773 61466
23059 74859
69931 890
64701 14386
72702 83592
15100 33864
94194 5777
26332 75715
5965 21559
16192 41519
17773 72749
1341 22888
89503 78653
33852 74019
76008 66050
19451 21829
33920 39118
5709 78762
84178 97701
46709 37952
10142 99488
66159 6825
97080 63596
9544 9053
94662 520
10913 44485
93541 60906
23119 13313
6052 63195
98430 63747
74439 19094
29002 66418
50149 61549
7396 72328
68171 30724
72403 99989
81432 75284
96016 55545
60863 60297
40265 76109
96424 50085
45631 91899
36110 92283
2056 31074
19522 5620
70989 63891
88423 40590
80877 16374
88980 99863
59992 93222
96277 23350
8534 30033
28714 5731
13438 77529
77095 56042
53695 80693
83346 68877
70618 69488
25033 22335
83813 16937
99545 33225
78122 35410
15208 98216
64038 92146
64875 40621
57482 2147
17232 10428
45822 62356
12214 90574
86681 21799
55376 16303
47690 15572
8647 70112
51602 64005
96501 5270
53415 71608
80266 58553
25747 93088
91338 69734
28915 8421
34796 61518
11449 7551
31389 90261
89099 48190
48827 81779
67105 44677
13467 91222
94602 59915
25412 65982
28936 89081
69394 12448
8175 80526
22931 99268
25354 83102
76333 8903
5207 7310
85942 29978
54502 80890
37915 89537
68253 43696
48666 3604
71959 73203
7335 22017
17888 76952
82347 71016
82587 12812
91200 86302
78524 96108
52470 139
17487 68395
90898 82732
96559 19024
67626 3889
49743 97877
42218 28640
74005 38185
33713 15440
1434 16783
74837 4335
93067 5117
7067 35325
31499 6782
40896 36751
49807 13296
73907 69996
69152 75111
29432 73811
27197 12136
15430 32180
23190 37039
15530 16370
35122 43657
77282 55975
12874 53947
10851 27680
44267 70137
39348 9117
23640 64271
53969 36819
31014 64028
92392 37449
51839 78834
91711 91006
69247 63800
99628 91553
49530 30664
36987 97368
43316 46193
4077 77210
28295 82678
68723 98581
33761 58508
51223 25032
14243 56768
6323 77898
32451 15151
80919 93442
53963 77037
73959 236
32696 60607
635 37658
37563 85024
41246 6481
17147 6368
8368 90984
92594 72256
97092 86157
92236 99255
89378 37759
50891 27504
28422 98004
41573 41066
73791 1493
90340 27159
36145 85918
53157 11037
32212 28671
38746 23288
54418 95709
34568 80310
30893 69809
28426 55289
63958 28744
91628 45049
15575 5889
92656 59007
50347 98738
41932 75627
81152 46404
15498 62480
9212 12082
89480 14642
89973 19086
35542 13775
68791 17724
98234 95987
49922 57781
77711 33922
96426 80326
85473 97938
39509 71182
69971 10606
40993 84803
52057 60116
69691 67278
77118 13656
82152 51978
59968 23199
70336 42569
95823 4837
33294 91503
68913 48663
11346 43125
95521 71546
40383 69799
46123 29474
40957 85095
22354 7804
28616 43624
48107 32260
40751 33715
73631 92911
77558 87653
43149 9411
77172 22287
82117 47514
71638 7125
1582 94691
50874 64688
66913 88929
9077 48428
26379 46634
56846 43914
86191 12969
77792 28831
12290 50876
67868 6739
94733 94134
87556 80292
97999 1662
75601 99232
69593 39247
15023 93934
81967 80118
34204 50918
94125 5335
75180 92532
4896 78761
58088 21049
66025 72469
16650 65098
32734 49275
15618 55343
61897 34988
19412 75941
3943 81969
43000 36573
92105 73635
44153 86875
39478 69169
7671 61431
26728 49309
9829 33599
20714 49247
94027 22483
13505 95552
37157 86152
90368 7424
70050 44902
89362 15730
40997 40394
48468 94715
968 52453
86903 95574
67252 85114
27491 61426
14539 5092
30767 93490
54750 30094
69802 78476
77143 38457
12789 35051
59153 3449
6151 82574
45722 98648
49704 21510
37272 69010
25430 24667
58465 2680
43427 48104
29857 37933
9556 54427
26424 35180
21284 92662
62330 59104
52511 43281
47597 56841
20647 54293
98958 31966
73811 90402
82412 26982
59499 66538
20684 84798
69869 63092
41795 96982
19019 57882
54527 32180
92331 71723
25855 85903
13573 61994
6038 47957
20713 6445
79212 15685
94486 56414
65245 20022
66500 48414
46552 24399
69947 43197
24608 75180
8730 9475
76047 24320
77553 15211
89486 19853
86727 2306
17759 60077
83989 36908
70291 29869
50472 26752
96500 50317
50499 44423
29853 2977
94587 13504
21788 73203
92889 86687
57879 74878
21116 2570
62596 43924
91124 19707
24623 55354
46984 225
86968 37991
41137 74654
9746 69800
24637 96138
76550 96479
33389 1263
87246 84735
30198 24491
14522 79826
17028 16113
86798 36403
84211 30568
11138 49076
54164 9194
1665 33946
54990 5958
86378 77596
13242 18271
19218 9223
64774 38860
91104 86845
39987 46166
6896 38417
26328 59452
57393 69004
31036 32690
61223 17580
7135 17213
68489 89024
98450 78265
6628 10573
25786 19091
24950 61132
71985 80272
50740 90569
54117 61956
81348 66917
78904 79100
91716 84950
35614 2933
17729 50050
86754 65090
94209 64967
36513 38121
56762 65782
44973 72103
86520 33107
8427 136
65243 87831
76277 7087
84502 66926
24410 83668
66962 73498
14073 84481
35240 14062
48841 63093
77707 98099
70196 22177
63036 6982
16344 26285
67892 29656
56997 2836
73085 81901
10881 21539
18905 63166
39527 84958
76250 56823
77443 86812
7592 80921
41112 29766
57695 6617
51226 50172
37998 67903
29524 70192
56632 74664
3652 99816
4887 18117
51194 88672
78228 30138
45021 84166
53904 3776
91621 2973
31935 75203
78050 51994
62504 69604
57268 54890
28646 89720
94096 92778
49226 19047
22498 29453
45142 26798
6917 76826
77219 3965
68589 38028
25788 60218
42525 88080
33985 81949
45713 25386
27205 46130
30166 71600
19025 95994
12717 56045
19231 88297
97036 3040
70143 47785
52092 21210
76373 23158
8828 90564
11577 38465
12252 45239
90549 23085
31171 51553
26763 42613
3626 12807
22413 82468
39487 60221
64963 87515
29763 13744
56488 9198
60460 76733
68205 13287
18436 39287
58133 29538
97768 13125
34647 76336
34953 4865
44672 48468
5103 3674
30030 26537
77329 63795
75798 64057
26494 58722
95070 48295
38135 86353
90244 38791
34994 9729
65365 52769
86425 46722
31351 2737
26825 44572
84896 19754
38388 73290
11516 29262
43903 31642
46667 85111
62500 44238
32480 34898
43633 86909
81411 80511
49512 94194
48464 53074
54909 18860
99958 76053
62715 42077
93145 94404
36447 18220
85105 75183
84955 55123
90633 56987
12277 91425
51136 3874
38181 40056
15435 1262
11514 11024
11345 11394
94230 22067
24078 25201
47309 68447
95120 38469
87851 54247
55453 81497
77835 7634
76139 39455
69088 75675
10183 32732
71856 71215
11919 65191
72179 40722
48056 26509
86841 22970
22824 67760
37665 61490
70524 19043
28611 69721
56676 34544
92135 52896
92610 80210
81068 88496
44559 24923
43682 63106
17398 89679
7600 76068
13879 91175
28751 72187
93029 8720
89612 47611
60585 57001
42378 57521
53501 66921
2846 12570
50705 87446
76721 67401
8009 95822
78178 94309
64668 89666
33665 89064
28087 27382
31413 62369
91961 72803
33655 45171
23765 78966
40181 65172
66610 96142
14448 70383
67950 51201
74142 44226
85111 79095
90377 41793
25809 16686
68205 44529
32435 7957
77086 29166
81097 36657
82528 11045
51347 69242
21645 42618
9125 91711
70451 29412
95333 36414
36627 31660
33777 42221
30531 43090
83094 98068
55085 40936
44281 87792
70766 48340
46930 2994
31992 56658
82604 29982
43504 72112
44743 54861
11600 56177
9526 24907
96390 13195
16322 8857
8116 60457
41284 99436
52014 8297
49519 75692
40063 30142
87332 15638
62116 57295
36059 51483
78255 56343
87137 46079
46597 67683
77716 83098
22177 21559
92169 95994
53903 3497
85351 27616
67249 39524
54538 18718
26590 93351
76992 84319
20926 30596
8431 94431
85679 4161
29965 72239
70883 25082
3015 77939
92832 1437
71867 80835
66334 81420
60541 78701
3565 95839
57174 49809
18508 71775
75232 98436
10579 18860
57323 59150
29034 43096
67356 98188
67631 38058
55625 88142
6773 62397
48158 23418
74367 5214
68762 77191
713 2833
17171 17475
25760 52716
46510 16174
40932 76186
24232 92509
64429 96633
23216 78456
67651 76381
93770 90235
52101 22571
19085 41689
61859 40094
89254 68596
47940 92614
38963 72839
5889 20772
45769 79900
98856 45392
43727 13302
62106 12627
80384 60329
64333 53453
46797 48061
52682 85680
3769 23502
73712 83651
52699 97839
61743 89152
59263 34658
35726 5110
87525 17505
84615 77671
48769 82553
82917 36619
4281 29098
33388 80140
26987 56776
86737 20488
80452 49725
7006 83378
85833 81700
41488 24273
7442 8272
82265 54688
53258 46595
82462 26252
53905 34359
39161 92665
23866 28601
78104 1534
37837 69384
42204 23716
73894 86395
48412 31466
26900 6232
56703 31172
33371 55902
68773 97560
58706 6204
41023 6016
18566 59607
44883 39210
17525 97992
33145 83643
19060 87804
56128 71911
72106 13842
83177 11291
44883 46048
12939 71348
27389 78095
85582 26213
72910 61594
80848 38933
81276 70707
98019 61278
9875 91391
27725 24816
60723 50613
98662 74251
38032 69570
65629 29193
93104 32295
52756 66546
34832 85242
81215 93477
74016 35329
85386 59382
25090 38042
64784 43882
52207 19958
4388 52029
24306 52793
6188 57564
38155 22812
14272 94667
8109 81675
80176 4193
96768 61768
68668 78663
84160 8038
35065 61565
72700 11918
33651 38549
12920 40125
93061 68438
59371 53892
82722 95226
46178 99495
66736 30608
29563 78207
72328 36123
8811 60696
96152 6544
8345 37587
34753 21820
2432 76005
87544 84893
177 53879
13961 5156
75790 85604
3919 85273
55632 24670
94782 41270
46467 10568
61242 71691
50725 67773
27965 16441
89066 79976
60277 44343
38650 778
16835 84337
58962 51832
73757 30499
68799 76634
87116 17538
21478 93933
8271 17587
58815 48994
56887 54034
35221 32125
14217 60109
29384 42262
85983 2887
68811 18907
25799 40821
65158 34765
16546 2020
54708 80990
25830 88561
91558 50041
45661 62447
11167 62362
43492 92453
47159 58642
96205 76941
27288 15525
39997 76215
55748 9451
6638 81028
7340 68530
70638 25547
28058 39738
13471 21847
48905 43384
71925 78054
15207 80820
91195 13164
954 55498
86638 97070
20280 8525
67168 30888
32237 28799
64086 52104
75769 61211
68811 51952
31471 56300
78091 44951
45464 31699
665 58857
66414 62916
84649 3139
63457 58729
38950 98392
29397 49182
32750 42446
19458 43379
74033 27841
10163 56558
97301 72256
63464 76230
18037 25803
94356 83913
97213 52507
6559 28407
63760 54010
50117 10436
90786 902
89877 62330
43167 4883
42322 19572
40290 62278
48246 39941
33310 55994
85162 92815
34905 7679
53200 1612
3116 93398
18457 60105
40612 22166
3503 47398
30596 16106
13196 84855
89537 76081
9985 92230
14436 60605
34897 85998
17100 86165
76051 72609
86409 97458
36371 24900
12546 51621
16113 16750
21232 21712
55232 45580
5441 65097
96137 60096
55286 47962
58342 7901
53253 61955
41607 13805
61623 65815
76912 85547
83883 56538
74105 68010
40626 17834
10413 27148
72369 80659
75851 19179
71266 97849
65064 2899
20051 882
42315 66822
73829 68553
89296 21943
10062 47037
76774 62159
30488 89375
82353 63116
40608 78552
17480 85853
22679 65856
70744 19207
86724 24136
63711 11619
23969 72049
13906 17693
37466 45811
22967 30263
48785 98135
53228 4676
71164 19965
958 94221
44741 61143
39891 41743
76969 34252
23969 50715
99226 18838
58420 33717
7581 72612
19724 14934
61965 56729
88828 50922
89142 74699
93708 45427
72954 61317
41560 52132
30000 65701
76080 59974
7712 1311
83862 65462
27912 26712
36162 96357
80186 72939
34337 78871
31132 33992
76082 9157
71750 5744
9320 44475
18791 40858
363 30490
88833 27890
63863 47511
26665 18068
69434 93562
13448 95285
42810 76960
12540 27931
56078 43514
62039 41088
39136 80492
49951 46771
16145 83407
20813 4054
39925 34031
75374 89057
84723 78157
72357 80286
45926 86814
9959 36555
52702 4458
26717 9883
62560 82414
10918 20053
60962 87386
6482 76979
1168 13300
90664 69893
63626 9140
39937 65580
35267 70822
99562 5439
13220 96299
72294 71273
30759 96376
49162 82024
69724 83061
59840 12176
99271 85022
11012 80230
42016 66854
31082 94822
32561 4144
73590 91038
37564 18516
30658 38864
76403 53472
96412 34740
43838 58452
87845 22931
94552 80485
36595 42381
43698 69659
75055 43444
63951 48818
17336 50831
10822 47709
34911 29752
8196 61854
6825 14270
30407 59216
18896 26212
9156 34558
55938 59040
43521 68968
40256 14685
59100 48293
84960 98745
22978 81052
65612 73256
16376 47017
55649 35183
47606 30719
66417 19274
26696 83776
48417 550
44395 29063
84460 34023
12694 30622
24766 5060
68238 40616
64537 19398
18640 27320
54580 12813
59979 14424
36311 64267
44675 76964
63168 68646
60144 41004
12097 21434
5565 72309
80351 24501
22665 67961
47861 11322
26985 52450
40975 29215
29252 62099
92655 19694
74102 83263
49868 10919
88653 43088
68046 54365
22287 77601
23987 49429
98450 67941
13229 48362
81027 88958
18626 43916
60576 37990
24651 23260
74974 46922
41749 68721
36227 59497
1507 34678
86508 46265
66889 51081
46025 61795
25299 43294
76668 89090
48028 25019
85246 22696
5143 13433
37274 35258
58410 31305
23504 95791
15374 25260
75763 22868
90193 87962
62476 14539
89427 42397
93173 55399
4108 79699
17598 89969
51013 30511
72811 26151
85978 18039
34899 71991
9439 84744
71651 2953
74584 1326
54458 2610
38079 51181
83338 40450
83457 90747
53149 62999
65057 31075
1838 63655
74324 41475
83788 89915
62820 20558
3226 30990
90734 89516
81522 13682
15331 13685
29245 52171
31818 55098
80444 40818
43101 89820
72803 60179
50151 50514
92696 79791
7693 4232
95064 9371
54818 40539
64467 12831
31216 16253
1803 46713
60790 71415
98393 87735
44933 14978
6376 88160
13570 20397
4888 57516
93320 53147
81468 79655
163 50498
87997 68786
40949 13324
98356 71426
96372 17721
4404 95199
71530 16412
64126 38022
17844 65946
44490 22440
68708 36526
79045 74921
13728 16296
39597 78146
83200 40585
44887 92127
67539 8328
40618 11489
8315 65232
57441 74940
81068 75520
83917 3771
99473 76009
20593 65112
18343 76116
83044 42052
24736 72634
24851 92165
30370 67913
56988 53170
84934 9062
84755 55449
80793 13829
95681 95706
43902 8083
53760 40170
11913 57741
51840 34865
7749 33158
21670 12780
57648 81861
4360 68491
1946 57028
14098 27508
95082 89490
89283 6974
93080 67634
21776 16535
61652 41658
44609 7807
38622 67029
31151 57867
3659 19138
28685 63619
1831 34738
21884 80100
43277 3789
31988 60670
9169 97902
31234 9718
71767 56355
74980 95590
78361 47054
74991 58873
14756 63238
70122 2127
23707 44343
37904 32575
80627 38238
62610 21456
74198 57229
79731 64062
90880 89229
29002 5852
55621 78583
42083 71116
87369 56858
85150 49448
82886 27577
92527 57469
96618 11338
62716 19787
98422 56215
57538 99686
30560 13761
93361 15544
75570 44568
25675 7389
20808 24836
73833 40005
49590 96672
75254 24949
2400 30233
75666 93990
90657 19955
57232 66565
92388 11940
99768 53841
430 2903
53766 13249
16562 68235
41001 56859
67483 30546
36837 13470
37926 66610
29585 85017
78597 60615
50362 7313
66173 95199
54078 40479
73384 69916
36818 37616
40468 15798
46013 57219
27203 23575
7578 73903
52777 15421
85850 54586
38833 37659
7360 46979
95960 38008
24131 3321
9104 79982
175 47425
92127 68428
96388 18836
27421 38293
28726 52478
50394 35359
55275 29153
51061 70709
88064 57040
76134 13558
71493 47092
15029 22835
50204 56682
74944 9044
17054 83427
87802 14132
28790 66915
42854 14049
21571 84995
4928 9757
50619 11600
38324 60704
25475 56297
6469 91507
56471 36868
76008 23030
50185 3817
87302 34043
93913 4502
89693 10568
56034 64601
62752 4730
13837 2745
30643 8509
6364 89358
52047 70580
58305 95652
52580 79927
35971 97341
92146 51536
20864 46412
56431 88445
60102 43482
60548 58386
33816 87460
72848 86964
26287 59899
54883 98238
74582 24931
44580 23264
32302 27732
9516 49051
78856 45532
77289 71366
51277 60924
14396 27564
87001 55558
64891 13804
42460 3750
55856 95416
98456 61942
5175 92214
57158 55239
85124 28802
69329 25343
9019 16202
48408 7414
61558 880
46416 71512
83139 97964
40513 90886
40355 9384
41604 78420
24589 44098
90699 85036
28392 17837
75577 74218
83956 77840
10950 88863
62210 98501
75100 91855
35735 17627
36285 38866
48846 44021
91354 50326
19603 99817
85757 98715
22888 64194
64768 23478
46691 74207
99444 27279
12014 94225
57820 49091
14439 48609
62415 20066
81213 51239
56441 85714
93273 9876
23386 48778
29778 97897
71813 72088
94136 51742
87811 51388
1194 11868
93294 46410
77408 17187
10390 53260
65762 21285
44447 89694
13678 23369
81441 82096
3862 87529
57863 71720
86208 46868
7921 29501
38372 34925
58610 12861
65810 63306
43250 32040
63593 55766
81964 90322
24737 74703
74801 75717
33122 552
76164 64157
66539 25032
98429 55146
26732 60746
22054 82673
50892 47035
64097 96619
59939 27392
84671 46501
77569 6605
11338 13535
73766 68878
50716 1997
32103 73250
59366 66681
88848 97755
93258 2654
19996 7295
68386 52431
84735 25098
55767 87054
6429 77418
4362 11061
66448 42945
10158 7153
34789 72167
77771 10945
65759 13606
86269 47068
94387 80444
91060 68040
89387 94300
70898 52228
46788 85197
23536 10271
98031 41
8632 74366
77363 42176
19724 70618
3241 11411
73310 43871
51647 50713
93686 71823
28534 47997
26640 85533
66468 95229
35483 48915
77459 33869
40315 89996
92736 76658
33159 33434
31389 29672
47083 1377
86351 41629
39784 55386
5552 98451
495 18193
54350 12930
64074 5512
70090 83827
70419 68882
9595 13574
78683 52216
57161 22765
98885 82776
72082 62991
36264 66624
88615 64646
6768 96056
35152 56513
6077 81781
95396 6115
4578 57735
82578 12354
39271 71852
20604 35465
99752 90938
55958 59414
87061 95769
64811 36156
96400 48454
53432 74786
9073 3410
65616 52451
60165 6177
65078 20333
811 95884
89254 40738
68790 53279
99660 12665
38990 51771
93643 52893
80846 21557
52535 54061
11015 5397
16155 64443
30332 83129
38773 89005
93828 28879
47733 75199
60972 41566
99137 29631
80978 29822
73140 72752
81675 59899
97467 72520
27262 534
54230 16049
42214 17124
21021 1675
19635 41805
8504 35113
22186 24686
47046 36688
28929 46840
85975 2395
32196 48302
95378 3961
92819 33963
57648 55341
70209 42202
73823 1293
53014 34332
39328 51685
60750 88358
54856 1457
21049 1440
53667 76198
76345 76647
71501 52681
19814 57707
93495 69622
24653 39698
87080 84891
84109 27155
85241 5914
75481 72284
12728 99787
27385 84557
19750 33463
60456 86715
45273 58974
33911 18542
22331 16306
1737 9795
13865 39226
30261 62538
58772 90960
9320 51912
44675 29155
60864 45463
64976 27286
24274 61666
96038 41183
3140 11338
80842 32937
36435 25219
85583 8434
34479 54359
20576 3950
21594 98626
63514 18434
87533 71092
59982 41385
45907 33234
20196 26483
83468 13846
91603 97185
5612 99434
48874 2218
6521 63569
37835 97818
32176 12223
98634 52462
1536 76411
70258 5368
13549 9828
24160 53409
13711 40937
92038 93058
8240 21136
66569 58250
91154 880
53188 40028
79847 30358
20163 91501
8631 22788
96745 22346
52829 30157
746 71056
88362 19099
21937 41746
83233 77578
36444 79287
21081 83306
32667 91418
14527 35648
22804 15368
11441 96741
73154 62053
41891 57254
56497 22919
82334 26082
80196 99545
62268 49360
55344 67514
35758 34294
12254 94524
21622 51
33229 89285
20685 44278
75437 36945
2942 20964
99557 57262
73193 11510
36717 39646
67265 11608
48949 24025
93583 17772
79581 97352
62252 81605
55323 66507
76075 13484
60536 21492
67213 17087
21843 88522
27082 20013
40508 11207
77103 21307
88186 83898
28826 23202
11110 12230
4320 11982
782 22753
54056 98720
99091 75638
19822 51853
91339 51972
38049 49630
3007 44060
53284 35150
72942 63910
93617 6415
38953 72189
85905 19621
59893 41167
84069 89001
96844 78238
99809 54407
57724 96001
56075 3616
26310 31619
65056 82121
90048 69443
67696 4394
41652 74067
54621 9249
56895 97786
97088 99004
18963 97426
2564 84610
5653 98122
62249 61451
85119 49156
63202 59363
77087 77784
48951 64555
66710 90864
92708 51800
67899 80490
52920 55890
86294 23033
57399 13911
64869 82724
79321 8053
65786 76582
39689 48659
46778 76076
29798 69353
78911 55418
44357 92675
77432 88263
91949 33794
99588 68700
23545 61595
46042 83096
93114 20278
4485 39855
17331 20304
56096 86854
48379 57049
93406 53561
51326 40215
19780 99286
59677 76194
35725 9439
21545 4837
27621 56716
5420 16035
45743 19143
30656 69328
99712 18734
78453 99988
14337 67796
25296 82412
33328 91456
91142 79785
62527 37516
79077 58958
98900 74247
50572 12182
75752 7252
54062 9131
35336 777
93428 10576
40503 54065
58551 2585
37834 53738
27657 13518
49066 34440
86765 90444
56694 38224
50011 23619
50814 64510
9470 2425
67497 11135
67701 33157
15248 13368
27477 30645
86881 42141
10245 13417
63901 1114
41984 98773
48537 54862
26551 95587
62593 56587
92237 61263
55953 97208
50137 32713
16506 14671
86343 93270
50275 34239
44919 98640
63269 97483
76989 23617
67918 76584
2207 58764
31743 2147
39162 12164
8014 46777
23582 37011
31589 73630
59149 96597
74689 64823
22944 22042
28308 74719
67906 29607
33923 44134
28275 29717
50792 89389
51526 93361
50097 98507
11171 80411
1119 30251
33062 51047
62184 47820
47102 4799
47766 8480
77263 56766
52390 37933
78032 81910
96778 73167
3502 18027
22343 91316
20903 29335
57784 16318
54192 79652
6185 87493
17936 2645
18844 55954
65122 45917
51720 47045
13271 78565
7157 56017
14002 88715
85025 65850
20554 12574
26046 3998
51819 7779
86065 38697
52597 30643
60373 52095
36316 45850
6230 96054
95910 43706
48791 39737
80688 16966
54700 7590
94858 41383
42592 92177
55190 52219
23281 39615
9645 23536
70255 59500
17306 81550
5889 64229
28 7914
65407 80879
81864 45204
83289 23262
19302 33258
64302 31807
96271 13826
98870 79886
81397 72068
21177 34496
25051 71630
6742 42587
70361 87727
37533 47801
55225 74604
64917 1577
19357 19133
27831 23310
29943 35185
41008 40958
98894 8198
10755 46020
19936 92594
79237 10622
79674 5149
27904 83039
82818 74468
38800 71950
92302 48280
94185 91974
91914 63581
35951 91988
1526 42923
62076 76924
26982 29521
87133 40821
22080 36429
41941 31912
78209 95765
92154 15220
99481 26609
71571 73293
47530 96190
93728 12473
3085 74124
84818 57106
70029 37729
63982 54919
71305 15541
12878 58458
12822 79764
88992 63331
41115 1247
16197 48939
78708 99467
82707 2002
47568 96352
35380 45003
81331 347
37765 32954
13941 77260
56472 58941
76992 2521
37426 20352
90325 32729
18349 5799
35400 32666
14487 10888
70912 86108
23570 60334
46040 30356
60754 65944
60609 34410
75586 72439
56510 99899
64479 24915
59622 7575
88123 2215
46117 53636
54075 96673
70395 73401
81818 88067
86075 89380
43620 16005
4014 70597
89275 49584
11918 1424
40822 4804
2603 37807
72189 42611
98441 66494
42414 9924
28224 19533
29627 23025
97819 13762
46858 31433
94586 90068
50516 81167
30480 51953
16966 41112
59525 89977
95267 44081
27348 31808
3615 65912
37646 34544
90630 73726
70678 67397
27283 75915
11588 17199
4665 72090
95266 13267
5118 73464
85457 21803
50843 64937
24453 83553
62397 11300
19205 47704
58631 5586
8620 19555
48686 83730
17803 81868
85499 10488
3236 63887
26157 14314
32752 17052
10292 38274
53371 65304
52215 32239
65955 1052
50511 81619
764 59061
42698 50118
70574 94530
77673 690
6069 93114
90050 92917
14177 87619
52318 6946
38676 49596
36220 23328
69799 67956
95213 58409
85444 19536
6998 63692
71757 27369
74033 14156
61332 27820
13420 19423
52769 43768
99592 93808
3888 95523
90427 2846
37968 60758
73870 88219
92773 4396
97536 76749
68646 16343
51842 23568
41983 40539
23897 54801
60081 39153
40032 55541
46445 54694
34083 90640
13757 42745
5252 74447
3707 12736
50713 99791
7160 95043
27468 56515
33782 10912
77818 41361
5198 6790
96949 56406
23756 13626
24610 670
56942 93525
25596 78924
45032 94627
45967 73880
88194 12901
20989 19308
82168 41104
67773 4903
16281 64236
3383 81306
83690 87511
60809 14605
42816 26719
90117 40059
85513 7243
88944 61745
33892 24755
37317 28947
91780 31907
78512 79128
61169 32509
64148 75593
94438 32403
24550 34150
85588 78833
26607 76897
60670 10577
86381 87456
10459 37860
38258 42847
21976 44528
37636 55180
84115 85837
9212 15018
87329 78823
59335 61902
77736 26015
45736 6949
66854 68810
31700 87980
12392 54544
8628 47126
15412 5262
45062 3370
92000 64533
95485 22659
72568 35913
99485 69262
89628 83202
93695 29583
96415 10126
4083 58044
8649 9421
66713 31296
67254 52052
49383 12442
50038 55883
51686 13691
27947 83919
19701 8396
22797 84368
89445 81446
89353 96692
97083 37815
35998 22930
96465 55684
9759 74616
54900 16065
73588 90886
95591 74267
65400 49937
11007 39823
2396 53761
16006 78736
15683 58675
16409 50852
77604 62999
98026 84264
84012 76723
18046 87272
68345 34206
3087 42984
78207 82630
40331 43198
47239 57003
64243 93876
89995 63681
6013 48363
8060 59538
17107 88787
29212 79226
33170 4500
66660 17289
79404 85321
75839 51045
32742 25728
12365 53829
16091 13115
83617 85399
2519 28369
3812 80890
83804 81869
80656 60325
49248 35278
77461 93503
61197 37702
5815 31876
53440 27324
21230 18342
17451 6826
39588 19626
61108 67391
87707 77319
96371 72509
42661 42603
92184 30492
23978 21237
68930 44102
14053 9564
84073 66777
29703 56422
37301 41864
37363 95762
16164 96666
55584 20047
21608 43209
70171 52514
65703 53317
45538 26180
18330 72271
94793 64770
69102 50526
52857 77915
48102 95901
37452 13414
69238 77803
47187 393
42314 14681
15792 28963
61469 16880
39772 36099
17602 6249
80706 76430
72671 78226
71042 46909
51853 49072
28847 26844
58937 37975
74577 71469
35238 24404
91524 16483
67881 57508
90199 66663
28844 37690
8495 86039
55211 42877
88545 97378
5242 8007
18907 5101
13500 5095
81595 51313
4845 63584
96054 60794
50266 37736
5331 99209
57508 36554
37198 2068
129 10148
18774 16289
41307 88874
43182 80814
40815 52865
36495 99180
70958 73733
87749 66591
18079 96611
73390 88960
96635 91167
27103 94779
52816 26928
98814 7217
61055 30815
18824 80983
83391 25900
16813 56534
9783 38985
23087 28585
96999 81436
15719 60418
87136 70817
16000 68
17607 47974
77914 34858
34998 53230
84168 48127
93627 28175
60562 43525
82936 44308
92436 98542
82593 83835
36317 51590
2113 17367
70129 73831
37525 78831
66408 46722
69487 36350
6925 9693
72724 67057
84863 2256
74527 52428
58035 93671
70492 83237
61040 53827
76237 71879
10193 29689
31881 53233
64391 55281
12152 84405
87477 86952
76408 50329
20658 42030
75195 80857
21834 31433
65383 9955
61117 10769
75060 5049
38015 43346
97906 96787
78262 71629
3840 67770
99392 3862
58454 2542
74314 34391
35036 1761
49689 21772
85585 82330
55301 46470
38085 94196
59833 1224
2078 6780
51029 37645
41207 68022
60364 82080
45309 33208
166 41858
76305 67053
66847 35751
44456 94163
46534 61177
31726 4350
20191 13300
5598 92627
62402 75432
70604 81517
12922 21307
23611 12412
98150 47588
32871 43393
78683 93969
72157 73140
15936 57570
55166 38430
70256 95627
48448 75903
94524 22038
7180 33065
7303 74079
4129 43170
56616 92150
64336 4615
42667 63456
14462 82340
85328 87447
3749 29628
39275 89797
10291 49127
67618 1069
9257 1039
83730 63267
27101 28242
93963 41710
98616 88707
84623 32141
29465 95145
45207 33711
62193 6079
99054 89849
30597 88498
2452 73957
45583 15430
12700 17437
35421 5074
2766 95268
35505 7423
76806 61869
13887 70060
40275 83906
52114 24525
99545 4734
53831 58696
52911 90995
35599 52054
45474 22566
58098 25448
51472 36334
24295 63040
44078 41464
26717 91155
82307 20134
7766 1230
56650 1515
24230 43406
49364 25296
91096 16294
70084 62291
42857 84957
5265 49507
80011 27565
11527 72101
86596 24646
23142 30034
69708 488
7810 95798
94323 25485
72993 82099
67672 67965
23904 54364
39539 13079
67791 27706
51244 93551
91408 12075
71553 99626
6108 56382
75940 34179
38110 54776
51579 88266
20469 71698
91743 35616
36598 87032
93 86813
60073 68971
68824 71242
4007 71008
12133 7111
58850 79328
11469 32998
74365 93990
76686 11150
10832 99684
67387 78649
77029 98878
16983 74486
75806 95692
99134 47624
35820 90653
47997 61924
96153 42895
4981 11191
77440 13592
59356 84830
97935 27264
69563 51437
53036 71716
9713 29641
24365 40341
45230 78221
70206 20375
51609 59753
6527 61955
76235 68702
28164 20645
91698 21251
41235 85886
70415 4835
53673 31811
50072 26589
32214 41756
78935 98947
41692 52230
33672 53627
35572 57714
8959 51233
29513 62787
53792 76707
8410 52884
5989 83620
10780 42416
50556 10393
51510 3672
42630 53871
62564 13537
20441 79843
90101 59763
95807 52040
11469 23915
17813 1893
45027 96345
31629 82484
83588 75267
97100 51781
58670 75424
39629 56985
51062 81246
53628 59847
50691 96285
48315 34586
71888 84690
79008 37776
47630 79525
38165 90141
22815 49523
97687 1094
2333 10508
93688 73639
44913 4950
24254 38317
74812 19112
92705 38813
69809 51216
91280 31851
71289 54414
97357 61380
20014 27863
63628 76229
21376 72306
81432 71649
68979 14206
63855 11454
75967 84395
74337 83928
75215 6876
54772 44797
26114 89995
35523 41200
46925 69957
69114 65895
87640 77354
27356 22157
52828 7022
72702 29408
73131 55291
56105 628
16904 47885
8827 20526
22443 17012
24359 34537
33950 16950
66128 8693
88770 55754
39506 99379
86699 33053
21690 23034
79968 23345
63816 96373
89596 19706
29204 96643
10864 52415
70535 9270
43614 72799
68413 11124
29599 6761
87274 48441
18655 17730
42290 63539
94332 21859
60942 56805
41002 11129
38382 85381
39345 73540
17682 46301
11565 62456
88592 79629
70766 85470
61202 72647
93270 23508
51956 41778
59197 93289
38986 22953
31856 79170
24376 66777
94222 12312
15800 16294
87722 17720
57336 55110
37516 52001
66809 13796
57616 28649
97233 51679
83557 3097
81770 48936
92270 60332
87137 78632
61381 60916
92392 10455
47987 30549
11844 27974
98810 59912
85295 43158
94859 93594
13143 33855
46512 85418
27101 36234
25795 12622
75256 60055
93877 62351
91823 25848
69192 99272
88514 1524
4341 16107
53026 75589
84552 6012
81461 22554
70366 43412
20499 64246
9838 17247
31115 8559
32189 80862
72671 54544
7656 6630
73411 76631
33438 53056
53954 94584
85668 50119
44025 71352
34799 47309
40922 59986
2765 87510
85579 36022
52605 52730
75012 36805
65682 89159
93013 58358
51636 84638
90045 70037
21630 94098
55988 18654
72897 72268
8226 50790
51104 76713
24805 72307
4914 40730
53200 93983
31204 51362
39430 23161
2484 92380
65443 90307
87031 58035
34771 87253
29043 33480
13913 66553
24742 88272
71946 14221
5085 21523
57455 22500
4158 65390
41351 56869
99039 50258
31938 13450
67468 50051
63367 8835
37797 49593
84143 64977
10973 94978
87975 26347
84956 86302
23026 46012
49534 78498
45317 61346
37618 5974
83914 45873
47005 6519
76509 20270
25556 87477
8882 5621
87173 23158
92941 78708
87023 17138
28008 93805
36645 30772
92625 8184
11118 48991
50889 46302
65192 28135
66822 63647
59041 38324
49650 34573
67549 15587
57801 22319
89107 22084
68351 86527
13232 83965
10808 84460
63858 32997
39662 26969
29901 50378
58703 70428
49130 99852
84413 24192
80899 76863
61900 12579
70825 35053
17606 17465
83070 67378
71018 77863
3867 43838
48521 48393
72907 5335
31593 19852
27950 9876
46978 78228
91511 94595
55235 12696
51983 29220
41037 67073
35248 72555
64823 51567
62890 19490
52265 7508
92929 31716
17729 24790
97837 85764
72497 77265
33368 37444
28606 83539
43428 9406
33411 41311
10147 34783
47020 20011
18973 99014
33660 6209
26701 23946
28967 71009
40964 43089
17592 93982
88485 30810
72621 92509
56615 81844
74262 43993
21239 50628
72281 15106
71315 31459
85009 51512
76431 59710
26090 94197
99636 1205
36487 98145
98204 2556
73821 99515
25816 1276
53173 25655
42218 211
45645 282
74507 84464
65368 80160
47270 45080
86681 61591
8123 25700
11340 33761
4797 91169
99038 58326
72628 22158
97712 11392
68668 53281
58296 28701
7012 90339
27871 29952
53808 26223
57412 32015
95928 41655
82007 68199
83815 73215
87071 50868
89692 5568
88405 56186
66380 45606
14215 14127
84190 21043
74646 6974
92910 38394
79032 45157
67370 49828
45910 19287
24440 43822
58703 67612
34830 98377
65172 620
95097 75513
66762 91896
42551 69367
53003 81089
29468 22639
19269 55966
91153 12227
45913 27323
14416 55782
33629 97493
51530 49633
36155 87230
65537 56017
77808 52159
32110 31527
53197 53585
93404 23783
66362 17763
23371 45929
87726 36408
93262 50844
10968 29670
70413 30750
82041 86903
65636 78693
16583 16875
45570 26393
36748 79061
56907 86295
87557 24922
42007 82512
60900 70389
70224 7591
15151 38582
86328 8599
33374 7582
75681 13451
99040 64004
5523 53188
66807 9971
21609 97527
88823 19690
64724 69548
65963 88954
14743 27936
34065 73324
20649 81924
69753 57113
27382 41115
14601 64591
90878 79776
24700 90419
92757 71934
10910 32409
37441 21430
65298 90702
29248 79292
56940 13263
81855 378
23384 81839
66307 556
56945 11189
82660 56899
23178 12283
3917 58562
67369 61808
6078 66564
21255 15191
80010 77588
3857 18054
25529 7123
84266 51432
37255 49429
67783 78748
6979 86116
94481 16435
58673 52604
54471 92533
65033 76685
97337 70269
44181 29053
88718 3737
59095 97539
31871 34731
31489 80301
17113 24426
73627 88091
39167 44482
5472 57953
92102 10416
18657 73353
2552 51654
7968 75279
96690 43789
94231 11683
86341 21022
63567 92395
5880 49640
73257 84574
63396 73422
34073 13194
95991 22886
69221 48238
29170 18426
65130 23937
7723 28875
82360 27369
91692 97545
21265 88325
56466 85628
72270 95012
91630 75295
88154 93740
33703 13343
66612 36820
2935 16320
29682 97513
63370 10072
2041 85805
46434 25682
50022 2515
87829 31405
61928 54117
14125 20667
79395 84830
99431 95138
30510 10160
42261 71070
64566 43232
16252 38749
39929 43813
43575 38369
62348 65740
61714 80674
36790 76311
14159 60714
65746 47417
60581 40471
18161 7868
57147 37820
87446 55483
754 57824
52856 35848
52441 19389
48323 12615
74550 79362
88023 61009
76004 46002
55623 53715
89647 1379
47900 43308
32826 92832
85808 27218
89753 60360
7347 86094
50231 4716
89258 80571
4210 34196
51211 39819
29050 23547
78785 44674
39605 16591
43630 87289
40638 19122
87556 65820
75649 75612
34891 38412
76001 38390
49311 83614
16307 31456
25327 36635
77472 34924
13663 43518
21607 14528
15239 33785
344 41080
35665 43696
49946 67715
29471 76508
30822 55617
91426 9353
18889 25515
9220 21048
78822 9867
12928 29246
3570 49759
14212 17123
71766 42523
83222 16196
11089 51332
68428 20658
11092 50709
50386 21873
64707 33982
2600 14522
51099 91520
75234 91929
24070 10674
69446 63151
88328 287
8401 83185
14262 63942
53267 73703
8826 61913
95150 78990
34481 73918
33467 92119
84460 59953
22948 44293
59762 6208
23179 12691
76125 70733
1954 90924
88281 40592
71921 65457
92136 55475
46612 88151
14944 93300
31098 42534
31691 12454
14439 26203
97286 68624
27698 47558
56002 74444
55912 63917
13287 13897
99687 40936
6348 14282
32356 39459
2112 7909
13062 8479
54116 87077
48904 57424
54063 65705
14171 21024
95881 11970
56993 99691
99184 55481
37875 74945
52086 91270
48093 19208
88192 14138
23965 85624
15881 9590
87751 16316
36989 8530
11843 30103
35582 92023
84494 44701
69155 74405
46101 90614
66964 67950
55965 25694
90735 42425
57854 26184
17894 37408
19555 23094
80735 41746
5163 82147
77842 82642
82731 92537
87183 48438
78922 64187
26549 82793
47268 98493
89564 75081
56904 42534
69964 50857
69786 69205
75172 54064
22609 1849
84276 66521
41722 41752
12867 64593
67827 18281
20426 8925
2737 87610
40822 95345
75803 65514
57546 25177
59852 43408
65467 90708
47093 85938
29010 13620
15480 6415
60142 68383
62478 79414
47039 84081
22178 2412
91724 1752
62516 86315
95662 65270
31032 19517
17267 34915
31316 50373
65948 5097
3205 21782
59167 7046
77530 58
59525 62189
28792 19820
59181 6117
34804 52286
11975 55048
1052 2484
85434 422
11407 62119
17600 48832
43776 19652
54820 7757
29399 28042
60266 93080
15888 94352
16360 15007
9401 31612
37669 21046
63768 72492
62849 87394
66372 43217
78413 54591
14535 46352
92526 18843
43970 31679
40446 21432
79785 64814
81515 43822
81827 69819
84279 98950
64395 36412
54 53504
93202 87162
38003 54350
59194 38000
22155 69015
64156 29072
64848 3669
62435 34014
90791 79511
87503 26195
70346 42656
12276 32859
81160 50534
31608 60055
23936 96660
91672 32732
38121 680
1059 20979
88813 23957
33757 17559
14090 53186
41214 42426
46480 95242
46865 24992
46885 10555
48022 95009
52900 46423
43296 82220
1625 51445
29175 61311
88455 38240
41590 99888
18370 50871
93902 68295
51861 42252
93378 97057
82270 4869
33033 66543
48621 59646
32304 41621
49577 85477
61397 92267
59338 23485
26605 32063
6080 38908
92990 69106
91211 72332
99814 47990
51296 44141
70482 49174
45483 70514
4008 91310
8775 6528
7422 63919
34024 50450
62080 78429
14161 85975
50382 51408
74110 29138
50843 70806
95548 70489
71087 28367
9548 88632
8742 64016
76036 92651
88911 87105
44269 21543
34958 51135
22950 7697
30107 21467
41759 60581
24961 16856
84415 44977
17183 43377
33151 94711
87466 24849
92365 43471
54857 92441
29674 11202
54008 53757
71820 43760
69286 41863
23997 42667
10039 49043
42906 1978
14818 40753
18132 67991
29555 74823
13843 16561
45963 3052
5326 8715
95195 77966
1588 4027
14829 54189
78406 5964
1083 58878
46586 24444
63670 10856
65562 50367
11872 76234
9539 33562
78162 99731
17255 91976
695 21129
22955 49337
35599 80675
81833 45838
3565 98511
69391 89502
82778 50477
80831 50837
13616 23761
88621 58927
43359 18565
55780 11297
37835 56740
14561 59409
20843 33057
17142 84313
52812 49534
74921 72904
65229 2645
65298 90880
32033 31539
53856 9689
68112 42680
69045 7613
96181 25496
11046 75594
98817 20637
17884 18451
9591 23138
65557 59647
97742 79001
90115 16457
86002 56199
32364 66590
62628 60835
41128 14946
15765 6234
17095 5099
24783 92558
19720 87844
49580 32690
63267 82924
42685 28400
25632 76757
65028 21155
2046 23461
13786 9725
66093 22776
39466 97762
91732 33532
27124 72139
58572 53523
66827 63653
43394 27381
8407 22991
32505 17227
276 24959
86342 7701
47473 34398
5362 97509
96242 68839
11676 91170
5071 14604
33492 33222
91283 24113
91393 62720
21533 18383
46588 4499
83426 76754
9523 61173
71625 99996
50247 86673
78061 55616
27182 43046
13503 42887
4082 37957
98850 41231
19887 18838
13293 93382
68793 4340
44621 27475
59156 30188
51104 21070
26202 82915
85082 72163
73625 37005
22244 57844
16754 150
42584 76756
74139 20189
37095 24364
11454 96916
61107 36217
61432 96642
31253 64876
7099 57537
20824 22697
49772 93280
924 92169
72389 31905
47892 3224
79892 3100
1896 40887
91035 59483
35412 7131
83982 82524
21927 93036
56344 10066
34501 71431
44022 68004
90758 71389
31514 31373
57044 24626
57929 282
53713 37310
10270 60751
13135 8175
98373 11715
64118 49957
51456 11551
73921 21397
99814 52322
19329 60327
93727 81184
22553 56408
61545 37086
41152 34233
94294 60728
81282 37389
6348 52060
62847 87183
59907 79532
27339 91402
70763 20192
31724 64255
73987 1026
5183 3171
14243 99984
10804 5246
81299 71293
57005 9261
12241 67440
36739 33632
91568 64547
52257 14429
86835 38245
71015 4443
39190 51993
50824 15176
33670 48053
59692 4836
96003 90468
78575 40803
76805 42436
83776 62575
64980 44553
9795 24580
21839 61592
12560 94579
82118 61965
35313 19167
96288 18261
31560 65858
93974 94037
63239 21097
11382 87041
16245 99700
12577 38661
99184 41368
40973 27584
11750 99228
48419 77348
91066 80735
75458 91544
29574 3152
67866 31222
80755 94037
24946 57037
75586 79685
68580 52191
38374 26798
16187 31652
76072 6927
43195 28358
46850 16735
71674 46979
20133 30085
39647 23567
75955 58365
14730 11375
29157 61081
8780 21918
46150 96638
77898 54892
97685 43555
16158 16922
36008 35413
83542 14239
96612 8598
76755 86694
17733 35065
96940 50606
74429 8072
64168 38888
84013 29791
73959 27133
83885 21614
53562 26694
79882 2330
19207 87890
30146 45852
26150 58307
89066 4224
43398 49809
10409 49704
39305 85989
41946 55751
68067 44735
67886 42759
78431 88306
65639 86883
86234 36546
30751 53453
65990 97901
58655 94377
59689 16063
30632 45264
84155 97660
23373 89903
44875 19034
94295 43877
57467 82596
80992 24872
71071 38552
63288 69153
81507 86410
98212 69323
65986 26271
53785 57240
77967 63251
20293 50540
60848 88147
66727 224
49341 26276
67602 75712
10662 84602
35982 98990
79787 51426
34519 59549
44065 95192
6044 34070
19572 43761
55969 39990
25599 83699
12862 23342
29429 82680
87549 90978
76636 44047
61535 6763
77357 86811
38328 45749
72950 36722
47535 42817
62360 13375
61087 30084
92968 87200
63769 85414
3730 95912
18752 96517
83569 26430
44907 58671
65529 42877
57702 51531
13806 89394
63953 66257
87658 22529
19808 64781
51547 39809
72697 52896
77026 49915
78617 85055
65461 76014
54991 18994
88893 75374
72384 49590
80089 47265
35745 37916
97018 64737
42528 10344
6853 74684
15548 114
5012 96983
80712 99848
17877 79015
78380 26314
6377 17750
13604 37709
46598 27236
89983 82617
56534 99748
56257 90379
64886 82522
76385 68820
1144 76612
60268 54999
70721 82606
23360 44463
61899 33724
9778 88679
42596 21572
35593 10432
90798 16049
75168 19502
50813 42753
48488 91227
39580 80264
90115 16195
90024 54667
8298 54135
98579 37766
56201 25690
13251 82663
75870 91559
36144 82160
26941 95016
36969 57177
51278 71264
79504 81163
59981 227
87353 61190
9674 76857
69551 38908
43623 85311
656 10292
7069 97797
89932 2248
24407 400
57161 73831
34388 78170
39618 47572
16073 40077
49731 34116
57117 8588
28719 68516
87628 78347
20283 82002
52869 12754
83024 92127
20364 55229
72748 54707
29784 46942
22753 53769
65302 9626
24277 30190
2628 1768
81473 19622
21463 69142
70578 9736
62806 86979
34123 5245
78972 55814
90497 20452
50170 21254
94365 9809
89106 60671
49854 17418
81437 83811
6612 72329
96518 77431
11814 66909
90029 83058
9485 26088
19398 37153
4247 71362
62903 98118
26821 36468
74813 78996
17421 69215
9959 83637
88888 3251
25562 68708
90373 55832
32523 78259
48421 52008
2952 49095
96381 63890
35856 99671
52807 99673
79574 29296
33649 30739
18946 8532
16668 13387
4879 26262
82014 91648
82126 32799
84705 7684
33730 45165
13698 87165
45251 89583
4466 70503
37563 33418
94105 34831
78283 76983
96078 72634
52839 65570
25408 1532
51094 96300
54896 16546
57619 5483
88820 20361
57615 90213
45270 21156
52588 32920
28083 2073
87683 16661
28509 22117
84191 58432
82297 39284
8288 83506
86178 13641
51994 66295
64932 83676
12755 38577
97537 76951
79144 30035
88784 18809
38568 33382
78361 59955
35191 55975
30394 69613
26765 98375
59429 42626
18709 90538
55712 44223
52430 11785
14371 15720
20525 87184
85118 35284
14457 17568
92176 69932
60910 96526
49169 72208
4155 9634
29449 59025
2884 71993
60918 11864
17952 87460
1002 32894
53244 11879
42059 19570
3190 61018
94610 63606
93090 83820
98668 71106
91785 30683
55068 82848
13989 94364
4983 77582
39591 40538
56582 48831
74993 79
40616 66810
93436 23820
7181 26362
8212 69431
79548 43724
69366 98408
75470 29556
82297 92587
67536 49640
61474 33057
51749 84659
66446 91134
97218 2452
3756 76428
40465 70428
10272 41639
79918 8980
3874 35488
43437 58132
95933 1626
90322 98221
52976 66448
16791 86337
33424 70253
48010 70725
52388 70482
26252 96006
30760 90067
15923 10497
58699 16986
56808 13481
78833 54979
94154 34948
17073 83487
47370 81327
84631 31569
19533 57110
23780 88019
54893 39997
96553 83730
23192 49338
58864 3502
34895 48855
85587 9116
27337 40021
46403 71908
94061 90980
28642 51650
13915 21484
24105 61385
11332 35688
91427 14939
68045 78854
99472 59794
20113 95336
43779 60123
90332 46757
79556 60502
98672 28680
86927 82167
97956 28752
54132 87624
14880 95311
29013 19749
4034 30988
86474 13982
59740 40609
90464 25560
16307 99805
51510 16044
15330 86466
92639 45767
35381 40648
21698 78121
99534 10777
8989 49382
11044 96563
23038 78984
82847 87241
40969 54378
37149 21730
42133 96286
73776 42072
15438 88809
87934 51323
76308 31746
1120 51660
96763 70390
31747 24002
21354 93191
2986 29000
88124 26728
90537 11005
32897 62819
38604 41490
34558 16179
8974 44304
46505 30890
12291 99536
89006 79788
20942 45760
51821 54930
78699 97093
24633 61609
57095 5011
24890 18608
48226 50551
74028 16253
1236 27406
91326 65753
9062 82699
49844 82911
32436 30037
39110 7297
48466 77222
76447 43971
19908 28493
2430 16894
91620 67981
11928 45663
51199 90012
60532 33861
2968 1509
66189 58918
22916 46758
12372 20810
16717 62675
31724 59279
97232 93585
96556 62628
70238 27868
90017 1678
62270 6145
10217 72741
29994 95620
49816 89816
34317 63804
10711 67589
16076 31698
19616 95618
8986 65894
56324 50711
68929 35754
17861 55073
22272 85892
70172 94481
6088 9616
36468 77547
17470 63548
80173 48392
93885 8875
3578 8276
9969 35251
9763 88592
64348 9887
4452 5905
78484 45709
66764 36831
45955 79632
57503 65047
5158 46031
5813 86346
86607 96165
32664 35900
91940 77311
58154 78917
44349 63713
94749 22259
5129 31713
44729 66950
56842 39786
86489 85011
32116 74491
88014 57570
87314 64582
72314 42416
65249 13809
11447 42670
98739 23608
22926 69472
20750 88649
24160 12766
35147 25702
41569 2710
96727 91207
11767 79848
95925 45877
39583 86825
88761 85712
20617 94273
19214 15018
15543 60685
11570 26698
3362 13405
3221 91595
71317 19575
80126 10810
85456 30706
52901 84891
46726 45564
93530 21220
28767 5877
25565 38112
72023 58834
41860 92749
39805 21690
6808 27966
22357 19372
58391 49531
2743 67384
43348 96860
35405 11233
3443 80626
56697 49186
38734 62014
44109 16997
1490 69048
54416 94285
92866 98761
91040 72174
82611 34577
25931 6799
4783 674
98420 6319
36306 20130
16948 95965
20336 99309
98359 70591
45997 18418
91899 31084
54179 13457
22004 63602
18944 52323
41547 89073
6437 13938
59674 26397
14664 68956
87025 65152
66035 93428
38549 73461
18690 7617
82108 45295
29833 39006
66418 27824
71756 25176
86390 85362
13158 42099
39517 31074
10946 13030
12079 75231
58917 47130
69157 97408
5762 13710
10673 62603
86116 71446
54518 23967
50280 98616
32428 62571
18048 16909
3902 30676
47761 14022
16267 54099
83893 51141
80104 58389
74523 52447
49212 98425
8674 95393
84514 41749
19937 66088
87979 67250
81570 61543
49209 99275
73698 9701
40965 58642
34803 5724
80731 73932
36635 87836
49881 16399
38931 48805
47667 7371
76200 92657
44082 63870
66716 88487
53360 39902
58278 74761
2397 3412
30126 83687
97054 98459
39442 77866
58600 31909
14181 16362
33193 13430
42282 66072
34816 90631
31453 43445
1088 21252
33258 29529
12465 1487
84532 82029
43055 8603
31856 94257
76489 6865
89767 12727
14307 63854
45336 8422
55284 10179
13075 81848
87753 59124
70559 2748
1568 81914
5492 67093
52142 71329
90114 45528
84058 50122
68105 210
49983 92842
91231 87456
47822 6730
75885 6230
57162 16965
52658 87449
82730 54636
78910 91556
7002 61989
39352 81799
97498 46856
74617 94275
87421 3713
22895 11791
68588 39793
76635 50774
93921 72589
55091 46135
51884 10653
39617 80484
3282 19582
21186 24739
88552 64193
97735 95440
96124 54442
27991 68793
16269 73809
25995 41057
98318 35236
27089 35613
57319 86243
25131 98074
39284 97027
27149 88821
88068 97004
64929 78913
1051 65019
78118 54981
97552 98049
19693 89019
81872 19361
11035 8275
94681 20662
48331 64718
93024 3115
12745 69219
52748 55297
58455 88925
89976 74573
13356 71002
54517 74614
17007 59662
98245 81851
55329 20094
4033 85644
73553 97670
12885 45164
75301 12819
98943 2038
81399 83274
33203 11445
42710 64735
22201 67178
53057 47487
87309 8137
74256 38311
50271 7996
12395 28394
99153 60383
66480 10606
98556 81442
94545 36559
17387 12715
14964 11515
14557 94449
58801 96981
2823 88514
78584 83987
68272 89085
10952 89696
64660 77497
79321 22074
60866 35933
78803 24853
54398 10757
149 17654
87199 98212
62447 89176
66546 54812
1608 91275
19669 69127
19032 85488
6909 20530
44719 35422
4240 23197
37581 77408
13164 6396
11784 99189
69854 19481
49769 56687
75980 95567
50926 70644
57324 19024
62762 8960
36426 90465
74529 16865
8134 36825
17357 1434
32340 25477
5147 41281
64314 8775
59662 46688
61429 9298
56699 32599
69076 33456
70476 18232
53499 31708
76126 4874
40418 4520
89730 49128
66548 87129
61535 76863
48753 85830
45070 22131
55596 1116
39165 91066
73837 42013
50413 53215
4271 33820
70164 54881
61187 38146
11004 48465
51308 10061
84098 26136
18433 19180
87416 51918
85423 66692
8643 50660
98260 3214
27101 34587
98341 68886
58996 40939
39209 59934
39209 96477
81563 77305
15283 85169
39596 28720
82490 17145
22366 65664
50364 15836
98218 37562
27819 2004
90395 98850
73772 432
73873 82513
73913 25075
25248 14419
6656 40243
3278 35338
84867 28603
40536 26729
56054 89801
50253 47129
44612 34865
97201 87863
28139 47704
47644 94292
56603 59065
68921 70676
64090 47524
8519 58128
85795 92218
50171 26644
67362 17586
66140 39265
32122 71864
86182 98060
95711 20680
5704 87389
21436 86551
55686 92849
21679 20011
27799 6457
74920 55166
37671 26009
61934 61663
87767 82666
97273 80528
49336 32152
94841 94985
61428 40196
70637 56660
99589 32579
99437 19503
17884 64061
62338 9837
84315 67535
42440 79765
62843 46761
88210 51457
18343 62385
10854 36865
14975 43455
66045 29110
92023 42879
87781 52279
77973 58482
11039 69999
99606 23468
9537 2524
64969 93655
21428 74034
41682 82831
28439 34998
97257 28965
19546 40900
88025 58205
8516 86250
98593 76847
75310 88106
31926 94185
69126 50652
40895 54667
84653 70857
41240 31530
15129 9873
42448 83597
98548 85446
68394 69203
42491 52559
97536 57868
37151 3398
19547 77691
86055 26138
70332 35323
75885 74478
1431 41398
32732 85624
64947 50191
39321 31171
36747 26970
45879 82669
35727 6943
65505 20490
37892 56506
92436 20991
20704 13726
37570 70216
93007 89485
67792 38482
23057 37410
83576 23137
72633 1191
37320 91340
41359 95935
41666 30716
55279 33021
44602 61745
87913 90859
41883 31869
86303 43941
26786 28934
23657 77179
36065 60680
61172 73170
24030 6257
74591 42820
82609 17508
43580 40091
45097 54007
88821 24602
22152 47348
92837 63476
61474 17243
76507 30355
91746 60415
64123 4274
95526 69701
92828 21700
43646 83400
48234 85067
60176 35159
94725 82049
8727 61141
5281 26738
40768 28153
81061 91200
60651 28716
77676 43678
86288 68621
52358 21526
29783 52144
14936 25347
1631 31098
13176 27095
51320 43719
13810 62007
40137 57157
68006 94554
72010 48470
74119 66413
46987 83250
17213 39857
77676 9603
74212 6620
90179 67046
59531 18612
10905 50161
74998 66935
87245 26951
88477 27990
46511 82854
56874 55445
65510 6714
66207 57709
84107 81895
80142 86859
80332 79075
47039 36110
48234 51256
89613 72396
75771 1127
29577 86638
81480 51104
41878 71919
27120 52812
50507 38593
33732 46883
76468 70152
12297 64150
98354 58332
74905 64518
88054 1260
74786 90250
64618 95798
12453 23278
86536 98288
6136 94767
90144 31362
66565 38751
71831 98473
63657 30791
9667 67606
5526 68128
28272 53389
1905 81657
65310 76167
15892 54037
7328 8880
19277 90058
50110 42025
70205 63266
6260 59079
22715 28253
52145 20786
56047 89710
61593 6183
1911 81818
14916 71447
93477 35004
2236 47878
28478 32804
70787 52876
49212 94323
3659 25655
87310 70560
86075 98056
20019 88662
1521 55057
13667 66452
54779 13533
66022 94251
75164 83432
79546 17444
26222 95555
17329 96728
76026 29682
88208 28629
88705 70893
49874 58048
87415 63554
9955 3949
52418 97841
50790 12265
60511 29295
99568 86833
64126 40164
49450 45464
91073 34925
28274 26757
54561 29178
85402 95666
60809 76369
73896 43822
47801 93961
37301 94812
62436 47056
25038 30290
33330 76006
45782 24123
12607 33408
22882 86934
86330 77574
90715 4052
58951 8212
91168 64317
66046 38109
34017 56428
71241 66051
76357 8303
75658 95777
15173 328
49554 89058
35855 21614
96875 75078
76708 90669
34480 28292
11194 48961
17104 2659
52442 36895
69966 78303
36739 37709
55651 67371
56517 8293
82683 25609
2151 87382
54484 47347
3458 8515
31138 23894
17732 27202
110 37426
3310 7997
34386 51291
93078 22421
60894 89083
53190 87450
60919 69933
84283 35668
43858 85220
46951 16382
16797 32258
60335 15429
44247 89377
87245 42797
27251 10510
62479 57452
81049 74984
51446 8653
71205 13638
61816 55151
58566 70478
27359 11940
60000 62111
21672 46354
73387 89704
64005 50101
47217 9358
32827 73819
9460 9130
37733 75974
65254 64297
85423 1262
33838 27082
32059 97405
1226 44836
23488 83601
28552 97821
6982 66461
63787 70035
1067 56808
1196 33271
73025 63180
2487 50926
92845 9784
87946 53007
21034 53455
96313 66023
70884 10375
50125 4151
39198 15243
27904 94357
25612 42426
22818 94983
46553 41605
99159 88107
14307 61524
9079 71410
42970 51234
74253 32640
97093 46205
12409 26350
1916 32807
12366 41577
30351 13848
27252 60208
68509 58777
85767 4089
52222 17418
70390 93484
74650 30173
39685 2183
78704 68056
37195 94904
58096 92791
77013 81670
44545 73897
54945 90249
45500 11790
74436 92173
22350 83007
93637 71092
26138 17510
16191 35472
87957 32321
36227 76077
9065 78499
11124 68037
50482 49876
2313 43402
24996 42092
96110 21023
79907 44700
91235 37631
2569 53093
62395 57557
32835 5726
98911 75810
14997 32626
82025 97979
69170 98848
69001 4008
31748 81914
88259 62087
41706 12966
98159 72742
15413 83264
24312 71980
70442 26966
35678 21905
98499 26634
40628 9633
88526 34132
76258 31453
12364 60446
63300 11321
18067 81830
46665 1343
21997 31967
31861 92075
41367 92272
21311 60878
55779 8467
62836 26508
54 90999
15122 25949
9034 73695
12590 74543
46829 1665
74798 73922
31105 86920
81008 34795
49690 27795
72130 12018
32803 59795
31367 46772
31833 92273
72408 50145
53486 93509
54624 287
41703 8128
27007 87301
20767 61987
2089 91617
77730 90726
7108 10515
66387 73746
90285 65103
61702 76135
33492 25055
27750 78391
57051 78367
40272 47433
49819 31903
6358 33591
78270 39237
69534 33776
48326 91016
54433 22679
41957 47830
684 19234
15331 5007
15746 97372
1820 35367
65463 88163
20607 30440
97719 27146
99408 45870
41789 39992
36742 13321
36412 99688
75150 31966
49882 28359
88550 12742
70704 32569
40675 53294
32939 2293
13099 2614
94926 22212
54716 93010
27758 48742
55907 65932
23380 77005
46374 50143
44575 24799
29787 18718
6975 95032
64078 75403
58459 38950
52031 81248
98284 93355
25025 89034
94592 6911
93181 98536
36120 29740
65389 20592
1162 53264
21857 20683
45887 76030
25629 71701
59318 41117
27097 7486
2848 93991
72448 89995
19810 22924
12370 10773
83446 36813
61250 15112
25226 78593
15416 48102
48479 8083
64431 59170
49611 27713
66712 11846
83896 81119
44854 71469
4290 26418
14848 23753
68317 64982
88643 13950
9293 46329
61085 70885
81005 72541
41827 30762
27273 18842
53372 86607
48035 3097
58659 30151
86257 98554
26216 1115
47837 71183
74224 59081
46852 85567
689 12479
48472 59396
99319 48772
29502 39213
6498 9456
85809 31453
33029 19088
77053 38698
70697 36547
164 82911
82792 33439
6685 22714
65938 29484
92560 22190
2827 74087
1307 61026
60043 33505
68336 96753
15421 43422
27444 44744
7360 26935
17730 44236
76521 43992
12102 85649
4895 72930
51491 85923
61982 73546
3982 61889
74901 51448
51376 46365
74344 20138
11687 47517
18414 71502
81445 9117
29235 28971
74672 37579
92056 25
62529 80202
75758 68484
35685 2768
46431 68013
72255 2055
45829 67817
88804 4335
84753 77792
3517 43899
23365 45327
33608 40944
26522 28743
75928 34121
46171 60683
78865 16949
63784 20502
57709 85015
3189 57747
5529 47973
90824 7363
4376 70154
98974 8955
17055 80453
61990 48643
53655 86280
30628 74392
13599 48249
1872 40650
11656 60020
47957 86239
72951 94855
90930 28974
29286 27956
24700 89253
49602 14483
69850 78564
74990 28205
22344 65600
69760 87906
11509 19841
58463 1732
66020 11843
37771 16954
16655 97561
3157 23358
96351 47077
5794 14207
65269 21314
17836 33120
49861 86331
92929 20119
71798 89648
69954 31759
81091 96152
69477 13734
82940 97530
4468 40496
74950 52339
24076 30354
21431 3859
97503 20455
36315 83583
7602 35999
80914 60593
4384 17147
5615 69011
90293 12562
60058 88296
72595 28272
72815 42660
78448 20785
47261 40846
47222 82890
67369 901
16835 53057
4424 600
87174 65680
97352 5133
38536 23878
167 41979
57728 95749
62010 32527
97182 23589
2760 1387
75137 14384
51245 46050
43073 62180
68600 92094
80742 56436
8940 89051
34478 29095
64611 13929
50827 40824
26854 88749
9987 42740
76598 86080
80271 48159
11495 30927
1084 47919
23039 72793
15469 68559
88700 47668
25782 6046
44683 77065
31587 80334
47986 99123
63599 35109
94183 93156
16909 12255
57878 22433
42563 93898
99454 85793
64874 6792
69973 19569
2351 30481
12672 96787
94869 77486
35004 42810
31857 51007
74936 51375
25933 74934
37368 38320
63109 57018
10900 35052
5997 58853
76214 20520
21641 57798
32896 35261
41555 76384
1188 279
30840 20585
34442 94135
13211 27180
70253 90834
53681 41928
3294 31121
80356 12526
88000 32687
72017 48966
93194 25790
63369 78283
47272 91682
70963 98858
64667 87604
7400 21288
47156 32160
87382 44697
2589 67879
39870 45385
59632 75806
95191 11415
21373 84685
37608 16725
91753 33394
73777 28426
17162 49083
62659 29200
51468 65551
69731 52310
82830 62598
24395 19518
68166 92364
25897 5920
3225 13954
59807 70854
74340 73021
65377 65774
27830 47237
87354 19947
49747 96055
41031 28996
54322 56580
76314 76372
79424 85936
96408 86792
95452 20404
72508 57860
46648 22908
97234 895
13086 83657
29660 62562
29865 6736
58225 16972
27816 1273
14553 89361
70206 58017
35026 3158
37061 14296
81070 18615
12678 34532
21555 88290
61858 39452
93145 99065
64684 85294
21200 44500
50829 13658
85687 6109
94143 7317
80870 93650
35379 31303
90949 48742
11947 22477
63667 10528
78048 67415
87680 32506
33693 2859
96307 94979
40770 23905
82980 2014
56194 92676
97379 64769
15173 86103
86384 14743
52231 21998
73184 65214
8535 69873
94079 38154
35673 83133
43432 22976
65636 34
5231 77148
74885 11718
20535 82827
86491 31584
48124 27378
17048 87646
59115 44293
21542 87071
95365 88784
12256 22234
24672 21010
71988 86774
56517 76541
78344 59056
89651 88376
67282 79480
68923 63485
17055 37107
19362 55515
64813 67866
27106 77716
59792 30266
5609 33184
29329 84723
90808 8777
69066 76153
26821 48781
7691 81078
95353 32288
84537 78982
25939 22247
23753 9913
41732 55613
8233 16916
17617 61874
72376 63824
83348 9287
20841 16762
96251 67155
4932 38354
81512 29825
62821 37324
62351 4080
23579 40017
37179 42225
76170 20063
85193 79693
56970 40229
55659 63965
96229 58792
74118 92752
45085 89889
47924 16104
24580 80317
13443 57309
67233 76219
86549 71032
17426 95922
60478 17561
70533 71752
29673 46578
5533 60860
89235 80234
3059 66365
54926 12892
25651 97584
31456 98517
49019 31790
7937 70361
57535 70755
69313 190
35816 38161
45023 46799
72720 70411
23667 20266
82823 53370
31525 51715
38321 17180
28147 41279
6886 50623
7439 22426
22545 57739
95359 34785
92946 87509
7036 96409
51868 87725
68051 86006
62167 1745
60263 84165
46079 88503
41613 20738
22019 99687
98798 97698
45127 59615
58184 3979
85986 78125
90222 76887
86209 42424
4803 6485
53122 78840
96835 296
63802 95449
49595 86854
848 78461
48972 86874
53183 58903
46828 46690
62904 40624
13700 60849
53981 62533
11059 87438
99880 16711
87945 19412
58786 13978
94829 94032
27884 85302
48312 62342
72153 39209
95544 55565
96946 21428
42638 51310
48337 20585
59120 74376
67334 30196
18472 43119
38293 67247
51122 78697
51926 99947
25346 35760
88468 72142
25916 77074
4527 68464
31674 77396
36602 73405
89930 32363
11229 99766
42445 38049
82196 82704
50010 78838
33582 17907
65432 82685
12815 61340
12135 40378
46958 71035
37848 17963
29592 79990
55216 17084
92779 68900
37674 66961
86684 11763
6706 95808
13905 67843
74250 51380
37832 46921
69320 37515
5262 77517
69302 88409
13929 19852
56273 65219
55471 43990
94443 35365
75340 53041
7242 2925
26592 28148
39046 18973
22527 11277
40014 54797
79823 85276
86532 70118
33933 50229
19516 19496
95624 6882
6113 13861
60325 23615
36113 97412
1209 5308
3388 86047
50354 69567
8680 59461
29839 94655
62576 99448
11651 78282
99872 17936
3126 71360
3163 1911
6884 75701
68982 10956
97340 31667
47482 42528
73858 3350
6661 49627
21645 48590
48394 3736
52970 56416
30476 94532
48055 28230
167 69891
21385 53418
44808 39691
71558 1903
93296 23592
4428 65128
64820 23638
75112 99423
38240 21098
9888 92912
54575 68106
80074 23179
6549 52400
60434 57621
59766 96299
52984 73767
82892 72541
89103 65070
18276 92510
90112 35209
10273 79607
35525 55375
11448 59849
36622 56358
82803 6212
36063 1837
62030 97424
70224 20467
29181 30407
78956 68925
84036 23640
90866 86980
32797 98918
81207 68852
69878 15335
4738 9935
66480 25126
23823 70536
72129 91938
16941 40393
24211 51885
28928 85293
1667 79309
98015 38150
82947 55038
15575 19320
50296 39661
82182 14812
34588 63647
78017 13822
9821 93384
4558 78560
73116 79957
99595 7701
59792 85059
26853 71238
1664 229
13858 86289
18508 60993
66776 26181
51973 49684
60051 51975
56881 12970
47315 24879
38184 82534
11467 11756
8857 11296
56452 4220
91718 36578
59352 62677
90243 9034
5047 11231
44219 52332
40389 44312
93611 86381
69882 86638
12677 26409
67617 79624
65103 37869
67449 26782
20865 51997
3991 86012
84427 30160
40994 90627
24300 94671
96790 61224
61180 23450
46498 77236
74179 48098
86538 85058
14175 96912
12933 35843
50563 3485
36991 74237
58034 92056
17177 29832
92200 44387
9124 51536
44722 57206
50090 77334
2768 36379
36645 29455
39514 85424
14310 65859
5208 3400
10959 76591
93609 19818
33337 41572
15645 15441
59183 97029
48699 54442
94257 72013
79900 82457
71666 14471
6510 14804
39451 46324
41553 86438
29222 54313
61661 80718
26019 974
61883 9469
13142 36800
92231 78524
21623 2671
90805 27299
30961 99169
21353 61443
23779 58317
16317 13022
82946 36161
55903 81705
19541 99933
98192 96977
95672 9046
28518 33715
17530 80212
11211 23074
64286 70324
9051 7844
15966 42854
12682 7670
47619 22000
35036 8644
71214 93417
92459 8913
9299 14559
37189 56277
52728 83058
22636 96218
86363 24566
91476 40895
72041 85525
6056 21781
20136 36619
94821 39332
53678 85896
97948 51015
77767 75762
69493 1484
35315 90208
80103 97973
35909 59264
25409 51897
101 39633
28164 65251
17327 87818
70183 39282
17714 51505
41330 53400
67858 36133
6307 84252
30279 19093
73036 94328
30876 61799
98386 51579
33264 17138
82896 43335
15224 77188
2034 55924
13819 50044
31323 98540
89621 97681
39967 4301
51797 9129
4905 57674
81118 55747
37943 66666
14026 9358
81017 85415
19298 93359
42869 24241
85383 24799
24902 44905
25453 14411
91928 1766
90618 32690
15726 96851
716 54603
58589 73551
6992 70620
62798 36043
63244 75684
73183 81520
21525 8210
63587 77751
37242 56107
94045 31886
78455 68040
26761 43770
38915 12853
97332 56303
80323 11732
41119 95546
73396 85368
65088 39608
49989 12042
34592 23548
35322 55688
37982 79661
81131 55649
24202 30981
29730 18746
70795 2291
52001 90476
24570 86714
5210 79235
74629 42704
93333 31808
46029 65536
40429 52120
9288 5480
23315 38388
29919 88924
45802 91343
59793 43009
66313 30619
56079 40851
31932 43580
88254 72223
13699 70315
3416 45833
56914 27092
14731 89544
5264 29656
42712 13125
64248 59084
35605 51808
72154 37561
72748 2795
20283 88826
57850 6700
18864 71041
24336 863
7784 35985
50166 37106
71519 25605
15779 55560
91884 53224
39398 19351
99668 20923
96096 89002
25172 97203
93000 80095
53979 60281
98853 29193
33453 46280
86167 84303
65569 75409
7695 47403
94916 82074
17427 21325
62068 2843
60539 87190
98342 18560
21814 60765
55969 13866
71206 46957
65345 56462
61023 16709
66933 5748
10988 72311
60064 36217
88363 12329
57563 63021
67308 61047
56594 27958
35509 80687
97379 81196
86721 26259
80354 6715
60124 38651
66168 10436
28809 79824
1247 30331
19036 77554
33704 31882
88737 5683
90837 93037
6771 122
35455 45941
52997 16641
74001 25605
30909 80216
43851 18872
89044 63232
55424 46937
9047 82800
24600 12328
44393 63922
29007 2876
44191 78215
2004 55804
96162 45343
39307 48069
26545 49155
80363 56839
83900 85483
73121 24712
12554 80456
89131 77439
70932 72123
13534 3002
62791 20956
45665 7961
99014 7380
112 47600
65606 35587
68793 66281
3089 74203
32674 74848
44036 64610
83841 2917
96400 99508
53987 34717
22236 48991
65574 33922
67169 84262
62654 26110
85645 12575
17172 49524
86049 7893
59906 90839
78899 99846
64056 87249
93773 18661
31962 93822
69996 18265
3712 56942
51329 55037
35989 26758
45556 57630
28793 8415
77756 92512
40031 98150
10248 53274
78511 3003
40345 10421
76325 90674
71909 79248
95504 72373
23638 81983
44148 6367
53033 11208
1225 29058
24528 15268
20313 20195
75120 8580
39590 36953
52420 48202
89761 51025
88920 7179
62740 85037
8014 31380
65082 42944
86589 88258
37953 50515
90061 4200
56975 6020
316 50989
13978 74370
18844 56267
48559 87474
29522 69138
19724 72557
14937 86242
78341 14175
91453 9012
74818 78666
85121 27218
54016 43617
75065 45787
75276 48205
92400 28256
84811 86892
81092 62250
36661 25517
37061 30993
59029 63829
60665 27654
57963 36669
53243 37642
31658 31537
43671 59861
57818 85394
21040 12848
2135 93941
24187 19067
66992 93411
65825 37704
86761 99031
16257 36766
30937 25859
59371 64151
71757 42219
96870 80866
66883 62055
72747 18625
89232 44134
32327 15564
63515 33062
90877 3821
97535 29469
97314 67362
30413 73075
34815 91007
46791 56357
42323 39817
4358 36836
3535 17243
3254 67412
36472 77093
38549 62669
24744 2952
33719 30206
56012 18107
88805 52805
78887 79689
20569 94488
29870 56049
1251 46431
13643 46469
2183 40887
9179 14763
71805 90704
21743 32511
51472 26128
69102 9167
88160 20527
41842 73918
2912 49497
79719 99041
81368 93071
46639 94885
1028 23686
98240 64711
89043 57062
76036 45786
94248 55980
3320 38277
4605 56040
18541 9026
91547 9440
9643 69601
51428 14987
26025 43651
11210 71959
26646 85439
23444 92100
29203 6624
8256 6087
47543 62372
42171 48424
39658 77439
52811 2820
79178 32950
76358 61643
16009 47653
25304 58787
96172 66137
43809 60227
5358 29367
57365 96441
54971 787
57434 86021
21749 84762
48685 3292
89939 68233
36861 44229
20957 52595
17391 96159
6065 21502
18616 56442
32833 35014
46118 43033
7923 249
70264 49718
4159 7194
10881 81342
92693 82367
88105 33969
7189 45843
5196 62115
21364 43444
98073 1086
78909 71414
3380 60574
63502 33246
16500 85875
31447 4615
5509 52003
62207 27201
24680 18373
84895 35789
22126 65126
55300 53314
51393 3016
59697 49803
30396 87902
88699 94087
92909 70674
55211 18344
28282 11296
94848 5812
58233 31480
99466 90631
39158 60607
65552 69071
22001 70318
44907 25359
31901 73810
69737 36124
93827 16074
2155 26755
84573 13037
79015 60033
54267 46241
43622 44969
97825 67973
49447 28962
48807 9480
92570 47175
66680 21519
27718 28005
98131 85715
90693 29056
74061 49505
59682 75470
6253 10648
91394 25946
41327 77358
30712 29347
30114 98380
33870 16058
7690 23117
6467 17320
96862 5731
82760 19589
86347 17874
64930 29570
1167 38611
68043 75040
23935 68787
3249 95287
43073 70193
35670 12208
18291 77827
91086 9099
37090 4818
31748 90042
71156 13241
33589 356
51135 88970
22131 70019
13167 45065
47619 30662
96260 90831
88576 51728
71953 82664
38198 41911
81567 72949
90791 5766
34056 16555
57802 923
69980 75315
13095 33386
60223 66024
31740 75032
49033 46620
76859 87936
78020 90002
84105 70098
12562 29765
45761 32207
19973 39200
66991 3822
86597 50789
7542 22427
62606 30151
32202 57170
76047 90447
54615 99496
14827 72314
472 94915
77596 37049
27936 64029
47691 68783
53301 52805
53849 71799
38383 86045
62554 15836
38846 50525
94613 57439
37730 59407
93957 39701
38416 14225
70811 96710
30484 54518
22809 86895
52201 93029
83768 58945
38883 57304
69859 34944
10053 52511
47034 93956
84363 72027
61840 54395
64162 22339
86926 98885
91147 46242
15694 23159
90524 47798
98112 53337
21118 915
40392 80136
76720 21022
37726 45268
55458 61171
47276 96643
30779 58016
9844 60493
24276 40423
5288 10493
14619 83552
85936 57622
91665 4212
51624 35532
24428 67235
8382 48135
76438 94527
9272 88964
37548 97775
42125 60115
3711 78189
807 25946
2647 7176
57415 29872
97675 81603
2209 54819
95530 18356
46459 20531
42933 85830
70579 78900
60226 3191
52438 78576
13755 2427
2154 87907
92157 11607
79429 91261
73146 42183
73779 63620
66295 8120
83124 81839
77486 18926
87515 26412
6925 38528
36336 69562
90070 57975
16879 2128
69693 23219
7111 2709
12333 56934
67740 15941
20707 65430
49062 8722
20913 50751
94160 4321
87133 12463
63769 8393
5599 49705
4566 28184
16934 92131
74190 41453
79220 9159
27165 5151
5470 2741
13170 81780
397 86368
20944 61803
48095 64845
93841 18291
85318 65943
16414 26993
57704 63085
39928 81054
91645 64658
74227 19047
94421 32349
27125 72780
27279 62455
59996 78881
27267 21407
58709 26351
21241 47785
86853 57108
32880 4026
92612 75583
61016 14702
4413 16853
70808 5811
82288 91087
6345 27723
16721 55065
86616 70318
30438 37845
49224 86213
20172 24150
70446 27760
72946 45222
51923 36450
53436 27936
96982 7807
46497 61942
55303 97573
28366 46700
49517 90208
33154 33467
12673 72340
70736 23663
63185 39543
44031 1930
32638 55699
32461 96031
10526 19049
79432 19991
1755 39849
90996 91023
63313 63196
42920 16376
67572 34458
67120 15446
93192 52820
97836 67842
903 2539
64688 70504
81887 18550
27202 37353
46449 72801
32352 87546
39955 3528
1111 16868
72527 66560
1965 66338
79874 95407
73687 72230
4702 19119
43939 64340
96072 83855
66384 35268
62234 67794
75217 85956
53666 9965
28239 44885
97570 50029
59556 88266
782 27631
78464 39948
67089 38311
72583 11576
59752 70554
26128 35518
20325 19683
34952 61668
20397 32242
41773 11138
76635 22184
83092 22436
46075 98620
63844 74059
81711 46233
65305 27820
11630 94302
88833 67311
88416 93084
49250 82801
89059 91612
22290 33826
82857 35127
55678 74856
25880 87515
19556 94811
81672 92941
60312 99303
96265 25985
73283 14413
86042 63524
52991 40481
39763 30739
44636 95693
20540 78209
1087 69805
2003 11029
79902 49330
82539 84905
31173 62655
16263 22636
48275 43151
70275 609
68638 74349
86124 82398
70699 39354
68450 85742
13751 87018
40829 58992
305 23399
52037 62997
61757 95053
74169 1093
83794 18828
14505 17915
39229 74346
57916 77445
16220 24702
43019 7973
52292 90774
1924 26962
95548 73682
75816 51672
4992 25414
73165 84179
26942 56284
22684 48376
38300 50064
54004 7277
94224 6418
48485 71948
2886 13480
60918 43716
89055 73001
10145 39576
57932 35906
50897 9566
30806 43765
11434 46688
4986 55894
38402 94719
50949 9100
77280 87019
96284 21462
44676 60844
15383 88067
95327 7708
9121 91064
61238 23243
90426 50287
15395 84634
39157 99602
71092 92352
6426 23620
94986 43592
92421 70360
70716 58193
64133 27480
23729 38605
65726 72671
54953 27938
63528 21375
98901 88204
40461 31549
54459 48665
81839 29264
70259 39883
83967 3973
6092 77338
76807 75166
20040 22864
2242 25326
2491 74763
11742 15999
14768 82846
95361 24108
49924 90352
18945 87527
63241 63355
99018 35924
92069 26350
44124 12684
52208 53228
59243 90779
96601 16459
12829 69635
5410 52726
88272 85751
82016 16620
15345 99392
57340 73182
50117 36284
26388 88468
10468 81370
7642 72713
97369 57375
52692 98347
25092 59236
28058 77468
96888 1749
31836 64947
39133 73843
80730 14620
4655 30195
84777 1172
11613 88926
67605 45166
17483 23183
59321 90768
66736 90328
32488 57174
73049 21757
18440 78734
27684 66167
89714 78875
55814 9714
41972 8723
38918 52623
74767 39681
34207 99715
82136 53827
38082 70326
82843 63596
45329 21093
69780 23844
44677 43905
47412 58627
42474 64782
55682 77114
21630 59557
74071 62474
7221 78034
36929 42986
75064 32310
39681 47525
26433 52966
41357 68410
97152 6154
86126 55419
87513 48959
90755 77518
29476 46806
90301 22287
40108 75826
31585 23692
27729 26350
95049 13799
25414 3957
4419 7640
52307 73384
64720 86441
40531 3676
36518 57016
13559 41081
32719 62072
7586 16060
31208 21552
41932 27733
52387 2650
58111 82474
13477 24453
68349 98323
33160 63572
38967 63932
11610 80157
94775 75654
96061 52779
47256 48645
18053 52285
71112 57059
83101 45028
32589 59580
90786 89481
16989 26880
48166 88836
91268 38293
18959 90886
69378 50546
71797 18032
17835 14341
48007 31322
62149 75950
71783 19341
77261 94882
35625 94601
95378 88521
54264 86848
19641 23455
64210 23769
4407 91703
58919 33870
60474 97619
70749 50798
37665 90158
82543 77596
85119 58482
62985 25198
73212 50946
4910 54671
71828 25522
63155 64701
12246 98281
65121 74891
41029 79238
78198 20640
31835 46904
32420 18871
86113 83781
56721 31069
31129 27172
5590 63478
15444 82915
49792 79673
188 10209
38162 40175
31531 78101
6881 25016
67570 83909
40439 77862
45748 82320
46064 60735
24712 9989
85728 55775
12026 90825
47786 46484
6026 83733
28746 29664
62091 17910
51565 67291
44934 10828
46932 65167
95957 9995
21397 15162
34600 9885
37241 71599
15427 48669
29855 66709
49022 75133
53336 89990
7716 59009
20585 16370
98324 86754
23884 47834
57187 61261
31471 55477
68728 11073
3027 97550
53519 89076
18350 30243
89879 39599
42218 28392
44084 73549
38916 97154
40317 85536
84621 12493
12415 93068
83245 13079
97528 47786
56283 18466
63901 6663
45926 76070
91796 48066
49743 19212
99355 18801
96972 71028
895 15965
74247 57584
96806 94145
1565 70407
84230 45743
79232 77683
44235 56139
24789 49635
94485 74478
37623 35290
48727 95972
89298 73198
11673 80558
47561 6089
85879 7585
64208 14060
33665 95622
26482 81959
26457 70776
7788 52162
79224 94473
13520 83256
95368 12701
17572 8822
9579 87564
60000 51297
66867 84933
64756 81645
74280 94662
18335 93510
38598 61669
45465 39051
51804 39082
99210 8302
685 5938
5424 51221
35539 23086
8957 78684
48087 24866
5527 19569
80890 44550
94391 11127
57680 37128
362 69668
72896 89096
68371 72802
6981 3739
8839 44081
42160 95689
37135 98020
58819 86671
69962 64640
67895 33758
58248 24992
16215 20922
95344 81619
19491 9883
33243 14716
76078 97903
38134 83249
86465 35062
38756 75069
33462 63429
4314 53599
17981 67204
47586 55753
81114 22992
13496 29729
19493 84890
87056 95747
35112 67909
14766 89277
10213 27884
90764 3505
73326 99578
69912 48022
92427 9392
23635 50872
82487 86018
83891 93268
1123 38234
94209 18045
12466 87892
47036 99162
45179 22336
67733 11781
78091 18884
95729 22669
88384 76215
72618 78773
35919 68551
9870 68595
12510 61364
76414 20658
85803 34354
12177 22096
51235 61643
36462 18624
75244 52059
83157 61130
82972 44754
97207 86150
63743 91094
36921 12069
29716 49854
75190 78312
53617 9240
2490 30950
93339 83524
77991 34667
21839 95030
71860 71411
68284 58648
27561 90003
62662 1509
76484 32497
81189 28528
71863 99207
77860 83451
231 57060
74402 5568
92239 45514
90164 36236
52283 49137
15265 41375
41389 41411
58885 27821
66812 73534
29390 41183
54992 7317
66818 37235
24679 23087
77623 1304
92531 86183
18906 85043
70394 33642
27881 29182
56949 41500
43673 483
30897 80435
65488 63589
22609 29370
89163 39639
86666 34480
79930 11522
44613 34055
41727 16164
67488 96997
87827 22796
44814 14630
1505 23903
4082 83064
43241 54998
73096 73469
18206 60286
54749 49421
7881 38678
84690 75697
73412 52404
84860 81065
56255 64321
82567 99079
57374 62072
28462 73458
5944 82987
77669 51684
5370 25150
99088 25068
44771 5162
80265 71917
36421 68091
52733 63453
89834 17971
72783 32039
44077 12069
23828 60169
42525 82362
20950 91607
99293 83375
51666 5078
99303 11765
77753 51810
63428 81200
78866 54216
35413 5625
70519 69421
67566 96572
55667 44389
38645 5979
28171 39516
87400 9129
65810 86865
80660 92591
27634 51542
70942 93034
10474 13938
32030 84779
2219 54015
80575 74454
20986 11052
71617 59779
17042 87547
42871 50465
52191 16164
95306 84814
40963 41105
21395 28384
58228 76704
18341 28447
58204 75332
89025 10184
77048 58404
89823 44492
97178 51163
7916 6990
83912 41462
38406 49609
94522 6105
57954 14888
48415 93722
42727 11244
82553 13157
42481 39114
13788 57430
10222 29706
41939 43266
16196 65929
61083 4686
10249 78936
10343 86550
40810 51866
15898 40744
40933 16970
91248 40518
97742 17523
16181 78792
79726 43318
61388 30424
16767 5992
70633 8916
72625 30033
88279 47151
38345 32877
14196 8464
50717 60815
27760 93041
52761 73274
17010 64257
66236 76166
36179 58595
99068 47937
70208 4685
62558 62251
96796 94826
68767 75000
47228 39256
910 14194
97865 47947
74127 71125
78753 80136
87481 55089
32471 66315
56889 47500
7119 53441
41613 21629
30435 41582
41482 34034
38720 37673
40055 96523
137 13627
64655 14684
307 32740
2339 39727
44488 37974
28534 16256
37732 60472
30431 27903
53627 13540
5866 27218
44337 41673
34839 81392
63488 23881
33018 58055
80246 99164
39289 89782
42868 49484
35090 18068
57936 17911
32434 15431
69428 12401
1950 13902
95228 23199
16494 61656
3708 11964
3981 65195
33912 67512
17179 21854
5259 10516
82955 77950
19873 62823
40357 54893
77884 94524
95045 22782
23314 35474
51962 63387
97133 95834
40808 3327
43018 47741
1254 11293
60027 10068
75777 56375
5221 83470
31383 41991
72098 84845
18077 21721
5697 99369
3866 70127
77409 64363
60874 82492
63865 62771
50523 40074
1107 9011
73747 11412
67469 93522
61192 13772
93751 68267
81990 99478
96151 47435
10733 70091
91944 97366
14545 46680
18518 17826
88920 41404
89795 72666
52095 96557
15526 44188
76982 19668
68295 29660
4511 66572
56996 40863
69843 82663
2160 7425
83933 96457
43406 51215
53565 52363
62106 2254
85702 68313
29856 82418
93216 69493
83555 18055
72999 46386
23352 4204
82986 16185
90728 88979
81133 55623
54450 53859
12263 53229
83686 79350
46501 16463
82347 32059
39013 24454
85178 55157
91324 22462
21984 97402
26096 28792
28832 72948
42879 94761
36047 85988
57655 77657
2806 50938
47131 69542
90964 44606
41252 91678
69145 66603
51966 99944
32236 84494
73639 29852
78374 38859
76979 96934
7477 79833
30218 42727
54746 77953
95529 98484
71083 62082
49277 85493
90994 74640
6603 21479
22892 25201
38379 53019
82122 10751
5352 25141
61971 53800
23169 68781
50720 46801
8876 44049
29471 9327
69262 16513
3762 13196
38467 24786
15917 71432
63036 51020
5882 20725
60060 57452
74104 15386
23643 82819
81624 33458
79907 14932
67135 50922
43126 75866
28552 63846
16133 1760
44255 32668
48570 30439
48838 20791
52912 64451
88852 26357
37237 12094
14672 71498
86223 9428
7035 51131
60628 91062
60772 65764
92688 45031
16881 46099
71715 74626
83292 42538
25568 99505
91028 79841
5776 78935
14072 8225
33069 97480
28288 74250
69479 73612
79508 34414
61698 89856
29906 23956
64342 15604
26956 56406
86990 64141
39976 71171
58890 66949
16766 69757
66045 37254
61886 15996
71791 76627
73415 23082
54428 89664
67057 84613
22674 50132
32740 3105
12439 60910
12863 98499
85346 6909
41266 25607
39613 75591
68772 43546
93898 74435
82829 97920
17530 1279
22173 89871
79319 15834
90292 44051
58907 33579
60904 52040
81559 26328
78978 29027
75662 17600
22144 76106
5367 98994
72501 24695
70398 57972
9253 32889
43491 49149
8138 56146
60921 3802
90001 75674
99176 90669
92061 64634
80525 80233
38563 67507
85813 53048
98637 32693
91493 65589
1144 424
89749 26546
26805 94150
17264 30611
11947 70430
96821 26769
86835 10451
63097 77497
56123 13851
67011 53130
64164 52481
21167 47835
62628 612
40556 52434
8069 18102
93886 83982
79524 75517
72988 88222
72691 89493
13907 6055
45687 90987
29793 90946
48682 48772
33850 67771
24058 66452
11431 88339
12360 8424
80898 7007
15083 78365
46556 77032
16939 74822
27320 70761
71782 62089
88013 15860
31278 19554
67751 61677
4296 21952
7334 65837
20558 41219
11965 17728
65582 13220
24692 28936
58698 49933
94343 70584
95126 57500
74310 87801
8285 18053
89427 82952
58845 86061
42726 57718
42598 9168
20556 25735
58750 69819
33892 49972
89952 89490
83681 97417
44696 75116
93899 8103
54889 6162
7165 24835
14247 62116
86216 33157
21117 41043
52879 96714
67657 42280
11786 12611
6587 50908
12643 63252
55994 63166
89019 89013
96638 68688
90054 32916
3063 82666
48363 25106
70245 67830
75333 85537
15325 85234
61252 90029
65931 43185
53485 84464
95562 62906
44982 24027
53645 13096
83307 20372
83866 77640
62668 5362
29898 59230
56460 29443
12267 8320
59924 88776
92830 98425
40573 49139
15609 34088
76954 34863
40485 59262
28236 18552
58049 56740
25835 86367
32445 92562
82404 28295
41856 6425
61782 47595
27843 11291
52980 46294
5268 54733
34982 45705
72724 76284
21767 91064
62233 74853
86728 27309
65261 5979
1036 70212
84141 84548
85578 54669
72042 95709
3535 89710
10443 33938
43769 34878
72106 86790
53693 93003
34419 12337
81089 13237
32712 5085
8834 7345
95679 36649
43920 64678
84962 6566
813 42227
82734 27388
36690 31304
4373 56038
87051 41992
77180 19217
47765 87821
89693 77826
16999 3428
43654 92941
37446 42349
47545 39230
11887 75964
59274 57140
95281 48923
7844 98849
34480 59142
47524 62956
79780 56461
42748 78415
66008 1557
21234 84280
28971 79575
66110 77100
80530 88160
98063 33472
13428 53392
49447 16543
64108 85179
77306 56903
71851 42667
47955 66955
59028 23803
34064 91122
1118 62077
21057 72598
67350 66294
22924 44871
59578 39741
61324 21414
95455 24767
82478 12874
651 15518
274 4702
67195 89261
30960 28449
46975 38006
22224 57956
76313 36020
81393 99408
80386 20473
19235 15550
13733 82697
45901 22524
95490 74973
61896 28527
28876 13122
13313 35915
90220 83063
31931 13853
86203 51474
88907 94434
63980 13948
41562 89869
14688 51312
9031 89541
51791 32160
10882 164
88710 17968
29970 41209
20675 13785
6864 55303
13499 36648
43146 58276
83765 36508
33505 96219
31789 19211
3339 6378
10898 47453
85169 58757
39783 52752
78802 86513
17030 42098
7743 35881
7256 20042
31197 27965
59902 26128
22790 80046
80204 8657
69640 45140
79016 57164
64964 81880
30543 63255
20464 89402
59025 48506
62806 58156
30544 22098
80947 16276
28613 92432
74137 96558
99003 79768
15757 57992
81010 70563
76585 20453
9149 25565
70619 58779
72644 46855
72196 48053
1091 25814
87963 35345
54185 97298
89960 16130
83866 79800
60489 51759
15214 92889
52048 30994
8560 74233
88450 4955
47295 39600
1721 25323
23088 67756
46564 86009
33226 95117
59170 27920
13000 30952
40043 10543
16987 64101
39239 48648
65414 9153
2324 8609
40320 21261
18596 61014
9621 42797
92860 46261
75398 94745
56119 3392
59748 75967
97921 3951
58457 4479
1949 98347
12127 25902
61536 85364
58214 21396
54003 17532
58387 29646
1556 59530
25211 99564
5525 55576
22796 51316
56028 60886
15045 33821
51266 80132
29145 54517
20084 75100
41969 31100
50645 53637
78662 45095
92506 10849
21707 7709
12908 89184
32385 57917
73962 42635
73504 58903
80388 69050
33973 61870
57153 95102
63358 66749
92602 37848
10064 47214
14429 61152
29682 28100
20267 33055
67135 71027
99994 50453
81704 81986
33619 32180
8720 54704
63125 40866
14062 70700
99056 55675
22062 95164
38315 10253
4400 34967
37887 43483
92328 35947
15130 82459
4508 14648
97469 40600
13705 56818
12798 53936
47039 43843
74855 61334
98944 29766
6773 18257
71397 85965
22138 93564
74617 2621
4859 76388
27196 9037
59570 53805
82657 78123
47405 56910
69808 86102
50797 99472
30309 20420
18440 80114
29871 15838
41512 47272
31314 17280
39818 31576
90693 7098
79296 48027
71445 51569
13327 73058
56288 36510
76978 49359
23771 91950
47381 8247
81453 84928
71002 22599
83345 86570
50584 65948
35224 82325
8407 58921
9253 26396
41141 47189
15311 7537
33028 15514
84066 67384
44905 54120
13342 71754
97823 96863
8279 65972
51090 77048
42163 17141
68517 67581
80879 25507
53612 52205
26971 85831
99922 25721
81785 23964
41845 59274
85634 19956
91301 65496
65089 71859
87209 40884
61013 42674
53305 87967
148 27261
3845 58833
77699 97046
83596 8627
82078 688
57446 94629
23894 51636
52603 74521
25326 7615
89130 24310
38014 64898
71395 31382
31504 84065
62093 46728
32326 30485
42913 23086
87058 21162
10540 29696
41115 70785
91665 61160
73919 41071
36357 12932
64268 78173
5138 66568
56357 710
41780 1913
57603 88923
71807 67602
22385 99458
65367 6659
77295 82291
12566 13037
78929 75610
64265 93959
71869 94808
72724 76540
98672 50530
78986 51211
37530 82880
72917 77990
58525 24399
4660 24563
37490 28160
26008 53294
55076 93655
59142 65349
48338 11756
42200 60123
28753 92717
82492 70949
16777 53658
62323 47664
93267 8040
58579 60121
1 5759
52134 46867
24310 4540
91401 46853
14442 63952
45102 74057
99047 15646
44954 81807
99535 62817
71271 45495
77939 4644
79267 9467
29693 20008
96144 36867
31815 22561
55650 69102
30690 62873
23332 16208
55185 67884
66547 98126
4875 93643
16513 87172
30108 77465
34995 703
25860 40689
452 88420
10710 43358
68224 76391
24315 47776
81066 40789
22349 57486
8278 60522
30044 59439
78671 61467
34956 95392
74130 15726
83221 26033
59953 54109
55170 32200
60306 74935
12403 57148
44782 44671
42235 43323
62834 32843
54082 34532
29665 52390
95363 76942
49423 1166
86095 42304
46376 60247
5257 65398
38119 29318
44457 4643
80639 32854
80025 40873
91094 85015
84475 52546
12997 50026
16608 23227
38905 28934
57170 53460
92821 40086
54539 28001
34062 40089
60444 268
21293 73793
84519 47664
71057 26356
62534 40671
92490 17358
50242 44318
97727 34525
27836 22500
37897 49956
87335 49822
98038 66616
47435 57998
7303 55622
97508 97063
15346 45707
35010 95283
79808 12826
6343 31885
63088 95674
8780 97031
62899 83046
75931 28646
38830 22155
14678 28641
44411 11437
76463 18085
70472 14370
75950 36980
21910 38421
39631 54561
80731 73861
84705 9589
95361 57507
54632 77614
60420 76408
32315 14043
6936 56604
50662 7585
58113 3424
20554 39001
85562 98501
7704 16623
27631 83363
76474 51493
29058 25283
1034 77614
64137 55653
85337 2131
6382 70619
27178 5809
55598 25132
58356 75033
48283 44402
26179 89775
28122 29148
41367 54380
60326 25901
80227 22492
67083 70043
37871 21313
14251 46289
64503 9550
89725 24621
2827 84524
4713 84355
13261 51128
94029 26104
45461 80899
16731 14087
49200 67249
89144 73984
52381 39355
37791 39300
57807 76941
3260 83434
78030 27240
25810 3614
80181 66401
77366 36956
2133 22560
26865 29657
12881 17058
13505 20891
37984 94808
40408 87548
19599 89030
4764 42123
30972 80709
14246 93994
81308 44353
37763 33361
89717 89339
10390 44266
7141 40008
5396 99539
31673 13584
98854 23487
58327 40432
3370 97173
39701 8728
22003 54191
74559 45198
75333 92125
53141 92042
27962 9664
48458 26296
94591 34415
20646 38553
55991 95317
1701 93633
33591 1040
55959 52378
91848 96180
43326 9600
24105 42246
7154 4132
24683 18434
1280 10154
15187 24566
34151 63626
83515 34820
56666 72562
81872 74788
4289 48514
31349 86687
70263 34734
53152 16789
47661 84992
26264 84472
94982 88756
96829 74863
64985 40507
46112 98324
47699 31096
92678 98838
75794 27206
50953 35128
69482 24207
11095 73840
66724 90454
76305 65801
48634 56047
79885 54529
55709 60738
78549 47436
16079 12779
73638 91631
59465 8413
44562 80518
32822 74042
77598 70046
66838 94428
36133 13883
27741 82352
63475 39892
52017 39574
85706 87986
47791 54370
69920 94901
6342 72318
30911 45391
20058 25830
93381 3110
82275 58186
36642 68310
63051 76687
54108 58445
58580 3215
36717 42414
3088 91572
75076 53551
18983 96769
65824 794
29332 45097
72697 53199
65608 84662
15447 80353
35974 84227
79096 11509
13701 76322
21998 61670
4210 52344
44991 88707
89963 62876
89732 60783
46244 99163
61098 89345
67430 49367
43156 2722
6315 89987
66614 63985
24260 74953
48668 17186
22035 65252
40609 89946
93777 4646
28408 26549
48617 79763
3303 34689
4027 59588
56007 37024
49914 38054
79557 6698
11918 58744
13348 38792
32435 98929
35193 43866
67353 68183
76654 71955
49282 13064
25151 72375
5286 38517
52224 51748
13522 37410
50741 83366
96580 88360
9976 71553
90897 74260
33750 83531
87904 77637
14546 63694
12237 33041
82785 84939
98535 87104
76397 71378
18993 74992
24211 35756
31173 62160
89060 62353
76492 45765
75975 77234
18951 58023
36885 60816
97802 40933
9532 98882
35579 81725
15005 3092
69559 80837
52975 88322
11854 54597
28857 31809
88834 20506
53403 40727
55052 47733
91494 67070
50679 12634
4319 60197
7267 18786
37249 75535
64163 97241
76760 24593
40543 64576
75174 73720
90931 76524
81793 6465
56558 74917
80115 31840
27380 49064
73721 66266
62749 22886
19525 68746
26356 23363
4092 77344
74168 16247
96153 17821
75422 23568
84328 5016
91085 98767
48620 8700
22304 13126
35353 9703
58536 59232
56506 21229
66824 91033
21068 58548
74487 28706
22945 36917
44609 64159
45407 49825
28327 32104
22238 77978
77498 53291
71150 16853
51620 34536
94702 75103
75647 63156
83158 41877
45723 1271
86926 18570
56861 83310
72021 10533
75418 67721
67291 42048
13024 80238
41063 63050
1614 62836
64913 33862
77783 3593
68841 50442
83428 65165
21743 2337
24654 30581
28088 65610
82471 35081
17648 17462
18034 93957
28050 5613
77607 99356
87058 73002
97265 45552
25812 92475
57199 84124
95569 85858
790 4874
23961 64246
24781 54621
26252 89635
41679 96553
68288 11781
75949 15734
93182 56113
20682 67488
41189 49453
77117 70842
61606 57171
52370 71142
60294 49554
5833 24734
16607 7917
47446 59471
53343 79450
60927 56377
21831 50979
71617 99984
3981 21897
48428 14750
67386 17372
20226 254
48749 96932
96604 27875
37495 93947
30085 91407
60349 10289
69981 42364
38937 63559
33815 13847
62073 70068
71995 39231
53343 6595
14853 68459
79423 19379
22244 68961
47364 26390
50940 55776
56203 42290
4900 78711
45126 75875
29545 13355
23482 72215
59209 29749
22849 44144
91513 31810
47689 40838
72640 73905
45204 98883
19193 11576
97910 78501
81365 26528
3162 8799
63447 4676
50077 22360
16022 85270
22641 80426
10206 39291
82684 42596
45743 13290
64342 88169
89341 27472
46991 46319
61358 21902
15078 21409
54623 46266
43091 60606
41152 45210
61470 6423
95315 61292
73893 88820
40593 17857
76954 89200
30309 17469
88771 6297
18574 94617
64985 74481
19585 15841
40713 25615
8998 96887
42102 66527
34230 9518
45813 52702
92259 44143
55503 81087
11472 57719
73538 392
28277 52023
88641 36661
84476 75667
3215 68500
56103 74436
84680 39752
34312 92982
68665 20999
34630 80650
34563 37820
39711 31061
91740 92261
67648 82560
67565 82805
77167 10374
19765 85172
79554 53465
63748 86554
18853 48668
59041 42519
22488 36170
67237 5263
54287 87086
45662 34998
66000 49033
23341 97240
20472 35760
37288 19124
86967 67435
35353 4731
5871 55031
38908 25334
48761 43205
97253 57470
95264 66361
82104 26082
60067 3531
61615 79332
79415 81417
30808 76380
38179 1844
88692 36820
64995 79742
58682 6058
35366 43250
9169 95089
99056 64684
52889 98032
79033 92029
52355 7457
43851 5737
88564 43283
97287 10856
53095 66441
79073 86664
1192 30553
48416 45897
60377 99246
28543 85408
64432 56519
63919 50773
74391 45685
5139 52356
38763 38273
65698 39488
69566 11523
22984 45964
71478 56332
2117 75872
32267 45949
70700 88938
94604 80494
96870 20138
39803 20584
44717 80084
31628 6763
9969 81746
57931 36073
23638 76032
563 84233
34100 94798
46327 61445
75606 56802
9148 97964
57756 5107
26845 52929
93753 21263
60070 88410
68021 63862
35066 33505
18091 76508
74446 48439
18028 18699
56843 79436
43227 4670
19855 8296
59568 80744
31981 69446
86773 79275
45736 77203
72459 24417
25180 4627
61574 43255
36982 54173
19309 18829
72759 38298
21115 35031
83572 67882
86689 92927
9337 31678
77185 6432
25633 65119
30580 23693
61376 12518
67110 73352
81402 71426
66677 71627
24457 62869
55285 36323
58810 21271
88558 20495
29712 89010
73436 61765
8608 38532
98895 66542
32756 25888
21385 26117
70472 29933
23106 30301
20048 35077
42023 36920
7440 34328
65783 6736
63362 7879
55877 56401
26484 5129
11609 73725
71751 33321
43599 18695
241 55973
88950 32152
4124 49745
28593 91438
93317 40850
81818 32440
4222 83364
70234 56923
26380 6197
33619 40560
92105 68999
55990 17731
25827 57522
30605 89494
39963 42655
3154 74300
97448 86222
26614 41310
87249 61937
79771 99833
76278 58991
84506 70046
83240 57890
11711 33937
34477 4377
55304 47147
16349 18295
39369 74425
73031 77810
86026 94170
38317 26452
92903 10916
57859 31102
40527 83871
61972 30176
37895 49960
41917 64770
24708 17616
31664 5215
54228 37563
10515 78308
99222 81314
86782 82838
31645 47985
72833 59305
81937 82921
96603 91273
41933 14207
4996 80789
20514 6907
72708 90399
22163 27483
3897 46477
37271 57517
7702 30043
21115 5944
5406 68471
90845 5556
90797 94884
42674 64749
88656 75992
2144 26084
7463 19453
89733 88014
9002 64531
77806 26291
42081 48205
97441 97712
52459 71504
85236 43989
86328 99767
59347 36616
81743 47153
60862 77793
63497 30401
75240 5612
44756 74205
30361 32106
3984 56656
50701 86608
29621 50553
3220 1638
33580 58410
8912 49321
32562 95241
6681 97737
76024 60978
79676 2732
54917 38002
96920 78761
43762 15822
9088 95182
98893 20506
80636 75579
45431 62627
54855 23397
3462 25222
92466 31188
8772 7094
54176 98244
74829 49818
61416 11624
65749 74188
56951 90722
47104 13211
22891 90221
82888 91242
99128 99412
26811 89263
42727 62711
35739 9077
99026 62285
71932 4378
70602 58973
83017 1617
1361 9572
27679 84834
87200 19794
91887 46501
92066 14156
42497 86123
59607 40940
77484 17493
20242 98588
60799 68282
1500 82527
39579 76454
31535 31177
86391 42293
11195 48033
98683 12348
15044 57478
96453 85473
43682 37735
70407 38430
85727 35402
49702 37250
70141 66310
51549 77391
83374 584
11288 59005
8314 4562
39162 65142
59964 42743
30487 94136
82053 57089
45242 52182
13752 34732
91553 90871
70028 82312
13756 10678
45870 93594
30193 31008
35996 48731
91195 74777
92298 70808
82470 9399
74561 92560
15221 73637
78875 35417
60381 39746
22697 61660
80551 62944
53421 43924
41009 26501
49600 89043
16462 45773
82861 58526
19810 43846
80724 24044
57606 94866
28840 92266
42762 28265
26353 61978
37550 61044
10187 48687
31720 22387
87333 76370
59777 32280
9796 54337
88024 17866
43069 72330
23165 64899
75070 88565
39159 36146
39013 83607
26015 78234
66055 5056
65635 1969
14059 22126
34564 77346
66125 32663
81720 83787
29819 4356
43912 9440
6011 10256
17651 81062
66403 33357
25802 15417
92128 97695
42226 80998
70224 67967
7653 46642
78120 86361
5681 9777
37358 25486
98487 52847
19391 77107
19021 97291
92651 29232
90397 97111
81844 8739
91844 73978
72147 60506
28563 83982
65299 64188
55218 56962
54580 65473
60824 54648
71945 1205
38964 10248
3482 9529
37031 2044
91715 74978
40040 3378
89011 55128
46430 91709
87950 53784
32010 3940
25580 64371
80698 51682
40376 53677
2807 54468
22865 35487
73848 61454
1324 38485
48620 81622
91504 3792
39573 18664
86520 41924
6855 35168
27381 84380
88845 33683
746 90130
6693 93990
7438 18903
97503 70357
74765 16785
22849 78126
88071 41527
89062 19475
19984 29495
38106 57084
16494 8113
62560 80403
43903 40986
42284 77270
70416 58042
64778 29208
48326 63566
51093 61280
62969 57030
38432 42792
74772 21192
34865 50751
70839 92907
8929 50440
5109 90493
26877 13049
4534 75198
72520 96765
58646 20131
39991 76466
59876 72436
39731 39340
12580 36686
50491 68528
16462 64449
27775 85722
20045 83538
77382 54519
12672 70395
31465 68075
26940 71175
24245 73933
60168 64182
66381 870
1855 60671
33958 66998
39090 56617
95466 98959
12868 84272
22806 94392
75788 57735
12827 56043
90518 93296
84608 85751
97506 91973
12222 31998
16580 85811
77539 54744
12194 78522
76176 82639
39609 94318
80699 63201
35257 345
11790 36642
64164 53175
998 77431
99571 62936
47060 95771
14033 62721
48832 38142
98270 50859
28161 64641
25357 64643
44294 70331
82918 93160
12688 67287
62085 37489
93109 39316
84281 23908
63967 90851
85798 29248
71659 73549
54755 24020
37419 22795
55389 22821
61476 58572
8210 24300
4561 11282
7991 18582
81950 42517
8339 19362
33997 79390
41601 96935
35445 3693
35282 53067
10110 95540
70473 49709
84358 64506
13725 11804
57823 24538
98618 20125
47214 41761
96448 38697
46670 78419
13251 17164
70795 24166
20169 11560
94312 36997
51823 56688
77657 6894
75909 96909
37993 65205
89293 33276
6390 60831
5568 58414
48720 16072
52041 80967
75069 86397
64679 67520
84664 46275
27151 86982
92782 70542
8808 95608
39231 44522
64494 15372
47203 15574
63568 4746
84130 1764
85298 62192
38267 28763
46924 97644
74942 6293
12104 81701
36114 89473
96808 60275
34128 66978
26269 76706
58725 2382
38385 57204
53012 19247
25215 74172
38290 38470
35765 56899
43624 61571
24121 30246
26229 85678
79137 61366
70346 11906
40537 39543
39916 90988
81537 7393
65685 61872
63181 63170
48274 68261
64803 33179
36326 38996
9440 63262
54310 81852
34388 23799
33372 26833
40545 3520
16197 18457
92256 24138
90066 2862
63100 12571
86635 1854
23700 2763
66503 17710
79421 84710
19061 92467
33694 6061
72918 89655
52083 86996
46880 26810
47339 71974
23197 16590
43146 53756
91882 80314
21991 21994
57912 6265
13327 56051
49999 37336
77728 26671
43494 74203
63823 23916
88908 52024
6499 14762
50146 40762
60087 32446
78207 16223
66396 77296
54923 34971
10260 80253
50020 98291
68121 31573
41404 14851
23476 90206
23000 16505
23910 45295
99475 39991
6370 19158
87065 44501
657 4211
33132 4284
56685 61946
76675 12812
12838 55477
9670 215
86432 90592
6259 25028
27859 93707
50300 12333
26186 3356
44999 26401
73412 85994
16589 53634
17686 29443
59739 28072
59656 53543
82388 28413
23763 53866
91180 223
7913 64982
4558 4194
70893 64615
18296 24011
30806 91533
26458 93685
70097 71533
25435 64688
62044 92833
15764 55069
59564 97075
72466 83187
97640 21318
84536 17342
5931 4141
58139 24538
85862 30834
19652 97468
30555 15921
47634 56426
52931 66042
92949 87038
41290 78962
66836 92935
61965 9362
55336 57063
23715 48935
85311 77686
11537 92464
53242 36477
43348 99268
22095 12444
18364 62185
25159 8070
23563 69950
41985 36064
96601 81970
48173 94053
85747 88970
30610 47428
81592 87327
98154 66880
51419 53533
4096 60303
14244 77318
28089 17564
93839 49677
14152 94150
47339 75804
13975 1726
21819 72846
8453 73933
41913 84885
16003 1324
22062 91029
7958 32809
84412 18151
24312 70505
63028 44119
49847 92064
81024 19719
7509 92187
99290 99530
7654 18807
74483 65577
38805 53447
88909 15554
36671 46097
38145 16484
11446 39601
91002 81044
99935 65110
79896 16586
21973 69504
16463 63765
21444 96200
12485 83443
96750 80504
41495 27066
5994 18702
74132 77298
93568 51326
5153 3833
27310 61837
20979 96733
31526 49879
12344 85221
47469 17481
6703 25641
14910 76135
44203 76245
92965 69224
62388 61002
67365 86293
69701 90813
11762 80014
21103 20407
54776 91684
70581 78099
84082 69952
78 71010
86835 95643
36647 86378
47585 68036
52190 61379
36628 70141
4296 28633
70748 35486
30155 24621
9593 44785
98533 94868
57984 98964
54851 86198
12189 50810
56939 73360
17195 5642
6259 27699
67742 25503
91367 65314
56313 18470
45383 82776
65944 25539
99302 44672
36200 14284
86732 3355
55114 77132
11029 8702
12884 94402
18576 95729
25007 99871
88450 47793
12826 31724
66304 54318
11013 95521
97016 62574
55671 18735
45769 21320
13481 41016
357 19050
52105 38801
84182 41556
26296 31143
39863 22203
48076 27255
87927 45927
22031 93364
16186 51509
57598 23172
85047 91285
3530 32868
77658 2477
85019 64384
64708 77972
63944 60411
66982 23160
76992 22733
15114 78905
70372 85792
95050 61931
16778 74963
64087 32440
52252 13815
91987 86972
70711 62164
30263 96871
89101 66981
28366 11550
10787 18327
22936 39835
80499 33455
77288 66728
44491 3905
10471 88936
80461 81241
6863 81231
36269 46518
2000 40260
73206 2858
77102 1478
64677 1340
17120 93476
52396 54917
50771 28452
3473 36630
62054 98557
85516 81873
73004 22812
79117 39340
45517 56163
99187 98130
6020 89093
86422 14657
73666 56492
40798 23596
11850 30868
41577 4474
33267 4141
25129 16773
8713 76924
67012 39517
54509 67866
33650 28291
52176 90068
10147 48398
32668 14281
15030 21321
14123 62256
86019 14515
4814 37967
64082 34141
20807 63717
15906 84528
47151 58081
96163 39204
86001 48616
35164 27786
47469 52723
1574 44292
68726 51854
9774 53319
45684 4699
70039 78848
7139 64525
22582 81804
55282 14477
47188 56286
89317 92537
16816 83549
69364 97248
58970 37955
15114 50983
60697 9695
16390 28551
39782 93588
48317 63564
53807 81624
49846 57367
60597 95734
66989 57853
90766 11276
41040 59143
36996 58030
85061 25872
52403 7585
55906 81002
14895 70752
23540 32729
47228 90811
26777 8822
45620 79603
99333 48301
85029 80096
38913 79263
65072 8267
79303 56897
76171 43220
44360 7804
30944 6093
62630 72683
42700 70012
14618 34911
47873 57213
49711 47870
69700 1374
73637 37600
67887 27490
81391 7761
73424 45631
54037 41362
60585 70463
71539 75928
78702 89123
18328 939
79242 63099
78952 22601
25082 80431
98747 94112
8144 58553
66171 71639
95889 18377
88714 89350
24216 8000
63130 65433
273 36853
97395 79889
50174 94899
7984 76867
13302 67193
31714 60983
36641 46393
93996 71210
67485 96185
90757 49356
43804 39733
1497 51779
10596 18139
60008 4679
97261 48493
11206 59043
19943 96931
10905 84155
82097 50982
67263 68832
76899 89014
98917 88605
65285 80549
85328 93614
70901 68474
67064 43556
70406 94639
21000 92226
53691 41812
48544 48451
17008 86601
36659 79730
8370 79848
73161 19791
32705 7896
86046 71217
31253 59451
8289 97407
10039 92193
13206 10838
82115 89619
58517 37062
88236 95305
77480 14325
86552 38580
14033 84218
92416 38997
20866 12163
70322 12068
53091 73808
39215 79146
27183 41301
51853 42183
92439 35420
19381 34221
75485 55521
77766 52482
31675 8628
53745 69890
45914 80858
78971 62043
44411 69453
30302 97840
6034 23767
25383 95639
44389 99643
41690 33819
58865 76172
78538 72762
42278 10644
61089 61479
82630 28239
14046 62281
27626 30605
61906 7771
54429 78547
40898 61578
96158 8154
29064 51098
78915 63151
54066 60322
81681 37170
28577 90379
14725 8503
69036 84756
38478 73320
88986 93041
35792 39072
48651 45096
54530 25233
28912 95282
32145 43487
45935 9216
40539 21412
73856 44468
29077 45226
66706 50147
67302 75636
81767 72058
75913 14773
71027 70326
33295 78422
61153 52266
90555 88597
80014 77341
18948 25889
4332 83849
26838 85343
91361 30237
42225 74952
39301 32028
37416 70760
26791 38588
55780 26849
65929 8680
38687 6246
55744 45599
72489 31360
4149 31442
82375 73837
72166 37450
6414 83804
13765 66079
74764 55026
45496 77026
94656 50023
77560 15796
98813 53738
79666 66253
43275 7513
68937 38486
7910 83050
87665 49711
6141 28805
49270 17738
84020 32296
15795 50798
54051 50754
31835 85973
27700 87864
16724 31214
27113 33186
64631 82267
37203 68015
34578 97748
92636 37085
94118 68259
58495 12546
36296 33350
80234 28902
2532 73297
92867 30022
69110 77161
42176 47475
10351 37385
95661 98641
27638 94081
28650 51192
74308 91218
89931 57975
75879 76083
42774 47596
36128 98863
50184 11309
91877 31237
1457 31490
3135 7751
25139 60008
13293 70683
41543 72751
90144 70941
47543 43357
64445 1627
88901 30282
57502 72856
90435 25538
87153 35785
46649 95622
87479 27067
49187 97323
65734 13867
336 48793
16232 7180
3684 53037
12762 1861
26934 14071
47118 62000
1203 77309
60489 5277
33273 84246
1541 85484
36605 82096
92368 69687
57318 95435
6764 53030
14127 75836
86061 56920
9353 7467
62942 5601
81206 91285
4348 80710
92175 9354
51609 45219
66720 98256
3419 82853
2759 59070
78362 12977
58264 44354
69125 3739
49371 35772
28094 26256
31789 25281
52953 50924
38843 50968
96961 30468
99050 73152
51796 99070
78770 63752
32866 20
27902 83766
88369 4629
51629 19969
60476 31972
37204 38519
23375 86807
31930 35608
62509 46937
52859 22360
31115 14792
30054 8033
40338 36824
95 12207
75136 69774
10461 84274
36999 34405
28333 25807
9133 27981
12429 43008
46539 88071
49074 54991
60047 81802
55427 67071
44761 61153
85595 67779
66593 45675
88811 85509
35408 88794
6389 53153
12994 12692
98546 58279
45995 85077
45229 34908
41134 27595
43622 48537
52647 86201
25489 92203
3779 98100
47924 19409
66563 59305
33772 33154
95645 4597
29032 36356
76315 38667
76173 9238
32409 12338
89360 95751
81515 7557
89599 60092
81845 26129
57081 27886
13649 60666
54385 7050
55277 17590
58703 18991
51818 70992
94223 56947
82750 21799
45407 45951
68051 16588
16165 86254
22822 75464
65720 65010
43464 49203
47074 41743
58977 66494
95524 68766
24392 55978
2738 17196
68876 98799
36819 85624
80334 36342
86338 29688
66980 60927
7504 49172
97208 32796
27583 10410
11655 96308
65416 69641
70211 5601
45846 57302
38514 35986
99401 21354
69324 17002
30069 56561
10464 14367
69088 58316
86224 96636
49927 20240
9392 80799
24953 88965
4491 14684
87674 85513
95806 9784
866 96042
1659 36366
17276 88239
7048 60782
7111 37808
62333 79001
72472 70521
54826 33190
17750 73420
44814 80288
45885 56763
76353 17254
49052 78354
39723 63562
85815 75915
6474 28435
27237 83255
31985 99707
66739 51100
60675 52849
76799 9906
71132 72599
30910 60133
99048 22981
94070 41526
11242 35716
46948 38330
89463 47669
44088 20537
80760 16392
36725 10512
22060 1765
62034 88560
70339 58694
7291 37917
49028 3963
9360 49455
62856 78372
35300 46836
87356 72603
51487 63532
77955 82248
59645 42444
63250 28682
65933 53020
6547 45173
31763 58201
80514 84878
29255 81811
76499 7793
22324 37712
37610 28364
26105 83687
72033 79553
61803 36774
57702 33480
81425 28397
90554 51978
95271 47921
68403 12007
49212 28314
18394 62257
66420 84357
76078 7343
87814 62882
26752 53115
66590 24439
54197 58596
88061 92891
83527 29005
73204 37980
86532 31212
8813 12122
3469 59116
39042 36809
19673 89643
61380 691
62447 56701
59765 82324
50351 32295
2254 50652
34506 44549
65434 91249
19493 43236
27609 62378
99643 23592
24766 8533
61784 84456
12562 60849
3838 27181
27374 48565
36740 99767
57669 15080
15186 78840
26072 62118
23558 15926
74623 37953
85682 13389
38439 82398
23163 79691
6639 24372
96508 43411
40618 88177
73825 85403
93184 17332
42924 31405
40204 93236
61108 28905
8607 50487
89889 23458
89468 45756
85137 26237
49562 45490
31415 45749
67909 95838
38646 54009
62462 5017
74634 1900
44438 21104
40927 81701
74679 17762
82360 95981
84411 24230
3114 48963
7602 12354
36958 19963
10625 73205
10898 75418
49246 66702
27321 22556
48533 45074
8566 10799
14246 78394
38469 58901
72100 82514
2579 15654
37079 83164
27937 73419
5691 74283
81188 65412
73247 14824
45416 67395
79591 45073
41640 22223
50411 26645
41240 22754
11894 53945
68924 64428
38343 21014
63502 99373
45523 41208
90971 90527
31265 48449
16582 18633
71340 3396
74468 20749
65093 9514
94527 85211
39023 71600
1332 19388
5441 16775
12052 4040
98344 95475
85414 52944
46274 71437
29956 20693
60419 28225
31417 96430
12372 90768
362 53639
58959 61519
12810 80988
82501 51783
34020 95650
56824 30931
61460 32543
98273 37669
58286 63981
86731 96033
37110 39355
85654 65375
73735 71724
91125 44109
75917 51573
86288 72844
5546 14531
96611 28846
11892 33907
85757 63071
15221 17145
34178 58617
49290 99642
75402 52397
77669 90417
48223 43841
53420 56397
18659 9581
10583 78418
36808 65853
98773 60372
57878 32850
93288 64095
97544 17345
89252 96433
65935 86290
76084 79870
26894 93922
58229 20300
62236 87969
52986 13044
60421 59573
99174 77639
25321 23638
60085 18343
44348 23824
35923 51785
26724 71876
19331 43034
25406 47622
45401 19031
27162 89856
74688 18835
25530 20846
41270 56117
33655 72545
47371 53335
3036 28412
36102 552
22729 33082
12448 21387
56753 27302
99526 81558
72316 52801
42427 26164
91462 94815
30996 73700
45598 99914
97434 84471
58312 11838
84011 35637
20444 62091
71162 50521
29060 12503
10443 12401
16226 89529
20280 56895
20040 26591
43310 64410
72957 38889
51824 24942
55423 32043
73043 46391
22716 53999
21537 78506
89687 71025
15190 40397
52586 28737
80102 79834
93374 11844
26229 13120
99636 48180
83421 39170
49695 40923
46828 11734
91976 66268
44003 94246
6665 68107
70904 26579
18418 95535
49237 32333
49800 42855
59223 78204
90113 20066
36207 79898
10601 42629
17700 73719
49087 48554
36848 13204
46936 24987
30591 59688
47388 58651
92243 84158
27396 10877
42434 7157
57603 42539
37110 7647
78521 76768
25452 83298
96193 2542
32214 70906
65125 32250
56153 61909
91556 55035
35983 94293
2131 96190
53095 83026
62873 68133
13984 30358
21393 13027
77361 24767
78636 96769
39812 22496
940 47101
2935 6336
14795 94246
76314 66393
74290 56897
9747 63002
4290 26183
49021 75046
60462 91268
57252 60691
7263 1338
98154 63500
66287 3196
26054 98543
64974 90771
69184 46960
70369 13501
278 6900
62365 42825
37499 57303
89840 63132
51218 51719
46937 22255
15511 77926
50411 36334
10582 50795
75310 91898
978 83618
91006 98152
58656 776
19658 22081
92521 97904
77558 81184
71308 35456
11641 39383
66137 88692
46464 36202
51255 25690
52393 66321
56735 51221
1513 72987
31166 95067
89255 93030
53367 69975
50046 79816
59839 99911
76191 97353
30527 33406
97965 67494
30806 66596
66783 22448
628 87921
31777 78603
46976 97205
84531 40368
92211 5044
37769 77227
25083 42690
84809 61277
68153 72011
48112 90875
20323 7502
54445 64749
32419 29852
65349 54512
65750 7550
51277 44341
48589 77773
73491 19519
38607 25848
55606 53257
2549 27233
31017 2654
31341 81696
39284 22143
82553 47646
54739 31745
54413 67772
70677 97868
84756 33738
80734 80285
97226 29072
72357 38884
48419 73352
41079 31847
53156 49089
13778 670
86309 99422
82923 52980
68149 41525
35337 8364
38837 34289
88743 53818
83708 65009
56854 68870
97809 10310
90264 37453
62677 27929
71398 1887
88951 35554
13388 82370
74813 13906
96680 68525
46561 98282
4910 31758
49170 36642
87526 36805
32943 45059
59244 66759
71504 31341
24272 17756
44893 17202
39092 1440
83956 34617
78801 99046
9863 74108
50130 96144
40860 70410
27766 39096
1739 47046
97778 98347
57124 1478
65485 14665
38726 6068
87619 47494
27625 98641
73891 83244
13109 45037
30385 52247
50601 34160
41764 25687
51669 34229
21993 14322
84288 69897
27806 1919
48482 21168
63320 76907
21195 34913
99038 3448
75163 15685
86987 99610
35336 63516
29616 1048
57339 61111
57391 14065
31859 14975
93281 73396
53216 52685
1105 30086
33161 5840
15487 96
31335 3946
9151 70671
16807 82579
21303 88211
22412 53365
88260 38624
39627 95246
6389 60223
95118 55761
81839 22542
8818 5413
30663 13468
51080 53988
44587 92334
63575 35102
8026 40893
9304 79028
90663 55734
35769 2781
85242 64856
48827 80612
29710 31033
55924 44903
1396 6786
87182 75162
81199 94734
95974 2146
33783 7663
53742 39643
3222 54537
35019 30355
49677 73717
7127 95948
54160 9984
72896 70461
72486 58089
55464 30962
92010 99942
83747 80232
35053 55936
17532 58162
60273 98738
60976 24759
5295 55502
59025 37361
3026 25400
7876 17455
11866 92681
91747 60276
33339 92781
12700 26582
23355 23909
13809 25055
71639 51334
41814 67664
79710 49657
73654 69561
92692 21273
96399 42306
42865 94680
5105 23494
45728 98554
41282 6418
12320 10711
50141 47467
79654 46781
96078 50405
6681 18317
37560 38796
92757 26106
61775 46207
78825 47661
56382 24176
23129 81443
16323 81349
83100 21421
97326 18266
30847 88175
1638 72925
88096 16257
63427 25233
99155 12689
57749 58123
21377 29599
27836 93912
86212 83712
86893 70613
24909 21948
40180 61398
12510 93520
84524 46912
34128 8781
66856 64622
67439 919
30126 79375
63960 11782
40567 39494
71810 94664
14769 13449
62162 94941
82301 6019
9605 92666
5585 46259
77834 391
29014 72427
57317 31841
30443 94897
13230 88152
38240 99201
21232 3602
28060 71592
31722 96071
57016 64651
99217 18659
84034 75646
68332 59270
84123 62574
11479 6919
7865 77112
17569 36077
5222 83023
99342 41109
85407 33658
62869 68591
40693 46387
28898 71585
81615 34793
74486 39298
37671 83391
66338 58816
59369 85451
88624 97467
53175 66136
47130 86311
60167 28676
56881 93678
65603 56066
74615 17292
57864 31482
78949 4049
62344 9220
8070 55971
17928 87537
48186 12537
10178 1890
55860 19681
97348 51406
48028 40187
24112 25473
88430 42619
58490 73431
70362 203
19373 12613
50434 3814
13734 77425
10526 95615
44023 43509
24251 58392
31654 8448
35000 55883
40523 16852
53511 93893
533 5609
82706 50437
27526 51625
33332 59522
47186 11698
15164 25218
95972 99543
686 45348
92378 33311
47489 51255
26820 92869
15649 2624
28297 1014
8174 30745
6273 95094
96156 45644
5660 50075
38642 37596
24281 20400
75883 82236
58000 17556
93591 17493
21193 4313
7803 47045
33763 46661
38157 1211
14190 33844
96889 77532
7185 70676
72127 81665
3173 29319
26354 41431
38423 677
53914 98909
68234 31095
41907 24713
51635 57725
98668 11620
34907 49161
28713 51657
78433 69122
95554 54986
96725 10466
84866 85515
53502 12376
21672 12325
14677 63559
93097 48324
49032 15621
70124 65738
78072 6493
11500 50282
45755 22445
81370 91213
57274 57161
27929 44080
92308 36214
1696 64100
29882 75280
85916 85933
92977 94756
65963 27588
14291 42807
49953 8693
52878 62941
3783 81634
64419 57570
49111 95806
64200 13861
12193 86162
7335 98904
98570 85051
18749 72450
82024 74826
39356 22717
50503 65219
82889 67096
77799 90910
21246 53269
6939 13258
78313 23372
90923 72133
50539 52775
50707 98885
17627 2660
14978 80338
12001 7414
23900 81961
70171 42628
48697 62491
4955 99945
10595 61067
90470 40178
32220 90100
96278 67587
29686 20097
80762 24818
54776 46163
62865 80907
97408 62751
28051 68554
36348 21069
85256 87876
69359 90330
21806 64606
75347 85079
90647 5172
68625 67079
60200 43604
5066 55877
85500 84224
93682 604
98687 28528
28399 6029
61236 27886
11806 38413
34160 97496
38799 82883
70716 81793
5796 25358
27030 89424
66134 25342
37808 33407
68432 80503
31056 17373
59090 3921
94351 76941
60111 47450
24922 35109
11087 114
7220 5520
97326 1901
80242 67948
34683 64597
48477 45037
88186 72934
72820 13208
79203 34704
94951 24329
82656 40761
6717 26157
19187 10392
55567 35048
67214 13211
89739 82129
4312 67938
68178 34961
15823 97025
28186 62600
75425 34
48140 94920
97297 40033
96359 17912
84312 10990
44539 60370
26626 81295
26799 30565
86957 60923
63356 60403
86573 92576
63856 93716
41035 7357
40108 65938
32705 22153
44998 84971
1663 63146
48168 26131
98634 14431
38671 43407
58552 17271
99949 19002
51733 27352
75911 86595
47776 23385
53335 58798
26862 3591
66571 69167
67655 3780
46532 64082
65124 68707
55544 51350
62263 14
92209 18412
12003 45600
95340 51005
12928 3564
61819 58050
66809 76820
59139 44010
62029 86546
18495 19863
67345 33074
66171 2209
97996 18486
64633 29521
11897 89905
70800 20007
29929 78093
96904 75829
44286 38533
64959 22498
70577 88331
96423 33705
96206 50115
46725 42871
43731 76262
37620 73392
20884 40481
71744 54410
63418 82387
93804 4304
76639 45394
47692 79040
92723 3559
83563 75726
13147 96589
99367 90111
75084 17526
35600 70383
33236 30662
48525 39019
1170 17462
20630 51736
20089 4722
7035 72618
80113 56443
48219 10381
40310 25478
20814 50912
39735 36828
67772 13045
13528 63224
2692 24115
71280 10636
79382 92852
92108 58908
921 87303
36810 89185
51110 84047
67391 46087
69643 94050
94578 20463
45160 89098
95230 28526
14197 87240
26196 50636
5339 79628
43575 79654
95062 84606
79998 86541
33850 8857
57109 5989
95275 61290
66492 80423
77283 92789
13318 87327
91152 55696
46492 17678
56851 91975
30936 2537
82562 2486
88938 46200
57382 65106
68759 52984
64126 76897
308 54490
26907 2941
59215 58753
33538 64564
21863 2920
59181 37227
28239 47514
58826 29751
25615 63320
46298 27682
71907 42647
65875 90412
14266 19167
59295 54087
21400 59885
1275 21722
66068 23953
73241 97248
26683 73489
88542 27654
92747 25733
24164 30832
14361 78073
53913 28756
52716 92910
36063 51965
88639 68152
82538 23113
88643 59233
88357 89548
37690 77381
61741 18283
70141 12149
40308 54722
82935 71828
37247 13183
82600 47293
47657 12260
33348 72794
50718 52456
85713 61998
82017 60471
47180 77
31462 97006
60805 65503
26936 36992
13086 84000
89396 84115
28432 32067
9581 94596
20485 30090
88390 83807
39071 87728
43739 40935
39600 62015
79416 69076
73664 22746
93408 98608
60011 42613
17479 55033
30752 43575
97881 72355
6307 75903
10577 20883
99307 87228
70818 46180
73605 59028
45522 78118
88175 97886
40282 16890
57822 16104
51687 8343
49976 98609
43964 23657
9019 14512
35374 24076
25332 22891
79014 5973
86537 25953
88675 34474
32176 88161
78677 18341
89877 43376
21507 99316
7480 44168
37702 94780
90541 37267
85228 50258
89306 77076
23254 21152
57532 1278
28474 40454
34434 55227
59649 19735
88176 23014
67210 54776
80606 59921
34214 11748
12407 28288
16602 80234
63995 30316
74176 7981
43037 19458
45926 3843
20325 15073
47309 76535
78094 59072
95851 77960
841 70885
81802 98151
79865 62702
10310 86493
90709 97420
15315 52579
53738 37060
35317 88711
2166 36621
38919 22958
34318 11188
72309 80876
64409 78682
14241 48910
11314 62484
11265 25456
76906 34571
68639 93000
35779 70682
85592 65497
71222 18963
15198 47168
70414 27226
99734 8076
41419 11528
5563 47197
29152 95369
48601 32396
59830 12926
53874 80035
78983 98268
45821 96864
16611 85420
57666 87575
18926 83881
85087 10669
54784 28677
85990 894
5220 78500
48701 66775
11513 99422
18492 96348
8148 87746
83698 97764
91068 71150
11105 75736
41101 11000
48606 8280
71254 88616
52498 64245
67099 93179
41851 71096
6483 49154
45547 1274
81130 75265
24040 16106
6113 64464
6827 46282
97961 58813
94561 19346
99692 36905
43437 77932
95140 84582
87396 45334
54402 24287
63919 12131
51496 41329
68941 58938
7343 75850
71790 62070
51586 19729
51481 15172
1441 14109
69735 2600
16320 56924
2277 71800
51013 21102
60918 75839
70573 24872
36783 86332
37095 40530
24313 16640
1143 37577
85395 13876
9845 93182
43086 31280
19660 30580
14479 53125
56411 83558
21712 10452
43927 35007
66206 88021
68295 59232
42525 46866
91175 55837
4768 58184
94374 68320
91761 92205
69543 60805
68143 55748
36068 55868
12651 65354
52166 1995
82346 97326
17422 79753
48486 75344
70736 47108
39309 33897
69075 8028
32352 33539
88946 20230
67701 15421
24189 49865
72502 68904
49561 3140
91136 90700
89628 33478
89829 65476
55794 44533
18922 96989
79643 89000
58058 30172
51466 95853
6929 9749
8743 44676
69473 4340
73102 21217
51408 25112
49806 42798
87688 17715
88940 65447
60711 75243
36733 9820
